<?xml version="1.0" encoding="UTF-8"?>
<gpx creator="StravaGPX" version="1.1" xmlns="http://www.topografix.com/GPX/1/1" xmlns:xsi="http://www.w3.org/2001/XMLSchema-instance" xsi:schemaLocation="http://www.topografix.com/GPX/1/1 http://www.topografix.com/GPX/1/1/gpx.xsd">
 <metadata>
  <time>2026-01-09T16:29:05Z</time>
 </metadata>
 <trk>
  <name>Uber Eats Delivery</name>
  <type>cycling</type>
  <trkseg>
   <trkpt lat="40.7184170" lon="-74.0438660">
    <ele>3.2</ele>
    <time>2026-01-09T16:29:05Z</time>
   </trkpt>
   <trkpt lat="40.7184150" lon="-74.0438580">
    <ele>3.2</ele>
    <time>2026-01-09T16:29:06Z</time>
   </trkpt>
   <trkpt lat="40.7184120" lon="-74.0438490">
    <ele>3.2</ele>
    <time>2026-01-09T16:29:07Z</time>
   </trkpt>
   <trkpt lat="40.7184100" lon="-74.0438410">
    <ele>3.3</ele>
    <time>2026-01-09T16:29:08Z</time>
   </trkpt>
   <trkpt lat="40.7184080" lon="-74.0438320">
    <ele>3.3</ele>
    <time>2026-01-09T16:29:09Z</time>
   </trkpt>
   <trkpt lat="40.7184050" lon="-74.0438240">
    <ele>3.3</ele>
    <time>2026-01-09T16:29:10Z</time>
   </trkpt>
   <trkpt lat="40.7184030" lon="-74.0438160">
    <ele>3.3</ele>
    <time>2026-01-09T16:29:11Z</time>
   </trkpt>
   <trkpt lat="40.7184000" lon="-74.0438070">
    <ele>3.3</ele>
    <time>2026-01-09T16:29:12Z</time>
   </trkpt>
   <trkpt lat="40.7183980" lon="-74.0437990">
    <ele>3.3</ele>
    <time>2026-01-09T16:29:13Z</time>
   </trkpt>
   <trkpt lat="40.7184080" lon="-74.0437870">
    <ele>3.3</ele>
    <time>2026-01-09T16:29:14Z</time>
   </trkpt>
   <trkpt lat="40.7184190" lon="-74.0437770">
    <ele>3.3</ele>
    <time>2026-01-09T16:29:15Z</time>
   </trkpt>
   <trkpt lat="40.7184290" lon="-74.0437660">
    <ele>3.3</ele>
    <time>2026-01-09T16:29:16Z</time>
   </trkpt>
   <trkpt lat="40.7184270" lon="-74.0437630">
    <ele>3.3</ele>
    <time>2026-01-09T16:29:17Z</time>
   </trkpt>
   <trkpt lat="40.7184240" lon="-74.0437600">
    <ele>3.3</ele>
    <time>2026-01-09T16:29:18Z</time>
   </trkpt>
   <trkpt lat="40.7184220" lon="-74.0437570">
    <ele>3.3</ele>
    <time>2026-01-09T16:29:19Z</time>
   </trkpt>
   <trkpt lat="40.7184190" lon="-74.0437540">
    <ele>3.3</ele>
    <time>2026-01-09T16:29:20Z</time>
   </trkpt>
   <trkpt lat="40.7184170" lon="-74.0437510">
    <ele>3.3</ele>
    <time>2026-01-09T16:29:21Z</time>
   </trkpt>
   <trkpt lat="40.7184140" lon="-74.0437480">
    <ele>3.3</ele>
    <time>2026-01-09T16:29:22Z</time>
   </trkpt>
   <trkpt lat="40.7184120" lon="-74.0437450">
    <ele>3.3</ele>
    <time>2026-01-09T16:29:23Z</time>
   </trkpt>
   <trkpt lat="40.7184090" lon="-74.0437420">
    <ele>3.3</ele>
    <time>2026-01-09T16:29:24Z</time>
   </trkpt>
   <trkpt lat="40.7184070" lon="-74.0437390">
    <ele>3.3</ele>
    <time>2026-01-09T16:29:25Z</time>
   </trkpt>
   <trkpt lat="40.7184040" lon="-74.0437360">
    <ele>3.3</ele>
    <time>2026-01-09T16:29:26Z</time>
   </trkpt>
   <trkpt lat="40.7184020" lon="-74.0437340">
    <ele>3.3</ele>
    <time>2026-01-09T16:29:27Z</time>
   </trkpt>
   <trkpt lat="40.7183990" lon="-74.0437310">
    <ele>3.3</ele>
    <time>2026-01-09T16:29:28Z</time>
   </trkpt>
   <trkpt lat="40.7183970" lon="-74.0437280">
    <ele>3.3</ele>
    <time>2026-01-09T16:29:29Z</time>
   </trkpt>
   <trkpt lat="40.7183940" lon="-74.0437250">
    <ele>3.3</ele>
    <time>2026-01-09T16:29:30Z</time>
   </trkpt>
   <trkpt lat="40.7183920" lon="-74.0437220">
    <ele>3.3</ele>
    <time>2026-01-09T16:29:31Z</time>
   </trkpt>
   <trkpt lat="40.7183890" lon="-74.0437190">
    <ele>3.3</ele>
    <time>2026-01-09T16:29:32Z</time>
   </trkpt>
   <trkpt lat="40.7183870" lon="-74.0437160">
    <ele>3.3</ele>
    <time>2026-01-09T16:29:33Z</time>
   </trkpt>
   <trkpt lat="40.7183840" lon="-74.0437130">
    <ele>3.3</ele>
    <time>2026-01-09T16:29:34Z</time>
   </trkpt>
   <trkpt lat="40.7183820" lon="-74.0437100">
    <ele>3.3</ele>
    <time>2026-01-09T16:29:35Z</time>
   </trkpt>
   <trkpt lat="40.7183790" lon="-74.0437070">
    <ele>3.3</ele>
    <time>2026-01-09T16:29:36Z</time>
   </trkpt>
   <trkpt lat="40.7183770" lon="-74.0437040">
    <ele>3.3</ele>
    <time>2026-01-09T16:29:37Z</time>
   </trkpt>
   <trkpt lat="40.7183740" lon="-74.0436990">
    <ele>3.3</ele>
    <time>2026-01-09T16:29:38Z</time>
   </trkpt>
   <trkpt lat="40.7183740" lon="-74.0436980">
    <ele>3.3</ele>
    <time>2026-01-09T16:29:39Z</time>
   </trkpt>
   <trkpt lat="40.7183750" lon="-74.0436970">
    <ele>3.3</ele>
    <time>2026-01-09T16:29:40Z</time>
   </trkpt>
   <trkpt lat="40.7183750" lon="-74.0436960">
    <ele>3.3</ele>
    <time>2026-01-09T16:29:41Z</time>
   </trkpt>
   <trkpt lat="40.7183760" lon="-74.0436950">
    <ele>3.3</ele>
    <time>2026-01-09T16:29:42Z</time>
   </trkpt>
   <trkpt lat="40.7183760" lon="-74.0436940">
    <ele>3.3</ele>
    <time>2026-01-09T16:29:43Z</time>
   </trkpt>
   <trkpt lat="40.7183770" lon="-74.0436930">
    <ele>3.3</ele>
    <time>2026-01-09T16:29:44Z</time>
   </trkpt>
   <trkpt lat="40.7183770" lon="-74.0436920">
    <ele>3.3</ele>
    <time>2026-01-09T16:29:45Z</time>
   </trkpt>
   <trkpt lat="40.7183780" lon="-74.0436910">
    <ele>3.3</ele>
    <time>2026-01-09T16:29:46Z</time>
   </trkpt>
   <trkpt lat="40.7183780" lon="-74.0436890">
    <ele>3.3</ele>
    <time>2026-01-09T16:29:47Z</time>
   </trkpt>
   <trkpt lat="40.7183790" lon="-74.0436880">
    <ele>3.3</ele>
    <time>2026-01-09T16:29:48Z</time>
   </trkpt>
   <trkpt lat="40.7183790" lon="-74.0436870">
    <ele>3.3</ele>
    <time>2026-01-09T16:29:49Z</time>
   </trkpt>
   <trkpt lat="40.7183800" lon="-74.0436860">
    <ele>3.3</ele>
    <time>2026-01-09T16:29:50Z</time>
   </trkpt>
   <trkpt lat="40.7183800" lon="-74.0436850">
    <ele>3.3</ele>
    <time>2026-01-09T16:29:51Z</time>
   </trkpt>
   <trkpt lat="40.7183810" lon="-74.0436840">
    <ele>3.3</ele>
    <time>2026-01-09T16:29:52Z</time>
   </trkpt>
   <trkpt lat="40.7183810" lon="-74.0436830">
    <ele>3.3</ele>
    <time>2026-01-09T16:29:53Z</time>
   </trkpt>
   <trkpt lat="40.7183820" lon="-74.0436820">
    <ele>3.3</ele>
    <time>2026-01-09T16:29:54Z</time>
   </trkpt>
   <trkpt lat="40.7183820" lon="-74.0436810">
    <ele>3.3</ele>
    <time>2026-01-09T16:29:55Z</time>
   </trkpt>
   <trkpt lat="40.7183830" lon="-74.0436800">
    <ele>3.3</ele>
    <time>2026-01-09T16:29:56Z</time>
   </trkpt>
   <trkpt lat="40.7183840" lon="-74.0436790">
    <ele>3.3</ele>
    <time>2026-01-09T16:29:57Z</time>
   </trkpt>
   <trkpt lat="40.7183840" lon="-74.0436780">
    <ele>3.3</ele>
    <time>2026-01-09T16:29:58Z</time>
   </trkpt>
   <trkpt lat="40.7183850" lon="-74.0436770">
    <ele>3.3</ele>
    <time>2026-01-09T16:29:59Z</time>
   </trkpt>
   <trkpt lat="40.7183850" lon="-74.0436760">
    <ele>3.3</ele>
    <time>2026-01-09T16:30:00Z</time>
   </trkpt>
   <trkpt lat="40.7183860" lon="-74.0436750">
    <ele>3.3</ele>
    <time>2026-01-09T16:30:01Z</time>
   </trkpt>
   <trkpt lat="40.7183860" lon="-74.0436740">
    <ele>3.3</ele>
    <time>2026-01-09T16:30:02Z</time>
   </trkpt>
   <trkpt lat="40.7183870" lon="-74.0436730">
    <ele>3.3</ele>
    <time>2026-01-09T16:30:03Z</time>
   </trkpt>
   <trkpt lat="40.7183870" lon="-74.0436720">
    <ele>3.3</ele>
    <time>2026-01-09T16:30:04Z</time>
   </trkpt>
   <trkpt lat="40.7183880" lon="-74.0436710">
    <ele>3.3</ele>
    <time>2026-01-09T16:30:05Z</time>
   </trkpt>
   <trkpt lat="40.7183880" lon="-74.0436690">
    <ele>3.3</ele>
    <time>2026-01-09T16:30:06Z</time>
   </trkpt>
   <trkpt lat="40.7183890" lon="-74.0436680">
    <ele>3.3</ele>
    <time>2026-01-09T16:30:07Z</time>
   </trkpt>
   <trkpt lat="40.7183890" lon="-74.0436670">
    <ele>3.3</ele>
    <time>2026-01-09T16:30:08Z</time>
   </trkpt>
   <trkpt lat="40.7183900" lon="-74.0436660">
    <ele>3.3</ele>
    <time>2026-01-09T16:30:09Z</time>
   </trkpt>
   <trkpt lat="40.7183900" lon="-74.0436650">
    <ele>3.3</ele>
    <time>2026-01-09T16:30:10Z</time>
   </trkpt>
   <trkpt lat="40.7183910" lon="-74.0436640">
    <ele>3.3</ele>
    <time>2026-01-09T16:30:11Z</time>
   </trkpt>
   <trkpt lat="40.7183910" lon="-74.0436630">
    <ele>3.3</ele>
    <time>2026-01-09T16:30:12Z</time>
   </trkpt>
   <trkpt lat="40.7183920" lon="-74.0436620">
    <ele>3.3</ele>
    <time>2026-01-09T16:30:13Z</time>
   </trkpt>
   <trkpt lat="40.7183920" lon="-74.0436610">
    <ele>3.3</ele>
    <time>2026-01-09T16:30:14Z</time>
   </trkpt>
   <trkpt lat="40.7183930" lon="-74.0436600">
    <ele>3.3</ele>
    <time>2026-01-09T16:30:15Z</time>
   </trkpt>
   <trkpt lat="40.7183000" lon="-74.0436370">
    <ele>3.4</ele>
    <time>2026-01-09T16:30:16Z</time>
   </trkpt>
   <trkpt lat="40.7183030" lon="-74.0436380">
    <ele>3.4</ele>
    <time>2026-01-09T16:30:17Z</time>
   </trkpt>
   <trkpt lat="40.7183160" lon="-74.0436300">
    <ele>3.4</ele>
    <time>2026-01-09T16:30:18Z</time>
   </trkpt>
   <trkpt lat="40.7183230" lon="-74.0436120">
    <ele>3.4</ele>
    <time>2026-01-09T16:30:19Z</time>
   </trkpt>
   <trkpt lat="40.7183280" lon="-74.0436050">
    <ele>3.4</ele>
    <time>2026-01-09T16:30:20Z</time>
   </trkpt>
   <trkpt lat="40.7183420" lon="-74.0435800">
    <ele>3.4</ele>
    <time>2026-01-09T16:30:21Z</time>
   </trkpt>
   <trkpt lat="40.7183640" lon="-74.0435540">
    <ele>3.4</ele>
    <time>2026-01-09T16:30:22Z</time>
   </trkpt>
   <trkpt lat="40.7183700" lon="-74.0435400">
    <ele>3.4</ele>
    <time>2026-01-09T16:30:23Z</time>
   </trkpt>
   <trkpt lat="40.7183970" lon="-74.0435170">
    <ele>3.4</ele>
    <time>2026-01-09T16:30:24Z</time>
   </trkpt>
   <trkpt lat="40.7183990" lon="-74.0435110">
    <ele>3.4</ele>
    <time>2026-01-09T16:30:25Z</time>
   </trkpt>
   <trkpt lat="40.7184210" lon="-74.0434860">
    <ele>3.4</ele>
    <time>2026-01-09T16:30:26Z</time>
   </trkpt>
   <trkpt lat="40.7184350" lon="-74.0434780">
    <ele>3.4</ele>
    <time>2026-01-09T16:30:27Z</time>
   </trkpt>
   <trkpt lat="40.7184770" lon="-74.0434770">
    <ele>3.4</ele>
    <time>2026-01-09T16:30:28Z</time>
   </trkpt>
   <trkpt lat="40.7185240" lon="-74.0434650">
    <ele>3.5</ele>
    <time>2026-01-09T16:30:29Z</time>
   </trkpt>
   <trkpt lat="40.7185650" lon="-74.0434500">
    <ele>3.5</ele>
    <time>2026-01-09T16:30:30Z</time>
   </trkpt>
   <trkpt lat="40.7186100" lon="-74.0434270">
    <ele>3.5</ele>
    <time>2026-01-09T16:30:31Z</time>
   </trkpt>
   <trkpt lat="40.7186640" lon="-74.0434170">
    <ele>3.5</ele>
    <time>2026-01-09T16:30:32Z</time>
   </trkpt>
   <trkpt lat="40.7187050" lon="-74.0434070">
    <ele>3.5</ele>
    <time>2026-01-09T16:30:33Z</time>
   </trkpt>
   <trkpt lat="40.7187270" lon="-74.0433880">
    <ele>3.5</ele>
    <time>2026-01-09T16:30:34Z</time>
   </trkpt>
   <trkpt lat="40.7187360" lon="-74.0433860">
    <ele>3.5</ele>
    <time>2026-01-09T16:30:35Z</time>
   </trkpt>
   <trkpt lat="40.7187450" lon="-74.0433830">
    <ele>3.5</ele>
    <time>2026-01-09T16:30:36Z</time>
   </trkpt>
   <trkpt lat="40.7187660" lon="-74.0433760">
    <ele>3.5</ele>
    <time>2026-01-09T16:30:37Z</time>
   </trkpt>
   <trkpt lat="40.7187750" lon="-74.0433680">
    <ele>3.6</ele>
    <time>2026-01-09T16:30:38Z</time>
   </trkpt>
   <trkpt lat="40.7187890" lon="-74.0433530">
    <ele>3.6</ele>
    <time>2026-01-09T16:30:39Z</time>
   </trkpt>
   <trkpt lat="40.7188210" lon="-74.0433200">
    <ele>3.6</ele>
    <time>2026-01-09T16:30:40Z</time>
   </trkpt>
   <trkpt lat="40.7188330" lon="-74.0433100">
    <ele>3.6</ele>
    <time>2026-01-09T16:30:41Z</time>
   </trkpt>
   <trkpt lat="40.7188670" lon="-74.0433100">
    <ele>3.6</ele>
    <time>2026-01-09T16:30:42Z</time>
   </trkpt>
   <trkpt lat="40.7188870" lon="-74.0433090">
    <ele>3.6</ele>
    <time>2026-01-09T16:30:43Z</time>
   </trkpt>
   <trkpt lat="40.7189280" lon="-74.0432910">
    <ele>3.7</ele>
    <time>2026-01-09T16:30:44Z</time>
   </trkpt>
   <trkpt lat="40.7189530" lon="-74.0432560">
    <ele>3.7</ele>
    <time>2026-01-09T16:30:45Z</time>
   </trkpt>
   <trkpt lat="40.7189890" lon="-74.0432190">
    <ele>3.7</ele>
    <time>2026-01-09T16:30:46Z</time>
   </trkpt>
   <trkpt lat="40.7190320" lon="-74.0432000">
    <ele>3.7</ele>
    <time>2026-01-09T16:30:47Z</time>
   </trkpt>
   <trkpt lat="40.7190840" lon="-74.0431730">
    <ele>3.8</ele>
    <time>2026-01-09T16:30:48Z</time>
   </trkpt>
   <trkpt lat="40.7191280" lon="-74.0431470">
    <ele>3.8</ele>
    <time>2026-01-09T16:30:49Z</time>
   </trkpt>
   <trkpt lat="40.7191660" lon="-74.0431320">
    <ele>3.8</ele>
    <time>2026-01-09T16:30:50Z</time>
   </trkpt>
   <trkpt lat="40.7192000" lon="-74.0431240">
    <ele>3.8</ele>
    <time>2026-01-09T16:30:51Z</time>
   </trkpt>
   <trkpt lat="40.7192510" lon="-74.0431030">
    <ele>3.8</ele>
    <time>2026-01-09T16:30:52Z</time>
   </trkpt>
   <trkpt lat="40.7193030" lon="-74.0430720">
    <ele>3.8</ele>
    <time>2026-01-09T16:30:53Z</time>
   </trkpt>
   <trkpt lat="40.7193420" lon="-74.0430560">
    <ele>3.7</ele>
    <time>2026-01-09T16:30:54Z</time>
   </trkpt>
   <trkpt lat="40.7193680" lon="-74.0430380">
    <ele>3.7</ele>
    <time>2026-01-09T16:30:55Z</time>
   </trkpt>
   <trkpt lat="40.7193970" lon="-74.0430120">
    <ele>3.7</ele>
    <time>2026-01-09T16:30:56Z</time>
   </trkpt>
   <trkpt lat="40.7194220" lon="-74.0429780">
    <ele>3.7</ele>
    <time>2026-01-09T16:30:57Z</time>
   </trkpt>
   <trkpt lat="40.7194270" lon="-74.0429670">
    <ele>3.7</ele>
    <time>2026-01-09T16:30:58Z</time>
   </trkpt>
   <trkpt lat="40.7194210" lon="-74.0429540">
    <ele>3.7</ele>
    <time>2026-01-09T16:30:59Z</time>
   </trkpt>
   <trkpt lat="40.7194200" lon="-74.0429480">
    <ele>3.7</ele>
    <time>2026-01-09T16:31:00Z</time>
   </trkpt>
   <trkpt lat="40.7194180" lon="-74.0429430">
    <ele>3.7</ele>
    <time>2026-01-09T16:31:01Z</time>
   </trkpt>
   <trkpt lat="40.7194170" lon="-74.0429370">
    <ele>3.7</ele>
    <time>2026-01-09T16:31:02Z</time>
   </trkpt>
   <trkpt lat="40.7194150" lon="-74.0429320">
    <ele>3.7</ele>
    <time>2026-01-09T16:31:03Z</time>
   </trkpt>
   <trkpt lat="40.7194140" lon="-74.0429260">
    <ele>3.6</ele>
    <time>2026-01-09T16:31:04Z</time>
   </trkpt>
   <trkpt lat="40.7194120" lon="-74.0429210">
    <ele>3.6</ele>
    <time>2026-01-09T16:31:05Z</time>
   </trkpt>
   <trkpt lat="40.7194040" lon="-74.0428920">
    <ele>3.6</ele>
    <time>2026-01-09T16:31:06Z</time>
   </trkpt>
   <trkpt lat="40.7193940" lon="-74.0428760">
    <ele>3.6</ele>
    <time>2026-01-09T16:31:07Z</time>
   </trkpt>
   <trkpt lat="40.7193820" lon="-74.0428340">
    <ele>3.5</ele>
    <time>2026-01-09T16:31:08Z</time>
   </trkpt>
   <trkpt lat="40.7193780" lon="-74.0428170">
    <ele>3.5</ele>
    <time>2026-01-09T16:31:09Z</time>
   </trkpt>
   <trkpt lat="40.7193920" lon="-74.0428140">
    <ele>3.5</ele>
    <time>2026-01-09T16:31:10Z</time>
   </trkpt>
   <trkpt lat="40.7193990" lon="-74.0428180">
    <ele>3.5</ele>
    <time>2026-01-09T16:31:11Z</time>
   </trkpt>
   <trkpt lat="40.7194040" lon="-74.0428260">
    <ele>3.5</ele>
    <time>2026-01-09T16:31:12Z</time>
   </trkpt>
   <trkpt lat="40.7194090" lon="-74.0428300">
    <ele>3.5</ele>
    <time>2026-01-09T16:31:13Z</time>
   </trkpt>
   <trkpt lat="40.7194090" lon="-74.0428320">
    <ele>3.5</ele>
    <time>2026-01-09T16:31:14Z</time>
   </trkpt>
   <trkpt lat="40.7194010" lon="-74.0428400">
    <ele>3.5</ele>
    <time>2026-01-09T16:31:15Z</time>
   </trkpt>
   <trkpt lat="40.7194030" lon="-74.0428400">
    <ele>3.5</ele>
    <time>2026-01-09T16:31:16Z</time>
   </trkpt>
   <trkpt lat="40.7194090" lon="-74.0428430">
    <ele>3.5</ele>
    <time>2026-01-09T16:31:17Z</time>
   </trkpt>
   <trkpt lat="40.7194120" lon="-74.0428480">
    <ele>3.5</ele>
    <time>2026-01-09T16:31:18Z</time>
   </trkpt>
   <trkpt lat="40.7194120" lon="-74.0428490">
    <ele>3.5</ele>
    <time>2026-01-09T16:31:19Z</time>
   </trkpt>
   <trkpt lat="40.7194180" lon="-74.0428510">
    <ele>3.5</ele>
    <time>2026-01-09T16:31:20Z</time>
   </trkpt>
   <trkpt lat="40.7194180" lon="-74.0428510">
    <ele>3.5</ele>
    <time>2026-01-09T16:31:21Z</time>
   </trkpt>
   <trkpt lat="40.7194180" lon="-74.0428510">
    <ele>3.5</ele>
    <time>2026-01-09T16:31:22Z</time>
   </trkpt>
   <trkpt lat="40.7194180" lon="-74.0428510">
    <ele>3.5</ele>
    <time>2026-01-09T16:31:23Z</time>
   </trkpt>
   <trkpt lat="40.7194180" lon="-74.0428510">
    <ele>3.5</ele>
    <time>2026-01-09T16:31:24Z</time>
   </trkpt>
   <trkpt lat="40.7194250" lon="-74.0428530">
    <ele>3.5</ele>
    <time>2026-01-09T16:31:25Z</time>
   </trkpt>
   <trkpt lat="40.7194250" lon="-74.0428530">
    <ele>3.5</ele>
    <time>2026-01-09T16:31:26Z</time>
   </trkpt>
   <trkpt lat="40.7194250" lon="-74.0428530">
    <ele>3.5</ele>
    <time>2026-01-09T16:31:27Z</time>
   </trkpt>
   <trkpt lat="40.7194290" lon="-74.0428600">
    <ele>3.5</ele>
    <time>2026-01-09T16:31:28Z</time>
   </trkpt>
   <trkpt lat="40.7194340" lon="-74.0428640">
    <ele>3.5</ele>
    <time>2026-01-09T16:31:29Z</time>
   </trkpt>
   <trkpt lat="40.7194590" lon="-74.0428620">
    <ele>3.5</ele>
    <time>2026-01-09T16:31:30Z</time>
   </trkpt>
   <trkpt lat="40.7195030" lon="-74.0428620">
    <ele>3.5</ele>
    <time>2026-01-09T16:31:31Z</time>
   </trkpt>
   <trkpt lat="40.7195210" lon="-74.0428670">
    <ele>3.6</ele>
    <time>2026-01-09T16:31:32Z</time>
   </trkpt>
   <trkpt lat="40.7195540" lon="-74.0428770">
    <ele>3.6</ele>
    <time>2026-01-09T16:31:33Z</time>
   </trkpt>
   <trkpt lat="40.7195920" lon="-74.0428780">
    <ele>3.6</ele>
    <time>2026-01-09T16:31:34Z</time>
   </trkpt>
   <trkpt lat="40.7196040" lon="-74.0428750">
    <ele>3.7</ele>
    <time>2026-01-09T16:31:35Z</time>
   </trkpt>
   <trkpt lat="40.7196130" lon="-74.0428610">
    <ele>3.7</ele>
    <time>2026-01-09T16:31:36Z</time>
   </trkpt>
   <trkpt lat="40.7196330" lon="-74.0428540">
    <ele>3.8</ele>
    <time>2026-01-09T16:31:37Z</time>
   </trkpt>
   <trkpt lat="40.7196520" lon="-74.0428530">
    <ele>3.8</ele>
    <time>2026-01-09T16:31:38Z</time>
   </trkpt>
   <trkpt lat="40.7196610" lon="-74.0428580">
    <ele>3.8</ele>
    <time>2026-01-09T16:31:39Z</time>
   </trkpt>
   <trkpt lat="40.7196700" lon="-74.0428620">
    <ele>3.8</ele>
    <time>2026-01-09T16:31:40Z</time>
   </trkpt>
   <trkpt lat="40.7196860" lon="-74.0428700">
    <ele>3.9</ele>
    <time>2026-01-09T16:31:41Z</time>
   </trkpt>
   <trkpt lat="40.7197050" lon="-74.0428600">
    <ele>3.9</ele>
    <time>2026-01-09T16:31:42Z</time>
   </trkpt>
   <trkpt lat="40.7197230" lon="-74.0428550">
    <ele>3.9</ele>
    <time>2026-01-09T16:31:43Z</time>
   </trkpt>
   <trkpt lat="40.7197390" lon="-74.0428570">
    <ele>4.0</ele>
    <time>2026-01-09T16:31:44Z</time>
   </trkpt>
   <trkpt lat="40.7197510" lon="-74.0428510">
    <ele>4.0</ele>
    <time>2026-01-09T16:31:45Z</time>
   </trkpt>
   <trkpt lat="40.7197640" lon="-74.0428430">
    <ele>4.0</ele>
    <time>2026-01-09T16:31:46Z</time>
   </trkpt>
   <trkpt lat="40.7197760" lon="-74.0428350">
    <ele>4.1</ele>
    <time>2026-01-09T16:31:47Z</time>
   </trkpt>
   <trkpt lat="40.7198060" lon="-74.0428300">
    <ele>4.1</ele>
    <time>2026-01-09T16:31:48Z</time>
   </trkpt>
   <trkpt lat="40.7198150" lon="-74.0428300">
    <ele>4.1</ele>
    <time>2026-01-09T16:31:49Z</time>
   </trkpt>
   <trkpt lat="40.7198370" lon="-74.0428300">
    <ele>4.2</ele>
    <time>2026-01-09T16:31:50Z</time>
   </trkpt>
   <trkpt lat="40.7198500" lon="-74.0428330">
    <ele>4.2</ele>
    <time>2026-01-09T16:31:51Z</time>
   </trkpt>
   <trkpt lat="40.7198630" lon="-74.0428370">
    <ele>4.2</ele>
    <time>2026-01-09T16:31:52Z</time>
   </trkpt>
   <trkpt lat="40.7198760" lon="-74.0428410">
    <ele>4.3</ele>
    <time>2026-01-09T16:31:53Z</time>
   </trkpt>
   <trkpt lat="40.7198970" lon="-74.0428370">
    <ele>4.3</ele>
    <time>2026-01-09T16:31:54Z</time>
   </trkpt>
   <trkpt lat="40.7199140" lon="-74.0428260">
    <ele>4.3</ele>
    <time>2026-01-09T16:31:55Z</time>
   </trkpt>
   <trkpt lat="40.7199270" lon="-74.0428110">
    <ele>4.3</ele>
    <time>2026-01-09T16:31:56Z</time>
   </trkpt>
   <trkpt lat="40.7199450" lon="-74.0428070">
    <ele>4.4</ele>
    <time>2026-01-09T16:31:57Z</time>
   </trkpt>
   <trkpt lat="40.7199550" lon="-74.0428090">
    <ele>4.4</ele>
    <time>2026-01-09T16:31:58Z</time>
   </trkpt>
   <trkpt lat="40.7199640" lon="-74.0428120">
    <ele>4.4</ele>
    <time>2026-01-09T16:31:59Z</time>
   </trkpt>
   <trkpt lat="40.7199800" lon="-74.0428200">
    <ele>4.4</ele>
    <time>2026-01-09T16:32:00Z</time>
   </trkpt>
   <trkpt lat="40.7199970" lon="-74.0428230">
    <ele>4.5</ele>
    <time>2026-01-09T16:32:01Z</time>
   </trkpt>
   <trkpt lat="40.7200180" lon="-74.0428320">
    <ele>4.5</ele>
    <time>2026-01-09T16:32:02Z</time>
   </trkpt>
   <trkpt lat="40.7200280" lon="-74.0428380">
    <ele>4.5</ele>
    <time>2026-01-09T16:32:03Z</time>
   </trkpt>
   <trkpt lat="40.7200380" lon="-74.0428430">
    <ele>4.5</ele>
    <time>2026-01-09T16:32:04Z</time>
   </trkpt>
   <trkpt lat="40.7200440" lon="-74.0428380">
    <ele>4.6</ele>
    <time>2026-01-09T16:32:05Z</time>
   </trkpt>
   <trkpt lat="40.7200600" lon="-74.0428350">
    <ele>4.6</ele>
    <time>2026-01-09T16:32:06Z</time>
   </trkpt>
   <trkpt lat="40.7200700" lon="-74.0428300">
    <ele>4.6</ele>
    <time>2026-01-09T16:32:07Z</time>
   </trkpt>
   <trkpt lat="40.7200840" lon="-74.0428230">
    <ele>4.6</ele>
    <time>2026-01-09T16:32:08Z</time>
   </trkpt>
   <trkpt lat="40.7201020" lon="-74.0428180">
    <ele>4.6</ele>
    <time>2026-01-09T16:32:09Z</time>
   </trkpt>
   <trkpt lat="40.7201160" lon="-74.0428190">
    <ele>4.6</ele>
    <time>2026-01-09T16:32:10Z</time>
   </trkpt>
   <trkpt lat="40.7201340" lon="-74.0428150">
    <ele>4.6</ele>
    <time>2026-01-09T16:32:11Z</time>
   </trkpt>
   <trkpt lat="40.7201520" lon="-74.0428030">
    <ele>4.6</ele>
    <time>2026-01-09T16:32:12Z</time>
   </trkpt>
   <trkpt lat="40.7201680" lon="-74.0428020">
    <ele>4.6</ele>
    <time>2026-01-09T16:32:13Z</time>
   </trkpt>
   <trkpt lat="40.7202020" lon="-74.0427940">
    <ele>4.6</ele>
    <time>2026-01-09T16:32:14Z</time>
   </trkpt>
   <trkpt lat="40.7202110" lon="-74.0427920">
    <ele>4.6</ele>
    <time>2026-01-09T16:32:15Z</time>
   </trkpt>
   <trkpt lat="40.7202280" lon="-74.0427910">
    <ele>4.6</ele>
    <time>2026-01-09T16:32:16Z</time>
   </trkpt>
   <trkpt lat="40.7202380" lon="-74.0427950">
    <ele>4.6</ele>
    <time>2026-01-09T16:32:17Z</time>
   </trkpt>
   <trkpt lat="40.7202690" lon="-74.0427940">
    <ele>4.6</ele>
    <time>2026-01-09T16:32:18Z</time>
   </trkpt>
   <trkpt lat="40.7202760" lon="-74.0427960">
    <ele>4.6</ele>
    <time>2026-01-09T16:32:19Z</time>
   </trkpt>
   <trkpt lat="40.7203010" lon="-74.0427940">
    <ele>4.6</ele>
    <time>2026-01-09T16:32:20Z</time>
   </trkpt>
   <trkpt lat="40.7203110" lon="-74.0427930">
    <ele>4.6</ele>
    <time>2026-01-09T16:32:21Z</time>
   </trkpt>
   <trkpt lat="40.7203220" lon="-74.0427910">
    <ele>4.6</ele>
    <time>2026-01-09T16:32:22Z</time>
   </trkpt>
   <trkpt lat="40.7203390" lon="-74.0427890">
    <ele>4.6</ele>
    <time>2026-01-09T16:32:23Z</time>
   </trkpt>
   <trkpt lat="40.7203530" lon="-74.0427860">
    <ele>4.6</ele>
    <time>2026-01-09T16:32:24Z</time>
   </trkpt>
   <trkpt lat="40.7203610" lon="-74.0427750">
    <ele>4.6</ele>
    <time>2026-01-09T16:32:25Z</time>
   </trkpt>
   <trkpt lat="40.7203850" lon="-74.0427740">
    <ele>4.6</ele>
    <time>2026-01-09T16:32:26Z</time>
   </trkpt>
   <trkpt lat="40.7203990" lon="-74.0427750">
    <ele>4.5</ele>
    <time>2026-01-09T16:32:27Z</time>
   </trkpt>
   <trkpt lat="40.7204160" lon="-74.0427700">
    <ele>4.5</ele>
    <time>2026-01-09T16:32:28Z</time>
   </trkpt>
   <trkpt lat="40.7204390" lon="-74.0427600">
    <ele>4.5</ele>
    <time>2026-01-09T16:32:29Z</time>
   </trkpt>
   <trkpt lat="40.7204490" lon="-74.0427580">
    <ele>4.5</ele>
    <time>2026-01-09T16:32:30Z</time>
   </trkpt>
   <trkpt lat="40.7204590" lon="-74.0427560">
    <ele>4.5</ele>
    <time>2026-01-09T16:32:31Z</time>
   </trkpt>
   <trkpt lat="40.7204800" lon="-74.0427490">
    <ele>4.5</ele>
    <time>2026-01-09T16:32:32Z</time>
   </trkpt>
   <trkpt lat="40.7204930" lon="-74.0427580">
    <ele>4.5</ele>
    <time>2026-01-09T16:32:33Z</time>
   </trkpt>
   <trkpt lat="40.7205220" lon="-74.0427570">
    <ele>4.5</ele>
    <time>2026-01-09T16:32:34Z</time>
   </trkpt>
   <trkpt lat="40.7205300" lon="-74.0427540">
    <ele>4.5</ele>
    <time>2026-01-09T16:32:35Z</time>
   </trkpt>
   <trkpt lat="40.7205510" lon="-74.0427420">
    <ele>4.5</ele>
    <time>2026-01-09T16:32:36Z</time>
   </trkpt>
   <trkpt lat="40.7205650" lon="-74.0427440">
    <ele>4.5</ele>
    <time>2026-01-09T16:32:37Z</time>
   </trkpt>
   <trkpt lat="40.7205840" lon="-74.0427430">
    <ele>4.5</ele>
    <time>2026-01-09T16:32:38Z</time>
   </trkpt>
   <trkpt lat="40.7206000" lon="-74.0427430">
    <ele>4.4</ele>
    <time>2026-01-09T16:32:39Z</time>
   </trkpt>
   <trkpt lat="40.7206190" lon="-74.0427470">
    <ele>4.4</ele>
    <time>2026-01-09T16:32:40Z</time>
   </trkpt>
   <trkpt lat="40.7206330" lon="-74.0427500">
    <ele>4.4</ele>
    <time>2026-01-09T16:32:41Z</time>
   </trkpt>
   <trkpt lat="40.7206440" lon="-74.0427500">
    <ele>4.4</ele>
    <time>2026-01-09T16:32:42Z</time>
   </trkpt>
   <trkpt lat="40.7206600" lon="-74.0427520">
    <ele>4.4</ele>
    <time>2026-01-09T16:32:43Z</time>
   </trkpt>
   <trkpt lat="40.7206760" lon="-74.0427510">
    <ele>4.4</ele>
    <time>2026-01-09T16:32:44Z</time>
   </trkpt>
   <trkpt lat="40.7206930" lon="-74.0427510">
    <ele>4.4</ele>
    <time>2026-01-09T16:32:45Z</time>
   </trkpt>
   <trkpt lat="40.7207060" lon="-74.0427440">
    <ele>4.4</ele>
    <time>2026-01-09T16:32:46Z</time>
   </trkpt>
   <trkpt lat="40.7207200" lon="-74.0427450">
    <ele>4.4</ele>
    <time>2026-01-09T16:32:47Z</time>
   </trkpt>
   <trkpt lat="40.7207300" lon="-74.0427480">
    <ele>4.4</ele>
    <time>2026-01-09T16:32:48Z</time>
   </trkpt>
   <trkpt lat="40.7207490" lon="-74.0427490">
    <ele>4.4</ele>
    <time>2026-01-09T16:32:49Z</time>
   </trkpt>
   <trkpt lat="40.7207650" lon="-74.0427440">
    <ele>4.4</ele>
    <time>2026-01-09T16:32:50Z</time>
   </trkpt>
   <trkpt lat="40.7207790" lon="-74.0427400">
    <ele>4.4</ele>
    <time>2026-01-09T16:32:51Z</time>
   </trkpt>
   <trkpt lat="40.7208030" lon="-74.0427380">
    <ele>4.3</ele>
    <time>2026-01-09T16:32:52Z</time>
   </trkpt>
   <trkpt lat="40.7208120" lon="-74.0427360">
    <ele>4.3</ele>
    <time>2026-01-09T16:32:53Z</time>
   </trkpt>
   <trkpt lat="40.7208210" lon="-74.0427350">
    <ele>4.3</ele>
    <time>2026-01-09T16:32:54Z</time>
   </trkpt>
   <trkpt lat="40.7208410" lon="-74.0427300">
    <ele>4.3</ele>
    <time>2026-01-09T16:32:55Z</time>
   </trkpt>
   <trkpt lat="40.7208500" lon="-74.0427370">
    <ele>4.3</ele>
    <time>2026-01-09T16:32:56Z</time>
   </trkpt>
   <trkpt lat="40.7208780" lon="-74.0427330">
    <ele>4.3</ele>
    <time>2026-01-09T16:32:57Z</time>
   </trkpt>
   <trkpt lat="40.7208890" lon="-74.0427310">
    <ele>4.3</ele>
    <time>2026-01-09T16:32:58Z</time>
   </trkpt>
   <trkpt lat="40.7209160" lon="-74.0427230">
    <ele>4.3</ele>
    <time>2026-01-09T16:32:59Z</time>
   </trkpt>
   <trkpt lat="40.7209260" lon="-74.0427150">
    <ele>4.3</ele>
    <time>2026-01-09T16:33:00Z</time>
   </trkpt>
   <trkpt lat="40.7209390" lon="-74.0427040">
    <ele>4.3</ele>
    <time>2026-01-09T16:33:01Z</time>
   </trkpt>
   <trkpt lat="40.7209500" lon="-74.0426950">
    <ele>4.3</ele>
    <time>2026-01-09T16:33:02Z</time>
   </trkpt>
   <trkpt lat="40.7209670" lon="-74.0426870">
    <ele>4.3</ele>
    <time>2026-01-09T16:33:03Z</time>
   </trkpt>
   <trkpt lat="40.7209800" lon="-74.0426820">
    <ele>4.3</ele>
    <time>2026-01-09T16:33:04Z</time>
   </trkpt>
   <trkpt lat="40.7210040" lon="-74.0426770">
    <ele>4.3</ele>
    <time>2026-01-09T16:33:05Z</time>
   </trkpt>
   <trkpt lat="40.7210110" lon="-74.0426740">
    <ele>4.3</ele>
    <time>2026-01-09T16:33:06Z</time>
   </trkpt>
   <trkpt lat="40.7210260" lon="-74.0426780">
    <ele>4.3</ele>
    <time>2026-01-09T16:33:07Z</time>
   </trkpt>
   <trkpt lat="40.7210340" lon="-74.0426830">
    <ele>4.3</ele>
    <time>2026-01-09T16:33:08Z</time>
   </trkpt>
   <trkpt lat="40.7210430" lon="-74.0426870">
    <ele>4.3</ele>
    <time>2026-01-09T16:33:09Z</time>
   </trkpt>
   <trkpt lat="40.7210560" lon="-74.0426880">
    <ele>4.3</ele>
    <time>2026-01-09T16:33:10Z</time>
   </trkpt>
   <trkpt lat="40.7210670" lon="-74.0426860">
    <ele>4.3</ele>
    <time>2026-01-09T16:33:11Z</time>
   </trkpt>
   <trkpt lat="40.7210750" lon="-74.0426810">
    <ele>4.3</ele>
    <time>2026-01-09T16:33:12Z</time>
   </trkpt>
   <trkpt lat="40.7210810" lon="-74.0426750">
    <ele>4.3</ele>
    <time>2026-01-09T16:33:13Z</time>
   </trkpt>
   <trkpt lat="40.7210940" lon="-74.0426640">
    <ele>4.3</ele>
    <time>2026-01-09T16:33:14Z</time>
   </trkpt>
   <trkpt lat="40.7211000" lon="-74.0426600">
    <ele>4.3</ele>
    <time>2026-01-09T16:33:15Z</time>
   </trkpt>
   <trkpt lat="40.7211140" lon="-74.0426570">
    <ele>4.3</ele>
    <time>2026-01-09T16:33:16Z</time>
   </trkpt>
   <trkpt lat="40.7211220" lon="-74.0426560">
    <ele>4.3</ele>
    <time>2026-01-09T16:33:17Z</time>
   </trkpt>
   <trkpt lat="40.7211290" lon="-74.0426540">
    <ele>4.3</ele>
    <time>2026-01-09T16:33:18Z</time>
   </trkpt>
   <trkpt lat="40.7211360" lon="-74.0426530">
    <ele>4.3</ele>
    <time>2026-01-09T16:33:19Z</time>
   </trkpt>
   <trkpt lat="40.7211470" lon="-74.0426510">
    <ele>4.4</ele>
    <time>2026-01-09T16:33:20Z</time>
   </trkpt>
   <trkpt lat="40.7211560" lon="-74.0426480">
    <ele>4.4</ele>
    <time>2026-01-09T16:33:21Z</time>
   </trkpt>
   <trkpt lat="40.7211590" lon="-74.0426480">
    <ele>4.4</ele>
    <time>2026-01-09T16:33:22Z</time>
   </trkpt>
   <trkpt lat="40.7211710" lon="-74.0426440">
    <ele>4.4</ele>
    <time>2026-01-09T16:33:23Z</time>
   </trkpt>
   <trkpt lat="40.7212020" lon="-74.0426340">
    <ele>4.4</ele>
    <time>2026-01-09T16:33:24Z</time>
   </trkpt>
   <trkpt lat="40.7212100" lon="-74.0426370">
    <ele>4.4</ele>
    <time>2026-01-09T16:33:25Z</time>
   </trkpt>
   <trkpt lat="40.7212160" lon="-74.0426380">
    <ele>4.4</ele>
    <time>2026-01-09T16:33:26Z</time>
   </trkpt>
   <trkpt lat="40.7212200" lon="-74.0426400">
    <ele>4.4</ele>
    <time>2026-01-09T16:33:27Z</time>
   </trkpt>
   <trkpt lat="40.7212280" lon="-74.0426370">
    <ele>4.4</ele>
    <time>2026-01-09T16:33:28Z</time>
   </trkpt>
   <trkpt lat="40.7212350" lon="-74.0426390">
    <ele>4.4</ele>
    <time>2026-01-09T16:33:29Z</time>
   </trkpt>
   <trkpt lat="40.7212430" lon="-74.0426410">
    <ele>4.4</ele>
    <time>2026-01-09T16:33:30Z</time>
   </trkpt>
   <trkpt lat="40.7212470" lon="-74.0426410">
    <ele>4.4</ele>
    <time>2026-01-09T16:33:31Z</time>
   </trkpt>
   <trkpt lat="40.7212450" lon="-74.0426410">
    <ele>4.4</ele>
    <time>2026-01-09T16:33:32Z</time>
   </trkpt>
   <trkpt lat="40.7212630" lon="-74.0426160">
    <ele>4.4</ele>
    <time>2026-01-09T16:33:33Z</time>
   </trkpt>
   <trkpt lat="40.7212680" lon="-74.0426280">
    <ele>4.4</ele>
    <time>2026-01-09T16:33:34Z</time>
   </trkpt>
   <trkpt lat="40.7212760" lon="-74.0426280">
    <ele>4.4</ele>
    <time>2026-01-09T16:33:35Z</time>
   </trkpt>
   <trkpt lat="40.7212840" lon="-74.0426300">
    <ele>4.4</ele>
    <time>2026-01-09T16:33:36Z</time>
   </trkpt>
   <trkpt lat="40.7212770" lon="-74.0426320">
    <ele>4.4</ele>
    <time>2026-01-09T16:33:37Z</time>
   </trkpt>
   <trkpt lat="40.7212760" lon="-74.0426320">
    <ele>4.4</ele>
    <time>2026-01-09T16:33:38Z</time>
   </trkpt>
   <trkpt lat="40.7212810" lon="-74.0426480">
    <ele>4.4</ele>
    <time>2026-01-09T16:33:39Z</time>
   </trkpt>
   <trkpt lat="40.7212880" lon="-74.0426440">
    <ele>4.4</ele>
    <time>2026-01-09T16:33:40Z</time>
   </trkpt>
   <trkpt lat="40.7212970" lon="-74.0426460">
    <ele>4.4</ele>
    <time>2026-01-09T16:33:41Z</time>
   </trkpt>
   <trkpt lat="40.7212920" lon="-74.0426420">
    <ele>4.4</ele>
    <time>2026-01-09T16:33:42Z</time>
   </trkpt>
   <trkpt lat="40.7212950" lon="-74.0426460">
    <ele>4.4</ele>
    <time>2026-01-09T16:33:43Z</time>
   </trkpt>
   <trkpt lat="40.7212970" lon="-74.0426350">
    <ele>4.4</ele>
    <time>2026-01-09T16:33:44Z</time>
   </trkpt>
   <trkpt lat="40.7212980" lon="-74.0426360">
    <ele>4.4</ele>
    <time>2026-01-09T16:33:45Z</time>
   </trkpt>
   <trkpt lat="40.7213030" lon="-74.0426370">
    <ele>4.4</ele>
    <time>2026-01-09T16:33:46Z</time>
   </trkpt>
   <trkpt lat="40.7213040" lon="-74.0426370">
    <ele>4.4</ele>
    <time>2026-01-09T16:33:47Z</time>
   </trkpt>
   <trkpt lat="40.7213060" lon="-74.0426360">
    <ele>4.4</ele>
    <time>2026-01-09T16:33:48Z</time>
   </trkpt>
   <trkpt lat="40.7213010" lon="-74.0426330">
    <ele>4.4</ele>
    <time>2026-01-09T16:33:49Z</time>
   </trkpt>
   <trkpt lat="40.7213010" lon="-74.0426380">
    <ele>4.4</ele>
    <time>2026-01-09T16:33:50Z</time>
   </trkpt>
   <trkpt lat="40.7213070" lon="-74.0426460">
    <ele>4.4</ele>
    <time>2026-01-09T16:33:51Z</time>
   </trkpt>
   <trkpt lat="40.7213100" lon="-74.0426430">
    <ele>4.4</ele>
    <time>2026-01-09T16:33:52Z</time>
   </trkpt>
   <trkpt lat="40.7213140" lon="-74.0426570">
    <ele>4.4</ele>
    <time>2026-01-09T16:33:53Z</time>
   </trkpt>
   <trkpt lat="40.7213170" lon="-74.0426600">
    <ele>4.4</ele>
    <time>2026-01-09T16:33:54Z</time>
   </trkpt>
   <trkpt lat="40.7213160" lon="-74.0426580">
    <ele>4.4</ele>
    <time>2026-01-09T16:33:55Z</time>
   </trkpt>
   <trkpt lat="40.7213090" lon="-74.0426660">
    <ele>4.4</ele>
    <time>2026-01-09T16:33:56Z</time>
   </trkpt>
   <trkpt lat="40.7213040" lon="-74.0426610">
    <ele>4.4</ele>
    <time>2026-01-09T16:33:57Z</time>
   </trkpt>
   <trkpt lat="40.7213080" lon="-74.0426640">
    <ele>4.4</ele>
    <time>2026-01-09T16:33:58Z</time>
   </trkpt>
   <trkpt lat="40.7213150" lon="-74.0426540">
    <ele>4.4</ele>
    <time>2026-01-09T16:33:59Z</time>
   </trkpt>
   <trkpt lat="40.7213190" lon="-74.0426450">
    <ele>4.4</ele>
    <time>2026-01-09T16:34:00Z</time>
   </trkpt>
   <trkpt lat="40.7213200" lon="-74.0426450">
    <ele>4.4</ele>
    <time>2026-01-09T16:34:01Z</time>
   </trkpt>
   <trkpt lat="40.7213200" lon="-74.0426430">
    <ele>4.4</ele>
    <time>2026-01-09T16:34:02Z</time>
   </trkpt>
   <trkpt lat="40.7213200" lon="-74.0426430">
    <ele>4.4</ele>
    <time>2026-01-09T16:34:03Z</time>
   </trkpt>
   <trkpt lat="40.7213200" lon="-74.0426360">
    <ele>4.4</ele>
    <time>2026-01-09T16:34:04Z</time>
   </trkpt>
   <trkpt lat="40.7213200" lon="-74.0426360">
    <ele>4.4</ele>
    <time>2026-01-09T16:34:05Z</time>
   </trkpt>
   <trkpt lat="40.7213200" lon="-74.0426360">
    <ele>4.4</ele>
    <time>2026-01-09T16:34:06Z</time>
   </trkpt>
   <trkpt lat="40.7213200" lon="-74.0426360">
    <ele>4.4</ele>
    <time>2026-01-09T16:34:07Z</time>
   </trkpt>
   <trkpt lat="40.7213230" lon="-74.0426220">
    <ele>4.4</ele>
    <time>2026-01-09T16:34:08Z</time>
   </trkpt>
   <trkpt lat="40.7213230" lon="-74.0426220">
    <ele>4.4</ele>
    <time>2026-01-09T16:34:09Z</time>
   </trkpt>
   <trkpt lat="40.7213230" lon="-74.0426220">
    <ele>4.4</ele>
    <time>2026-01-09T16:34:10Z</time>
   </trkpt>
   <trkpt lat="40.7213250" lon="-74.0426160">
    <ele>4.4</ele>
    <time>2026-01-09T16:34:11Z</time>
   </trkpt>
   <trkpt lat="40.7213240" lon="-74.0426180">
    <ele>4.4</ele>
    <time>2026-01-09T16:34:12Z</time>
   </trkpt>
   <trkpt lat="40.7213270" lon="-74.0426150">
    <ele>4.5</ele>
    <time>2026-01-09T16:34:13Z</time>
   </trkpt>
   <trkpt lat="40.7213270" lon="-74.0426150">
    <ele>4.5</ele>
    <time>2026-01-09T16:34:14Z</time>
   </trkpt>
   <trkpt lat="40.7213270" lon="-74.0426150">
    <ele>4.5</ele>
    <time>2026-01-09T16:34:15Z</time>
   </trkpt>
   <trkpt lat="40.7213270" lon="-74.0426150">
    <ele>4.5</ele>
    <time>2026-01-09T16:34:16Z</time>
   </trkpt>
   <trkpt lat="40.7213340" lon="-74.0426250">
    <ele>4.5</ele>
    <time>2026-01-09T16:34:17Z</time>
   </trkpt>
   <trkpt lat="40.7213350" lon="-74.0426270">
    <ele>4.5</ele>
    <time>2026-01-09T16:34:18Z</time>
   </trkpt>
   <trkpt lat="40.7213340" lon="-74.0426280">
    <ele>4.5</ele>
    <time>2026-01-09T16:34:19Z</time>
   </trkpt>
   <trkpt lat="40.7213330" lon="-74.0426220">
    <ele>4.5</ele>
    <time>2026-01-09T16:34:20Z</time>
   </trkpt>
   <trkpt lat="40.7213350" lon="-74.0426240">
    <ele>4.5</ele>
    <time>2026-01-09T16:34:21Z</time>
   </trkpt>
   <trkpt lat="40.7213370" lon="-74.0426320">
    <ele>4.5</ele>
    <time>2026-01-09T16:34:22Z</time>
   </trkpt>
   <trkpt lat="40.7213350" lon="-74.0426370">
    <ele>4.5</ele>
    <time>2026-01-09T16:34:23Z</time>
   </trkpt>
   <trkpt lat="40.7213350" lon="-74.0426320">
    <ele>4.5</ele>
    <time>2026-01-09T16:34:24Z</time>
   </trkpt>
   <trkpt lat="40.7213360" lon="-74.0426350">
    <ele>4.5</ele>
    <time>2026-01-09T16:34:25Z</time>
   </trkpt>
   <trkpt lat="40.7213320" lon="-74.0426360">
    <ele>4.5</ele>
    <time>2026-01-09T16:34:26Z</time>
   </trkpt>
   <trkpt lat="40.7213330" lon="-74.0426310">
    <ele>4.5</ele>
    <time>2026-01-09T16:34:27Z</time>
   </trkpt>
   <trkpt lat="40.7213360" lon="-74.0426300">
    <ele>4.5</ele>
    <time>2026-01-09T16:34:28Z</time>
   </trkpt>
   <trkpt lat="40.7213460" lon="-74.0426320">
    <ele>4.5</ele>
    <time>2026-01-09T16:34:29Z</time>
   </trkpt>
   <trkpt lat="40.7213460" lon="-74.0426160">
    <ele>4.5</ele>
    <time>2026-01-09T16:34:30Z</time>
   </trkpt>
   <trkpt lat="40.7213540" lon="-74.0426170">
    <ele>4.5</ele>
    <time>2026-01-09T16:34:31Z</time>
   </trkpt>
   <trkpt lat="40.7213580" lon="-74.0426260">
    <ele>4.5</ele>
    <time>2026-01-09T16:34:32Z</time>
   </trkpt>
   <trkpt lat="40.7213580" lon="-74.0426200">
    <ele>4.5</ele>
    <time>2026-01-09T16:34:33Z</time>
   </trkpt>
   <trkpt lat="40.7213590" lon="-74.0426150">
    <ele>4.5</ele>
    <time>2026-01-09T16:34:34Z</time>
   </trkpt>
   <trkpt lat="40.7213610" lon="-74.0426080">
    <ele>4.5</ele>
    <time>2026-01-09T16:34:35Z</time>
   </trkpt>
   <trkpt lat="40.7213600" lon="-74.0425990">
    <ele>4.5</ele>
    <time>2026-01-09T16:34:36Z</time>
   </trkpt>
   <trkpt lat="40.7213610" lon="-74.0425920">
    <ele>4.5</ele>
    <time>2026-01-09T16:34:37Z</time>
   </trkpt>
   <trkpt lat="40.7213620" lon="-74.0425880">
    <ele>4.5</ele>
    <time>2026-01-09T16:34:38Z</time>
   </trkpt>
   <trkpt lat="40.7213650" lon="-74.0425800">
    <ele>4.5</ele>
    <time>2026-01-09T16:34:39Z</time>
   </trkpt>
   <trkpt lat="40.7213690" lon="-74.0425710">
    <ele>4.5</ele>
    <time>2026-01-09T16:34:40Z</time>
   </trkpt>
   <trkpt lat="40.7213750" lon="-74.0425630">
    <ele>4.5</ele>
    <time>2026-01-09T16:34:41Z</time>
   </trkpt>
   <trkpt lat="40.7213860" lon="-74.0425730">
    <ele>4.5</ele>
    <time>2026-01-09T16:34:42Z</time>
   </trkpt>
   <trkpt lat="40.7213960" lon="-74.0425980">
    <ele>4.5</ele>
    <time>2026-01-09T16:34:43Z</time>
   </trkpt>
   <trkpt lat="40.7213710" lon="-74.0426040">
    <ele>4.5</ele>
    <time>2026-01-09T16:34:44Z</time>
   </trkpt>
   <trkpt lat="40.7213650" lon="-74.0426340">
    <ele>4.5</ele>
    <time>2026-01-09T16:34:45Z</time>
   </trkpt>
   <trkpt lat="40.7213600" lon="-74.0426630">
    <ele>4.5</ele>
    <time>2026-01-09T16:34:46Z</time>
   </trkpt>
   <trkpt lat="40.7213540" lon="-74.0426930">
    <ele>4.5</ele>
    <time>2026-01-09T16:34:47Z</time>
   </trkpt>
   <trkpt lat="40.7213490" lon="-74.0427220">
    <ele>4.5</ele>
    <time>2026-01-09T16:34:48Z</time>
   </trkpt>
   <trkpt lat="40.7213730" lon="-74.0426160">
    <ele>4.6</ele>
    <time>2026-01-09T16:34:49Z</time>
   </trkpt>
   <trkpt lat="40.7213700" lon="-74.0425880">
    <ele>4.6</ele>
    <time>2026-01-09T16:34:50Z</time>
   </trkpt>
   <trkpt lat="40.7213690" lon="-74.0425670">
    <ele>4.6</ele>
    <time>2026-01-09T16:34:51Z</time>
   </trkpt>
   <trkpt lat="40.7213680" lon="-74.0425450">
    <ele>4.6</ele>
    <time>2026-01-09T16:34:52Z</time>
   </trkpt>
   <trkpt lat="40.7213710" lon="-74.0425300">
    <ele>4.6</ele>
    <time>2026-01-09T16:34:53Z</time>
   </trkpt>
   <trkpt lat="40.7213800" lon="-74.0425190">
    <ele>4.6</ele>
    <time>2026-01-09T16:34:54Z</time>
   </trkpt>
   <trkpt lat="40.7214000" lon="-74.0425540">
    <ele>4.6</ele>
    <time>2026-01-09T16:34:55Z</time>
   </trkpt>
   <trkpt lat="40.7213900" lon="-74.0425130">
    <ele>4.6</ele>
    <time>2026-01-09T16:34:56Z</time>
   </trkpt>
   <trkpt lat="40.7213820" lon="-74.0424750">
    <ele>4.6</ele>
    <time>2026-01-09T16:34:57Z</time>
   </trkpt>
   <trkpt lat="40.7214380" lon="-74.0428420">
    <ele>4.7</ele>
    <time>2026-01-09T16:34:58Z</time>
   </trkpt>
   <trkpt lat="40.7214450" lon="-74.0428450">
    <ele>4.7</ele>
    <time>2026-01-09T16:34:59Z</time>
   </trkpt>
   <trkpt lat="40.7214520" lon="-74.0428470">
    <ele>4.7</ele>
    <time>2026-01-09T16:35:00Z</time>
   </trkpt>
   <trkpt lat="40.7214590" lon="-74.0428500">
    <ele>4.7</ele>
    <time>2026-01-09T16:35:01Z</time>
   </trkpt>
   <trkpt lat="40.7214660" lon="-74.0428530">
    <ele>4.7</ele>
    <time>2026-01-09T16:35:02Z</time>
   </trkpt>
   <trkpt lat="40.7214730" lon="-74.0428560">
    <ele>4.7</ele>
    <time>2026-01-09T16:35:03Z</time>
   </trkpt>
   <trkpt lat="40.7214800" lon="-74.0428580">
    <ele>4.7</ele>
    <time>2026-01-09T16:35:04Z</time>
   </trkpt>
   <trkpt lat="40.7214870" lon="-74.0428610">
    <ele>4.7</ele>
    <time>2026-01-09T16:35:05Z</time>
   </trkpt>
   <trkpt lat="40.7214950" lon="-74.0428640">
    <ele>4.7</ele>
    <time>2026-01-09T16:35:06Z</time>
   </trkpt>
   <trkpt lat="40.7215020" lon="-74.0428670">
    <ele>4.7</ele>
    <time>2026-01-09T16:35:07Z</time>
   </trkpt>
   <trkpt lat="40.7215090" lon="-74.0428700">
    <ele>4.7</ele>
    <time>2026-01-09T16:35:08Z</time>
   </trkpt>
   <trkpt lat="40.7215160" lon="-74.0428720">
    <ele>4.7</ele>
    <time>2026-01-09T16:35:09Z</time>
   </trkpt>
   <trkpt lat="40.7215230" lon="-74.0428750">
    <ele>4.7</ele>
    <time>2026-01-09T16:35:10Z</time>
   </trkpt>
   <trkpt lat="40.7215300" lon="-74.0428780">
    <ele>4.6</ele>
    <time>2026-01-09T16:35:11Z</time>
   </trkpt>
   <trkpt lat="40.7215370" lon="-74.0428810">
    <ele>4.6</ele>
    <time>2026-01-09T16:35:12Z</time>
   </trkpt>
   <trkpt lat="40.7215440" lon="-74.0428830">
    <ele>4.5</ele>
    <time>2026-01-09T16:35:13Z</time>
   </trkpt>
   <trkpt lat="40.7215510" lon="-74.0428860">
    <ele>4.5</ele>
    <time>2026-01-09T16:35:14Z</time>
   </trkpt>
   <trkpt lat="40.7215580" lon="-74.0428890">
    <ele>4.4</ele>
    <time>2026-01-09T16:35:15Z</time>
   </trkpt>
   <trkpt lat="40.7215470" lon="-74.0428890">
    <ele>4.4</ele>
    <time>2026-01-09T16:35:16Z</time>
   </trkpt>
   <trkpt lat="40.7215350" lon="-74.0428890">
    <ele>4.4</ele>
    <time>2026-01-09T16:35:17Z</time>
   </trkpt>
   <trkpt lat="40.7215240" lon="-74.0428900">
    <ele>4.4</ele>
    <time>2026-01-09T16:35:18Z</time>
   </trkpt>
   <trkpt lat="40.7215120" lon="-74.0428900">
    <ele>4.4</ele>
    <time>2026-01-09T16:35:19Z</time>
   </trkpt>
   <trkpt lat="40.7215010" lon="-74.0428900">
    <ele>4.4</ele>
    <time>2026-01-09T16:35:20Z</time>
   </trkpt>
   <trkpt lat="40.7214890" lon="-74.0428900">
    <ele>4.4</ele>
    <time>2026-01-09T16:35:21Z</time>
   </trkpt>
   <trkpt lat="40.7214780" lon="-74.0428910">
    <ele>4.4</ele>
    <time>2026-01-09T16:35:22Z</time>
   </trkpt>
   <trkpt lat="40.7214670" lon="-74.0428910">
    <ele>4.4</ele>
    <time>2026-01-09T16:35:23Z</time>
   </trkpt>
   <trkpt lat="40.7214550" lon="-74.0428910">
    <ele>4.4</ele>
    <time>2026-01-09T16:35:24Z</time>
   </trkpt>
   <trkpt lat="40.7214440" lon="-74.0428910">
    <ele>4.4</ele>
    <time>2026-01-09T16:35:25Z</time>
   </trkpt>
   <trkpt lat="40.7214320" lon="-74.0428910">
    <ele>4.4</ele>
    <time>2026-01-09T16:35:27Z</time>
   </trkpt>
   <trkpt lat="40.7214210" lon="-74.0428920">
    <ele>4.4</ele>
    <time>2026-01-09T16:35:28Z</time>
   </trkpt>
   <trkpt lat="40.7214090" lon="-74.0428920">
    <ele>4.4</ele>
    <time>2026-01-09T16:35:29Z</time>
   </trkpt>
   <trkpt lat="40.7213980" lon="-74.0428920">
    <ele>4.4</ele>
    <time>2026-01-09T16:35:30Z</time>
   </trkpt>
   <trkpt lat="40.7213940" lon="-74.0428870">
    <ele>4.4</ele>
    <time>2026-01-09T16:35:31Z</time>
   </trkpt>
   <trkpt lat="40.7213930" lon="-74.0428810">
    <ele>4.4</ele>
    <time>2026-01-09T16:35:32Z</time>
   </trkpt>
   <trkpt lat="40.7213910" lon="-74.0428760">
    <ele>4.4</ele>
    <time>2026-01-09T16:35:33Z</time>
   </trkpt>
   <trkpt lat="40.7213900" lon="-74.0428710">
    <ele>4.4</ele>
    <time>2026-01-09T16:35:34Z</time>
   </trkpt>
   <trkpt lat="40.7213890" lon="-74.0428650">
    <ele>4.4</ele>
    <time>2026-01-09T16:35:35Z</time>
   </trkpt>
   <trkpt lat="40.7213880" lon="-74.0428600">
    <ele>4.4</ele>
    <time>2026-01-09T16:35:36Z</time>
   </trkpt>
   <trkpt lat="40.7213860" lon="-74.0428540">
    <ele>4.4</ele>
    <time>2026-01-09T16:35:37Z</time>
   </trkpt>
   <trkpt lat="40.7213850" lon="-74.0428490">
    <ele>4.4</ele>
    <time>2026-01-09T16:35:38Z</time>
   </trkpt>
   <trkpt lat="40.7213840" lon="-74.0428440">
    <ele>4.4</ele>
    <time>2026-01-09T16:35:39Z</time>
   </trkpt>
   <trkpt lat="40.7213830" lon="-74.0428380">
    <ele>4.4</ele>
    <time>2026-01-09T16:35:40Z</time>
   </trkpt>
   <trkpt lat="40.7213810" lon="-74.0428330">
    <ele>4.4</ele>
    <time>2026-01-09T16:35:41Z</time>
   </trkpt>
   <trkpt lat="40.7213800" lon="-74.0428280">
    <ele>4.4</ele>
    <time>2026-01-09T16:35:42Z</time>
   </trkpt>
   <trkpt lat="40.7213790" lon="-74.0428220">
    <ele>4.4</ele>
    <time>2026-01-09T16:35:46Z</time>
   </trkpt>
   <trkpt lat="40.7213780" lon="-74.0428170">
    <ele>4.4</ele>
    <time>2026-01-09T16:35:47Z</time>
   </trkpt>
   <trkpt lat="40.7213760" lon="-74.0428120">
    <ele>4.4</ele>
    <time>2026-01-09T16:35:48Z</time>
   </trkpt>
   <trkpt lat="40.7213750" lon="-74.0428060">
    <ele>4.4</ele>
    <time>2026-01-09T16:35:49Z</time>
   </trkpt>
   <trkpt lat="40.7213740" lon="-74.0428010">
    <ele>4.4</ele>
    <time>2026-01-09T16:35:50Z</time>
   </trkpt>
   <trkpt lat="40.7213730" lon="-74.0427960">
    <ele>4.4</ele>
    <time>2026-01-09T16:35:51Z</time>
   </trkpt>
   <trkpt lat="40.7213710" lon="-74.0427900">
    <ele>4.4</ele>
    <time>2026-01-09T16:35:52Z</time>
   </trkpt>
   <trkpt lat="40.7213700" lon="-74.0427850">
    <ele>4.4</ele>
    <time>2026-01-09T16:35:53Z</time>
   </trkpt>
   <trkpt lat="40.7213690" lon="-74.0427790">
    <ele>4.4</ele>
    <time>2026-01-09T16:35:54Z</time>
   </trkpt>
   <trkpt lat="40.7213680" lon="-74.0427740">
    <ele>4.4</ele>
    <time>2026-01-09T16:35:55Z</time>
   </trkpt>
   <trkpt lat="40.7213660" lon="-74.0427690">
    <ele>4.4</ele>
    <time>2026-01-09T16:35:56Z</time>
   </trkpt>
   <trkpt lat="40.7213650" lon="-74.0427630">
    <ele>4.4</ele>
    <time>2026-01-09T16:35:57Z</time>
   </trkpt>
   <trkpt lat="40.7213640" lon="-74.0427580">
    <ele>4.4</ele>
    <time>2026-01-09T16:35:58Z</time>
   </trkpt>
   <trkpt lat="40.7213630" lon="-74.0428090">
    <ele>4.4</ele>
    <time>2026-01-09T16:35:59Z</time>
   </trkpt>
   <trkpt lat="40.7213530" lon="-74.0428280">
    <ele>4.4</ele>
    <time>2026-01-09T16:36:00Z</time>
   </trkpt>
   <trkpt lat="40.7213140" lon="-74.0428150">
    <ele>4.4</ele>
    <time>2026-01-09T16:36:01Z</time>
   </trkpt>
   <trkpt lat="40.7212990" lon="-74.0428050">
    <ele>4.4</ele>
    <time>2026-01-09T16:36:02Z</time>
   </trkpt>
   <trkpt lat="40.7212850" lon="-74.0427940">
    <ele>4.4</ele>
    <time>2026-01-09T16:36:03Z</time>
   </trkpt>
   <trkpt lat="40.7212940" lon="-74.0427920">
    <ele>4.4</ele>
    <time>2026-01-09T16:36:04Z</time>
   </trkpt>
   <trkpt lat="40.7212900" lon="-74.0427870">
    <ele>4.4</ele>
    <time>2026-01-09T16:36:05Z</time>
   </trkpt>
   <trkpt lat="40.7212860" lon="-74.0427810">
    <ele>4.4</ele>
    <time>2026-01-09T16:36:06Z</time>
   </trkpt>
   <trkpt lat="40.7212810" lon="-74.0427750">
    <ele>4.4</ele>
    <time>2026-01-09T16:36:07Z</time>
   </trkpt>
   <trkpt lat="40.7212770" lon="-74.0427700">
    <ele>4.4</ele>
    <time>2026-01-09T16:36:08Z</time>
   </trkpt>
   <trkpt lat="40.7212730" lon="-74.0427640">
    <ele>4.4</ele>
    <time>2026-01-09T16:36:09Z</time>
   </trkpt>
   <trkpt lat="40.7212690" lon="-74.0427580">
    <ele>4.4</ele>
    <time>2026-01-09T16:36:10Z</time>
   </trkpt>
   <trkpt lat="40.7212650" lon="-74.0427520">
    <ele>4.4</ele>
    <time>2026-01-09T16:36:11Z</time>
   </trkpt>
   <trkpt lat="40.7212610" lon="-74.0427470">
    <ele>4.4</ele>
    <time>2026-01-09T16:36:12Z</time>
   </trkpt>
   <trkpt lat="40.7212560" lon="-74.0427410">
    <ele>4.4</ele>
    <time>2026-01-09T16:36:13Z</time>
   </trkpt>
   <trkpt lat="40.7212520" lon="-74.0427350">
    <ele>4.4</ele>
    <time>2026-01-09T16:36:14Z</time>
   </trkpt>
   <trkpt lat="40.7212480" lon="-74.0427300">
    <ele>4.4</ele>
    <time>2026-01-09T16:36:15Z</time>
   </trkpt>
   <trkpt lat="40.7212440" lon="-74.0427240">
    <ele>4.4</ele>
    <time>2026-01-09T16:36:16Z</time>
   </trkpt>
   <trkpt lat="40.7212670" lon="-74.0427220">
    <ele>4.4</ele>
    <time>2026-01-09T16:36:17Z</time>
   </trkpt>
   <trkpt lat="40.7212830" lon="-74.0427190">
    <ele>4.4</ele>
    <time>2026-01-09T16:36:18Z</time>
   </trkpt>
   <trkpt lat="40.7213000" lon="-74.0427160">
    <ele>4.4</ele>
    <time>2026-01-09T16:36:19Z</time>
   </trkpt>
   <trkpt lat="40.7213170" lon="-74.0427130">
    <ele>4.4</ele>
    <time>2026-01-09T16:36:20Z</time>
   </trkpt>
   <trkpt lat="40.7213330" lon="-74.0427100">
    <ele>4.4</ele>
    <time>2026-01-09T16:36:21Z</time>
   </trkpt>
   <trkpt lat="40.7213500" lon="-74.0427070">
    <ele>4.4</ele>
    <time>2026-01-09T16:36:22Z</time>
   </trkpt>
   <trkpt lat="40.7213510" lon="-74.0427150">
    <ele>4.4</ele>
    <time>2026-01-09T16:36:23Z</time>
   </trkpt>
   <trkpt lat="40.7213820" lon="-74.0426930">
    <ele>4.4</ele>
    <time>2026-01-09T16:36:24Z</time>
   </trkpt>
   <trkpt lat="40.7213510" lon="-74.0426970">
    <ele>4.4</ele>
    <time>2026-01-09T16:36:25Z</time>
   </trkpt>
   <trkpt lat="40.7213560" lon="-74.0426950">
    <ele>4.4</ele>
    <time>2026-01-09T16:36:26Z</time>
   </trkpt>
   <trkpt lat="40.7213510" lon="-74.0426990">
    <ele>4.4</ele>
    <time>2026-01-09T16:36:27Z</time>
   </trkpt>
   <trkpt lat="40.7213180" lon="-74.0427050">
    <ele>4.4</ele>
    <time>2026-01-09T16:36:28Z</time>
   </trkpt>
   <trkpt lat="40.7213280" lon="-74.0427340">
    <ele>4.4</ele>
    <time>2026-01-09T16:36:29Z</time>
   </trkpt>
   <trkpt lat="40.7213340" lon="-74.0427400">
    <ele>4.4</ele>
    <time>2026-01-09T16:36:30Z</time>
   </trkpt>
   <trkpt lat="40.7213410" lon="-74.0427470">
    <ele>4.4</ele>
    <time>2026-01-09T16:36:31Z</time>
   </trkpt>
   <trkpt lat="40.7213470" lon="-74.0427530">
    <ele>4.4</ele>
    <time>2026-01-09T16:36:32Z</time>
   </trkpt>
   <trkpt lat="40.7213540" lon="-74.0427600">
    <ele>4.4</ele>
    <time>2026-01-09T16:36:33Z</time>
   </trkpt>
   <trkpt lat="40.7213600" lon="-74.0427660">
    <ele>4.4</ele>
    <time>2026-01-09T16:36:34Z</time>
   </trkpt>
   <trkpt lat="40.7213670" lon="-74.0427730">
    <ele>4.4</ele>
    <time>2026-01-09T16:36:35Z</time>
   </trkpt>
   <trkpt lat="40.7213700" lon="-74.0427870">
    <ele>4.4</ele>
    <time>2026-01-09T16:36:36Z</time>
   </trkpt>
   <trkpt lat="40.7213760" lon="-74.0427960">
    <ele>4.4</ele>
    <time>2026-01-09T16:36:37Z</time>
   </trkpt>
   <trkpt lat="40.7213820" lon="-74.0428060">
    <ele>4.4</ele>
    <time>2026-01-09T16:36:38Z</time>
   </trkpt>
   <trkpt lat="40.7213880" lon="-74.0428160">
    <ele>4.4</ele>
    <time>2026-01-09T16:36:39Z</time>
   </trkpt>
   <trkpt lat="40.7213760" lon="-74.0428550">
    <ele>4.4</ele>
    <time>2026-01-09T16:36:40Z</time>
   </trkpt>
   <trkpt lat="40.7213720" lon="-74.0428640">
    <ele>4.4</ele>
    <time>2026-01-09T16:36:41Z</time>
   </trkpt>
   <trkpt lat="40.7214300" lon="-74.0427960">
    <ele>4.3</ele>
    <time>2026-01-09T16:36:42Z</time>
   </trkpt>
   <trkpt lat="40.7214270" lon="-74.0428150">
    <ele>4.3</ele>
    <time>2026-01-09T16:36:43Z</time>
   </trkpt>
   <trkpt lat="40.7214140" lon="-74.0428350">
    <ele>4.3</ele>
    <time>2026-01-09T16:36:44Z</time>
   </trkpt>
   <trkpt lat="40.7214010" lon="-74.0428540">
    <ele>4.3</ele>
    <time>2026-01-09T16:36:45Z</time>
   </trkpt>
   <trkpt lat="40.7213770" lon="-74.0428330">
    <ele>4.3</ele>
    <time>2026-01-09T16:36:46Z</time>
   </trkpt>
   <trkpt lat="40.7213540" lon="-74.0428110">
    <ele>4.3</ele>
    <time>2026-01-09T16:36:47Z</time>
   </trkpt>
   <trkpt lat="40.7213370" lon="-74.0428020">
    <ele>4.3</ele>
    <time>2026-01-09T16:36:48Z</time>
   </trkpt>
   <trkpt lat="40.7213370" lon="-74.0428020">
    <ele>4.3</ele>
    <time>2026-01-09T16:36:49Z</time>
   </trkpt>
   <trkpt lat="40.7213500" lon="-74.0427970">
    <ele>4.3</ele>
    <time>2026-01-09T16:36:50Z</time>
   </trkpt>
   <trkpt lat="40.7213480" lon="-74.0427660">
    <ele>4.3</ele>
    <time>2026-01-09T16:36:51Z</time>
   </trkpt>
   <trkpt lat="40.7213430" lon="-74.0427680">
    <ele>4.3</ele>
    <time>2026-01-09T16:36:52Z</time>
   </trkpt>
   <trkpt lat="40.7213370" lon="-74.0427770">
    <ele>4.3</ele>
    <time>2026-01-09T16:36:53Z</time>
   </trkpt>
   <trkpt lat="40.7213320" lon="-74.0427870">
    <ele>4.3</ele>
    <time>2026-01-09T16:36:54Z</time>
   </trkpt>
   <trkpt lat="40.7213260" lon="-74.0427960">
    <ele>4.3</ele>
    <time>2026-01-09T16:36:55Z</time>
   </trkpt>
   <trkpt lat="40.7213200" lon="-74.0428050">
    <ele>4.3</ele>
    <time>2026-01-09T16:36:56Z</time>
   </trkpt>
   <trkpt lat="40.7213140" lon="-74.0428140">
    <ele>4.3</ele>
    <time>2026-01-09T16:36:57Z</time>
   </trkpt>
   <trkpt lat="40.7213070" lon="-74.0428260">
    <ele>4.3</ele>
    <time>2026-01-09T16:36:58Z</time>
   </trkpt>
   <trkpt lat="40.7213280" lon="-74.0428140">
    <ele>4.3</ele>
    <time>2026-01-09T16:36:59Z</time>
   </trkpt>
   <trkpt lat="40.7213280" lon="-74.0428140">
    <ele>4.3</ele>
    <time>2026-01-09T16:37:00Z</time>
   </trkpt>
   <trkpt lat="40.7213170" lon="-74.0428400">
    <ele>4.3</ele>
    <time>2026-01-09T16:37:01Z</time>
   </trkpt>
   <trkpt lat="40.7213300" lon="-74.0428440">
    <ele>4.3</ele>
    <time>2026-01-09T16:37:02Z</time>
   </trkpt>
   <trkpt lat="40.7213230" lon="-74.0428520">
    <ele>4.3</ele>
    <time>2026-01-09T16:37:03Z</time>
   </trkpt>
   <trkpt lat="40.7213160" lon="-74.0428600">
    <ele>4.3</ele>
    <time>2026-01-09T16:37:04Z</time>
   </trkpt>
   <trkpt lat="40.7213080" lon="-74.0428670">
    <ele>4.3</ele>
    <time>2026-01-09T16:37:05Z</time>
   </trkpt>
   <trkpt lat="40.7213010" lon="-74.0428750">
    <ele>4.3</ele>
    <time>2026-01-09T16:37:06Z</time>
   </trkpt>
   <trkpt lat="40.7213170" lon="-74.0428750">
    <ele>4.3</ele>
    <time>2026-01-09T16:37:07Z</time>
   </trkpt>
   <trkpt lat="40.7213270" lon="-74.0428590">
    <ele>4.3</ele>
    <time>2026-01-09T16:37:08Z</time>
   </trkpt>
   <trkpt lat="40.7213270" lon="-74.0428600">
    <ele>4.3</ele>
    <time>2026-01-09T16:37:09Z</time>
   </trkpt>
   <trkpt lat="40.7213290" lon="-74.0428290">
    <ele>4.3</ele>
    <time>2026-01-09T16:37:10Z</time>
   </trkpt>
   <trkpt lat="40.7213200" lon="-74.0428200">
    <ele>4.3</ele>
    <time>2026-01-09T16:37:11Z</time>
   </trkpt>
   <trkpt lat="40.7213250" lon="-74.0427910">
    <ele>4.3</ele>
    <time>2026-01-09T16:37:12Z</time>
   </trkpt>
   <trkpt lat="40.7213320" lon="-74.0427900">
    <ele>4.3</ele>
    <time>2026-01-09T16:37:13Z</time>
   </trkpt>
   <trkpt lat="40.7213400" lon="-74.0427890">
    <ele>4.3</ele>
    <time>2026-01-09T16:37:14Z</time>
   </trkpt>
   <trkpt lat="40.7213470" lon="-74.0427870">
    <ele>4.3</ele>
    <time>2026-01-09T16:37:15Z</time>
   </trkpt>
   <trkpt lat="40.7213550" lon="-74.0427860">
    <ele>4.3</ele>
    <time>2026-01-09T16:37:16Z</time>
   </trkpt>
   <trkpt lat="40.7213620" lon="-74.0427850">
    <ele>4.3</ele>
    <time>2026-01-09T16:37:17Z</time>
   </trkpt>
   <trkpt lat="40.7213620" lon="-74.0427850">
    <ele>4.3</ele>
    <time>2026-01-09T16:37:18Z</time>
   </trkpt>
   <trkpt lat="40.7213620" lon="-74.0427850">
    <ele>4.3</ele>
    <time>2026-01-09T16:37:19Z</time>
   </trkpt>
   <trkpt lat="40.7213620" lon="-74.0427850">
    <ele>4.3</ele>
    <time>2026-01-09T16:37:20Z</time>
   </trkpt>
   <trkpt lat="40.7213520" lon="-74.0427520">
    <ele>4.3</ele>
    <time>2026-01-09T16:37:21Z</time>
   </trkpt>
   <trkpt lat="40.7213510" lon="-74.0427530">
    <ele>4.3</ele>
    <time>2026-01-09T16:37:22Z</time>
   </trkpt>
   <trkpt lat="40.7213510" lon="-74.0427530">
    <ele>4.3</ele>
    <time>2026-01-09T16:37:23Z</time>
   </trkpt>
   <trkpt lat="40.7213450" lon="-74.0427510">
    <ele>4.3</ele>
    <time>2026-01-09T16:37:24Z</time>
   </trkpt>
   <trkpt lat="40.7213450" lon="-74.0427510">
    <ele>4.3</ele>
    <time>2026-01-09T16:37:25Z</time>
   </trkpt>
   <trkpt lat="40.7213450" lon="-74.0427510">
    <ele>4.3</ele>
    <time>2026-01-09T16:37:26Z</time>
   </trkpt>
   <trkpt lat="40.7213450" lon="-74.0427510">
    <ele>4.3</ele>
    <time>2026-01-09T16:37:27Z</time>
   </trkpt>
   <trkpt lat="40.7213190" lon="-74.0427760">
    <ele>4.3</ele>
    <time>2026-01-09T16:37:28Z</time>
   </trkpt>
   <trkpt lat="40.7213180" lon="-74.0427770">
    <ele>4.3</ele>
    <time>2026-01-09T16:37:29Z</time>
   </trkpt>
   <trkpt lat="40.7213180" lon="-74.0427770">
    <ele>4.3</ele>
    <time>2026-01-09T16:37:30Z</time>
   </trkpt>
   <trkpt lat="40.7213180" lon="-74.0427770">
    <ele>4.3</ele>
    <time>2026-01-09T16:37:31Z</time>
   </trkpt>
   <trkpt lat="40.7213300" lon="-74.0427700">
    <ele>4.3</ele>
    <time>2026-01-09T16:37:33Z</time>
   </trkpt>
   <trkpt lat="40.7213310" lon="-74.0427670">
    <ele>4.3</ele>
    <time>2026-01-09T16:37:34Z</time>
   </trkpt>
   <trkpt lat="40.7213280" lon="-74.0427820">
    <ele>4.3</ele>
    <time>2026-01-09T16:37:35Z</time>
   </trkpt>
   <trkpt lat="40.7213180" lon="-74.0427870">
    <ele>4.3</ele>
    <time>2026-01-09T16:37:36Z</time>
   </trkpt>
   <trkpt lat="40.7213180" lon="-74.0427950">
    <ele>4.3</ele>
    <time>2026-01-09T16:37:37Z</time>
   </trkpt>
   <trkpt lat="40.7212990" lon="-74.0427940">
    <ele>4.3</ele>
    <time>2026-01-09T16:37:38Z</time>
   </trkpt>
   <trkpt lat="40.7212950" lon="-74.0427970">
    <ele>4.3</ele>
    <time>2026-01-09T16:37:39Z</time>
   </trkpt>
   <trkpt lat="40.7212820" lon="-74.0428500">
    <ele>4.3</ele>
    <time>2026-01-09T16:37:40Z</time>
   </trkpt>
   <trkpt lat="40.7212680" lon="-74.0428560">
    <ele>4.3</ele>
    <time>2026-01-09T16:37:41Z</time>
   </trkpt>
   <trkpt lat="40.7212550" lon="-74.0428580">
    <ele>4.3</ele>
    <time>2026-01-09T16:37:42Z</time>
   </trkpt>
   <trkpt lat="40.7212410" lon="-74.0428590">
    <ele>4.3</ele>
    <time>2026-01-09T16:37:43Z</time>
   </trkpt>
   <trkpt lat="40.7212280" lon="-74.0428600">
    <ele>4.3</ele>
    <time>2026-01-09T16:37:44Z</time>
   </trkpt>
   <trkpt lat="40.7212410" lon="-74.0428530">
    <ele>4.3</ele>
    <time>2026-01-09T16:37:45Z</time>
   </trkpt>
   <trkpt lat="40.7212460" lon="-74.0428440">
    <ele>4.3</ele>
    <time>2026-01-09T16:37:46Z</time>
   </trkpt>
   <trkpt lat="40.7212520" lon="-74.0428340">
    <ele>4.3</ele>
    <time>2026-01-09T16:37:47Z</time>
   </trkpt>
   <trkpt lat="40.7212570" lon="-74.0428240">
    <ele>4.3</ele>
    <time>2026-01-09T16:37:48Z</time>
   </trkpt>
   <trkpt lat="40.7212570" lon="-74.0428240">
    <ele>4.3</ele>
    <time>2026-01-09T16:37:49Z</time>
   </trkpt>
   <trkpt lat="40.7212570" lon="-74.0428240">
    <ele>4.3</ele>
    <time>2026-01-09T16:37:50Z</time>
   </trkpt>
   <trkpt lat="40.7212630" lon="-74.0428180">
    <ele>4.3</ele>
    <time>2026-01-09T16:37:51Z</time>
   </trkpt>
   <trkpt lat="40.7212630" lon="-74.0428030">
    <ele>4.2</ele>
    <time>2026-01-09T16:37:52Z</time>
   </trkpt>
   <trkpt lat="40.7212610" lon="-74.0427970">
    <ele>4.2</ele>
    <time>2026-01-09T16:37:53Z</time>
   </trkpt>
   <trkpt lat="40.7212820" lon="-74.0427890">
    <ele>4.2</ele>
    <time>2026-01-09T16:37:54Z</time>
   </trkpt>
   <trkpt lat="40.7212420" lon="-74.0427650">
    <ele>4.2</ele>
    <time>2026-01-09T16:37:55Z</time>
   </trkpt>
   <trkpt lat="40.7212640" lon="-74.0427430">
    <ele>4.2</ele>
    <time>2026-01-09T16:37:56Z</time>
   </trkpt>
   <trkpt lat="40.7212770" lon="-74.0427450">
    <ele>4.2</ele>
    <time>2026-01-09T16:37:57Z</time>
   </trkpt>
   <trkpt lat="40.7212990" lon="-74.0427020">
    <ele>4.2</ele>
    <time>2026-01-09T16:37:58Z</time>
   </trkpt>
   <trkpt lat="40.7213360" lon="-74.0426620">
    <ele>4.2</ele>
    <time>2026-01-09T16:37:59Z</time>
   </trkpt>
   <trkpt lat="40.7213460" lon="-74.0426430">
    <ele>4.2</ele>
    <time>2026-01-09T16:38:00Z</time>
   </trkpt>
   <trkpt lat="40.7213460" lon="-74.0426420">
    <ele>4.2</ele>
    <time>2026-01-09T16:38:01Z</time>
   </trkpt>
   <trkpt lat="40.7213410" lon="-74.0426640">
    <ele>4.2</ele>
    <time>2026-01-09T16:38:02Z</time>
   </trkpt>
   <trkpt lat="40.7213250" lon="-74.0426570">
    <ele>4.2</ele>
    <time>2026-01-09T16:38:03Z</time>
   </trkpt>
   <trkpt lat="40.7213160" lon="-74.0426900">
    <ele>4.2</ele>
    <time>2026-01-09T16:38:04Z</time>
   </trkpt>
   <trkpt lat="40.7212950" lon="-74.0427020">
    <ele>4.2</ele>
    <time>2026-01-09T16:38:05Z</time>
   </trkpt>
   <trkpt lat="40.7212940" lon="-74.0427040">
    <ele>4.2</ele>
    <time>2026-01-09T16:38:06Z</time>
   </trkpt>
   <trkpt lat="40.7212930" lon="-74.0427050">
    <ele>4.2</ele>
    <time>2026-01-09T16:38:07Z</time>
   </trkpt>
   <trkpt lat="40.7212920" lon="-74.0427060">
    <ele>4.2</ele>
    <time>2026-01-09T16:38:08Z</time>
   </trkpt>
   <trkpt lat="40.7212910" lon="-74.0427070">
    <ele>4.2</ele>
    <time>2026-01-09T16:38:09Z</time>
   </trkpt>
   <trkpt lat="40.7212890" lon="-74.0427090">
    <ele>4.2</ele>
    <time>2026-01-09T16:38:10Z</time>
   </trkpt>
   <trkpt lat="40.7212880" lon="-74.0427100">
    <ele>4.2</ele>
    <time>2026-01-09T16:38:11Z</time>
   </trkpt>
   <trkpt lat="40.7212870" lon="-74.0427110">
    <ele>4.2</ele>
    <time>2026-01-09T16:38:12Z</time>
   </trkpt>
   <trkpt lat="40.7212860" lon="-74.0427120">
    <ele>4.2</ele>
    <time>2026-01-09T16:38:13Z</time>
   </trkpt>
   <trkpt lat="40.7212850" lon="-74.0427140">
    <ele>4.2</ele>
    <time>2026-01-09T16:38:14Z</time>
   </trkpt>
   <trkpt lat="40.7212840" lon="-74.0427150">
    <ele>4.2</ele>
    <time>2026-01-09T16:38:15Z</time>
   </trkpt>
   <trkpt lat="40.7212830" lon="-74.0427160">
    <ele>4.2</ele>
    <time>2026-01-09T16:38:16Z</time>
   </trkpt>
   <trkpt lat="40.7212820" lon="-74.0427170">
    <ele>4.2</ele>
    <time>2026-01-09T16:38:17Z</time>
   </trkpt>
   <trkpt lat="40.7212810" lon="-74.0427190">
    <ele>4.2</ele>
    <time>2026-01-09T16:38:18Z</time>
   </trkpt>
   <trkpt lat="40.7212800" lon="-74.0427200">
    <ele>4.2</ele>
    <time>2026-01-09T16:38:19Z</time>
   </trkpt>
   <trkpt lat="40.7212790" lon="-74.0427210">
    <ele>4.2</ele>
    <time>2026-01-09T16:38:20Z</time>
   </trkpt>
   <trkpt lat="40.7212780" lon="-74.0427220">
    <ele>4.2</ele>
    <time>2026-01-09T16:38:21Z</time>
   </trkpt>
   <trkpt lat="40.7212760" lon="-74.0427240">
    <ele>4.2</ele>
    <time>2026-01-09T16:38:22Z</time>
   </trkpt>
   <trkpt lat="40.7212750" lon="-74.0427250">
    <ele>4.2</ele>
    <time>2026-01-09T16:38:23Z</time>
   </trkpt>
   <trkpt lat="40.7212740" lon="-74.0427260">
    <ele>4.2</ele>
    <time>2026-01-09T16:38:24Z</time>
   </trkpt>
   <trkpt lat="40.7212730" lon="-74.0427270">
    <ele>4.2</ele>
    <time>2026-01-09T16:38:25Z</time>
   </trkpt>
   <trkpt lat="40.7212720" lon="-74.0427290">
    <ele>4.2</ele>
    <time>2026-01-09T16:38:26Z</time>
   </trkpt>
   <trkpt lat="40.7212710" lon="-74.0427300">
    <ele>4.2</ele>
    <time>2026-01-09T16:38:27Z</time>
   </trkpt>
   <trkpt lat="40.7212700" lon="-74.0427310">
    <ele>4.2</ele>
    <time>2026-01-09T16:38:28Z</time>
   </trkpt>
   <trkpt lat="40.7212720" lon="-74.0427450">
    <ele>4.2</ele>
    <time>2026-01-09T16:38:29Z</time>
   </trkpt>
   <trkpt lat="40.7212680" lon="-74.0427490">
    <ele>4.2</ele>
    <time>2026-01-09T16:38:30Z</time>
   </trkpt>
   <trkpt lat="40.7212670" lon="-74.0427520">
    <ele>4.2</ele>
    <time>2026-01-09T16:38:31Z</time>
   </trkpt>
   <trkpt lat="40.7212670" lon="-74.0427540">
    <ele>4.2</ele>
    <time>2026-01-09T16:38:32Z</time>
   </trkpt>
   <trkpt lat="40.7212670" lon="-74.0427540">
    <ele>4.2</ele>
    <time>2026-01-09T16:38:33Z</time>
   </trkpt>
   <trkpt lat="40.7212670" lon="-74.0427540">
    <ele>4.2</ele>
    <time>2026-01-09T16:38:34Z</time>
   </trkpt>
   <trkpt lat="40.7212670" lon="-74.0427540">
    <ele>4.2</ele>
    <time>2026-01-09T16:38:35Z</time>
   </trkpt>
   <trkpt lat="40.7212670" lon="-74.0427540">
    <ele>4.2</ele>
    <time>2026-01-09T16:38:36Z</time>
   </trkpt>
   <trkpt lat="40.7212670" lon="-74.0427540">
    <ele>4.2</ele>
    <time>2026-01-09T16:38:37Z</time>
   </trkpt>
   <trkpt lat="40.7212670" lon="-74.0427540">
    <ele>4.2</ele>
    <time>2026-01-09T16:38:38Z</time>
   </trkpt>
   <trkpt lat="40.7212670" lon="-74.0427540">
    <ele>4.2</ele>
    <time>2026-01-09T16:38:39Z</time>
   </trkpt>
   <trkpt lat="40.7212670" lon="-74.0427540">
    <ele>4.2</ele>
    <time>2026-01-09T16:38:40Z</time>
   </trkpt>
   <trkpt lat="40.7212670" lon="-74.0427540">
    <ele>4.2</ele>
    <time>2026-01-09T16:38:41Z</time>
   </trkpt>
   <trkpt lat="40.7212670" lon="-74.0427540">
    <ele>4.2</ele>
    <time>2026-01-09T16:38:42Z</time>
   </trkpt>
   <trkpt lat="40.7212670" lon="-74.0427540">
    <ele>4.2</ele>
    <time>2026-01-09T16:38:43Z</time>
   </trkpt>
   <trkpt lat="40.7212670" lon="-74.0427540">
    <ele>4.2</ele>
    <time>2026-01-09T16:38:44Z</time>
   </trkpt>
   <trkpt lat="40.7212670" lon="-74.0427540">
    <ele>4.2</ele>
    <time>2026-01-09T16:38:45Z</time>
   </trkpt>
   <trkpt lat="40.7212670" lon="-74.0427540">
    <ele>4.2</ele>
    <time>2026-01-09T16:38:46Z</time>
   </trkpt>
   <trkpt lat="40.7212520" lon="-74.0427570">
    <ele>4.2</ele>
    <time>2026-01-09T16:38:47Z</time>
   </trkpt>
   <trkpt lat="40.7212550" lon="-74.0427550">
    <ele>4.2</ele>
    <time>2026-01-09T16:38:48Z</time>
   </trkpt>
   <trkpt lat="40.7212520" lon="-74.0427620">
    <ele>4.2</ele>
    <time>2026-01-09T16:38:49Z</time>
   </trkpt>
   <trkpt lat="40.7212520" lon="-74.0427610">
    <ele>4.2</ele>
    <time>2026-01-09T16:38:50Z</time>
   </trkpt>
   <trkpt lat="40.7212520" lon="-74.0427610">
    <ele>4.2</ele>
    <time>2026-01-09T16:38:51Z</time>
   </trkpt>
   <trkpt lat="40.7212520" lon="-74.0427610">
    <ele>4.2</ele>
    <time>2026-01-09T16:38:52Z</time>
   </trkpt>
   <trkpt lat="40.7212520" lon="-74.0427610">
    <ele>4.2</ele>
    <time>2026-01-09T16:38:53Z</time>
   </trkpt>
   <trkpt lat="40.7212520" lon="-74.0427610">
    <ele>4.2</ele>
    <time>2026-01-09T16:38:54Z</time>
   </trkpt>
   <trkpt lat="40.7212520" lon="-74.0427610">
    <ele>4.2</ele>
    <time>2026-01-09T16:38:55Z</time>
   </trkpt>
   <trkpt lat="40.7212520" lon="-74.0427610">
    <ele>4.2</ele>
    <time>2026-01-09T16:38:56Z</time>
   </trkpt>
   <trkpt lat="40.7212520" lon="-74.0427610">
    <ele>4.2</ele>
    <time>2026-01-09T16:38:57Z</time>
   </trkpt>
   <trkpt lat="40.7212520" lon="-74.0427610">
    <ele>4.2</ele>
    <time>2026-01-09T16:38:58Z</time>
   </trkpt>
   <trkpt lat="40.7212520" lon="-74.0427610">
    <ele>4.2</ele>
    <time>2026-01-09T16:38:59Z</time>
   </trkpt>
   <trkpt lat="40.7212520" lon="-74.0427610">
    <ele>4.2</ele>
    <time>2026-01-09T16:39:00Z</time>
   </trkpt>
   <trkpt lat="40.7212520" lon="-74.0427610">
    <ele>4.2</ele>
    <time>2026-01-09T16:39:01Z</time>
   </trkpt>
   <trkpt lat="40.7212520" lon="-74.0427610">
    <ele>4.2</ele>
    <time>2026-01-09T16:39:02Z</time>
   </trkpt>
   <trkpt lat="40.7212520" lon="-74.0427610">
    <ele>4.2</ele>
    <time>2026-01-09T16:39:03Z</time>
   </trkpt>
   <trkpt lat="40.7212520" lon="-74.0427610">
    <ele>4.2</ele>
    <time>2026-01-09T16:39:04Z</time>
   </trkpt>
   <trkpt lat="40.7212520" lon="-74.0427610">
    <ele>4.2</ele>
    <time>2026-01-09T16:39:05Z</time>
   </trkpt>
   <trkpt lat="40.7212520" lon="-74.0427610">
    <ele>4.2</ele>
    <time>2026-01-09T16:39:06Z</time>
   </trkpt>
   <trkpt lat="40.7212520" lon="-74.0427610">
    <ele>4.2</ele>
    <time>2026-01-09T16:39:07Z</time>
   </trkpt>
   <trkpt lat="40.7212520" lon="-74.0427610">
    <ele>4.2</ele>
    <time>2026-01-09T16:39:08Z</time>
   </trkpt>
   <trkpt lat="40.7212520" lon="-74.0427610">
    <ele>4.2</ele>
    <time>2026-01-09T16:39:09Z</time>
   </trkpt>
   <trkpt lat="40.7212520" lon="-74.0427610">
    <ele>4.2</ele>
    <time>2026-01-09T16:39:10Z</time>
   </trkpt>
   <trkpt lat="40.7212520" lon="-74.0427610">
    <ele>4.2</ele>
    <time>2026-01-09T16:39:11Z</time>
   </trkpt>
   <trkpt lat="40.7212520" lon="-74.0427610">
    <ele>4.2</ele>
    <time>2026-01-09T16:39:12Z</time>
   </trkpt>
   <trkpt lat="40.7212520" lon="-74.0427610">
    <ele>4.2</ele>
    <time>2026-01-09T16:39:13Z</time>
   </trkpt>
   <trkpt lat="40.7212520" lon="-74.0427610">
    <ele>4.2</ele>
    <time>2026-01-09T16:39:14Z</time>
   </trkpt>
   <trkpt lat="40.7212520" lon="-74.0427610">
    <ele>4.2</ele>
    <time>2026-01-09T16:39:15Z</time>
   </trkpt>
   <trkpt lat="40.7212520" lon="-74.0427610">
    <ele>4.2</ele>
    <time>2026-01-09T16:39:16Z</time>
   </trkpt>
   <trkpt lat="40.7212440" lon="-74.0427880">
    <ele>4.2</ele>
    <time>2026-01-09T16:39:17Z</time>
   </trkpt>
   <trkpt lat="40.7212470" lon="-74.0427910">
    <ele>4.2</ele>
    <time>2026-01-09T16:39:18Z</time>
   </trkpt>
   <trkpt lat="40.7212460" lon="-74.0427910">
    <ele>4.2</ele>
    <time>2026-01-09T16:39:19Z</time>
   </trkpt>
   <trkpt lat="40.7212490" lon="-74.0427920">
    <ele>4.2</ele>
    <time>2026-01-09T16:39:20Z</time>
   </trkpt>
   <trkpt lat="40.7212480" lon="-74.0427990">
    <ele>4.2</ele>
    <time>2026-01-09T16:39:21Z</time>
   </trkpt>
   <trkpt lat="40.7212480" lon="-74.0428010">
    <ele>4.2</ele>
    <time>2026-01-09T16:39:22Z</time>
   </trkpt>
   <trkpt lat="40.7212520" lon="-74.0428010">
    <ele>4.2</ele>
    <time>2026-01-09T16:39:23Z</time>
   </trkpt>
   <trkpt lat="40.7212530" lon="-74.0428000">
    <ele>4.2</ele>
    <time>2026-01-09T16:39:24Z</time>
   </trkpt>
   <trkpt lat="40.7212540" lon="-74.0428130">
    <ele>4.2</ele>
    <time>2026-01-09T16:39:25Z</time>
   </trkpt>
   <trkpt lat="40.7212550" lon="-74.0428270">
    <ele>4.2</ele>
    <time>2026-01-09T16:39:26Z</time>
   </trkpt>
   <trkpt lat="40.7212530" lon="-74.0428320">
    <ele>4.2</ele>
    <time>2026-01-09T16:39:27Z</time>
   </trkpt>
   <trkpt lat="40.7212580" lon="-74.0428320">
    <ele>4.2</ele>
    <time>2026-01-09T16:39:28Z</time>
   </trkpt>
   <trkpt lat="40.7212440" lon="-74.0428350">
    <ele>4.2</ele>
    <time>2026-01-09T16:39:29Z</time>
   </trkpt>
   <trkpt lat="40.7212330" lon="-74.0428370">
    <ele>4.2</ele>
    <time>2026-01-09T16:39:30Z</time>
   </trkpt>
   <trkpt lat="40.7212230" lon="-74.0428380">
    <ele>4.2</ele>
    <time>2026-01-09T16:39:31Z</time>
   </trkpt>
   <trkpt lat="40.7212120" lon="-74.0428390">
    <ele>4.2</ele>
    <time>2026-01-09T16:39:32Z</time>
   </trkpt>
   <trkpt lat="40.7211760" lon="-74.0428280">
    <ele>4.2</ele>
    <time>2026-01-09T16:39:33Z</time>
   </trkpt>
   <trkpt lat="40.7211510" lon="-74.0427980">
    <ele>4.2</ele>
    <time>2026-01-09T16:39:34Z</time>
   </trkpt>
   <trkpt lat="40.7211390" lon="-74.0428110">
    <ele>4.2</ele>
    <time>2026-01-09T16:39:35Z</time>
   </trkpt>
   <trkpt lat="40.7211240" lon="-74.0428120">
    <ele>4.2</ele>
    <time>2026-01-09T16:39:36Z</time>
   </trkpt>
   <trkpt lat="40.7210860" lon="-74.0428020">
    <ele>4.2</ele>
    <time>2026-01-09T16:39:37Z</time>
   </trkpt>
   <trkpt lat="40.7210520" lon="-74.0427960">
    <ele>4.2</ele>
    <time>2026-01-09T16:39:39Z</time>
   </trkpt>
   <trkpt lat="40.7210120" lon="-74.0427870">
    <ele>4.1</ele>
    <time>2026-01-09T16:39:40Z</time>
   </trkpt>
   <trkpt lat="40.7209740" lon="-74.0427800">
    <ele>4.1</ele>
    <time>2026-01-09T16:39:41Z</time>
   </trkpt>
   <trkpt lat="40.7209420" lon="-74.0428010">
    <ele>4.1</ele>
    <time>2026-01-09T16:39:42Z</time>
   </trkpt>
   <trkpt lat="40.7209310" lon="-74.0428560">
    <ele>4.1</ele>
    <time>2026-01-09T16:39:43Z</time>
   </trkpt>
   <trkpt lat="40.7209270" lon="-74.0428820">
    <ele>4.1</ele>
    <time>2026-01-09T16:39:44Z</time>
   </trkpt>
   <trkpt lat="40.7209230" lon="-74.0429330">
    <ele>4.2</ele>
    <time>2026-01-09T16:39:45Z</time>
   </trkpt>
   <trkpt lat="40.7209300" lon="-74.0429820">
    <ele>4.2</ele>
    <time>2026-01-09T16:39:46Z</time>
   </trkpt>
   <trkpt lat="40.7209420" lon="-74.0430310">
    <ele>4.2</ele>
    <time>2026-01-09T16:39:47Z</time>
   </trkpt>
   <trkpt lat="40.7209530" lon="-74.0430730">
    <ele>4.2</ele>
    <time>2026-01-09T16:39:48Z</time>
   </trkpt>
   <trkpt lat="40.7209630" lon="-74.0431240">
    <ele>4.3</ele>
    <time>2026-01-09T16:39:49Z</time>
   </trkpt>
   <trkpt lat="40.7209710" lon="-74.0431810">
    <ele>4.3</ele>
    <time>2026-01-09T16:39:50Z</time>
   </trkpt>
   <trkpt lat="40.7209840" lon="-74.0432410">
    <ele>4.3</ele>
    <time>2026-01-09T16:39:51Z</time>
   </trkpt>
   <trkpt lat="40.7209780" lon="-74.0432970">
    <ele>4.3</ele>
    <time>2026-01-09T16:39:52Z</time>
   </trkpt>
   <trkpt lat="40.7209840" lon="-74.0433350">
    <ele>4.4</ele>
    <time>2026-01-09T16:39:53Z</time>
   </trkpt>
   <trkpt lat="40.7209810" lon="-74.0433930">
    <ele>4.4</ele>
    <time>2026-01-09T16:39:54Z</time>
   </trkpt>
   <trkpt lat="40.7209880" lon="-74.0434200">
    <ele>4.4</ele>
    <time>2026-01-09T16:39:55Z</time>
   </trkpt>
   <trkpt lat="40.7209950" lon="-74.0434640">
    <ele>4.4</ele>
    <time>2026-01-09T16:39:56Z</time>
   </trkpt>
   <trkpt lat="40.7210060" lon="-74.0435080">
    <ele>4.4</ele>
    <time>2026-01-09T16:39:57Z</time>
   </trkpt>
   <trkpt lat="40.7210110" lon="-74.0435450">
    <ele>4.5</ele>
    <time>2026-01-09T16:39:58Z</time>
   </trkpt>
   <trkpt lat="40.7210150" lon="-74.0435590">
    <ele>4.5</ele>
    <time>2026-01-09T16:39:59Z</time>
   </trkpt>
   <trkpt lat="40.7210210" lon="-74.0436090">
    <ele>4.5</ele>
    <time>2026-01-09T16:40:00Z</time>
   </trkpt>
   <trkpt lat="40.7210210" lon="-74.0436250">
    <ele>4.5</ele>
    <time>2026-01-09T16:40:01Z</time>
   </trkpt>
   <trkpt lat="40.7210380" lon="-74.0437050">
    <ele>4.5</ele>
    <time>2026-01-09T16:40:02Z</time>
   </trkpt>
   <trkpt lat="40.7210480" lon="-74.0437560">
    <ele>4.6</ele>
    <time>2026-01-09T16:40:03Z</time>
   </trkpt>
   <trkpt lat="40.7210460" lon="-74.0437760">
    <ele>4.6</ele>
    <time>2026-01-09T16:40:04Z</time>
   </trkpt>
   <trkpt lat="40.7210480" lon="-74.0438280">
    <ele>4.6</ele>
    <time>2026-01-09T16:40:05Z</time>
   </trkpt>
   <trkpt lat="40.7210490" lon="-74.0438470">
    <ele>4.6</ele>
    <time>2026-01-09T16:40:06Z</time>
   </trkpt>
   <trkpt lat="40.7210590" lon="-74.0438840">
    <ele>4.7</ele>
    <time>2026-01-09T16:40:07Z</time>
   </trkpt>
   <trkpt lat="40.7210670" lon="-74.0439200">
    <ele>4.7</ele>
    <time>2026-01-09T16:40:08Z</time>
   </trkpt>
   <trkpt lat="40.7210710" lon="-74.0439590">
    <ele>4.7</ele>
    <time>2026-01-09T16:40:09Z</time>
   </trkpt>
   <trkpt lat="40.7210820" lon="-74.0440080">
    <ele>4.8</ele>
    <time>2026-01-09T16:40:10Z</time>
   </trkpt>
   <trkpt lat="40.7210870" lon="-74.0440470">
    <ele>4.8</ele>
    <time>2026-01-09T16:40:11Z</time>
   </trkpt>
   <trkpt lat="40.7210830" lon="-74.0440880">
    <ele>4.8</ele>
    <time>2026-01-09T16:40:12Z</time>
   </trkpt>
   <trkpt lat="40.7210920" lon="-74.0441370">
    <ele>4.8</ele>
    <time>2026-01-09T16:40:13Z</time>
   </trkpt>
   <trkpt lat="40.7210950" lon="-74.0441530">
    <ele>4.8</ele>
    <time>2026-01-09T16:40:14Z</time>
   </trkpt>
   <trkpt lat="40.7211040" lon="-74.0441940">
    <ele>4.9</ele>
    <time>2026-01-09T16:40:15Z</time>
   </trkpt>
   <trkpt lat="40.7211070" lon="-74.0442040">
    <ele>4.9</ele>
    <time>2026-01-09T16:40:16Z</time>
   </trkpt>
   <trkpt lat="40.7211060" lon="-74.0442070">
    <ele>4.9</ele>
    <time>2026-01-09T16:40:17Z</time>
   </trkpt>
   <trkpt lat="40.7211070" lon="-74.0442130">
    <ele>4.9</ele>
    <time>2026-01-09T16:40:18Z</time>
   </trkpt>
   <trkpt lat="40.7211070" lon="-74.0442200">
    <ele>4.9</ele>
    <time>2026-01-09T16:40:19Z</time>
   </trkpt>
   <trkpt lat="40.7211080" lon="-74.0442260">
    <ele>4.9</ele>
    <time>2026-01-09T16:40:20Z</time>
   </trkpt>
   <trkpt lat="40.7211080" lon="-74.0442330">
    <ele>4.9</ele>
    <time>2026-01-09T16:40:21Z</time>
   </trkpt>
   <trkpt lat="40.7211080" lon="-74.0442400">
    <ele>4.9</ele>
    <time>2026-01-09T16:40:22Z</time>
   </trkpt>
   <trkpt lat="40.7211090" lon="-74.0442460">
    <ele>4.9</ele>
    <time>2026-01-09T16:40:23Z</time>
   </trkpt>
   <trkpt lat="40.7211090" lon="-74.0442530">
    <ele>4.9</ele>
    <time>2026-01-09T16:40:24Z</time>
   </trkpt>
   <trkpt lat="40.7211110" lon="-74.0442920">
    <ele>4.9</ele>
    <time>2026-01-09T16:40:25Z</time>
   </trkpt>
   <trkpt lat="40.7211130" lon="-74.0443040">
    <ele>4.9</ele>
    <time>2026-01-09T16:40:26Z</time>
   </trkpt>
   <trkpt lat="40.7211240" lon="-74.0443450">
    <ele>4.9</ele>
    <time>2026-01-09T16:40:27Z</time>
   </trkpt>
   <trkpt lat="40.7211270" lon="-74.0443570">
    <ele>4.9</ele>
    <time>2026-01-09T16:40:28Z</time>
   </trkpt>
   <trkpt lat="40.7211450" lon="-74.0443860">
    <ele>5.0</ele>
    <time>2026-01-09T16:40:29Z</time>
   </trkpt>
   <trkpt lat="40.7211740" lon="-74.0444050">
    <ele>5.0</ele>
    <time>2026-01-09T16:40:30Z</time>
   </trkpt>
   <trkpt lat="40.7212180" lon="-74.0444110">
    <ele>4.9</ele>
    <time>2026-01-09T16:40:31Z</time>
   </trkpt>
   <trkpt lat="40.7212640" lon="-74.0444040">
    <ele>4.9</ele>
    <time>2026-01-09T16:40:32Z</time>
   </trkpt>
   <trkpt lat="40.7212930" lon="-74.0443960">
    <ele>4.9</ele>
    <time>2026-01-09T16:40:33Z</time>
   </trkpt>
   <trkpt lat="40.7213200" lon="-74.0443900">
    <ele>4.9</ele>
    <time>2026-01-09T16:40:34Z</time>
   </trkpt>
   <trkpt lat="40.7213520" lon="-74.0443860">
    <ele>4.9</ele>
    <time>2026-01-09T16:40:35Z</time>
   </trkpt>
   <trkpt lat="40.7213990" lon="-74.0443710">
    <ele>4.9</ele>
    <time>2026-01-09T16:40:36Z</time>
   </trkpt>
   <trkpt lat="40.7214440" lon="-74.0443580">
    <ele>4.9</ele>
    <time>2026-01-09T16:40:37Z</time>
   </trkpt>
   <trkpt lat="40.7214940" lon="-74.0443550">
    <ele>4.9</ele>
    <time>2026-01-09T16:40:38Z</time>
   </trkpt>
   <trkpt lat="40.7215330" lon="-74.0443460">
    <ele>4.9</ele>
    <time>2026-01-09T16:40:39Z</time>
   </trkpt>
   <trkpt lat="40.7215660" lon="-74.0443390">
    <ele>4.9</ele>
    <time>2026-01-09T16:40:40Z</time>
   </trkpt>
   <trkpt lat="40.7216100" lon="-74.0443370">
    <ele>4.9</ele>
    <time>2026-01-09T16:40:41Z</time>
   </trkpt>
   <trkpt lat="40.7216490" lon="-74.0443370">
    <ele>4.8</ele>
    <time>2026-01-09T16:40:42Z</time>
   </trkpt>
   <trkpt lat="40.7216770" lon="-74.0443140">
    <ele>4.8</ele>
    <time>2026-01-09T16:40:43Z</time>
   </trkpt>
   <trkpt lat="40.7217250" lon="-74.0443060">
    <ele>4.8</ele>
    <time>2026-01-09T16:40:44Z</time>
   </trkpt>
   <trkpt lat="40.7217730" lon="-74.0442970">
    <ele>4.7</ele>
    <time>2026-01-09T16:40:45Z</time>
   </trkpt>
   <trkpt lat="40.7218210" lon="-74.0442950">
    <ele>4.7</ele>
    <time>2026-01-09T16:40:46Z</time>
   </trkpt>
   <trkpt lat="40.7218730" lon="-74.0442920">
    <ele>4.7</ele>
    <time>2026-01-09T16:40:47Z</time>
   </trkpt>
   <trkpt lat="40.7219100" lon="-74.0442830">
    <ele>4.6</ele>
    <time>2026-01-09T16:40:48Z</time>
   </trkpt>
   <trkpt lat="40.7219750" lon="-74.0442700">
    <ele>4.6</ele>
    <time>2026-01-09T16:40:49Z</time>
   </trkpt>
   <trkpt lat="40.7220210" lon="-74.0442530">
    <ele>4.6</ele>
    <time>2026-01-09T16:40:50Z</time>
   </trkpt>
   <trkpt lat="40.7220720" lon="-74.0442510">
    <ele>4.5</ele>
    <time>2026-01-09T16:40:51Z</time>
   </trkpt>
   <trkpt lat="40.7221270" lon="-74.0442470">
    <ele>4.5</ele>
    <time>2026-01-09T16:40:52Z</time>
   </trkpt>
   <trkpt lat="40.7221700" lon="-74.0442400">
    <ele>4.4</ele>
    <time>2026-01-09T16:40:53Z</time>
   </trkpt>
   <trkpt lat="40.7222160" lon="-74.0442360">
    <ele>4.4</ele>
    <time>2026-01-09T16:40:54Z</time>
   </trkpt>
   <trkpt lat="40.7222500" lon="-74.0442320">
    <ele>4.3</ele>
    <time>2026-01-09T16:40:55Z</time>
   </trkpt>
   <trkpt lat="40.7222920" lon="-74.0442280">
    <ele>4.3</ele>
    <time>2026-01-09T16:40:56Z</time>
   </trkpt>
   <trkpt lat="40.7223470" lon="-74.0442210">
    <ele>4.2</ele>
    <time>2026-01-09T16:40:57Z</time>
   </trkpt>
   <trkpt lat="40.7223810" lon="-74.0442140">
    <ele>4.2</ele>
    <time>2026-01-09T16:40:58Z</time>
   </trkpt>
   <trkpt lat="40.7223900" lon="-74.0442130">
    <ele>4.2</ele>
    <time>2026-01-09T16:40:59Z</time>
   </trkpt>
   <trkpt lat="40.7224220" lon="-74.0441970">
    <ele>4.2</ele>
    <time>2026-01-09T16:41:00Z</time>
   </trkpt>
   <trkpt lat="40.7224340" lon="-74.0441910">
    <ele>4.1</ele>
    <time>2026-01-09T16:41:01Z</time>
   </trkpt>
   <trkpt lat="40.7224660" lon="-74.0441960">
    <ele>4.1</ele>
    <time>2026-01-09T16:41:02Z</time>
   </trkpt>
   <trkpt lat="40.7225080" lon="-74.0441950">
    <ele>4.1</ele>
    <time>2026-01-09T16:41:03Z</time>
   </trkpt>
   <trkpt lat="40.7225530" lon="-74.0441910">
    <ele>4.0</ele>
    <time>2026-01-09T16:41:04Z</time>
   </trkpt>
   <trkpt lat="40.7225960" lon="-74.0441860">
    <ele>4.0</ele>
    <time>2026-01-09T16:41:05Z</time>
   </trkpt>
   <trkpt lat="40.7226380" lon="-74.0441780">
    <ele>4.0</ele>
    <time>2026-01-09T16:41:06Z</time>
   </trkpt>
   <trkpt lat="40.7226830" lon="-74.0441720">
    <ele>3.9</ele>
    <time>2026-01-09T16:41:07Z</time>
   </trkpt>
   <trkpt lat="40.7227260" lon="-74.0441660">
    <ele>3.9</ele>
    <time>2026-01-09T16:41:08Z</time>
   </trkpt>
   <trkpt lat="40.7227690" lon="-74.0441600">
    <ele>3.9</ele>
    <time>2026-01-09T16:41:09Z</time>
   </trkpt>
   <trkpt lat="40.7228080" lon="-74.0441620">
    <ele>3.8</ele>
    <time>2026-01-09T16:41:10Z</time>
   </trkpt>
   <trkpt lat="40.7228440" lon="-74.0441490">
    <ele>3.8</ele>
    <time>2026-01-09T16:41:11Z</time>
   </trkpt>
   <trkpt lat="40.7228730" lon="-74.0441440">
    <ele>3.8</ele>
    <time>2026-01-09T16:41:12Z</time>
   </trkpt>
   <trkpt lat="40.7229100" lon="-74.0441420">
    <ele>3.8</ele>
    <time>2026-01-09T16:41:13Z</time>
   </trkpt>
   <trkpt lat="40.7229230" lon="-74.0441370">
    <ele>3.8</ele>
    <time>2026-01-09T16:41:14Z</time>
   </trkpt>
   <trkpt lat="40.7229530" lon="-74.0441340">
    <ele>3.8</ele>
    <time>2026-01-09T16:41:15Z</time>
   </trkpt>
   <trkpt lat="40.7229840" lon="-74.0441290">
    <ele>3.8</ele>
    <time>2026-01-09T16:41:16Z</time>
   </trkpt>
   <trkpt lat="40.7230180" lon="-74.0441220">
    <ele>3.7</ele>
    <time>2026-01-09T16:41:17Z</time>
   </trkpt>
   <trkpt lat="40.7230500" lon="-74.0441120">
    <ele>3.7</ele>
    <time>2026-01-09T16:41:18Z</time>
   </trkpt>
   <trkpt lat="40.7230560" lon="-74.0441100">
    <ele>3.7</ele>
    <time>2026-01-09T16:41:19Z</time>
   </trkpt>
   <trkpt lat="40.7230700" lon="-74.0441060">
    <ele>3.7</ele>
    <time>2026-01-09T16:41:20Z</time>
   </trkpt>
   <trkpt lat="40.7230820" lon="-74.0441020">
    <ele>3.7</ele>
    <time>2026-01-09T16:41:21Z</time>
   </trkpt>
   <trkpt lat="40.7230930" lon="-74.0440990">
    <ele>3.7</ele>
    <time>2026-01-09T16:41:22Z</time>
   </trkpt>
   <trkpt lat="40.7231320" lon="-74.0440880">
    <ele>3.6</ele>
    <time>2026-01-09T16:41:23Z</time>
   </trkpt>
   <trkpt lat="40.7231470" lon="-74.0440820">
    <ele>3.6</ele>
    <time>2026-01-09T16:41:24Z</time>
   </trkpt>
   <trkpt lat="40.7231900" lon="-74.0440820">
    <ele>3.6</ele>
    <time>2026-01-09T16:41:25Z</time>
   </trkpt>
   <trkpt lat="40.7232310" lon="-74.0440820">
    <ele>3.5</ele>
    <time>2026-01-09T16:41:26Z</time>
   </trkpt>
   <trkpt lat="40.7232790" lon="-74.0440700">
    <ele>3.5</ele>
    <time>2026-01-09T16:41:27Z</time>
   </trkpt>
   <trkpt lat="40.7233250" lon="-74.0440570">
    <ele>3.5</ele>
    <time>2026-01-09T16:41:28Z</time>
   </trkpt>
   <trkpt lat="40.7233770" lon="-74.0440500">
    <ele>3.5</ele>
    <time>2026-01-09T16:41:29Z</time>
   </trkpt>
   <trkpt lat="40.7234290" lon="-74.0440410">
    <ele>3.5</ele>
    <time>2026-01-09T16:41:30Z</time>
   </trkpt>
   <trkpt lat="40.7234850" lon="-74.0440330">
    <ele>3.5</ele>
    <time>2026-01-09T16:41:31Z</time>
   </trkpt>
   <trkpt lat="40.7235380" lon="-74.0440150">
    <ele>3.5</ele>
    <time>2026-01-09T16:41:32Z</time>
   </trkpt>
   <trkpt lat="40.7235910" lon="-74.0440000">
    <ele>3.5</ele>
    <time>2026-01-09T16:41:33Z</time>
   </trkpt>
   <trkpt lat="40.7236440" lon="-74.0439990">
    <ele>3.5</ele>
    <time>2026-01-09T16:41:34Z</time>
   </trkpt>
   <trkpt lat="40.7237010" lon="-74.0440010">
    <ele>3.5</ele>
    <time>2026-01-09T16:41:35Z</time>
   </trkpt>
   <trkpt lat="40.7237460" lon="-74.0439990">
    <ele>3.5</ele>
    <time>2026-01-09T16:41:36Z</time>
   </trkpt>
   <trkpt lat="40.7237780" lon="-74.0439910">
    <ele>3.5</ele>
    <time>2026-01-09T16:41:37Z</time>
   </trkpt>
   <trkpt lat="40.7237840" lon="-74.0439870">
    <ele>3.5</ele>
    <time>2026-01-09T16:41:38Z</time>
   </trkpt>
   <trkpt lat="40.7238210" lon="-74.0439820">
    <ele>3.6</ele>
    <time>2026-01-09T16:41:39Z</time>
   </trkpt>
   <trkpt lat="40.7238400" lon="-74.0439720">
    <ele>3.6</ele>
    <time>2026-01-09T16:41:40Z</time>
   </trkpt>
   <trkpt lat="40.7238800" lon="-74.0439670">
    <ele>3.6</ele>
    <time>2026-01-09T16:41:41Z</time>
   </trkpt>
   <trkpt lat="40.7239290" lon="-74.0439550">
    <ele>3.5</ele>
    <time>2026-01-09T16:41:42Z</time>
   </trkpt>
   <trkpt lat="40.7239800" lon="-74.0439460">
    <ele>3.5</ele>
    <time>2026-01-09T16:41:43Z</time>
   </trkpt>
   <trkpt lat="40.7240230" lon="-74.0439410">
    <ele>3.5</ele>
    <time>2026-01-09T16:41:45Z</time>
   </trkpt>
   <trkpt lat="40.7240760" lon="-74.0439330">
    <ele>3.5</ele>
    <time>2026-01-09T16:41:46Z</time>
   </trkpt>
   <trkpt lat="40.7241360" lon="-74.0439290">
    <ele>3.5</ele>
    <time>2026-01-09T16:41:47Z</time>
   </trkpt>
   <trkpt lat="40.7242010" lon="-74.0439250">
    <ele>3.4</ele>
    <time>2026-01-09T16:41:48Z</time>
   </trkpt>
   <trkpt lat="40.7242670" lon="-74.0439110">
    <ele>3.4</ele>
    <time>2026-01-09T16:41:49Z</time>
   </trkpt>
   <trkpt lat="40.7243220" lon="-74.0439090">
    <ele>3.3</ele>
    <time>2026-01-09T16:41:50Z</time>
   </trkpt>
   <trkpt lat="40.7243680" lon="-74.0438950">
    <ele>3.3</ele>
    <time>2026-01-09T16:41:51Z</time>
   </trkpt>
   <trkpt lat="40.7244170" lon="-74.0438920">
    <ele>3.3</ele>
    <time>2026-01-09T16:41:52Z</time>
   </trkpt>
   <trkpt lat="40.7244480" lon="-74.0438960">
    <ele>3.2</ele>
    <time>2026-01-09T16:41:53Z</time>
   </trkpt>
   <trkpt lat="40.7244690" lon="-74.0438930">
    <ele>3.2</ele>
    <time>2026-01-09T16:41:54Z</time>
   </trkpt>
   <trkpt lat="40.7244800" lon="-74.0438890">
    <ele>3.2</ele>
    <time>2026-01-09T16:41:55Z</time>
   </trkpt>
   <trkpt lat="40.7244900" lon="-74.0438840">
    <ele>3.2</ele>
    <time>2026-01-09T16:41:56Z</time>
   </trkpt>
   <trkpt lat="40.7245240" lon="-74.0438790">
    <ele>3.2</ele>
    <time>2026-01-09T16:41:57Z</time>
   </trkpt>
   <trkpt lat="40.7245580" lon="-74.0438750">
    <ele>3.1</ele>
    <time>2026-01-09T16:41:58Z</time>
   </trkpt>
   <trkpt lat="40.7245970" lon="-74.0438650">
    <ele>3.1</ele>
    <time>2026-01-09T16:41:59Z</time>
   </trkpt>
   <trkpt lat="40.7246330" lon="-74.0438610">
    <ele>3.1</ele>
    <time>2026-01-09T16:42:00Z</time>
   </trkpt>
   <trkpt lat="40.7246860" lon="-74.0438520">
    <ele>3.0</ele>
    <time>2026-01-09T16:42:01Z</time>
   </trkpt>
   <trkpt lat="40.7247330" lon="-74.0438510">
    <ele>3.0</ele>
    <time>2026-01-09T16:42:02Z</time>
   </trkpt>
   <trkpt lat="40.7247820" lon="-74.0438440">
    <ele>3.1</ele>
    <time>2026-01-09T16:42:03Z</time>
   </trkpt>
   <trkpt lat="40.7248300" lon="-74.0438400">
    <ele>3.1</ele>
    <time>2026-01-09T16:42:04Z</time>
   </trkpt>
   <trkpt lat="40.7248910" lon="-74.0438310">
    <ele>3.1</ele>
    <time>2026-01-09T16:42:05Z</time>
   </trkpt>
   <trkpt lat="40.7250070" lon="-74.0438050">
    <ele>3.2</ele>
    <time>2026-01-09T16:42:06Z</time>
   </trkpt>
   <trkpt lat="40.7250670" lon="-74.0437940">
    <ele>3.2</ele>
    <time>2026-01-09T16:42:07Z</time>
   </trkpt>
   <trkpt lat="40.7251210" lon="-74.0437880">
    <ele>3.3</ele>
    <time>2026-01-09T16:42:08Z</time>
   </trkpt>
   <trkpt lat="40.7251730" lon="-74.0437830">
    <ele>3.3</ele>
    <time>2026-01-09T16:42:09Z</time>
   </trkpt>
   <trkpt lat="40.7252200" lon="-74.0437770">
    <ele>3.3</ele>
    <time>2026-01-09T16:42:10Z</time>
   </trkpt>
   <trkpt lat="40.7252550" lon="-74.0437730">
    <ele>3.4</ele>
    <time>2026-01-09T16:42:11Z</time>
   </trkpt>
   <trkpt lat="40.7252800" lon="-74.0437600">
    <ele>3.4</ele>
    <time>2026-01-09T16:42:12Z</time>
   </trkpt>
   <trkpt lat="40.7253020" lon="-74.0437450">
    <ele>3.4</ele>
    <time>2026-01-09T16:42:13Z</time>
   </trkpt>
   <trkpt lat="40.7253090" lon="-74.0437400">
    <ele>3.4</ele>
    <time>2026-01-09T16:42:14Z</time>
   </trkpt>
   <trkpt lat="40.7253150" lon="-74.0437340">
    <ele>3.4</ele>
    <time>2026-01-09T16:42:15Z</time>
   </trkpt>
   <trkpt lat="40.7253280" lon="-74.0437210">
    <ele>3.4</ele>
    <time>2026-01-09T16:42:16Z</time>
   </trkpt>
   <trkpt lat="40.7253370" lon="-74.0436990">
    <ele>3.4</ele>
    <time>2026-01-09T16:42:17Z</time>
   </trkpt>
   <trkpt lat="40.7253320" lon="-74.0436610">
    <ele>3.4</ele>
    <time>2026-01-09T16:42:18Z</time>
   </trkpt>
   <trkpt lat="40.7253270" lon="-74.0436190">
    <ele>3.4</ele>
    <time>2026-01-09T16:42:19Z</time>
   </trkpt>
   <trkpt lat="40.7253190" lon="-74.0435470">
    <ele>3.4</ele>
    <time>2026-01-09T16:42:20Z</time>
   </trkpt>
   <trkpt lat="40.7253160" lon="-74.0434890">
    <ele>3.4</ele>
    <time>2026-01-09T16:42:21Z</time>
   </trkpt>
   <trkpt lat="40.7253150" lon="-74.0434340">
    <ele>3.5</ele>
    <time>2026-01-09T16:42:22Z</time>
   </trkpt>
   <trkpt lat="40.7253090" lon="-74.0433730">
    <ele>3.5</ele>
    <time>2026-01-09T16:42:23Z</time>
   </trkpt>
   <trkpt lat="40.7253070" lon="-74.0433140">
    <ele>3.5</ele>
    <time>2026-01-09T16:42:24Z</time>
   </trkpt>
   <trkpt lat="40.7252950" lon="-74.0432460">
    <ele>3.5</ele>
    <time>2026-01-09T16:42:25Z</time>
   </trkpt>
   <trkpt lat="40.7252880" lon="-74.0431670">
    <ele>3.6</ele>
    <time>2026-01-09T16:42:26Z</time>
   </trkpt>
   <trkpt lat="40.7252730" lon="-74.0430930">
    <ele>3.6</ele>
    <time>2026-01-09T16:42:27Z</time>
   </trkpt>
   <trkpt lat="40.7252710" lon="-74.0430240">
    <ele>3.7</ele>
    <time>2026-01-09T16:42:28Z</time>
   </trkpt>
   <trkpt lat="40.7252670" lon="-74.0429510">
    <ele>3.7</ele>
    <time>2026-01-09T16:42:29Z</time>
   </trkpt>
   <trkpt lat="40.7252640" lon="-74.0428830">
    <ele>3.8</ele>
    <time>2026-01-09T16:42:30Z</time>
   </trkpt>
   <trkpt lat="40.7252550" lon="-74.0428060">
    <ele>3.8</ele>
    <time>2026-01-09T16:42:31Z</time>
   </trkpt>
   <trkpt lat="40.7252510" lon="-74.0427420">
    <ele>3.9</ele>
    <time>2026-01-09T16:42:32Z</time>
   </trkpt>
   <trkpt lat="40.7252490" lon="-74.0426800">
    <ele>3.9</ele>
    <time>2026-01-09T16:42:33Z</time>
   </trkpt>
   <trkpt lat="40.7252480" lon="-74.0426180">
    <ele>3.9</ele>
    <time>2026-01-09T16:42:34Z</time>
   </trkpt>
   <trkpt lat="40.7252390" lon="-74.0425670">
    <ele>4.0</ele>
    <time>2026-01-09T16:42:35Z</time>
   </trkpt>
   <trkpt lat="40.7252260" lon="-74.0425260">
    <ele>4.0</ele>
    <time>2026-01-09T16:42:36Z</time>
   </trkpt>
   <trkpt lat="40.7252270" lon="-74.0424830">
    <ele>4.0</ele>
    <time>2026-01-09T16:42:37Z</time>
   </trkpt>
   <trkpt lat="40.7252230" lon="-74.0424380">
    <ele>4.0</ele>
    <time>2026-01-09T16:42:38Z</time>
   </trkpt>
   <trkpt lat="40.7252210" lon="-74.0424260">
    <ele>4.0</ele>
    <time>2026-01-09T16:42:39Z</time>
   </trkpt>
   <trkpt lat="40.7252060" lon="-74.0423830">
    <ele>4.0</ele>
    <time>2026-01-09T16:42:40Z</time>
   </trkpt>
   <trkpt lat="40.7252050" lon="-74.0423700">
    <ele>4.0</ele>
    <time>2026-01-09T16:42:41Z</time>
   </trkpt>
   <trkpt lat="40.7251980" lon="-74.0423320">
    <ele>4.1</ele>
    <time>2026-01-09T16:42:42Z</time>
   </trkpt>
   <trkpt lat="40.7251990" lon="-74.0422920">
    <ele>4.1</ele>
    <time>2026-01-09T16:42:43Z</time>
   </trkpt>
   <trkpt lat="40.7251910" lon="-74.0422460">
    <ele>4.1</ele>
    <time>2026-01-09T16:42:44Z</time>
   </trkpt>
   <trkpt lat="40.7251880" lon="-74.0422300">
    <ele>4.1</ele>
    <time>2026-01-09T16:42:45Z</time>
   </trkpt>
   <trkpt lat="40.7251830" lon="-74.0422220">
    <ele>4.1</ele>
    <time>2026-01-09T16:42:46Z</time>
   </trkpt>
   <trkpt lat="40.7251810" lon="-74.0422120">
    <ele>4.1</ele>
    <time>2026-01-09T16:42:47Z</time>
   </trkpt>
   <trkpt lat="40.7251750" lon="-74.0421980">
    <ele>4.1</ele>
    <time>2026-01-09T16:42:48Z</time>
   </trkpt>
   <trkpt lat="40.7251650" lon="-74.0421590">
    <ele>4.2</ele>
    <time>2026-01-09T16:42:49Z</time>
   </trkpt>
   <trkpt lat="40.7251680" lon="-74.0421100">
    <ele>4.4</ele>
    <time>2026-01-09T16:42:50Z</time>
   </trkpt>
   <trkpt lat="40.7251840" lon="-74.0420530">
    <ele>4.4</ele>
    <time>2026-01-09T16:42:51Z</time>
   </trkpt>
   <trkpt lat="40.7251860" lon="-74.0419920">
    <ele>4.4</ele>
    <time>2026-01-09T16:42:52Z</time>
   </trkpt>
   <trkpt lat="40.7251740" lon="-74.0419240">
    <ele>4.4</ele>
    <time>2026-01-09T16:42:53Z</time>
   </trkpt>
   <trkpt lat="40.7251610" lon="-74.0418520">
    <ele>4.4</ele>
    <time>2026-01-09T16:42:54Z</time>
   </trkpt>
   <trkpt lat="40.7251440" lon="-74.0417820">
    <ele>4.3</ele>
    <time>2026-01-09T16:42:55Z</time>
   </trkpt>
   <trkpt lat="40.7251390" lon="-74.0417020">
    <ele>4.3</ele>
    <time>2026-01-09T16:42:56Z</time>
   </trkpt>
   <trkpt lat="40.7251330" lon="-74.0416240">
    <ele>4.3</ele>
    <time>2026-01-09T16:42:57Z</time>
   </trkpt>
   <trkpt lat="40.7251320" lon="-74.0415450">
    <ele>4.2</ele>
    <time>2026-01-09T16:42:58Z</time>
   </trkpt>
   <trkpt lat="40.7251370" lon="-74.0414730">
    <ele>4.2</ele>
    <time>2026-01-09T16:42:59Z</time>
   </trkpt>
   <trkpt lat="40.7251270" lon="-74.0413980">
    <ele>4.2</ele>
    <time>2026-01-09T16:43:00Z</time>
   </trkpt>
   <trkpt lat="40.7251250" lon="-74.0413320">
    <ele>4.1</ele>
    <time>2026-01-09T16:43:01Z</time>
   </trkpt>
   <trkpt lat="40.7251180" lon="-74.0412580">
    <ele>4.1</ele>
    <time>2026-01-09T16:43:02Z</time>
   </trkpt>
   <trkpt lat="40.7251140" lon="-74.0411950">
    <ele>4.0</ele>
    <time>2026-01-09T16:43:03Z</time>
   </trkpt>
   <trkpt lat="40.7251110" lon="-74.0411330">
    <ele>4.0</ele>
    <time>2026-01-09T16:43:04Z</time>
   </trkpt>
   <trkpt lat="40.7251040" lon="-74.0410590">
    <ele>3.9</ele>
    <time>2026-01-09T16:43:05Z</time>
   </trkpt>
   <trkpt lat="40.7250950" lon="-74.0409880">
    <ele>3.9</ele>
    <time>2026-01-09T16:43:06Z</time>
   </trkpt>
   <trkpt lat="40.7250890" lon="-74.0409230">
    <ele>3.9</ele>
    <time>2026-01-09T16:43:07Z</time>
   </trkpt>
   <trkpt lat="40.7250840" lon="-74.0408530">
    <ele>3.8</ele>
    <time>2026-01-09T16:43:08Z</time>
   </trkpt>
   <trkpt lat="40.7250720" lon="-74.0407900">
    <ele>3.8</ele>
    <time>2026-01-09T16:43:09Z</time>
   </trkpt>
   <trkpt lat="40.7250640" lon="-74.0407300">
    <ele>3.7</ele>
    <time>2026-01-09T16:43:10Z</time>
   </trkpt>
   <trkpt lat="40.7250600" lon="-74.0406750">
    <ele>3.7</ele>
    <time>2026-01-09T16:43:11Z</time>
   </trkpt>
   <trkpt lat="40.7250510" lon="-74.0406350">
    <ele>3.7</ele>
    <time>2026-01-09T16:43:12Z</time>
   </trkpt>
   <trkpt lat="40.7250430" lon="-74.0405910">
    <ele>3.7</ele>
    <time>2026-01-09T16:43:13Z</time>
   </trkpt>
   <trkpt lat="40.7250400" lon="-74.0405730">
    <ele>3.7</ele>
    <time>2026-01-09T16:43:14Z</time>
   </trkpt>
   <trkpt lat="40.7250340" lon="-74.0405650">
    <ele>3.7</ele>
    <time>2026-01-09T16:43:15Z</time>
   </trkpt>
   <trkpt lat="40.7250330" lon="-74.0405660">
    <ele>3.7</ele>
    <time>2026-01-09T16:43:16Z</time>
   </trkpt>
   <trkpt lat="40.7250310" lon="-74.0405620">
    <ele>3.7</ele>
    <time>2026-01-09T16:43:17Z</time>
   </trkpt>
   <trkpt lat="40.7250310" lon="-74.0405620">
    <ele>3.7</ele>
    <time>2026-01-09T16:43:18Z</time>
   </trkpt>
   <trkpt lat="40.7250310" lon="-74.0405620">
    <ele>3.7</ele>
    <time>2026-01-09T16:43:19Z</time>
   </trkpt>
   <trkpt lat="40.7250310" lon="-74.0405620">
    <ele>3.7</ele>
    <time>2026-01-09T16:43:20Z</time>
   </trkpt>
   <trkpt lat="40.7250310" lon="-74.0405620">
    <ele>3.7</ele>
    <time>2026-01-09T16:43:21Z</time>
   </trkpt>
   <trkpt lat="40.7250390" lon="-74.0405560">
    <ele>3.7</ele>
    <time>2026-01-09T16:43:22Z</time>
   </trkpt>
   <trkpt lat="40.7250390" lon="-74.0405560">
    <ele>3.7</ele>
    <time>2026-01-09T16:43:23Z</time>
   </trkpt>
   <trkpt lat="40.7250430" lon="-74.0405470">
    <ele>3.6</ele>
    <time>2026-01-09T16:43:24Z</time>
   </trkpt>
   <trkpt lat="40.7250420" lon="-74.0405450">
    <ele>3.6</ele>
    <time>2026-01-09T16:43:25Z</time>
   </trkpt>
   <trkpt lat="40.7250410" lon="-74.0405420">
    <ele>3.6</ele>
    <time>2026-01-09T16:43:26Z</time>
   </trkpt>
   <trkpt lat="40.7250400" lon="-74.0405390">
    <ele>3.6</ele>
    <time>2026-01-09T16:43:27Z</time>
   </trkpt>
   <trkpt lat="40.7250390" lon="-74.0405360">
    <ele>3.6</ele>
    <time>2026-01-09T16:43:28Z</time>
   </trkpt>
   <trkpt lat="40.7250380" lon="-74.0405330">
    <ele>3.6</ele>
    <time>2026-01-09T16:43:29Z</time>
   </trkpt>
   <trkpt lat="40.7250370" lon="-74.0405300">
    <ele>3.6</ele>
    <time>2026-01-09T16:43:30Z</time>
   </trkpt>
   <trkpt lat="40.7250360" lon="-74.0405270">
    <ele>3.6</ele>
    <time>2026-01-09T16:43:31Z</time>
   </trkpt>
   <trkpt lat="40.7250350" lon="-74.0405240">
    <ele>3.6</ele>
    <time>2026-01-09T16:43:32Z</time>
   </trkpt>
   <trkpt lat="40.7250350" lon="-74.0405210">
    <ele>3.6</ele>
    <time>2026-01-09T16:43:33Z</time>
   </trkpt>
   <trkpt lat="40.7250340" lon="-74.0405190">
    <ele>3.6</ele>
    <time>2026-01-09T16:43:34Z</time>
   </trkpt>
   <trkpt lat="40.7250330" lon="-74.0405160">
    <ele>3.6</ele>
    <time>2026-01-09T16:43:35Z</time>
   </trkpt>
   <trkpt lat="40.7250320" lon="-74.0405130">
    <ele>3.6</ele>
    <time>2026-01-09T16:43:36Z</time>
   </trkpt>
   <trkpt lat="40.7250310" lon="-74.0405100">
    <ele>3.6</ele>
    <time>2026-01-09T16:43:37Z</time>
   </trkpt>
   <trkpt lat="40.7250300" lon="-74.0405070">
    <ele>3.6</ele>
    <time>2026-01-09T16:43:38Z</time>
   </trkpt>
   <trkpt lat="40.7250290" lon="-74.0405040">
    <ele>3.6</ele>
    <time>2026-01-09T16:43:39Z</time>
   </trkpt>
   <trkpt lat="40.7250280" lon="-74.0405010">
    <ele>3.5</ele>
    <time>2026-01-09T16:43:40Z</time>
   </trkpt>
   <trkpt lat="40.7250270" lon="-74.0404980">
    <ele>3.5</ele>
    <time>2026-01-09T16:43:41Z</time>
   </trkpt>
   <trkpt lat="40.7250260" lon="-74.0404950">
    <ele>3.5</ele>
    <time>2026-01-09T16:43:42Z</time>
   </trkpt>
   <trkpt lat="40.7250180" lon="-74.0404610">
    <ele>3.5</ele>
    <time>2026-01-09T16:43:43Z</time>
   </trkpt>
   <trkpt lat="40.7250110" lon="-74.0404120">
    <ele>3.3</ele>
    <time>2026-01-09T16:43:44Z</time>
   </trkpt>
   <trkpt lat="40.7250080" lon="-74.0403610">
    <ele>3.2</ele>
    <time>2026-01-09T16:43:45Z</time>
   </trkpt>
   <trkpt lat="40.7250020" lon="-74.0402900">
    <ele>3.0</ele>
    <time>2026-01-09T16:43:46Z</time>
   </trkpt>
   <trkpt lat="40.7249890" lon="-74.0402150">
    <ele>3.0</ele>
    <time>2026-01-09T16:43:47Z</time>
   </trkpt>
   <trkpt lat="40.7249820" lon="-74.0401420">
    <ele>3.0</ele>
    <time>2026-01-09T16:43:48Z</time>
   </trkpt>
   <trkpt lat="40.7249660" lon="-74.0400600">
    <ele>3.0</ele>
    <time>2026-01-09T16:43:49Z</time>
   </trkpt>
   <trkpt lat="40.7249510" lon="-74.0399760">
    <ele>3.0</ele>
    <time>2026-01-09T16:43:50Z</time>
   </trkpt>
   <trkpt lat="40.7249230" lon="-74.0398950">
    <ele>3.1</ele>
    <time>2026-01-09T16:43:51Z</time>
   </trkpt>
   <trkpt lat="40.7248890" lon="-74.0398100">
    <ele>3.1</ele>
    <time>2026-01-09T16:43:52Z</time>
   </trkpt>
   <trkpt lat="40.7248600" lon="-74.0397250">
    <ele>3.2</ele>
    <time>2026-01-09T16:43:53Z</time>
   </trkpt>
   <trkpt lat="40.7248320" lon="-74.0396420">
    <ele>3.2</ele>
    <time>2026-01-09T16:43:54Z</time>
   </trkpt>
   <trkpt lat="40.7247980" lon="-74.0395600">
    <ele>3.2</ele>
    <time>2026-01-09T16:43:55Z</time>
   </trkpt>
   <trkpt lat="40.7247590" lon="-74.0394790">
    <ele>3.3</ele>
    <time>2026-01-09T16:43:56Z</time>
   </trkpt>
   <trkpt lat="40.7247260" lon="-74.0394040">
    <ele>3.3</ele>
    <time>2026-01-09T16:43:57Z</time>
   </trkpt>
   <trkpt lat="40.7247100" lon="-74.0393230">
    <ele>3.2</ele>
    <time>2026-01-09T16:43:58Z</time>
   </trkpt>
   <trkpt lat="40.7246960" lon="-74.0392420">
    <ele>3.2</ele>
    <time>2026-01-09T16:43:59Z</time>
   </trkpt>
   <trkpt lat="40.7246810" lon="-74.0391630">
    <ele>3.2</ele>
    <time>2026-01-09T16:44:00Z</time>
   </trkpt>
   <trkpt lat="40.7246720" lon="-74.0390760">
    <ele>3.1</ele>
    <time>2026-01-09T16:44:01Z</time>
   </trkpt>
   <trkpt lat="40.7246600" lon="-74.0389910">
    <ele>3.1</ele>
    <time>2026-01-09T16:44:02Z</time>
   </trkpt>
   <trkpt lat="40.7246560" lon="-74.0389050">
    <ele>3.1</ele>
    <time>2026-01-09T16:44:03Z</time>
   </trkpt>
   <trkpt lat="40.7246520" lon="-74.0388290">
    <ele>3.1</ele>
    <time>2026-01-09T16:44:04Z</time>
   </trkpt>
   <trkpt lat="40.7246410" lon="-74.0387430">
    <ele>3.0</ele>
    <time>2026-01-09T16:44:05Z</time>
   </trkpt>
   <trkpt lat="40.7246330" lon="-74.0386540">
    <ele>3.0</ele>
    <time>2026-01-09T16:44:06Z</time>
   </trkpt>
   <trkpt lat="40.7246230" lon="-74.0385690">
    <ele>3.0</ele>
    <time>2026-01-09T16:44:07Z</time>
   </trkpt>
   <trkpt lat="40.7246120" lon="-74.0384840">
    <ele>3.0</ele>
    <time>2026-01-09T16:44:08Z</time>
   </trkpt>
   <trkpt lat="40.7246050" lon="-74.0384000">
    <ele>3.0</ele>
    <time>2026-01-09T16:44:09Z</time>
   </trkpt>
   <trkpt lat="40.7246020" lon="-74.0383210">
    <ele>3.0</ele>
    <time>2026-01-09T16:44:10Z</time>
   </trkpt>
   <trkpt lat="40.7246020" lon="-74.0382500">
    <ele>3.0</ele>
    <time>2026-01-09T16:44:11Z</time>
   </trkpt>
   <trkpt lat="40.7245960" lon="-74.0381820">
    <ele>3.0</ele>
    <time>2026-01-09T16:44:12Z</time>
   </trkpt>
   <trkpt lat="40.7245930" lon="-74.0381060">
    <ele>3.0</ele>
    <time>2026-01-09T16:44:13Z</time>
   </trkpt>
   <trkpt lat="40.7245840" lon="-74.0380200">
    <ele>3.0</ele>
    <time>2026-01-09T16:44:14Z</time>
   </trkpt>
   <trkpt lat="40.7245500" lon="-74.0379520">
    <ele>3.0</ele>
    <time>2026-01-09T16:44:15Z</time>
   </trkpt>
   <trkpt lat="40.7245400" lon="-74.0378560">
    <ele>3.0</ele>
    <time>2026-01-09T16:44:16Z</time>
   </trkpt>
   <trkpt lat="40.7245410" lon="-74.0377850">
    <ele>3.0</ele>
    <time>2026-01-09T16:44:17Z</time>
   </trkpt>
   <trkpt lat="40.7245290" lon="-74.0377210">
    <ele>3.0</ele>
    <time>2026-01-09T16:44:18Z</time>
   </trkpt>
   <trkpt lat="40.7245220" lon="-74.0376540">
    <ele>3.0</ele>
    <time>2026-01-09T16:44:19Z</time>
   </trkpt>
   <trkpt lat="40.7245150" lon="-74.0375880">
    <ele>3.0</ele>
    <time>2026-01-09T16:44:20Z</time>
   </trkpt>
   <trkpt lat="40.7245020" lon="-74.0375130">
    <ele>3.0</ele>
    <time>2026-01-09T16:44:21Z</time>
   </trkpt>
   <trkpt lat="40.7244980" lon="-74.0374300">
    <ele>3.1</ele>
    <time>2026-01-09T16:44:22Z</time>
   </trkpt>
   <trkpt lat="40.7244910" lon="-74.0373560">
    <ele>3.1</ele>
    <time>2026-01-09T16:44:23Z</time>
   </trkpt>
   <trkpt lat="40.7244860" lon="-74.0372870">
    <ele>3.1</ele>
    <time>2026-01-09T16:44:24Z</time>
   </trkpt>
   <trkpt lat="40.7245070" lon="-74.0372090">
    <ele>3.1</ele>
    <time>2026-01-09T16:44:25Z</time>
   </trkpt>
   <trkpt lat="40.7244950" lon="-74.0371390">
    <ele>3.2</ele>
    <time>2026-01-09T16:44:26Z</time>
   </trkpt>
   <trkpt lat="40.7244970" lon="-74.0370760">
    <ele>3.2</ele>
    <time>2026-01-09T16:44:27Z</time>
   </trkpt>
   <trkpt lat="40.7244770" lon="-74.0370320">
    <ele>3.2</ele>
    <time>2026-01-09T16:44:28Z</time>
   </trkpt>
   <trkpt lat="40.7244780" lon="-74.0369790">
    <ele>3.2</ele>
    <time>2026-01-09T16:44:29Z</time>
   </trkpt>
   <trkpt lat="40.7244720" lon="-74.0369310">
    <ele>3.2</ele>
    <time>2026-01-09T16:44:30Z</time>
   </trkpt>
   <trkpt lat="40.7244770" lon="-74.0368800">
    <ele>3.3</ele>
    <time>2026-01-09T16:44:31Z</time>
   </trkpt>
   <trkpt lat="40.7244820" lon="-74.0368280">
    <ele>3.3</ele>
    <time>2026-01-09T16:44:32Z</time>
   </trkpt>
   <trkpt lat="40.7244700" lon="-74.0367750">
    <ele>3.3</ele>
    <time>2026-01-09T16:44:33Z</time>
   </trkpt>
   <trkpt lat="40.7244750" lon="-74.0367090">
    <ele>3.3</ele>
    <time>2026-01-09T16:44:34Z</time>
   </trkpt>
   <trkpt lat="40.7244700" lon="-74.0366400">
    <ele>3.3</ele>
    <time>2026-01-09T16:44:35Z</time>
   </trkpt>
   <trkpt lat="40.7244640" lon="-74.0365780">
    <ele>3.4</ele>
    <time>2026-01-09T16:44:36Z</time>
   </trkpt>
   <trkpt lat="40.7244640" lon="-74.0365200">
    <ele>3.4</ele>
    <time>2026-01-09T16:44:37Z</time>
   </trkpt>
   <trkpt lat="40.7244560" lon="-74.0364630">
    <ele>3.4</ele>
    <time>2026-01-09T16:44:38Z</time>
   </trkpt>
   <trkpt lat="40.7244500" lon="-74.0364080">
    <ele>3.4</ele>
    <time>2026-01-09T16:44:39Z</time>
   </trkpt>
   <trkpt lat="40.7244430" lon="-74.0363580">
    <ele>3.4</ele>
    <time>2026-01-09T16:44:40Z</time>
   </trkpt>
   <trkpt lat="40.7244410" lon="-74.0363160">
    <ele>3.5</ele>
    <time>2026-01-09T16:44:41Z</time>
   </trkpt>
   <trkpt lat="40.7244380" lon="-74.0362780">
    <ele>3.5</ele>
    <time>2026-01-09T16:44:42Z</time>
   </trkpt>
   <trkpt lat="40.7244340" lon="-74.0362400">
    <ele>3.5</ele>
    <time>2026-01-09T16:44:43Z</time>
   </trkpt>
   <trkpt lat="40.7244300" lon="-74.0362000">
    <ele>3.5</ele>
    <time>2026-01-09T16:44:44Z</time>
   </trkpt>
   <trkpt lat="40.7244280" lon="-74.0361510">
    <ele>3.5</ele>
    <time>2026-01-09T16:44:45Z</time>
   </trkpt>
   <trkpt lat="40.7244270" lon="-74.0361330">
    <ele>3.5</ele>
    <time>2026-01-09T16:44:46Z</time>
   </trkpt>
   <trkpt lat="40.7244090" lon="-74.0360940">
    <ele>3.5</ele>
    <time>2026-01-09T16:44:47Z</time>
   </trkpt>
   <trkpt lat="40.7244060" lon="-74.0360820">
    <ele>3.5</ele>
    <time>2026-01-09T16:44:48Z</time>
   </trkpt>
   <trkpt lat="40.7244050" lon="-74.0360480">
    <ele>3.6</ele>
    <time>2026-01-09T16:44:49Z</time>
   </trkpt>
   <trkpt lat="40.7244050" lon="-74.0360300">
    <ele>3.6</ele>
    <time>2026-01-09T16:44:50Z</time>
   </trkpt>
   <trkpt lat="40.7244320" lon="-74.0360020">
    <ele>3.6</ele>
    <time>2026-01-09T16:44:51Z</time>
   </trkpt>
   <trkpt lat="40.7244430" lon="-74.0359940">
    <ele>3.6</ele>
    <time>2026-01-09T16:44:52Z</time>
   </trkpt>
   <trkpt lat="40.7244810" lon="-74.0359840">
    <ele>3.5</ele>
    <time>2026-01-09T16:44:53Z</time>
   </trkpt>
   <trkpt lat="40.7244960" lon="-74.0359830">
    <ele>3.5</ele>
    <time>2026-01-09T16:44:54Z</time>
   </trkpt>
   <trkpt lat="40.7245320" lon="-74.0359910">
    <ele>3.5</ele>
    <time>2026-01-09T16:44:55Z</time>
   </trkpt>
   <trkpt lat="40.7245600" lon="-74.0360080">
    <ele>3.5</ele>
    <time>2026-01-09T16:44:56Z</time>
   </trkpt>
   <trkpt lat="40.7245890" lon="-74.0360150">
    <ele>3.5</ele>
    <time>2026-01-09T16:44:57Z</time>
   </trkpt>
   <trkpt lat="40.7246140" lon="-74.0359950">
    <ele>3.4</ele>
    <time>2026-01-09T16:44:58Z</time>
   </trkpt>
   <trkpt lat="40.7246210" lon="-74.0359810">
    <ele>3.4</ele>
    <time>2026-01-09T16:44:59Z</time>
   </trkpt>
   <trkpt lat="40.7246220" lon="-74.0359590">
    <ele>3.5</ele>
    <time>2026-01-09T16:45:00Z</time>
   </trkpt>
   <trkpt lat="40.7246230" lon="-74.0359560">
    <ele>3.5</ele>
    <time>2026-01-09T16:45:01Z</time>
   </trkpt>
   <trkpt lat="40.7246230" lon="-74.0359530">
    <ele>3.5</ele>
    <time>2026-01-09T16:45:02Z</time>
   </trkpt>
   <trkpt lat="40.7246240" lon="-74.0359490">
    <ele>3.5</ele>
    <time>2026-01-09T16:45:03Z</time>
   </trkpt>
   <trkpt lat="40.7246250" lon="-74.0359460">
    <ele>3.5</ele>
    <time>2026-01-09T16:45:04Z</time>
   </trkpt>
   <trkpt lat="40.7246260" lon="-74.0359430">
    <ele>3.5</ele>
    <time>2026-01-09T16:45:05Z</time>
   </trkpt>
   <trkpt lat="40.7246260" lon="-74.0359400">
    <ele>3.5</ele>
    <time>2026-01-09T16:45:06Z</time>
   </trkpt>
   <trkpt lat="40.7246270" lon="-74.0359370">
    <ele>3.5</ele>
    <time>2026-01-09T16:45:07Z</time>
   </trkpt>
   <trkpt lat="40.7246280" lon="-74.0359340">
    <ele>3.5</ele>
    <time>2026-01-09T16:45:08Z</time>
   </trkpt>
   <trkpt lat="40.7246290" lon="-74.0359300">
    <ele>3.5</ele>
    <time>2026-01-09T16:45:09Z</time>
   </trkpt>
   <trkpt lat="40.7246290" lon="-74.0359270">
    <ele>3.5</ele>
    <time>2026-01-09T16:45:10Z</time>
   </trkpt>
   <trkpt lat="40.7246300" lon="-74.0359240">
    <ele>3.5</ele>
    <time>2026-01-09T16:45:11Z</time>
   </trkpt>
   <trkpt lat="40.7246280" lon="-74.0359120">
    <ele>3.6</ele>
    <time>2026-01-09T16:45:12Z</time>
   </trkpt>
   <trkpt lat="40.7246230" lon="-74.0359030">
    <ele>3.6</ele>
    <time>2026-01-09T16:45:13Z</time>
   </trkpt>
   <trkpt lat="40.7246180" lon="-74.0358930">
    <ele>3.6</ele>
    <time>2026-01-09T16:45:14Z</time>
   </trkpt>
   <trkpt lat="40.7246160" lon="-74.0358910">
    <ele>3.6</ele>
    <time>2026-01-09T16:45:15Z</time>
   </trkpt>
   <trkpt lat="40.7246090" lon="-74.0358770">
    <ele>3.7</ele>
    <time>2026-01-09T16:45:16Z</time>
   </trkpt>
   <trkpt lat="40.7246010" lon="-74.0358560">
    <ele>3.7</ele>
    <time>2026-01-09T16:45:17Z</time>
   </trkpt>
   <trkpt lat="40.7245860" lon="-74.0357970">
    <ele>3.8</ele>
    <time>2026-01-09T16:45:18Z</time>
   </trkpt>
   <trkpt lat="40.7245770" lon="-74.0357710">
    <ele>3.8</ele>
    <time>2026-01-09T16:45:19Z</time>
   </trkpt>
   <trkpt lat="40.7245690" lon="-74.0357270">
    <ele>3.8</ele>
    <time>2026-01-09T16:45:20Z</time>
   </trkpt>
   <trkpt lat="40.7245750" lon="-74.0356850">
    <ele>3.8</ele>
    <time>2026-01-09T16:45:21Z</time>
   </trkpt>
   <trkpt lat="40.7245890" lon="-74.0356490">
    <ele>3.8</ele>
    <time>2026-01-09T16:45:22Z</time>
   </trkpt>
   <trkpt lat="40.7245940" lon="-74.0356090">
    <ele>3.8</ele>
    <time>2026-01-09T16:45:23Z</time>
   </trkpt>
   <trkpt lat="40.7246050" lon="-74.0355620">
    <ele>3.8</ele>
    <time>2026-01-09T16:45:24Z</time>
   </trkpt>
   <trkpt lat="40.7246350" lon="-74.0355430">
    <ele>3.8</ele>
    <time>2026-01-09T16:45:25Z</time>
   </trkpt>
   <trkpt lat="40.7246830" lon="-74.0355350">
    <ele>3.8</ele>
    <time>2026-01-09T16:45:26Z</time>
   </trkpt>
   <trkpt lat="40.7247360" lon="-74.0355230">
    <ele>3.8</ele>
    <time>2026-01-09T16:45:27Z</time>
   </trkpt>
   <trkpt lat="40.7247820" lon="-74.0355090">
    <ele>3.8</ele>
    <time>2026-01-09T16:45:28Z</time>
   </trkpt>
   <trkpt lat="40.7248360" lon="-74.0355220">
    <ele>3.8</ele>
    <time>2026-01-09T16:45:29Z</time>
   </trkpt>
   <trkpt lat="40.7248910" lon="-74.0355170">
    <ele>3.8</ele>
    <time>2026-01-09T16:45:30Z</time>
   </trkpt>
   <trkpt lat="40.7249510" lon="-74.0355100">
    <ele>3.8</ele>
    <time>2026-01-09T16:45:31Z</time>
   </trkpt>
   <trkpt lat="40.7250050" lon="-74.0355040">
    <ele>3.8</ele>
    <time>2026-01-09T16:45:32Z</time>
   </trkpt>
   <trkpt lat="40.7250590" lon="-74.0355030">
    <ele>3.8</ele>
    <time>2026-01-09T16:45:33Z</time>
   </trkpt>
   <trkpt lat="40.7251130" lon="-74.0354920">
    <ele>3.8</ele>
    <time>2026-01-09T16:45:34Z</time>
   </trkpt>
   <trkpt lat="40.7251660" lon="-74.0354820">
    <ele>3.7</ele>
    <time>2026-01-09T16:45:35Z</time>
   </trkpt>
   <trkpt lat="40.7252170" lon="-74.0354730">
    <ele>3.7</ele>
    <time>2026-01-09T16:45:36Z</time>
   </trkpt>
   <trkpt lat="40.7252710" lon="-74.0354550">
    <ele>3.8</ele>
    <time>2026-01-09T16:45:37Z</time>
   </trkpt>
   <trkpt lat="40.7253220" lon="-74.0354460">
    <ele>3.8</ele>
    <time>2026-01-09T16:45:38Z</time>
   </trkpt>
   <trkpt lat="40.7253770" lon="-74.0354300">
    <ele>3.8</ele>
    <time>2026-01-09T16:45:39Z</time>
   </trkpt>
   <trkpt lat="40.7254350" lon="-74.0354180">
    <ele>3.7</ele>
    <time>2026-01-09T16:45:40Z</time>
   </trkpt>
   <trkpt lat="40.7254910" lon="-74.0354000">
    <ele>3.7</ele>
    <time>2026-01-09T16:45:41Z</time>
   </trkpt>
   <trkpt lat="40.7255500" lon="-74.0353860">
    <ele>3.6</ele>
    <time>2026-01-09T16:45:42Z</time>
   </trkpt>
   <trkpt lat="40.7256070" lon="-74.0353580">
    <ele>3.6</ele>
    <time>2026-01-09T16:45:43Z</time>
   </trkpt>
   <trkpt lat="40.7256630" lon="-74.0353290">
    <ele>3.6</ele>
    <time>2026-01-09T16:45:44Z</time>
   </trkpt>
   <trkpt lat="40.7257180" lon="-74.0352990">
    <ele>3.5</ele>
    <time>2026-01-09T16:45:45Z</time>
   </trkpt>
   <trkpt lat="40.7257680" lon="-74.0352730">
    <ele>3.4</ele>
    <time>2026-01-09T16:45:46Z</time>
   </trkpt>
   <trkpt lat="40.7258170" lon="-74.0352500">
    <ele>3.4</ele>
    <time>2026-01-09T16:45:47Z</time>
   </trkpt>
   <trkpt lat="40.7258740" lon="-74.0352250">
    <ele>3.3</ele>
    <time>2026-01-09T16:45:48Z</time>
   </trkpt>
   <trkpt lat="40.7259260" lon="-74.0351960">
    <ele>3.2</ele>
    <time>2026-01-09T16:45:49Z</time>
   </trkpt>
   <trkpt lat="40.7259810" lon="-74.0351610">
    <ele>3.2</ele>
    <time>2026-01-09T16:45:50Z</time>
   </trkpt>
   <trkpt lat="40.7260340" lon="-74.0351230">
    <ele>3.2</ele>
    <time>2026-01-09T16:45:51Z</time>
   </trkpt>
   <trkpt lat="40.7260840" lon="-74.0350880">
    <ele>3.1</ele>
    <time>2026-01-09T16:45:52Z</time>
   </trkpt>
   <trkpt lat="40.7261440" lon="-74.0350560">
    <ele>3.1</ele>
    <time>2026-01-09T16:45:53Z</time>
   </trkpt>
   <trkpt lat="40.7262000" lon="-74.0350260">
    <ele>3.1</ele>
    <time>2026-01-09T16:45:54Z</time>
   </trkpt>
   <trkpt lat="40.7262490" lon="-74.0349990">
    <ele>3.1</ele>
    <time>2026-01-09T16:45:55Z</time>
   </trkpt>
   <trkpt lat="40.7262970" lon="-74.0349680">
    <ele>3.1</ele>
    <time>2026-01-09T16:45:56Z</time>
   </trkpt>
   <trkpt lat="40.7263430" lon="-74.0349360">
    <ele>3.1</ele>
    <time>2026-01-09T16:45:57Z</time>
   </trkpt>
   <trkpt lat="40.7263840" lon="-74.0349100">
    <ele>3.1</ele>
    <time>2026-01-09T16:45:58Z</time>
   </trkpt>
   <trkpt lat="40.7264290" lon="-74.0348770">
    <ele>3.1</ele>
    <time>2026-01-09T16:45:59Z</time>
   </trkpt>
   <trkpt lat="40.7264710" lon="-74.0348510">
    <ele>3.2</ele>
    <time>2026-01-09T16:46:00Z</time>
   </trkpt>
   <trkpt lat="40.7265120" lon="-74.0348250">
    <ele>3.2</ele>
    <time>2026-01-09T16:46:01Z</time>
   </trkpt>
   <trkpt lat="40.7265510" lon="-74.0347960">
    <ele>3.2</ele>
    <time>2026-01-09T16:46:02Z</time>
   </trkpt>
   <trkpt lat="40.7265880" lon="-74.0347690">
    <ele>3.2</ele>
    <time>2026-01-09T16:46:03Z</time>
   </trkpt>
   <trkpt lat="40.7266260" lon="-74.0347470">
    <ele>3.2</ele>
    <time>2026-01-09T16:46:04Z</time>
   </trkpt>
   <trkpt lat="40.7266570" lon="-74.0347300">
    <ele>3.3</ele>
    <time>2026-01-09T16:46:05Z</time>
   </trkpt>
   <trkpt lat="40.7266970" lon="-74.0347020">
    <ele>3.4</ele>
    <time>2026-01-09T16:46:06Z</time>
   </trkpt>
   <trkpt lat="40.7267250" lon="-74.0346600">
    <ele>3.5</ele>
    <time>2026-01-09T16:46:07Z</time>
   </trkpt>
   <trkpt lat="40.7267620" lon="-74.0346270">
    <ele>3.5</ele>
    <time>2026-01-09T16:46:08Z</time>
   </trkpt>
   <trkpt lat="40.7268030" lon="-74.0346200">
    <ele>3.6</ele>
    <time>2026-01-09T16:46:09Z</time>
   </trkpt>
   <trkpt lat="40.7268440" lon="-74.0346050">
    <ele>3.6</ele>
    <time>2026-01-09T16:46:10Z</time>
   </trkpt>
   <trkpt lat="40.7268660" lon="-74.0345730">
    <ele>3.6</ele>
    <time>2026-01-09T16:46:11Z</time>
   </trkpt>
   <trkpt lat="40.7268970" lon="-74.0345580">
    <ele>3.7</ele>
    <time>2026-01-09T16:46:12Z</time>
   </trkpt>
   <trkpt lat="40.7269270" lon="-74.0345420">
    <ele>3.7</ele>
    <time>2026-01-09T16:46:13Z</time>
   </trkpt>
   <trkpt lat="40.7269710" lon="-74.0345010">
    <ele>3.8</ele>
    <time>2026-01-09T16:46:14Z</time>
   </trkpt>
   <trkpt lat="40.7270300" lon="-74.0344980">
    <ele>3.8</ele>
    <time>2026-01-09T16:46:15Z</time>
   </trkpt>
   <trkpt lat="40.7270860" lon="-74.0344770">
    <ele>3.9</ele>
    <time>2026-01-09T16:46:16Z</time>
   </trkpt>
   <trkpt lat="40.7271380" lon="-74.0344500">
    <ele>3.9</ele>
    <time>2026-01-09T16:46:17Z</time>
   </trkpt>
   <trkpt lat="40.7271880" lon="-74.0344250">
    <ele>4.0</ele>
    <time>2026-01-09T16:46:18Z</time>
   </trkpt>
   <trkpt lat="40.7272180" lon="-74.0344140">
    <ele>4.0</ele>
    <time>2026-01-09T16:46:19Z</time>
   </trkpt>
   <trkpt lat="40.7272530" lon="-74.0344240">
    <ele>4.0</ele>
    <time>2026-01-09T16:46:20Z</time>
   </trkpt>
   <trkpt lat="40.7272950" lon="-74.0344370">
    <ele>4.0</ele>
    <time>2026-01-09T16:46:21Z</time>
   </trkpt>
   <trkpt lat="40.7273540" lon="-74.0343950">
    <ele>3.7</ele>
    <time>2026-01-09T16:46:22Z</time>
   </trkpt>
   <trkpt lat="40.7274030" lon="-74.0343710">
    <ele>3.8</ele>
    <time>2026-01-09T16:46:23Z</time>
   </trkpt>
   <trkpt lat="40.7274530" lon="-74.0343480">
    <ele>3.8</ele>
    <time>2026-01-09T16:46:24Z</time>
   </trkpt>
   <trkpt lat="40.7275070" lon="-74.0343440">
    <ele>3.8</ele>
    <time>2026-01-09T16:46:25Z</time>
   </trkpt>
   <trkpt lat="40.7275590" lon="-74.0343460">
    <ele>3.8</ele>
    <time>2026-01-09T16:46:26Z</time>
   </trkpt>
   <trkpt lat="40.7276140" lon="-74.0343390">
    <ele>3.8</ele>
    <time>2026-01-09T16:46:27Z</time>
   </trkpt>
   <trkpt lat="40.7276730" lon="-74.0343360">
    <ele>3.8</ele>
    <time>2026-01-09T16:46:28Z</time>
   </trkpt>
   <trkpt lat="40.7277320" lon="-74.0343320">
    <ele>3.7</ele>
    <time>2026-01-09T16:46:29Z</time>
   </trkpt>
   <trkpt lat="40.7277850" lon="-74.0343110">
    <ele>3.7</ele>
    <time>2026-01-09T16:46:30Z</time>
   </trkpt>
   <trkpt lat="40.7278360" lon="-74.0343040">
    <ele>3.6</ele>
    <time>2026-01-09T16:46:31Z</time>
   </trkpt>
   <trkpt lat="40.7279010" lon="-74.0342980">
    <ele>3.6</ele>
    <time>2026-01-09T16:46:32Z</time>
   </trkpt>
   <trkpt lat="40.7279550" lon="-74.0342890">
    <ele>3.5</ele>
    <time>2026-01-09T16:46:33Z</time>
   </trkpt>
   <trkpt lat="40.7280220" lon="-74.0342530">
    <ele>3.5</ele>
    <time>2026-01-09T16:46:34Z</time>
   </trkpt>
   <trkpt lat="40.7280780" lon="-74.0342750">
    <ele>3.5</ele>
    <time>2026-01-09T16:46:35Z</time>
   </trkpt>
   <trkpt lat="40.7281300" lon="-74.0343090">
    <ele>3.6</ele>
    <time>2026-01-09T16:46:36Z</time>
   </trkpt>
   <trkpt lat="40.7281930" lon="-74.0343250">
    <ele>3.6</ele>
    <time>2026-01-09T16:46:37Z</time>
   </trkpt>
   <trkpt lat="40.7282180" lon="-74.0344190">
    <ele>3.6</ele>
    <time>2026-01-09T16:46:38Z</time>
   </trkpt>
   <trkpt lat="40.7282630" lon="-74.0344940">
    <ele>3.7</ele>
    <time>2026-01-09T16:46:39Z</time>
   </trkpt>
   <trkpt lat="40.7283380" lon="-74.0344730">
    <ele>3.7</ele>
    <time>2026-01-09T16:46:40Z</time>
   </trkpt>
   <trkpt lat="40.7284150" lon="-74.0344690">
    <ele>3.7</ele>
    <time>2026-01-09T16:46:41Z</time>
   </trkpt>
   <trkpt lat="40.7285000" lon="-74.0343890">
    <ele>3.8</ele>
    <time>2026-01-09T16:46:42Z</time>
   </trkpt>
   <trkpt lat="40.7285840" lon="-74.0343130">
    <ele>3.9</ele>
    <time>2026-01-09T16:46:43Z</time>
   </trkpt>
   <trkpt lat="40.7286710" lon="-74.0342320">
    <ele>3.9</ele>
    <time>2026-01-09T16:46:44Z</time>
   </trkpt>
   <trkpt lat="40.7287440" lon="-74.0341480">
    <ele>3.9</ele>
    <time>2026-01-09T16:46:45Z</time>
   </trkpt>
   <trkpt lat="40.7288240" lon="-74.0340560">
    <ele>3.9</ele>
    <time>2026-01-09T16:46:46Z</time>
   </trkpt>
   <trkpt lat="40.7288160" lon="-74.0344660">
    <ele>3.9</ele>
    <time>2026-01-09T16:46:47Z</time>
   </trkpt>
   <trkpt lat="40.7288390" lon="-74.0344580">
    <ele>3.9</ele>
    <time>2026-01-09T16:46:48Z</time>
   </trkpt>
   <trkpt lat="40.7288850" lon="-74.0344430">
    <ele>3.9</ele>
    <time>2026-01-09T16:46:49Z</time>
   </trkpt>
   <trkpt lat="40.7289360" lon="-74.0344370">
    <ele>3.9</ele>
    <time>2026-01-09T16:46:50Z</time>
   </trkpt>
   <trkpt lat="40.7290000" lon="-74.0344430">
    <ele>3.9</ele>
    <time>2026-01-09T16:46:51Z</time>
   </trkpt>
   <trkpt lat="40.7290770" lon="-74.0344190">
    <ele>3.9</ele>
    <time>2026-01-09T16:46:52Z</time>
   </trkpt>
   <trkpt lat="40.7291360" lon="-74.0344250">
    <ele>3.9</ele>
    <time>2026-01-09T16:46:53Z</time>
   </trkpt>
   <trkpt lat="40.7291920" lon="-74.0344210">
    <ele>3.8</ele>
    <time>2026-01-09T16:46:54Z</time>
   </trkpt>
   <trkpt lat="40.7292630" lon="-74.0344080">
    <ele>3.8</ele>
    <time>2026-01-09T16:46:55Z</time>
   </trkpt>
   <trkpt lat="40.7293440" lon="-74.0343940">
    <ele>3.7</ele>
    <time>2026-01-09T16:46:56Z</time>
   </trkpt>
   <trkpt lat="40.7294090" lon="-74.0344000">
    <ele>3.7</ele>
    <time>2026-01-09T16:46:57Z</time>
   </trkpt>
   <trkpt lat="40.7294990" lon="-74.0344110">
    <ele>3.6</ele>
    <time>2026-01-09T16:46:58Z</time>
   </trkpt>
   <trkpt lat="40.7295380" lon="-74.0343980">
    <ele>3.6</ele>
    <time>2026-01-09T16:46:59Z</time>
   </trkpt>
   <trkpt lat="40.7295770" lon="-74.0343910">
    <ele>3.5</ele>
    <time>2026-01-09T16:47:00Z</time>
   </trkpt>
   <trkpt lat="40.7296240" lon="-74.0343780">
    <ele>3.5</ele>
    <time>2026-01-09T16:47:01Z</time>
   </trkpt>
   <trkpt lat="40.7296710" lon="-74.0343800">
    <ele>3.5</ele>
    <time>2026-01-09T16:47:02Z</time>
   </trkpt>
   <trkpt lat="40.7297270" lon="-74.0343950">
    <ele>3.5</ele>
    <time>2026-01-09T16:47:03Z</time>
   </trkpt>
   <trkpt lat="40.7297870" lon="-74.0343860">
    <ele>3.5</ele>
    <time>2026-01-09T16:47:04Z</time>
   </trkpt>
   <trkpt lat="40.7298580" lon="-74.0343610">
    <ele>3.4</ele>
    <time>2026-01-09T16:47:05Z</time>
   </trkpt>
   <trkpt lat="40.7299310" lon="-74.0343410">
    <ele>3.4</ele>
    <time>2026-01-09T16:47:06Z</time>
   </trkpt>
   <trkpt lat="40.7300110" lon="-74.0343310">
    <ele>3.3</ele>
    <time>2026-01-09T16:47:07Z</time>
   </trkpt>
   <trkpt lat="40.7300960" lon="-74.0343160">
    <ele>3.3</ele>
    <time>2026-01-09T16:47:08Z</time>
   </trkpt>
   <trkpt lat="40.7301560" lon="-74.0342890">
    <ele>3.2</ele>
    <time>2026-01-09T16:47:09Z</time>
   </trkpt>
   <trkpt lat="40.7302430" lon="-74.0342750">
    <ele>3.2</ele>
    <time>2026-01-09T16:47:10Z</time>
   </trkpt>
   <trkpt lat="40.7303170" lon="-74.0342680">
    <ele>3.2</ele>
    <time>2026-01-09T16:47:11Z</time>
   </trkpt>
   <trkpt lat="40.7303950" lon="-74.0342580">
    <ele>3.2</ele>
    <time>2026-01-09T16:47:12Z</time>
   </trkpt>
   <trkpt lat="40.7304750" lon="-74.0342330">
    <ele>3.2</ele>
    <time>2026-01-09T16:47:13Z</time>
   </trkpt>
   <trkpt lat="40.7305440" lon="-74.0342080">
    <ele>3.2</ele>
    <time>2026-01-09T16:47:14Z</time>
   </trkpt>
   <trkpt lat="40.7306010" lon="-74.0341800">
    <ele>3.2</ele>
    <time>2026-01-09T16:47:15Z</time>
   </trkpt>
   <trkpt lat="40.7306410" lon="-74.0341470">
    <ele>3.2</ele>
    <time>2026-01-09T16:47:16Z</time>
   </trkpt>
   <trkpt lat="40.7306590" lon="-74.0341330">
    <ele>3.3</ele>
    <time>2026-01-09T16:47:17Z</time>
   </trkpt>
   <trkpt lat="40.7306540" lon="-74.0341590">
    <ele>3.3</ele>
    <time>2026-01-09T16:47:18Z</time>
   </trkpt>
   <trkpt lat="40.7306460" lon="-74.0341600">
    <ele>3.3</ele>
    <time>2026-01-09T16:47:19Z</time>
   </trkpt>
   <trkpt lat="40.7306400" lon="-74.0341640">
    <ele>3.3</ele>
    <time>2026-01-09T16:47:20Z</time>
   </trkpt>
   <trkpt lat="40.7306390" lon="-74.0341650">
    <ele>3.3</ele>
    <time>2026-01-09T16:47:21Z</time>
   </trkpt>
   <trkpt lat="40.7306390" lon="-74.0341650">
    <ele>3.3</ele>
    <time>2026-01-09T16:47:22Z</time>
   </trkpt>
   <trkpt lat="40.7306390" lon="-74.0341650">
    <ele>3.3</ele>
    <time>2026-01-09T16:47:23Z</time>
   </trkpt>
   <trkpt lat="40.7306390" lon="-74.0341650">
    <ele>3.3</ele>
    <time>2026-01-09T16:47:24Z</time>
   </trkpt>
   <trkpt lat="40.7306390" lon="-74.0341650">
    <ele>3.3</ele>
    <time>2026-01-09T16:47:25Z</time>
   </trkpt>
   <trkpt lat="40.7306390" lon="-74.0341650">
    <ele>3.3</ele>
    <time>2026-01-09T16:47:26Z</time>
   </trkpt>
   <trkpt lat="40.7306240" lon="-74.0341860">
    <ele>3.3</ele>
    <time>2026-01-09T16:47:27Z</time>
   </trkpt>
   <trkpt lat="40.7306320" lon="-74.0341880">
    <ele>3.3</ele>
    <time>2026-01-09T16:47:28Z</time>
   </trkpt>
   <trkpt lat="40.7306340" lon="-74.0341900">
    <ele>3.3</ele>
    <time>2026-01-09T16:47:29Z</time>
   </trkpt>
   <trkpt lat="40.7306360" lon="-74.0341920">
    <ele>3.3</ele>
    <time>2026-01-09T16:47:30Z</time>
   </trkpt>
   <trkpt lat="40.7306380" lon="-74.0341940">
    <ele>3.3</ele>
    <time>2026-01-09T16:47:31Z</time>
   </trkpt>
   <trkpt lat="40.7306400" lon="-74.0341960">
    <ele>3.3</ele>
    <time>2026-01-09T16:47:32Z</time>
   </trkpt>
   <trkpt lat="40.7306430" lon="-74.0341980">
    <ele>3.3</ele>
    <time>2026-01-09T16:47:33Z</time>
   </trkpt>
   <trkpt lat="40.7306450" lon="-74.0342010">
    <ele>3.3</ele>
    <time>2026-01-09T16:47:34Z</time>
   </trkpt>
   <trkpt lat="40.7306470" lon="-74.0342030">
    <ele>3.3</ele>
    <time>2026-01-09T16:47:35Z</time>
   </trkpt>
   <trkpt lat="40.7306490" lon="-74.0342050">
    <ele>3.3</ele>
    <time>2026-01-09T16:47:36Z</time>
   </trkpt>
   <trkpt lat="40.7306510" lon="-74.0342070">
    <ele>3.3</ele>
    <time>2026-01-09T16:47:37Z</time>
   </trkpt>
   <trkpt lat="40.7306530" lon="-74.0342090">
    <ele>3.3</ele>
    <time>2026-01-09T16:47:38Z</time>
   </trkpt>
   <trkpt lat="40.7306550" lon="-74.0342110">
    <ele>3.3</ele>
    <time>2026-01-09T16:47:39Z</time>
   </trkpt>
   <trkpt lat="40.7306680" lon="-74.0342120">
    <ele>3.3</ele>
    <time>2026-01-09T16:47:40Z</time>
   </trkpt>
   <trkpt lat="40.7306880" lon="-74.0342040">
    <ele>3.3</ele>
    <time>2026-01-09T16:47:41Z</time>
   </trkpt>
   <trkpt lat="40.7307080" lon="-74.0342070">
    <ele>3.3</ele>
    <time>2026-01-09T16:47:42Z</time>
   </trkpt>
   <trkpt lat="40.7307220" lon="-74.0342040">
    <ele>3.4</ele>
    <time>2026-01-09T16:47:43Z</time>
   </trkpt>
   <trkpt lat="40.7307360" lon="-74.0342000">
    <ele>3.4</ele>
    <time>2026-01-09T16:47:44Z</time>
   </trkpt>
   <trkpt lat="40.7307760" lon="-74.0341830">
    <ele>3.4</ele>
    <time>2026-01-09T16:47:45Z</time>
   </trkpt>
   <trkpt lat="40.7308080" lon="-74.0341800">
    <ele>3.4</ele>
    <time>2026-01-09T16:47:46Z</time>
   </trkpt>
   <trkpt lat="40.7308470" lon="-74.0341870">
    <ele>3.4</ele>
    <time>2026-01-09T16:47:47Z</time>
   </trkpt>
   <trkpt lat="40.7309030" lon="-74.0341600">
    <ele>3.4</ele>
    <time>2026-01-09T16:47:48Z</time>
   </trkpt>
   <trkpt lat="40.7309700" lon="-74.0341430">
    <ele>3.5</ele>
    <time>2026-01-09T16:47:49Z</time>
   </trkpt>
   <trkpt lat="40.7310130" lon="-74.0341240">
    <ele>3.5</ele>
    <time>2026-01-09T16:47:50Z</time>
   </trkpt>
   <trkpt lat="40.7310640" lon="-74.0341200">
    <ele>3.6</ele>
    <time>2026-01-09T16:47:51Z</time>
   </trkpt>
   <trkpt lat="40.7311200" lon="-74.0341320">
    <ele>3.6</ele>
    <time>2026-01-09T16:47:52Z</time>
   </trkpt>
   <trkpt lat="40.7311670" lon="-74.0341410">
    <ele>3.6</ele>
    <time>2026-01-09T16:47:53Z</time>
   </trkpt>
   <trkpt lat="40.7312140" lon="-74.0341360">
    <ele>3.6</ele>
    <time>2026-01-09T16:47:54Z</time>
   </trkpt>
   <trkpt lat="40.7312540" lon="-74.0341110">
    <ele>3.7</ele>
    <time>2026-01-09T16:47:55Z</time>
   </trkpt>
   <trkpt lat="40.7312950" lon="-74.0340850">
    <ele>3.7</ele>
    <time>2026-01-09T16:47:56Z</time>
   </trkpt>
   <trkpt lat="40.7313490" lon="-74.0340760">
    <ele>3.7</ele>
    <time>2026-01-09T16:47:57Z</time>
   </trkpt>
   <trkpt lat="40.7313970" lon="-74.0340730">
    <ele>3.7</ele>
    <time>2026-01-09T16:47:58Z</time>
   </trkpt>
   <trkpt lat="40.7314550" lon="-74.0340550">
    <ele>3.7</ele>
    <time>2026-01-09T16:47:59Z</time>
   </trkpt>
   <trkpt lat="40.7315160" lon="-74.0340540">
    <ele>3.7</ele>
    <time>2026-01-09T16:48:00Z</time>
   </trkpt>
   <trkpt lat="40.7315700" lon="-74.0340450">
    <ele>3.7</ele>
    <time>2026-01-09T16:48:01Z</time>
   </trkpt>
   <trkpt lat="40.7316290" lon="-74.0340270">
    <ele>3.7</ele>
    <time>2026-01-09T16:48:02Z</time>
   </trkpt>
   <trkpt lat="40.7316880" lon="-74.0340130">
    <ele>3.7</ele>
    <time>2026-01-09T16:48:03Z</time>
   </trkpt>
   <trkpt lat="40.7317360" lon="-74.0340010">
    <ele>3.7</ele>
    <time>2026-01-09T16:48:04Z</time>
   </trkpt>
   <trkpt lat="40.7317960" lon="-74.0339900">
    <ele>3.6</ele>
    <time>2026-01-09T16:48:05Z</time>
   </trkpt>
   <trkpt lat="40.7318490" lon="-74.0339770">
    <ele>3.6</ele>
    <time>2026-01-09T16:48:06Z</time>
   </trkpt>
   <trkpt lat="40.7319030" lon="-74.0339650">
    <ele>3.5</ele>
    <time>2026-01-09T16:48:07Z</time>
   </trkpt>
   <trkpt lat="40.7319570" lon="-74.0339530">
    <ele>3.5</ele>
    <time>2026-01-09T16:48:08Z</time>
   </trkpt>
   <trkpt lat="40.7320050" lon="-74.0339470">
    <ele>3.5</ele>
    <time>2026-01-09T16:48:09Z</time>
   </trkpt>
   <trkpt lat="40.7320510" lon="-74.0339380">
    <ele>3.4</ele>
    <time>2026-01-09T16:48:10Z</time>
   </trkpt>
   <trkpt lat="40.7321090" lon="-74.0339300">
    <ele>3.4</ele>
    <time>2026-01-09T16:48:11Z</time>
   </trkpt>
   <trkpt lat="40.7321590" lon="-74.0339200">
    <ele>3.4</ele>
    <time>2026-01-09T16:48:12Z</time>
   </trkpt>
   <trkpt lat="40.7322090" lon="-74.0339110">
    <ele>3.3</ele>
    <time>2026-01-09T16:48:13Z</time>
   </trkpt>
   <trkpt lat="40.7322570" lon="-74.0339000">
    <ele>3.3</ele>
    <time>2026-01-09T16:48:14Z</time>
   </trkpt>
   <trkpt lat="40.7323050" lon="-74.0338830">
    <ele>3.2</ele>
    <time>2026-01-09T16:48:15Z</time>
   </trkpt>
   <trkpt lat="40.7323490" lon="-74.0338420">
    <ele>3.2</ele>
    <time>2026-01-09T16:48:16Z</time>
   </trkpt>
   <trkpt lat="40.7323640" lon="-74.0337770">
    <ele>3.2</ele>
    <time>2026-01-09T16:48:17Z</time>
   </trkpt>
   <trkpt lat="40.7323580" lon="-74.0337020">
    <ele>3.2</ele>
    <time>2026-01-09T16:48:18Z</time>
   </trkpt>
   <trkpt lat="40.7323240" lon="-74.0336420">
    <ele>3.2</ele>
    <time>2026-01-09T16:48:19Z</time>
   </trkpt>
   <trkpt lat="40.7322920" lon="-74.0335800">
    <ele>3.2</ele>
    <time>2026-01-09T16:48:20Z</time>
   </trkpt>
   <trkpt lat="40.7322600" lon="-74.0335190">
    <ele>3.2</ele>
    <time>2026-01-09T16:48:21Z</time>
   </trkpt>
   <trkpt lat="40.7322280" lon="-74.0334590">
    <ele>3.2</ele>
    <time>2026-01-09T16:48:22Z</time>
   </trkpt>
   <trkpt lat="40.7322010" lon="-74.0334010">
    <ele>3.2</ele>
    <time>2026-01-09T16:48:23Z</time>
   </trkpt>
   <trkpt lat="40.7321680" lon="-74.0333440">
    <ele>3.2</ele>
    <time>2026-01-09T16:48:24Z</time>
   </trkpt>
   <trkpt lat="40.7321340" lon="-74.0332940">
    <ele>3.3</ele>
    <time>2026-01-09T16:48:25Z</time>
   </trkpt>
   <trkpt lat="40.7320990" lon="-74.0332450">
    <ele>3.3</ele>
    <time>2026-01-09T16:48:26Z</time>
   </trkpt>
   <trkpt lat="40.7320690" lon="-74.0331910">
    <ele>3.3</ele>
    <time>2026-01-09T16:48:27Z</time>
   </trkpt>
   <trkpt lat="40.7320400" lon="-74.0331310">
    <ele>3.3</ele>
    <time>2026-01-09T16:48:28Z</time>
   </trkpt>
   <trkpt lat="40.7320170" lon="-74.0330670">
    <ele>3.3</ele>
    <time>2026-01-09T16:48:29Z</time>
   </trkpt>
   <trkpt lat="40.7320030" lon="-74.0330060">
    <ele>3.4</ele>
    <time>2026-01-09T16:48:30Z</time>
   </trkpt>
   <trkpt lat="40.7320000" lon="-74.0329380">
    <ele>3.4</ele>
    <time>2026-01-09T16:48:31Z</time>
   </trkpt>
   <trkpt lat="40.7320010" lon="-74.0328720">
    <ele>3.4</ele>
    <time>2026-01-09T16:48:32Z</time>
   </trkpt>
   <trkpt lat="40.7320070" lon="-74.0328030">
    <ele>3.4</ele>
    <time>2026-01-09T16:48:33Z</time>
   </trkpt>
   <trkpt lat="40.7320200" lon="-74.0327390">
    <ele>3.5</ele>
    <time>2026-01-09T16:48:34Z</time>
   </trkpt>
   <trkpt lat="40.7320350" lon="-74.0326800">
    <ele>3.5</ele>
    <time>2026-01-09T16:48:35Z</time>
   </trkpt>
   <trkpt lat="40.7320570" lon="-74.0326230">
    <ele>3.5</ele>
    <time>2026-01-09T16:48:36Z</time>
   </trkpt>
   <trkpt lat="40.7320720" lon="-74.0325750">
    <ele>3.6</ele>
    <time>2026-01-09T16:48:37Z</time>
   </trkpt>
   <trkpt lat="40.7320820" lon="-74.0325200">
    <ele>3.6</ele>
    <time>2026-01-09T16:48:38Z</time>
   </trkpt>
   <trkpt lat="40.7320840" lon="-74.0324720">
    <ele>3.6</ele>
    <time>2026-01-09T16:48:39Z</time>
   </trkpt>
   <trkpt lat="40.7320720" lon="-74.0324180">
    <ele>3.6</ele>
    <time>2026-01-09T16:48:40Z</time>
   </trkpt>
   <trkpt lat="40.7320720" lon="-74.0323950">
    <ele>3.6</ele>
    <time>2026-01-09T16:48:41Z</time>
   </trkpt>
   <trkpt lat="40.7320690" lon="-74.0323580">
    <ele>3.6</ele>
    <time>2026-01-09T16:48:42Z</time>
   </trkpt>
   <trkpt lat="40.7320610" lon="-74.0323170">
    <ele>3.6</ele>
    <time>2026-01-09T16:48:43Z</time>
   </trkpt>
   <trkpt lat="40.7320530" lon="-74.0322820">
    <ele>3.7</ele>
    <time>2026-01-09T16:48:44Z</time>
   </trkpt>
   <trkpt lat="40.7320310" lon="-74.0322420">
    <ele>3.7</ele>
    <time>2026-01-09T16:48:45Z</time>
   </trkpt>
   <trkpt lat="40.7320230" lon="-74.0322270">
    <ele>3.7</ele>
    <time>2026-01-09T16:48:46Z</time>
   </trkpt>
   <trkpt lat="40.7320130" lon="-74.0322270">
    <ele>3.7</ele>
    <time>2026-01-09T16:48:47Z</time>
   </trkpt>
   <trkpt lat="40.7320150" lon="-74.0322410">
    <ele>3.7</ele>
    <time>2026-01-09T16:48:48Z</time>
   </trkpt>
   <trkpt lat="40.7320140" lon="-74.0322410">
    <ele>3.7</ele>
    <time>2026-01-09T16:48:49Z</time>
   </trkpt>
   <trkpt lat="40.7320100" lon="-74.0322440">
    <ele>3.7</ele>
    <time>2026-01-09T16:48:50Z</time>
   </trkpt>
   <trkpt lat="40.7320090" lon="-74.0322460">
    <ele>3.7</ele>
    <time>2026-01-09T16:48:51Z</time>
   </trkpt>
   <trkpt lat="40.7320040" lon="-74.0322490">
    <ele>3.7</ele>
    <time>2026-01-09T16:48:52Z</time>
   </trkpt>
   <trkpt lat="40.7319980" lon="-74.0322500">
    <ele>3.7</ele>
    <time>2026-01-09T16:48:53Z</time>
   </trkpt>
   <trkpt lat="40.7319930" lon="-74.0322470">
    <ele>3.7</ele>
    <time>2026-01-09T16:48:54Z</time>
   </trkpt>
   <trkpt lat="40.7319920" lon="-74.0322440">
    <ele>3.7</ele>
    <time>2026-01-09T16:48:55Z</time>
   </trkpt>
   <trkpt lat="40.7319890" lon="-74.0322520">
    <ele>3.7</ele>
    <time>2026-01-09T16:48:56Z</time>
   </trkpt>
   <trkpt lat="40.7319940" lon="-74.0322540">
    <ele>3.7</ele>
    <time>2026-01-09T16:48:57Z</time>
   </trkpt>
   <trkpt lat="40.7319900" lon="-74.0322560">
    <ele>3.7</ele>
    <time>2026-01-09T16:48:58Z</time>
   </trkpt>
   <trkpt lat="40.7319880" lon="-74.0322590">
    <ele>3.7</ele>
    <time>2026-01-09T16:48:59Z</time>
   </trkpt>
   <trkpt lat="40.7319880" lon="-74.0322650">
    <ele>3.7</ele>
    <time>2026-01-09T16:49:00Z</time>
   </trkpt>
   <trkpt lat="40.7319880" lon="-74.0322590">
    <ele>3.7</ele>
    <time>2026-01-09T16:49:01Z</time>
   </trkpt>
   <trkpt lat="40.7319900" lon="-74.0322600">
    <ele>3.7</ele>
    <time>2026-01-09T16:49:02Z</time>
   </trkpt>
   <trkpt lat="40.7319900" lon="-74.0322600">
    <ele>3.7</ele>
    <time>2026-01-09T16:49:03Z</time>
   </trkpt>
   <trkpt lat="40.7319900" lon="-74.0322600">
    <ele>3.7</ele>
    <time>2026-01-09T16:49:04Z</time>
   </trkpt>
   <trkpt lat="40.7319900" lon="-74.0322600">
    <ele>3.7</ele>
    <time>2026-01-09T16:49:05Z</time>
   </trkpt>
   <trkpt lat="40.7319900" lon="-74.0322600">
    <ele>3.7</ele>
    <time>2026-01-09T16:49:06Z</time>
   </trkpt>
   <trkpt lat="40.7319840" lon="-74.0322800">
    <ele>3.7</ele>
    <time>2026-01-09T16:49:07Z</time>
   </trkpt>
   <trkpt lat="40.7319800" lon="-74.0322890">
    <ele>3.7</ele>
    <time>2026-01-09T16:49:08Z</time>
   </trkpt>
   <trkpt lat="40.7319750" lon="-74.0322910">
    <ele>3.7</ele>
    <time>2026-01-09T16:49:09Z</time>
   </trkpt>
   <trkpt lat="40.7319770" lon="-74.0322940">
    <ele>3.7</ele>
    <time>2026-01-09T16:49:10Z</time>
   </trkpt>
   <trkpt lat="40.7319780" lon="-74.0322950">
    <ele>3.7</ele>
    <time>2026-01-09T16:49:11Z</time>
   </trkpt>
   <trkpt lat="40.7319760" lon="-74.0322940">
    <ele>3.7</ele>
    <time>2026-01-09T16:49:12Z</time>
   </trkpt>
   <trkpt lat="40.7319770" lon="-74.0322940">
    <ele>3.7</ele>
    <time>2026-01-09T16:49:13Z</time>
   </trkpt>
   <trkpt lat="40.7319770" lon="-74.0322940">
    <ele>3.7</ele>
    <time>2026-01-09T16:49:14Z</time>
   </trkpt>
   <trkpt lat="40.7319770" lon="-74.0322940">
    <ele>3.7</ele>
    <time>2026-01-09T16:49:15Z</time>
   </trkpt>
   <trkpt lat="40.7319770" lon="-74.0322940">
    <ele>3.7</ele>
    <time>2026-01-09T16:49:16Z</time>
   </trkpt>
   <trkpt lat="40.7319640" lon="-74.0323210">
    <ele>3.7</ele>
    <time>2026-01-09T16:49:17Z</time>
   </trkpt>
   <trkpt lat="40.7319640" lon="-74.0323270">
    <ele>3.7</ele>
    <time>2026-01-09T16:49:18Z</time>
   </trkpt>
   <trkpt lat="40.7319620" lon="-74.0323290">
    <ele>3.7</ele>
    <time>2026-01-09T16:49:19Z</time>
   </trkpt>
   <trkpt lat="40.7319620" lon="-74.0323290">
    <ele>3.7</ele>
    <time>2026-01-09T16:49:20Z</time>
   </trkpt>
   <trkpt lat="40.7319620" lon="-74.0323240">
    <ele>3.7</ele>
    <time>2026-01-09T16:49:21Z</time>
   </trkpt>
   <trkpt lat="40.7319630" lon="-74.0323240">
    <ele>3.7</ele>
    <time>2026-01-09T16:49:22Z</time>
   </trkpt>
   <trkpt lat="40.7319640" lon="-74.0323240">
    <ele>3.7</ele>
    <time>2026-01-09T16:49:23Z</time>
   </trkpt>
   <trkpt lat="40.7319640" lon="-74.0323240">
    <ele>3.7</ele>
    <time>2026-01-09T16:49:24Z</time>
   </trkpt>
   <trkpt lat="40.7319640" lon="-74.0323240">
    <ele>3.7</ele>
    <time>2026-01-09T16:49:25Z</time>
   </trkpt>
   <trkpt lat="40.7319640" lon="-74.0323240">
    <ele>3.7</ele>
    <time>2026-01-09T16:49:26Z</time>
   </trkpt>
   <trkpt lat="40.7319640" lon="-74.0323240">
    <ele>3.7</ele>
    <time>2026-01-09T16:49:27Z</time>
   </trkpt>
   <trkpt lat="40.7319570" lon="-74.0323270">
    <ele>3.7</ele>
    <time>2026-01-09T16:49:28Z</time>
   </trkpt>
   <trkpt lat="40.7319550" lon="-74.0323200">
    <ele>3.7</ele>
    <time>2026-01-09T16:49:29Z</time>
   </trkpt>
   <trkpt lat="40.7319640" lon="-74.0323020">
    <ele>3.7</ele>
    <time>2026-01-09T16:49:30Z</time>
   </trkpt>
   <trkpt lat="40.7319600" lon="-74.0322780">
    <ele>3.7</ele>
    <time>2026-01-09T16:49:31Z</time>
   </trkpt>
   <trkpt lat="40.7319630" lon="-74.0322580">
    <ele>3.7</ele>
    <time>2026-01-09T16:49:32Z</time>
   </trkpt>
   <trkpt lat="40.7319690" lon="-74.0322460">
    <ele>3.7</ele>
    <time>2026-01-09T16:49:33Z</time>
   </trkpt>
   <trkpt lat="40.7319670" lon="-74.0322350">
    <ele>3.7</ele>
    <time>2026-01-09T16:49:34Z</time>
   </trkpt>
   <trkpt lat="40.7319580" lon="-74.0322210">
    <ele>3.7</ele>
    <time>2026-01-09T16:49:35Z</time>
   </trkpt>
   <trkpt lat="40.7319500" lon="-74.0322130">
    <ele>3.7</ele>
    <time>2026-01-09T16:49:36Z</time>
   </trkpt>
   <trkpt lat="40.7319480" lon="-74.0321990">
    <ele>3.7</ele>
    <time>2026-01-09T16:49:37Z</time>
   </trkpt>
   <trkpt lat="40.7319440" lon="-74.0321840">
    <ele>3.7</ele>
    <time>2026-01-09T16:49:38Z</time>
   </trkpt>
   <trkpt lat="40.7319420" lon="-74.0321870">
    <ele>3.7</ele>
    <time>2026-01-09T16:49:39Z</time>
   </trkpt>
   <trkpt lat="40.7319410" lon="-74.0321840">
    <ele>3.7</ele>
    <time>2026-01-09T16:49:40Z</time>
   </trkpt>
   <trkpt lat="40.7319400" lon="-74.0321720">
    <ele>3.7</ele>
    <time>2026-01-09T16:49:41Z</time>
   </trkpt>
   <trkpt lat="40.7319410" lon="-74.0321750">
    <ele>3.7</ele>
    <time>2026-01-09T16:49:42Z</time>
   </trkpt>
   <trkpt lat="40.7319370" lon="-74.0321790">
    <ele>3.7</ele>
    <time>2026-01-09T16:49:43Z</time>
   </trkpt>
   <trkpt lat="40.7319360" lon="-74.0321730">
    <ele>3.7</ele>
    <time>2026-01-09T16:49:44Z</time>
   </trkpt>
   <trkpt lat="40.7319210" lon="-74.0321740">
    <ele>3.7</ele>
    <time>2026-01-09T16:49:45Z</time>
   </trkpt>
   <trkpt lat="40.7319230" lon="-74.0321790">
    <ele>3.7</ele>
    <time>2026-01-09T16:49:46Z</time>
   </trkpt>
   <trkpt lat="40.7319250" lon="-74.0321760">
    <ele>3.7</ele>
    <time>2026-01-09T16:49:47Z</time>
   </trkpt>
   <trkpt lat="40.7319270" lon="-74.0321670">
    <ele>3.7</ele>
    <time>2026-01-09T16:49:48Z</time>
   </trkpt>
   <trkpt lat="40.7319260" lon="-74.0321580">
    <ele>3.7</ele>
    <time>2026-01-09T16:49:49Z</time>
   </trkpt>
   <trkpt lat="40.7319200" lon="-74.0321520">
    <ele>3.7</ele>
    <time>2026-01-09T16:49:50Z</time>
   </trkpt>
   <trkpt lat="40.7320550" lon="-74.0321160">
    <ele>3.7</ele>
    <time>2026-01-09T16:49:51Z</time>
   </trkpt>
   <trkpt lat="40.7320540" lon="-74.0321150">
    <ele>3.7</ele>
    <time>2026-01-09T16:49:52Z</time>
   </trkpt>
   <trkpt lat="40.7320520" lon="-74.0321130">
    <ele>3.7</ele>
    <time>2026-01-09T16:49:53Z</time>
   </trkpt>
   <trkpt lat="40.7320500" lon="-74.0321120">
    <ele>3.7</ele>
    <time>2026-01-09T16:49:54Z</time>
   </trkpt>
   <trkpt lat="40.7320530" lon="-74.0321070">
    <ele>3.7</ele>
    <time>2026-01-09T16:49:55Z</time>
   </trkpt>
   <trkpt lat="40.7320530" lon="-74.0321070">
    <ele>3.7</ele>
    <time>2026-01-09T16:49:56Z</time>
   </trkpt>
   <trkpt lat="40.7320530" lon="-74.0321070">
    <ele>3.7</ele>
    <time>2026-01-09T16:49:57Z</time>
   </trkpt>
   <trkpt lat="40.7320030" lon="-74.0320740">
    <ele>3.7</ele>
    <time>2026-01-09T16:49:58Z</time>
   </trkpt>
   <trkpt lat="40.7319760" lon="-74.0320660">
    <ele>3.7</ele>
    <time>2026-01-09T16:50:00Z</time>
   </trkpt>
   <trkpt lat="40.7318640" lon="-74.0321970">
    <ele>3.7</ele>
    <time>2026-01-09T16:50:13Z</time>
   </trkpt>
   <trkpt lat="40.7318640" lon="-74.0321970">
    <ele>3.7</ele>
    <time>2026-01-09T16:50:21Z</time>
   </trkpt>
   <trkpt lat="40.7318720" lon="-74.0321790">
    <ele>3.7</ele>
    <time>2026-01-09T16:50:22Z</time>
   </trkpt>
   <trkpt lat="40.7318720" lon="-74.0321790">
    <ele>3.7</ele>
    <time>2026-01-09T16:50:26Z</time>
   </trkpt>
   <trkpt lat="40.7319050" lon="-74.0321390">
    <ele>3.7</ele>
    <time>2026-01-09T16:50:28Z</time>
   </trkpt>
   <trkpt lat="40.7319060" lon="-74.0321390">
    <ele>3.7</ele>
    <time>2026-01-09T16:50:30Z</time>
   </trkpt>
   <trkpt lat="40.7319060" lon="-74.0321390">
    <ele>3.7</ele>
    <time>2026-01-09T16:50:31Z</time>
   </trkpt>
   <trkpt lat="40.7319150" lon="-74.0321810">
    <ele>3.7</ele>
    <time>2026-01-09T16:50:34Z</time>
   </trkpt>
   <trkpt lat="40.7319150" lon="-74.0321560">
    <ele>3.7</ele>
    <time>2026-01-09T16:50:39Z</time>
   </trkpt>
   <trkpt lat="40.7319390" lon="-74.0321540">
    <ele>3.7</ele>
    <time>2026-01-09T16:50:46Z</time>
   </trkpt>
   <trkpt lat="40.7319420" lon="-74.0321580">
    <ele>3.7</ele>
    <time>2026-01-09T16:50:52Z</time>
   </trkpt>
   <trkpt lat="40.7319300" lon="-74.0321430">
    <ele>3.7</ele>
    <time>2026-01-09T16:50:59Z</time>
   </trkpt>
   <trkpt lat="40.7319430" lon="-74.0321560">
    <ele>3.7</ele>
    <time>2026-01-09T16:51:05Z</time>
   </trkpt>
   <trkpt lat="40.7319530" lon="-74.0321460">
    <ele>3.7</ele>
    <time>2026-01-09T16:51:12Z</time>
   </trkpt>
   <trkpt lat="40.7319030" lon="-74.0321550">
    <ele>3.7</ele>
    <time>2026-01-09T16:51:18Z</time>
   </trkpt>
   <trkpt lat="40.7319330" lon="-74.0321620">
    <ele>3.7</ele>
    <time>2026-01-09T16:51:24Z</time>
   </trkpt>
   <trkpt lat="40.7319620" lon="-74.0321400">
    <ele>3.7</ele>
    <time>2026-01-09T16:51:30Z</time>
   </trkpt>
   <trkpt lat="40.7319410" lon="-74.0321570">
    <ele>3.7</ele>
    <time>2026-01-09T16:51:31Z</time>
   </trkpt>
   <trkpt lat="40.7319390" lon="-74.0321540">
    <ele>3.7</ele>
    <time>2026-01-09T16:51:37Z</time>
   </trkpt>
   <trkpt lat="40.7319340" lon="-74.0321570">
    <ele>3.7</ele>
    <time>2026-01-09T16:51:44Z</time>
   </trkpt>
   <trkpt lat="40.7319920" lon="-74.0321420">
    <ele>3.7</ele>
    <time>2026-01-09T16:51:50Z</time>
   </trkpt>
   <trkpt lat="40.7318790" lon="-74.0321490">
    <ele>3.7</ele>
    <time>2026-01-09T16:51:56Z</time>
   </trkpt>
   <trkpt lat="40.7319420" lon="-74.0321510">
    <ele>3.7</ele>
    <time>2026-01-09T16:51:57Z</time>
   </trkpt>
   <trkpt lat="40.7319420" lon="-74.0321520">
    <ele>3.7</ele>
    <time>2026-01-09T16:51:58Z</time>
   </trkpt>
   <trkpt lat="40.7320060" lon="-74.0321370">
    <ele>3.7</ele>
    <time>2026-01-09T16:52:04Z</time>
   </trkpt>
   <trkpt lat="40.7319700" lon="-74.0321420">
    <ele>3.7</ele>
    <time>2026-01-09T16:52:10Z</time>
   </trkpt>
   <trkpt lat="40.7319210" lon="-74.0321530">
    <ele>3.7</ele>
    <time>2026-01-09T16:52:17Z</time>
   </trkpt>
   <trkpt lat="40.7319560" lon="-74.0321470">
    <ele>3.7</ele>
    <time>2026-01-09T16:52:23Z</time>
   </trkpt>
   <trkpt lat="40.7319330" lon="-74.0321550">
    <ele>3.7</ele>
    <time>2026-01-09T16:52:29Z</time>
   </trkpt>
   <trkpt lat="40.7319390" lon="-74.0321560">
    <ele>3.7</ele>
    <time>2026-01-09T16:52:36Z</time>
   </trkpt>
   <trkpt lat="40.7319280" lon="-74.0321750">
    <ele>3.7</ele>
    <time>2026-01-09T16:52:42Z</time>
   </trkpt>
   <trkpt lat="40.7318900" lon="-74.0321980">
    <ele>3.7</ele>
    <time>2026-01-09T16:52:53Z</time>
   </trkpt>
   <trkpt lat="40.7318920" lon="-74.0321990">
    <ele>3.7</ele>
    <time>2026-01-09T16:52:57Z</time>
   </trkpt>
   <trkpt lat="40.7318930" lon="-74.0321930">
    <ele>3.7</ele>
    <time>2026-01-09T16:53:00Z</time>
   </trkpt>
   <trkpt lat="40.7319030" lon="-74.0321540">
    <ele>3.7</ele>
    <time>2026-01-09T16:53:06Z</time>
   </trkpt>
   <trkpt lat="40.7319030" lon="-74.0321550">
    <ele>3.7</ele>
    <time>2026-01-09T16:53:11Z</time>
   </trkpt>
   <trkpt lat="40.7319020" lon="-74.0321470">
    <ele>3.7</ele>
    <time>2026-01-09T16:53:16Z</time>
   </trkpt>
   <trkpt lat="40.7318920" lon="-74.0321510">
    <ele>3.7</ele>
    <time>2026-01-09T16:53:23Z</time>
   </trkpt>
   <trkpt lat="40.7318060" lon="-74.0321270">
    <ele>3.7</ele>
    <time>2026-01-09T16:53:28Z</time>
   </trkpt>
   <trkpt lat="40.7318500" lon="-74.0321580">
    <ele>3.7</ele>
    <time>2026-01-09T16:53:29Z</time>
   </trkpt>
   <trkpt lat="40.7318810" lon="-74.0321640">
    <ele>3.7</ele>
    <time>2026-01-09T16:53:30Z</time>
   </trkpt>
   <trkpt lat="40.7318790" lon="-74.0321430">
    <ele>3.7</ele>
    <time>2026-01-09T16:53:31Z</time>
   </trkpt>
   <trkpt lat="40.7318770" lon="-74.0321490">
    <ele>3.7</ele>
    <time>2026-01-09T16:53:32Z</time>
   </trkpt>
   <trkpt lat="40.7318840" lon="-74.0321460">
    <ele>3.7</ele>
    <time>2026-01-09T16:53:33Z</time>
   </trkpt>
   <trkpt lat="40.7318950" lon="-74.0321780">
    <ele>3.7</ele>
    <time>2026-01-09T16:53:34Z</time>
   </trkpt>
   <trkpt lat="40.7318750" lon="-74.0321950">
    <ele>3.7</ele>
    <time>2026-01-09T16:53:35Z</time>
   </trkpt>
   <trkpt lat="40.7318720" lon="-74.0321990">
    <ele>3.7</ele>
    <time>2026-01-09T16:53:36Z</time>
   </trkpt>
   <trkpt lat="40.7318820" lon="-74.0322170">
    <ele>3.7</ele>
    <time>2026-01-09T16:53:37Z</time>
   </trkpt>
   <trkpt lat="40.7318920" lon="-74.0322250">
    <ele>3.7</ele>
    <time>2026-01-09T16:53:39Z</time>
   </trkpt>
   <trkpt lat="40.7319010" lon="-74.0322320">
    <ele>3.7</ele>
    <time>2026-01-09T16:53:40Z</time>
   </trkpt>
   <trkpt lat="40.7318760" lon="-74.0322620">
    <ele>3.7</ele>
    <time>2026-01-09T16:53:41Z</time>
   </trkpt>
   <trkpt lat="40.7318480" lon="-74.0322740">
    <ele>3.7</ele>
    <time>2026-01-09T16:53:42Z</time>
   </trkpt>
   <trkpt lat="40.7318680" lon="-74.0322790">
    <ele>3.7</ele>
    <time>2026-01-09T16:53:43Z</time>
   </trkpt>
   <trkpt lat="40.7318790" lon="-74.0322800">
    <ele>3.7</ele>
    <time>2026-01-09T16:53:44Z</time>
   </trkpt>
   <trkpt lat="40.7318900" lon="-74.0322810">
    <ele>3.7</ele>
    <time>2026-01-09T16:53:45Z</time>
   </trkpt>
   <trkpt lat="40.7319010" lon="-74.0322570">
    <ele>3.7</ele>
    <time>2026-01-09T16:53:46Z</time>
   </trkpt>
   <trkpt lat="40.7319010" lon="-74.0322500">
    <ele>3.7</ele>
    <time>2026-01-09T16:53:47Z</time>
   </trkpt>
   <trkpt lat="40.7319010" lon="-74.0322420">
    <ele>3.7</ele>
    <time>2026-01-09T16:53:48Z</time>
   </trkpt>
   <trkpt lat="40.7319010" lon="-74.0322340">
    <ele>3.7</ele>
    <time>2026-01-09T16:53:49Z</time>
   </trkpt>
   <trkpt lat="40.7319010" lon="-74.0322270">
    <ele>3.7</ele>
    <time>2026-01-09T16:53:50Z</time>
   </trkpt>
   <trkpt lat="40.7319010" lon="-74.0322190">
    <ele>3.7</ele>
    <time>2026-01-09T16:53:51Z</time>
   </trkpt>
   <trkpt lat="40.7319010" lon="-74.0322140">
    <ele>3.7</ele>
    <time>2026-01-09T16:53:52Z</time>
   </trkpt>
   <trkpt lat="40.7319170" lon="-74.0322060">
    <ele>3.7</ele>
    <time>2026-01-09T16:53:53Z</time>
   </trkpt>
   <trkpt lat="40.7319160" lon="-74.0322020">
    <ele>3.7</ele>
    <time>2026-01-09T16:53:54Z</time>
   </trkpt>
   <trkpt lat="40.7319090" lon="-74.0322020">
    <ele>3.7</ele>
    <time>2026-01-09T16:53:55Z</time>
   </trkpt>
   <trkpt lat="40.7318690" lon="-74.0322030">
    <ele>3.6</ele>
    <time>2026-01-09T16:53:56Z</time>
   </trkpt>
   <trkpt lat="40.7318460" lon="-74.0322090">
    <ele>3.6</ele>
    <time>2026-01-09T16:53:57Z</time>
   </trkpt>
   <trkpt lat="40.7318410" lon="-74.0322020">
    <ele>3.6</ele>
    <time>2026-01-09T16:53:58Z</time>
   </trkpt>
   <trkpt lat="40.7318470" lon="-74.0321950">
    <ele>3.6</ele>
    <time>2026-01-09T16:53:59Z</time>
   </trkpt>
   <trkpt lat="40.7318510" lon="-74.0321940">
    <ele>3.6</ele>
    <time>2026-01-09T16:54:00Z</time>
   </trkpt>
   <trkpt lat="40.7318540" lon="-74.0321920">
    <ele>3.6</ele>
    <time>2026-01-09T16:54:01Z</time>
   </trkpt>
   <trkpt lat="40.7318580" lon="-74.0321910">
    <ele>3.6</ele>
    <time>2026-01-09T16:54:02Z</time>
   </trkpt>
   <trkpt lat="40.7318620" lon="-74.0321900">
    <ele>3.6</ele>
    <time>2026-01-09T16:54:03Z</time>
   </trkpt>
   <trkpt lat="40.7318660" lon="-74.0321890">
    <ele>3.6</ele>
    <time>2026-01-09T16:54:04Z</time>
   </trkpt>
   <trkpt lat="40.7318700" lon="-74.0321880">
    <ele>3.6</ele>
    <time>2026-01-09T16:54:05Z</time>
   </trkpt>
   <trkpt lat="40.7318740" lon="-74.0321870">
    <ele>3.6</ele>
    <time>2026-01-09T16:54:06Z</time>
   </trkpt>
   <trkpt lat="40.7318770" lon="-74.0321850">
    <ele>3.6</ele>
    <time>2026-01-09T16:54:07Z</time>
   </trkpt>
   <trkpt lat="40.7318810" lon="-74.0321840">
    <ele>3.6</ele>
    <time>2026-01-09T16:54:08Z</time>
   </trkpt>
   <trkpt lat="40.7318850" lon="-74.0321830">
    <ele>3.6</ele>
    <time>2026-01-09T16:54:09Z</time>
   </trkpt>
   <trkpt lat="40.7318850" lon="-74.0321830">
    <ele>3.6</ele>
    <time>2026-01-09T16:54:10Z</time>
   </trkpt>
   <trkpt lat="40.7318850" lon="-74.0321830">
    <ele>3.6</ele>
    <time>2026-01-09T16:54:11Z</time>
   </trkpt>
   <trkpt lat="40.7318950" lon="-74.0321870">
    <ele>3.6</ele>
    <time>2026-01-09T16:54:12Z</time>
   </trkpt>
   <trkpt lat="40.7319000" lon="-74.0321950">
    <ele>3.6</ele>
    <time>2026-01-09T16:54:13Z</time>
   </trkpt>
   <trkpt lat="40.7319130" lon="-74.0322020">
    <ele>3.6</ele>
    <time>2026-01-09T16:54:14Z</time>
   </trkpt>
   <trkpt lat="40.7319430" lon="-74.0322030">
    <ele>3.6</ele>
    <time>2026-01-09T16:54:15Z</time>
   </trkpt>
   <trkpt lat="40.7319650" lon="-74.0322080">
    <ele>3.6</ele>
    <time>2026-01-09T16:54:16Z</time>
   </trkpt>
   <trkpt lat="40.7319790" lon="-74.0322090">
    <ele>3.6</ele>
    <time>2026-01-09T16:54:17Z</time>
   </trkpt>
   <trkpt lat="40.7319970" lon="-74.0322170">
    <ele>3.6</ele>
    <time>2026-01-09T16:54:18Z</time>
   </trkpt>
   <trkpt lat="40.7320030" lon="-74.0322120">
    <ele>3.6</ele>
    <time>2026-01-09T16:54:19Z</time>
   </trkpt>
   <trkpt lat="40.7319700" lon="-74.0322420">
    <ele>3.6</ele>
    <time>2026-01-09T16:54:20Z</time>
   </trkpt>
   <trkpt lat="40.7319890" lon="-74.0322280">
    <ele>3.6</ele>
    <time>2026-01-09T16:54:21Z</time>
   </trkpt>
   <trkpt lat="40.7319910" lon="-74.0322290">
    <ele>3.6</ele>
    <time>2026-01-09T16:54:22Z</time>
   </trkpt>
   <trkpt lat="40.7320030" lon="-74.0322280">
    <ele>3.6</ele>
    <time>2026-01-09T16:54:23Z</time>
   </trkpt>
   <trkpt lat="40.7320110" lon="-74.0322280">
    <ele>3.6</ele>
    <time>2026-01-09T16:54:24Z</time>
   </trkpt>
   <trkpt lat="40.7320180" lon="-74.0322280">
    <ele>3.6</ele>
    <time>2026-01-09T16:54:25Z</time>
   </trkpt>
   <trkpt lat="40.7320200" lon="-74.0322330">
    <ele>3.6</ele>
    <time>2026-01-09T16:54:26Z</time>
   </trkpt>
   <trkpt lat="40.7320150" lon="-74.0322290">
    <ele>3.6</ele>
    <time>2026-01-09T16:54:27Z</time>
   </trkpt>
   <trkpt lat="40.7320270" lon="-74.0322370">
    <ele>3.6</ele>
    <time>2026-01-09T16:54:28Z</time>
   </trkpt>
   <trkpt lat="40.7320250" lon="-74.0322490">
    <ele>3.6</ele>
    <time>2026-01-09T16:54:29Z</time>
   </trkpt>
   <trkpt lat="40.7320300" lon="-74.0322950">
    <ele>3.6</ele>
    <time>2026-01-09T16:54:30Z</time>
   </trkpt>
   <trkpt lat="40.7320330" lon="-74.0323110">
    <ele>3.6</ele>
    <time>2026-01-09T16:54:31Z</time>
   </trkpt>
   <trkpt lat="40.7320480" lon="-74.0323430">
    <ele>3.6</ele>
    <time>2026-01-09T16:54:32Z</time>
   </trkpt>
   <trkpt lat="40.7320640" lon="-74.0323830">
    <ele>3.6</ele>
    <time>2026-01-09T16:54:33Z</time>
   </trkpt>
   <trkpt lat="40.7320750" lon="-74.0324250">
    <ele>3.6</ele>
    <time>2026-01-09T16:54:34Z</time>
   </trkpt>
   <trkpt lat="40.7320760" lon="-74.0324830">
    <ele>3.5</ele>
    <time>2026-01-09T16:54:35Z</time>
   </trkpt>
   <trkpt lat="40.7320750" lon="-74.0325550">
    <ele>3.5</ele>
    <time>2026-01-09T16:54:36Z</time>
   </trkpt>
   <trkpt lat="40.7320810" lon="-74.0326090">
    <ele>3.5</ele>
    <time>2026-01-09T16:54:37Z</time>
   </trkpt>
   <trkpt lat="40.7320670" lon="-74.0326710">
    <ele>3.5</ele>
    <time>2026-01-09T16:54:38Z</time>
   </trkpt>
   <trkpt lat="40.7320520" lon="-74.0327450">
    <ele>3.5</ele>
    <time>2026-01-09T16:54:39Z</time>
   </trkpt>
   <trkpt lat="40.7320530" lon="-74.0328200">
    <ele>3.4</ele>
    <time>2026-01-09T16:54:40Z</time>
   </trkpt>
   <trkpt lat="40.7320630" lon="-74.0328990">
    <ele>3.4</ele>
    <time>2026-01-09T16:54:41Z</time>
   </trkpt>
   <trkpt lat="40.7320810" lon="-74.0329750">
    <ele>3.4</ele>
    <time>2026-01-09T16:54:42Z</time>
   </trkpt>
   <trkpt lat="40.7321100" lon="-74.0330520">
    <ele>3.3</ele>
    <time>2026-01-09T16:54:43Z</time>
   </trkpt>
   <trkpt lat="40.7321450" lon="-74.0331160">
    <ele>3.3</ele>
    <time>2026-01-09T16:54:44Z</time>
   </trkpt>
   <trkpt lat="40.7321820" lon="-74.0331730">
    <ele>3.3</ele>
    <time>2026-01-09T16:54:45Z</time>
   </trkpt>
   <trkpt lat="40.7322210" lon="-74.0332340">
    <ele>3.3</ele>
    <time>2026-01-09T16:54:46Z</time>
   </trkpt>
   <trkpt lat="40.7322580" lon="-74.0332870">
    <ele>3.2</ele>
    <time>2026-01-09T16:54:47Z</time>
   </trkpt>
   <trkpt lat="40.7322970" lon="-74.0333390">
    <ele>3.2</ele>
    <time>2026-01-09T16:54:48Z</time>
   </trkpt>
   <trkpt lat="40.7323320" lon="-74.0333990">
    <ele>3.2</ele>
    <time>2026-01-09T16:54:49Z</time>
   </trkpt>
   <trkpt lat="40.7323580" lon="-74.0334580">
    <ele>3.2</ele>
    <time>2026-01-09T16:54:50Z</time>
   </trkpt>
   <trkpt lat="40.7323780" lon="-74.0335260">
    <ele>3.2</ele>
    <time>2026-01-09T16:54:51Z</time>
   </trkpt>
   <trkpt lat="40.7323840" lon="-74.0335940">
    <ele>3.2</ele>
    <time>2026-01-09T16:54:52Z</time>
   </trkpt>
   <trkpt lat="40.7323840" lon="-74.0336650">
    <ele>3.2</ele>
    <time>2026-01-09T16:54:53Z</time>
   </trkpt>
   <trkpt lat="40.7323690" lon="-74.0337340">
    <ele>3.2</ele>
    <time>2026-01-09T16:54:54Z</time>
   </trkpt>
   <trkpt lat="40.7323420" lon="-74.0337900">
    <ele>3.2</ele>
    <time>2026-01-09T16:54:55Z</time>
   </trkpt>
   <trkpt lat="40.7323140" lon="-74.0338320">
    <ele>3.2</ele>
    <time>2026-01-09T16:54:56Z</time>
   </trkpt>
   <trkpt lat="40.7322950" lon="-74.0338640">
    <ele>3.2</ele>
    <time>2026-01-09T16:54:57Z</time>
   </trkpt>
   <trkpt lat="40.7322730" lon="-74.0339060">
    <ele>3.3</ele>
    <time>2026-01-09T16:54:58Z</time>
   </trkpt>
   <trkpt lat="40.7322660" lon="-74.0339220">
    <ele>3.3</ele>
    <time>2026-01-09T16:54:59Z</time>
   </trkpt>
   <trkpt lat="40.7322580" lon="-74.0339660">
    <ele>3.3</ele>
    <time>2026-01-09T16:55:00Z</time>
   </trkpt>
   <trkpt lat="40.7322630" lon="-74.0340070">
    <ele>3.2</ele>
    <time>2026-01-09T16:55:01Z</time>
   </trkpt>
   <trkpt lat="40.7322780" lon="-74.0340460">
    <ele>3.2</ele>
    <time>2026-01-09T16:55:02Z</time>
   </trkpt>
   <trkpt lat="40.7322890" lon="-74.0340800">
    <ele>3.2</ele>
    <time>2026-01-09T16:55:03Z</time>
   </trkpt>
   <trkpt lat="40.7322930" lon="-74.0341190">
    <ele>3.1</ele>
    <time>2026-01-09T16:55:04Z</time>
   </trkpt>
   <trkpt lat="40.7322880" lon="-74.0341660">
    <ele>3.1</ele>
    <time>2026-01-09T16:55:05Z</time>
   </trkpt>
   <trkpt lat="40.7322660" lon="-74.0342130">
    <ele>3.2</ele>
    <time>2026-01-09T16:55:06Z</time>
   </trkpt>
   <trkpt lat="40.7322280" lon="-74.0342500">
    <ele>3.2</ele>
    <time>2026-01-09T16:55:07Z</time>
   </trkpt>
   <trkpt lat="40.7321790" lon="-74.0342670">
    <ele>3.2</ele>
    <time>2026-01-09T16:55:08Z</time>
   </trkpt>
   <trkpt lat="40.7321360" lon="-74.0342820">
    <ele>3.2</ele>
    <time>2026-01-09T16:55:09Z</time>
   </trkpt>
   <trkpt lat="40.7320860" lon="-74.0342980">
    <ele>3.3</ele>
    <time>2026-01-09T16:55:10Z</time>
   </trkpt>
   <trkpt lat="40.7320380" lon="-74.0343050">
    <ele>3.3</ele>
    <time>2026-01-09T16:55:11Z</time>
   </trkpt>
   <trkpt lat="40.7319910" lon="-74.0343150">
    <ele>3.3</ele>
    <time>2026-01-09T16:55:12Z</time>
   </trkpt>
   <trkpt lat="40.7319400" lon="-74.0343190">
    <ele>3.3</ele>
    <time>2026-01-09T16:55:13Z</time>
   </trkpt>
   <trkpt lat="40.7318850" lon="-74.0343270">
    <ele>3.3</ele>
    <time>2026-01-09T16:55:14Z</time>
   </trkpt>
   <trkpt lat="40.7318270" lon="-74.0343430">
    <ele>3.4</ele>
    <time>2026-01-09T16:55:15Z</time>
   </trkpt>
   <trkpt lat="40.7317680" lon="-74.0343600">
    <ele>3.4</ele>
    <time>2026-01-09T16:55:16Z</time>
   </trkpt>
   <trkpt lat="40.7317070" lon="-74.0343660">
    <ele>3.4</ele>
    <time>2026-01-09T16:55:17Z</time>
   </trkpt>
   <trkpt lat="40.7316530" lon="-74.0343770">
    <ele>3.5</ele>
    <time>2026-01-09T16:55:18Z</time>
   </trkpt>
   <trkpt lat="40.7315970" lon="-74.0343870">
    <ele>3.5</ele>
    <time>2026-01-09T16:55:19Z</time>
   </trkpt>
   <trkpt lat="40.7315460" lon="-74.0344010">
    <ele>3.5</ele>
    <time>2026-01-09T16:55:20Z</time>
   </trkpt>
   <trkpt lat="40.7314960" lon="-74.0344120">
    <ele>3.5</ele>
    <time>2026-01-09T16:55:21Z</time>
   </trkpt>
   <trkpt lat="40.7314450" lon="-74.0344200">
    <ele>3.5</ele>
    <time>2026-01-09T16:55:22Z</time>
   </trkpt>
   <trkpt lat="40.7313950" lon="-74.0344250">
    <ele>3.5</ele>
    <time>2026-01-09T16:55:23Z</time>
   </trkpt>
   <trkpt lat="40.7313560" lon="-74.0344350">
    <ele>3.5</ele>
    <time>2026-01-09T16:55:24Z</time>
   </trkpt>
   <trkpt lat="40.7313170" lon="-74.0344400">
    <ele>3.5</ele>
    <time>2026-01-09T16:55:25Z</time>
   </trkpt>
   <trkpt lat="40.7312770" lon="-74.0344520">
    <ele>3.5</ele>
    <time>2026-01-09T16:55:26Z</time>
   </trkpt>
   <trkpt lat="40.7312310" lon="-74.0344610">
    <ele>3.5</ele>
    <time>2026-01-09T16:55:27Z</time>
   </trkpt>
   <trkpt lat="40.7311840" lon="-74.0344790">
    <ele>3.5</ele>
    <time>2026-01-09T16:55:28Z</time>
   </trkpt>
   <trkpt lat="40.7311310" lon="-74.0344910">
    <ele>3.5</ele>
    <time>2026-01-09T16:55:29Z</time>
   </trkpt>
   <trkpt lat="40.7310770" lon="-74.0345050">
    <ele>3.4</ele>
    <time>2026-01-09T16:55:30Z</time>
   </trkpt>
   <trkpt lat="40.7310200" lon="-74.0345180">
    <ele>3.4</ele>
    <time>2026-01-09T16:55:31Z</time>
   </trkpt>
   <trkpt lat="40.7309660" lon="-74.0345290">
    <ele>3.4</ele>
    <time>2026-01-09T16:55:32Z</time>
   </trkpt>
   <trkpt lat="40.7309060" lon="-74.0345410">
    <ele>3.3</ele>
    <time>2026-01-09T16:55:33Z</time>
   </trkpt>
   <trkpt lat="40.7308550" lon="-74.0345560">
    <ele>3.3</ele>
    <time>2026-01-09T16:55:34Z</time>
   </trkpt>
   <trkpt lat="40.7307950" lon="-74.0345700">
    <ele>3.2</ele>
    <time>2026-01-09T16:55:35Z</time>
   </trkpt>
   <trkpt lat="40.7307420" lon="-74.0345800">
    <ele>3.2</ele>
    <time>2026-01-09T16:55:36Z</time>
   </trkpt>
   <trkpt lat="40.7306820" lon="-74.0345910">
    <ele>3.1</ele>
    <time>2026-01-09T16:55:37Z</time>
   </trkpt>
   <trkpt lat="40.7306310" lon="-74.0346010">
    <ele>3.1</ele>
    <time>2026-01-09T16:55:38Z</time>
   </trkpt>
   <trkpt lat="40.7305740" lon="-74.0346090">
    <ele>3.1</ele>
    <time>2026-01-09T16:55:39Z</time>
   </trkpt>
   <trkpt lat="40.7305130" lon="-74.0346100">
    <ele>3.1</ele>
    <time>2026-01-09T16:55:40Z</time>
   </trkpt>
   <trkpt lat="40.7304530" lon="-74.0346090">
    <ele>3.0</ele>
    <time>2026-01-09T16:55:41Z</time>
   </trkpt>
   <trkpt lat="40.7304020" lon="-74.0346160">
    <ele>3.0</ele>
    <time>2026-01-09T16:55:42Z</time>
   </trkpt>
   <trkpt lat="40.7303330" lon="-74.0346350">
    <ele>3.0</ele>
    <time>2026-01-09T16:55:43Z</time>
   </trkpt>
   <trkpt lat="40.7302750" lon="-74.0346510">
    <ele>3.1</ele>
    <time>2026-01-09T16:55:45Z</time>
   </trkpt>
   <trkpt lat="40.7302160" lon="-74.0346610">
    <ele>3.1</ele>
    <time>2026-01-09T16:55:46Z</time>
   </trkpt>
   <trkpt lat="40.7301530" lon="-74.0346670">
    <ele>3.1</ele>
    <time>2026-01-09T16:55:47Z</time>
   </trkpt>
   <trkpt lat="40.7301010" lon="-74.0346860">
    <ele>3.1</ele>
    <time>2026-01-09T16:55:48Z</time>
   </trkpt>
   <trkpt lat="40.7300400" lon="-74.0347040">
    <ele>3.2</ele>
    <time>2026-01-09T16:55:49Z</time>
   </trkpt>
   <trkpt lat="40.7299860" lon="-74.0347120">
    <ele>3.2</ele>
    <time>2026-01-09T16:55:50Z</time>
   </trkpt>
   <trkpt lat="40.7299310" lon="-74.0347240">
    <ele>3.2</ele>
    <time>2026-01-09T16:55:51Z</time>
   </trkpt>
   <trkpt lat="40.7298750" lon="-74.0347310">
    <ele>3.3</ele>
    <time>2026-01-09T16:55:52Z</time>
   </trkpt>
   <trkpt lat="40.7298310" lon="-74.0347400">
    <ele>3.3</ele>
    <time>2026-01-09T16:55:53Z</time>
   </trkpt>
   <trkpt lat="40.7297920" lon="-74.0347460">
    <ele>3.3</ele>
    <time>2026-01-09T16:55:54Z</time>
   </trkpt>
   <trkpt lat="40.7297320" lon="-74.0347700">
    <ele>3.4</ele>
    <time>2026-01-09T16:55:55Z</time>
   </trkpt>
   <trkpt lat="40.7296970" lon="-74.0347770">
    <ele>3.4</ele>
    <time>2026-01-09T16:55:56Z</time>
   </trkpt>
   <trkpt lat="40.7296550" lon="-74.0347740">
    <ele>3.5</ele>
    <time>2026-01-09T16:55:57Z</time>
   </trkpt>
   <trkpt lat="40.7296180" lon="-74.0347710">
    <ele>3.5</ele>
    <time>2026-01-09T16:55:58Z</time>
   </trkpt>
   <trkpt lat="40.7295820" lon="-74.0347750">
    <ele>3.5</ele>
    <time>2026-01-09T16:55:59Z</time>
   </trkpt>
   <trkpt lat="40.7295430" lon="-74.0347880">
    <ele>3.6</ele>
    <time>2026-01-09T16:56:00Z</time>
   </trkpt>
   <trkpt lat="40.7295130" lon="-74.0348000">
    <ele>3.6</ele>
    <time>2026-01-09T16:56:01Z</time>
   </trkpt>
   <trkpt lat="40.7294740" lon="-74.0348050">
    <ele>3.6</ele>
    <time>2026-01-09T16:56:02Z</time>
   </trkpt>
   <trkpt lat="40.7294600" lon="-74.0348070">
    <ele>3.7</ele>
    <time>2026-01-09T16:56:03Z</time>
   </trkpt>
   <trkpt lat="40.7294120" lon="-74.0348230">
    <ele>3.7</ele>
    <time>2026-01-09T16:56:04Z</time>
   </trkpt>
   <trkpt lat="40.7293880" lon="-74.0348320">
    <ele>3.8</ele>
    <time>2026-01-09T16:56:05Z</time>
   </trkpt>
   <trkpt lat="40.7293660" lon="-74.0348410">
    <ele>3.8</ele>
    <time>2026-01-09T16:56:06Z</time>
   </trkpt>
   <trkpt lat="40.7293550" lon="-74.0348400">
    <ele>3.8</ele>
    <time>2026-01-09T16:56:07Z</time>
   </trkpt>
   <trkpt lat="40.7293500" lon="-74.0348430">
    <ele>3.8</ele>
    <time>2026-01-09T16:56:08Z</time>
   </trkpt>
   <trkpt lat="40.7293570" lon="-74.0348440">
    <ele>3.9</ele>
    <time>2026-01-09T16:56:09Z</time>
   </trkpt>
   <trkpt lat="40.7293570" lon="-74.0348450">
    <ele>3.9</ele>
    <time>2026-01-09T16:56:10Z</time>
   </trkpt>
   <trkpt lat="40.7293380" lon="-74.0348490">
    <ele>3.9</ele>
    <time>2026-01-09T16:56:11Z</time>
   </trkpt>
   <trkpt lat="40.7293100" lon="-74.0348520">
    <ele>3.9</ele>
    <time>2026-01-09T16:56:12Z</time>
   </trkpt>
   <trkpt lat="40.7292760" lon="-74.0348630">
    <ele>4.0</ele>
    <time>2026-01-09T16:56:13Z</time>
   </trkpt>
   <trkpt lat="40.7292370" lon="-74.0348760">
    <ele>4.1</ele>
    <time>2026-01-09T16:56:14Z</time>
   </trkpt>
   <trkpt lat="40.7291890" lon="-74.0348850">
    <ele>4.1</ele>
    <time>2026-01-09T16:56:15Z</time>
   </trkpt>
   <trkpt lat="40.7291420" lon="-74.0348930">
    <ele>4.1</ele>
    <time>2026-01-09T16:56:16Z</time>
   </trkpt>
   <trkpt lat="40.7290930" lon="-74.0348990">
    <ele>4.1</ele>
    <time>2026-01-09T16:56:17Z</time>
   </trkpt>
   <trkpt lat="40.7290430" lon="-74.0349030">
    <ele>4.1</ele>
    <time>2026-01-09T16:56:18Z</time>
   </trkpt>
   <trkpt lat="40.7289890" lon="-74.0349050">
    <ele>4.2</ele>
    <time>2026-01-09T16:56:19Z</time>
   </trkpt>
   <trkpt lat="40.7289320" lon="-74.0349070">
    <ele>4.2</ele>
    <time>2026-01-09T16:56:20Z</time>
   </trkpt>
   <trkpt lat="40.7288730" lon="-74.0349020">
    <ele>4.2</ele>
    <time>2026-01-09T16:56:21Z</time>
   </trkpt>
   <trkpt lat="40.7288180" lon="-74.0349010">
    <ele>4.1</ele>
    <time>2026-01-09T16:56:22Z</time>
   </trkpt>
   <trkpt lat="40.7287510" lon="-74.0349130">
    <ele>4.1</ele>
    <time>2026-01-09T16:56:23Z</time>
   </trkpt>
   <trkpt lat="40.7286770" lon="-74.0348800">
    <ele>4.1</ele>
    <time>2026-01-09T16:56:24Z</time>
   </trkpt>
   <trkpt lat="40.7286200" lon="-74.0348650">
    <ele>4.1</ele>
    <time>2026-01-09T16:56:25Z</time>
   </trkpt>
   <trkpt lat="40.7285400" lon="-74.0348390">
    <ele>4.0</ele>
    <time>2026-01-09T16:56:26Z</time>
   </trkpt>
   <trkpt lat="40.7284780" lon="-74.0347870">
    <ele>4.0</ele>
    <time>2026-01-09T16:56:27Z</time>
   </trkpt>
   <trkpt lat="40.7284190" lon="-74.0347790">
    <ele>3.9</ele>
    <time>2026-01-09T16:56:28Z</time>
   </trkpt>
   <trkpt lat="40.7283730" lon="-74.0347670">
    <ele>3.9</ele>
    <time>2026-01-09T16:56:29Z</time>
   </trkpt>
   <trkpt lat="40.7283180" lon="-74.0347490">
    <ele>3.9</ele>
    <time>2026-01-09T16:56:30Z</time>
   </trkpt>
   <trkpt lat="40.7282610" lon="-74.0347350">
    <ele>3.9</ele>
    <time>2026-01-09T16:56:31Z</time>
   </trkpt>
   <trkpt lat="40.7282070" lon="-74.0347160">
    <ele>3.9</ele>
    <time>2026-01-09T16:56:32Z</time>
   </trkpt>
   <trkpt lat="40.7281520" lon="-74.0346930">
    <ele>3.9</ele>
    <time>2026-01-09T16:56:33Z</time>
   </trkpt>
   <trkpt lat="40.7281020" lon="-74.0346670">
    <ele>3.9</ele>
    <time>2026-01-09T16:56:34Z</time>
   </trkpt>
   <trkpt lat="40.7280570" lon="-74.0346380">
    <ele>3.9</ele>
    <time>2026-01-09T16:56:35Z</time>
   </trkpt>
   <trkpt lat="40.7279890" lon="-74.0346040">
    <ele>3.9</ele>
    <time>2026-01-09T16:56:36Z</time>
   </trkpt>
   <trkpt lat="40.7279190" lon="-74.0346160">
    <ele>3.9</ele>
    <time>2026-01-09T16:56:37Z</time>
   </trkpt>
   <trkpt lat="40.7278750" lon="-74.0346010">
    <ele>3.9</ele>
    <time>2026-01-09T16:56:38Z</time>
   </trkpt>
   <trkpt lat="40.7278330" lon="-74.0345930">
    <ele>3.9</ele>
    <time>2026-01-09T16:56:39Z</time>
   </trkpt>
   <trkpt lat="40.7277870" lon="-74.0345940">
    <ele>3.9</ele>
    <time>2026-01-09T16:56:40Z</time>
   </trkpt>
   <trkpt lat="40.7277330" lon="-74.0346150">
    <ele>3.9</ele>
    <time>2026-01-09T16:56:41Z</time>
   </trkpt>
   <trkpt lat="40.7276900" lon="-74.0346390">
    <ele>3.9</ele>
    <time>2026-01-09T16:56:42Z</time>
   </trkpt>
   <trkpt lat="40.7276290" lon="-74.0346440">
    <ele>3.9</ele>
    <time>2026-01-09T16:56:43Z</time>
   </trkpt>
   <trkpt lat="40.7275660" lon="-74.0346450">
    <ele>3.9</ele>
    <time>2026-01-09T16:56:44Z</time>
   </trkpt>
   <trkpt lat="40.7275110" lon="-74.0346500">
    <ele>3.9</ele>
    <time>2026-01-09T16:56:45Z</time>
   </trkpt>
   <trkpt lat="40.7274850" lon="-74.0346820">
    <ele>3.9</ele>
    <time>2026-01-09T16:56:46Z</time>
   </trkpt>
   <trkpt lat="40.7274290" lon="-74.0346900">
    <ele>3.9</ele>
    <time>2026-01-09T16:56:47Z</time>
   </trkpt>
   <trkpt lat="40.7273770" lon="-74.0347030">
    <ele>3.9</ele>
    <time>2026-01-09T16:56:48Z</time>
   </trkpt>
   <trkpt lat="40.7273340" lon="-74.0347220">
    <ele>3.9</ele>
    <time>2026-01-09T16:56:49Z</time>
   </trkpt>
   <trkpt lat="40.7272910" lon="-74.0347370">
    <ele>3.9</ele>
    <time>2026-01-09T16:56:50Z</time>
   </trkpt>
   <trkpt lat="40.7272370" lon="-74.0347480">
    <ele>3.8</ele>
    <time>2026-01-09T16:56:51Z</time>
   </trkpt>
   <trkpt lat="40.7271930" lon="-74.0347710">
    <ele>3.8</ele>
    <time>2026-01-09T16:56:52Z</time>
   </trkpt>
   <trkpt lat="40.7271510" lon="-74.0347800">
    <ele>3.7</ele>
    <time>2026-01-09T16:56:53Z</time>
   </trkpt>
   <trkpt lat="40.7271140" lon="-74.0347950">
    <ele>3.7</ele>
    <time>2026-01-09T16:56:54Z</time>
   </trkpt>
   <trkpt lat="40.7270720" lon="-74.0348090">
    <ele>3.6</ele>
    <time>2026-01-09T16:56:55Z</time>
   </trkpt>
   <trkpt lat="40.7270310" lon="-74.0348300">
    <ele>3.6</ele>
    <time>2026-01-09T16:56:56Z</time>
   </trkpt>
   <trkpt lat="40.7269970" lon="-74.0348450">
    <ele>3.6</ele>
    <time>2026-01-09T16:56:57Z</time>
   </trkpt>
   <trkpt lat="40.7269550" lon="-74.0348550">
    <ele>3.5</ele>
    <time>2026-01-09T16:56:58Z</time>
   </trkpt>
   <trkpt lat="40.7269350" lon="-74.0348660">
    <ele>3.5</ele>
    <time>2026-01-09T16:56:59Z</time>
   </trkpt>
   <trkpt lat="40.7269340" lon="-74.0348790">
    <ele>3.5</ele>
    <time>2026-01-09T16:57:00Z</time>
   </trkpt>
   <trkpt lat="40.7269120" lon="-74.0349030">
    <ele>3.4</ele>
    <time>2026-01-09T16:57:01Z</time>
   </trkpt>
   <trkpt lat="40.7269050" lon="-74.0349130">
    <ele>3.4</ele>
    <time>2026-01-09T16:57:02Z</time>
   </trkpt>
   <trkpt lat="40.7268860" lon="-74.0349120">
    <ele>3.4</ele>
    <time>2026-01-09T16:57:03Z</time>
   </trkpt>
   <trkpt lat="40.7268720" lon="-74.0349190">
    <ele>3.4</ele>
    <time>2026-01-09T16:57:04Z</time>
   </trkpt>
   <trkpt lat="40.7268590" lon="-74.0349260">
    <ele>3.4</ele>
    <time>2026-01-09T16:57:05Z</time>
   </trkpt>
   <trkpt lat="40.7268320" lon="-74.0349320">
    <ele>3.3</ele>
    <time>2026-01-09T16:57:06Z</time>
   </trkpt>
   <trkpt lat="40.7268240" lon="-74.0349460">
    <ele>3.3</ele>
    <time>2026-01-09T16:57:07Z</time>
   </trkpt>
   <trkpt lat="40.7268360" lon="-74.0349850">
    <ele>3.3</ele>
    <time>2026-01-09T16:57:08Z</time>
   </trkpt>
   <trkpt lat="40.7268320" lon="-74.0350020">
    <ele>3.3</ele>
    <time>2026-01-09T16:57:09Z</time>
   </trkpt>
   <trkpt lat="40.7268270" lon="-74.0350200">
    <ele>3.2</ele>
    <time>2026-01-09T16:57:10Z</time>
   </trkpt>
   <trkpt lat="40.7268190" lon="-74.0350200">
    <ele>3.2</ele>
    <time>2026-01-09T16:57:11Z</time>
   </trkpt>
   <trkpt lat="40.7268030" lon="-74.0350480">
    <ele>3.2</ele>
    <time>2026-01-09T16:57:12Z</time>
   </trkpt>
   <trkpt lat="40.7267680" lon="-74.0350770">
    <ele>3.1</ele>
    <time>2026-01-09T16:57:13Z</time>
   </trkpt>
   <trkpt lat="40.7267560" lon="-74.0350880">
    <ele>3.1</ele>
    <time>2026-01-09T16:57:14Z</time>
   </trkpt>
   <trkpt lat="40.7267260" lon="-74.0350990">
    <ele>3.1</ele>
    <time>2026-01-09T16:57:15Z</time>
   </trkpt>
   <trkpt lat="40.7267190" lon="-74.0351070">
    <ele>3.1</ele>
    <time>2026-01-09T16:57:16Z</time>
   </trkpt>
   <trkpt lat="40.7267130" lon="-74.0351200">
    <ele>3.1</ele>
    <time>2026-01-09T16:57:17Z</time>
   </trkpt>
   <trkpt lat="40.7266960" lon="-74.0351380">
    <ele>3.1</ele>
    <time>2026-01-09T16:57:18Z</time>
   </trkpt>
   <trkpt lat="40.7266800" lon="-74.0351480">
    <ele>3.1</ele>
    <time>2026-01-09T16:57:19Z</time>
   </trkpt>
   <trkpt lat="40.7266670" lon="-74.0351610">
    <ele>3.0</ele>
    <time>2026-01-09T16:57:20Z</time>
   </trkpt>
   <trkpt lat="40.7266540" lon="-74.0351620">
    <ele>3.0</ele>
    <time>2026-01-09T16:57:21Z</time>
   </trkpt>
   <trkpt lat="40.7266370" lon="-74.0351670">
    <ele>3.0</ele>
    <time>2026-01-09T16:57:22Z</time>
   </trkpt>
   <trkpt lat="40.7266220" lon="-74.0351740">
    <ele>3.0</ele>
    <time>2026-01-09T16:57:23Z</time>
   </trkpt>
   <trkpt lat="40.7266090" lon="-74.0351830">
    <ele>3.0</ele>
    <time>2026-01-09T16:57:24Z</time>
   </trkpt>
   <trkpt lat="40.7265990" lon="-74.0351820">
    <ele>3.0</ele>
    <time>2026-01-09T16:57:25Z</time>
   </trkpt>
   <trkpt lat="40.7265900" lon="-74.0351820">
    <ele>3.0</ele>
    <time>2026-01-09T16:57:26Z</time>
   </trkpt>
   <trkpt lat="40.7265870" lon="-74.0351900">
    <ele>3.0</ele>
    <time>2026-01-09T16:57:27Z</time>
   </trkpt>
   <trkpt lat="40.7265860" lon="-74.0351950">
    <ele>3.0</ele>
    <time>2026-01-09T16:57:28Z</time>
   </trkpt>
   <trkpt lat="40.7265850" lon="-74.0351910">
    <ele>3.0</ele>
    <time>2026-01-09T16:57:29Z</time>
   </trkpt>
   <trkpt lat="40.7265850" lon="-74.0351910">
    <ele>3.0</ele>
    <time>2026-01-09T16:57:30Z</time>
   </trkpt>
   <trkpt lat="40.7265850" lon="-74.0351900">
    <ele>3.0</ele>
    <time>2026-01-09T16:57:31Z</time>
   </trkpt>
   <trkpt lat="40.7265830" lon="-74.0352020">
    <ele>3.0</ele>
    <time>2026-01-09T16:57:32Z</time>
   </trkpt>
   <trkpt lat="40.7265890" lon="-74.0352070">
    <ele>3.0</ele>
    <time>2026-01-09T16:57:33Z</time>
   </trkpt>
   <trkpt lat="40.7265880" lon="-74.0352160">
    <ele>3.0</ele>
    <time>2026-01-09T16:57:34Z</time>
   </trkpt>
   <trkpt lat="40.7266120" lon="-74.0352180">
    <ele>3.0</ele>
    <time>2026-01-09T16:57:35Z</time>
   </trkpt>
   <trkpt lat="40.7266190" lon="-74.0352420">
    <ele>3.0</ele>
    <time>2026-01-09T16:57:36Z</time>
   </trkpt>
   <trkpt lat="40.7266340" lon="-74.0352500">
    <ele>3.0</ele>
    <time>2026-01-09T16:57:37Z</time>
   </trkpt>
   <trkpt lat="40.7266480" lon="-74.0352610">
    <ele>3.0</ele>
    <time>2026-01-09T16:57:38Z</time>
   </trkpt>
   <trkpt lat="40.7266510" lon="-74.0352600">
    <ele>3.0</ele>
    <time>2026-01-09T16:57:39Z</time>
   </trkpt>
   <trkpt lat="40.7266540" lon="-74.0352600">
    <ele>3.0</ele>
    <time>2026-01-09T16:57:40Z</time>
   </trkpt>
   <trkpt lat="40.7266570" lon="-74.0352590">
    <ele>3.0</ele>
    <time>2026-01-09T16:57:41Z</time>
   </trkpt>
   <trkpt lat="40.7266600" lon="-74.0352590">
    <ele>3.0</ele>
    <time>2026-01-09T16:57:42Z</time>
   </trkpt>
   <trkpt lat="40.7266630" lon="-74.0352580">
    <ele>3.0</ele>
    <time>2026-01-09T16:57:43Z</time>
   </trkpt>
   <trkpt lat="40.7266660" lon="-74.0352580">
    <ele>3.0</ele>
    <time>2026-01-09T16:57:44Z</time>
   </trkpt>
   <trkpt lat="40.7266680" lon="-74.0352580">
    <ele>3.0</ele>
    <time>2026-01-09T16:57:45Z</time>
   </trkpt>
   <trkpt lat="40.7266710" lon="-74.0352570">
    <ele>3.0</ele>
    <time>2026-01-09T16:57:46Z</time>
   </trkpt>
   <trkpt lat="40.7266740" lon="-74.0352570">
    <ele>3.0</ele>
    <time>2026-01-09T16:57:47Z</time>
   </trkpt>
   <trkpt lat="40.7266770" lon="-74.0352560">
    <ele>3.0</ele>
    <time>2026-01-09T16:57:48Z</time>
   </trkpt>
   <trkpt lat="40.7266800" lon="-74.0352560">
    <ele>3.0</ele>
    <time>2026-01-09T16:57:49Z</time>
   </trkpt>
   <trkpt lat="40.7266830" lon="-74.0352550">
    <ele>3.0</ele>
    <time>2026-01-09T16:57:51Z</time>
   </trkpt>
   <trkpt lat="40.7266860" lon="-74.0352550">
    <ele>3.0</ele>
    <time>2026-01-09T16:57:52Z</time>
   </trkpt>
   <trkpt lat="40.7266890" lon="-74.0352550">
    <ele>3.0</ele>
    <time>2026-01-09T16:57:53Z</time>
   </trkpt>
   <trkpt lat="40.7266920" lon="-74.0352540">
    <ele>3.0</ele>
    <time>2026-01-09T16:57:54Z</time>
   </trkpt>
   <trkpt lat="40.7266950" lon="-74.0352540">
    <ele>3.0</ele>
    <time>2026-01-09T16:57:55Z</time>
   </trkpt>
   <trkpt lat="40.7266980" lon="-74.0352530">
    <ele>3.0</ele>
    <time>2026-01-09T16:57:56Z</time>
   </trkpt>
   <trkpt lat="40.7267010" lon="-74.0352530">
    <ele>3.0</ele>
    <time>2026-01-09T16:57:57Z</time>
   </trkpt>
   <trkpt lat="40.7267040" lon="-74.0352520">
    <ele>3.0</ele>
    <time>2026-01-09T16:57:58Z</time>
   </trkpt>
   <trkpt lat="40.7267070" lon="-74.0352520">
    <ele>3.0</ele>
    <time>2026-01-09T16:57:59Z</time>
   </trkpt>
   <trkpt lat="40.7267100" lon="-74.0352510">
    <ele>3.0</ele>
    <time>2026-01-09T16:58:00Z</time>
   </trkpt>
   <trkpt lat="40.7267120" lon="-74.0352510">
    <ele>3.0</ele>
    <time>2026-01-09T16:58:01Z</time>
   </trkpt>
   <trkpt lat="40.7267150" lon="-74.0352510">
    <ele>3.0</ele>
    <time>2026-01-09T16:58:02Z</time>
   </trkpt>
   <trkpt lat="40.7267180" lon="-74.0352500">
    <ele>3.0</ele>
    <time>2026-01-09T16:58:03Z</time>
   </trkpt>
   <trkpt lat="40.7267210" lon="-74.0352500">
    <ele>3.0</ele>
    <time>2026-01-09T16:58:04Z</time>
   </trkpt>
   <trkpt lat="40.7267240" lon="-74.0352490">
    <ele>3.0</ele>
    <time>2026-01-09T16:58:05Z</time>
   </trkpt>
   <trkpt lat="40.7267270" lon="-74.0352490">
    <ele>3.0</ele>
    <time>2026-01-09T16:58:06Z</time>
   </trkpt>
   <trkpt lat="40.7267300" lon="-74.0352480">
    <ele>3.0</ele>
    <time>2026-01-09T16:58:07Z</time>
   </trkpt>
   <trkpt lat="40.7267330" lon="-74.0352480">
    <ele>3.0</ele>
    <time>2026-01-09T16:58:08Z</time>
   </trkpt>
   <trkpt lat="40.7267330" lon="-74.0352470">
    <ele>3.0</ele>
    <time>2026-01-09T16:58:09Z</time>
   </trkpt>
   <trkpt lat="40.7267390" lon="-74.0352390">
    <ele>3.0</ele>
    <time>2026-01-09T16:58:10Z</time>
   </trkpt>
   <trkpt lat="40.7267490" lon="-74.0352590">
    <ele>3.0</ele>
    <time>2026-01-09T16:58:11Z</time>
   </trkpt>
   <trkpt lat="40.7267410" lon="-74.0352730">
    <ele>3.0</ele>
    <time>2026-01-09T16:58:12Z</time>
   </trkpt>
   <trkpt lat="40.7267460" lon="-74.0352670">
    <ele>3.0</ele>
    <time>2026-01-09T16:58:13Z</time>
   </trkpt>
   <trkpt lat="40.7267570" lon="-74.0352650">
    <ele>3.0</ele>
    <time>2026-01-09T16:58:14Z</time>
   </trkpt>
   <trkpt lat="40.7267550" lon="-74.0352890">
    <ele>3.0</ele>
    <time>2026-01-09T16:58:15Z</time>
   </trkpt>
   <trkpt lat="40.7267550" lon="-74.0352990">
    <ele>3.0</ele>
    <time>2026-01-09T16:58:16Z</time>
   </trkpt>
   <trkpt lat="40.7267560" lon="-74.0353090">
    <ele>3.0</ele>
    <time>2026-01-09T16:58:17Z</time>
   </trkpt>
   <trkpt lat="40.7267510" lon="-74.0353130">
    <ele>3.0</ele>
    <time>2026-01-09T16:58:18Z</time>
   </trkpt>
   <trkpt lat="40.7267460" lon="-74.0353120">
    <ele>3.0</ele>
    <time>2026-01-09T16:58:19Z</time>
   </trkpt>
   <trkpt lat="40.7267410" lon="-74.0353130">
    <ele>3.0</ele>
    <time>2026-01-09T16:58:20Z</time>
   </trkpt>
   <trkpt lat="40.7267410" lon="-74.0353130">
    <ele>3.0</ele>
    <time>2026-01-09T16:58:21Z</time>
   </trkpt>
   <trkpt lat="40.7267400" lon="-74.0353030">
    <ele>3.0</ele>
    <time>2026-01-09T16:58:22Z</time>
   </trkpt>
   <trkpt lat="40.7267360" lon="-74.0353040">
    <ele>3.0</ele>
    <time>2026-01-09T16:58:23Z</time>
   </trkpt>
   <trkpt lat="40.7267370" lon="-74.0353140">
    <ele>3.0</ele>
    <time>2026-01-09T16:58:24Z</time>
   </trkpt>
   <trkpt lat="40.7267420" lon="-74.0353250">
    <ele>3.0</ele>
    <time>2026-01-09T16:58:25Z</time>
   </trkpt>
   <trkpt lat="40.7267340" lon="-74.0353330">
    <ele>3.0</ele>
    <time>2026-01-09T16:58:26Z</time>
   </trkpt>
   <trkpt lat="40.7267240" lon="-74.0353330">
    <ele>3.0</ele>
    <time>2026-01-09T16:58:27Z</time>
   </trkpt>
   <trkpt lat="40.7267190" lon="-74.0353360">
    <ele>3.0</ele>
    <time>2026-01-09T16:58:28Z</time>
   </trkpt>
   <trkpt lat="40.7267150" lon="-74.0353380">
    <ele>3.0</ele>
    <time>2026-01-09T16:58:29Z</time>
   </trkpt>
   <trkpt lat="40.7267100" lon="-74.0353400">
    <ele>3.0</ele>
    <time>2026-01-09T16:58:30Z</time>
   </trkpt>
   <trkpt lat="40.7267060" lon="-74.0353420">
    <ele>3.0</ele>
    <time>2026-01-09T16:58:31Z</time>
   </trkpt>
   <trkpt lat="40.7267010" lon="-74.0353450">
    <ele>3.0</ele>
    <time>2026-01-09T16:58:32Z</time>
   </trkpt>
   <trkpt lat="40.7266970" lon="-74.0353470">
    <ele>3.0</ele>
    <time>2026-01-09T16:58:33Z</time>
   </trkpt>
   <trkpt lat="40.7266940" lon="-74.0353540">
    <ele>3.0</ele>
    <time>2026-01-09T16:58:34Z</time>
   </trkpt>
   <trkpt lat="40.7266870" lon="-74.0353540">
    <ele>3.0</ele>
    <time>2026-01-09T16:58:35Z</time>
   </trkpt>
   <trkpt lat="40.7266850" lon="-74.0353540">
    <ele>3.0</ele>
    <time>2026-01-09T16:58:36Z</time>
   </trkpt>
   <trkpt lat="40.7266820" lon="-74.0353630">
    <ele>3.0</ele>
    <time>2026-01-09T16:58:37Z</time>
   </trkpt>
   <trkpt lat="40.7266750" lon="-74.0353570">
    <ele>3.0</ele>
    <time>2026-01-09T16:58:38Z</time>
   </trkpt>
   <trkpt lat="40.7266710" lon="-74.0353580">
    <ele>3.0</ele>
    <time>2026-01-09T16:58:39Z</time>
   </trkpt>
   <trkpt lat="40.7266710" lon="-74.0353580">
    <ele>3.0</ele>
    <time>2026-01-09T16:58:40Z</time>
   </trkpt>
   <trkpt lat="40.7266700" lon="-74.0353600">
    <ele>3.0</ele>
    <time>2026-01-09T16:58:41Z</time>
   </trkpt>
   <trkpt lat="40.7266660" lon="-74.0353630">
    <ele>3.0</ele>
    <time>2026-01-09T16:58:42Z</time>
   </trkpt>
   <trkpt lat="40.7266630" lon="-74.0353540">
    <ele>3.0</ele>
    <time>2026-01-09T16:58:43Z</time>
   </trkpt>
   <trkpt lat="40.7266540" lon="-74.0353490">
    <ele>3.0</ele>
    <time>2026-01-09T16:58:44Z</time>
   </trkpt>
   <trkpt lat="40.7266470" lon="-74.0353470">
    <ele>3.0</ele>
    <time>2026-01-09T16:58:45Z</time>
   </trkpt>
   <trkpt lat="40.7266460" lon="-74.0353460">
    <ele>3.0</ele>
    <time>2026-01-09T16:58:46Z</time>
   </trkpt>
   <trkpt lat="40.7266450" lon="-74.0353370">
    <ele>3.0</ele>
    <time>2026-01-09T16:58:47Z</time>
   </trkpt>
   <trkpt lat="40.7266450" lon="-74.0353420">
    <ele>3.0</ele>
    <time>2026-01-09T16:58:48Z</time>
   </trkpt>
   <trkpt lat="40.7266460" lon="-74.0353480">
    <ele>3.0</ele>
    <time>2026-01-09T16:58:49Z</time>
   </trkpt>
   <trkpt lat="40.7266460" lon="-74.0353540">
    <ele>3.0</ele>
    <time>2026-01-09T16:58:50Z</time>
   </trkpt>
   <trkpt lat="40.7266470" lon="-74.0353600">
    <ele>3.0</ele>
    <time>2026-01-09T16:58:51Z</time>
   </trkpt>
   <trkpt lat="40.7266470" lon="-74.0353650">
    <ele>3.0</ele>
    <time>2026-01-09T16:58:52Z</time>
   </trkpt>
   <trkpt lat="40.7266480" lon="-74.0353710">
    <ele>3.0</ele>
    <time>2026-01-09T16:58:53Z</time>
   </trkpt>
   <trkpt lat="40.7266480" lon="-74.0353770">
    <ele>3.0</ele>
    <time>2026-01-09T16:58:54Z</time>
   </trkpt>
   <trkpt lat="40.7266490" lon="-74.0353830">
    <ele>3.0</ele>
    <time>2026-01-09T16:58:55Z</time>
   </trkpt>
   <trkpt lat="40.7266490" lon="-74.0353890">
    <ele>2.9</ele>
    <time>2026-01-09T16:58:56Z</time>
   </trkpt>
   <trkpt lat="40.7266490" lon="-74.0354120">
    <ele>2.9</ele>
    <time>2026-01-09T16:58:57Z</time>
   </trkpt>
   <trkpt lat="40.7266490" lon="-74.0354340">
    <ele>2.9</ele>
    <time>2026-01-09T16:58:58Z</time>
   </trkpt>
   <trkpt lat="40.7266560" lon="-74.0354810">
    <ele>2.9</ele>
    <time>2026-01-09T16:58:59Z</time>
   </trkpt>
   <trkpt lat="40.7266590" lon="-74.0354990">
    <ele>2.9</ele>
    <time>2026-01-09T16:59:00Z</time>
   </trkpt>
   <trkpt lat="40.7266270" lon="-74.0355000">
    <ele>2.9</ele>
    <time>2026-01-09T16:59:01Z</time>
   </trkpt>
   <trkpt lat="40.7266150" lon="-74.0354940">
    <ele>2.9</ele>
    <time>2026-01-09T16:59:02Z</time>
   </trkpt>
   <trkpt lat="40.7265800" lon="-74.0354690">
    <ele>2.9</ele>
    <time>2026-01-09T16:59:03Z</time>
   </trkpt>
   <trkpt lat="40.7265780" lon="-74.0354700">
    <ele>2.9</ele>
    <time>2026-01-09T16:59:04Z</time>
   </trkpt>
   <trkpt lat="40.7265730" lon="-74.0354850">
    <ele>2.9</ele>
    <time>2026-01-09T16:59:05Z</time>
   </trkpt>
   <trkpt lat="40.7265650" lon="-74.0355050">
    <ele>2.9</ele>
    <time>2026-01-09T16:59:06Z</time>
   </trkpt>
   <trkpt lat="40.7265560" lon="-74.0355310">
    <ele>2.9</ele>
    <time>2026-01-09T16:59:07Z</time>
   </trkpt>
   <trkpt lat="40.7265540" lon="-74.0355400">
    <ele>2.9</ele>
    <time>2026-01-09T16:59:08Z</time>
   </trkpt>
   <trkpt lat="40.7265510" lon="-74.0355490">
    <ele>2.9</ele>
    <time>2026-01-09T16:59:09Z</time>
   </trkpt>
   <trkpt lat="40.7265600" lon="-74.0355230">
    <ele>2.9</ele>
    <time>2026-01-09T16:59:10Z</time>
   </trkpt>
   <trkpt lat="40.7265690" lon="-74.0354920">
    <ele>2.9</ele>
    <time>2026-01-09T16:59:11Z</time>
   </trkpt>
   <trkpt lat="40.7265780" lon="-74.0354610">
    <ele>2.9</ele>
    <time>2026-01-09T16:59:12Z</time>
   </trkpt>
   <trkpt lat="40.7265870" lon="-74.0354300">
    <ele>2.9</ele>
    <time>2026-01-09T16:59:13Z</time>
   </trkpt>
   <trkpt lat="40.7265950" lon="-74.0354000">
    <ele>2.9</ele>
    <time>2026-01-09T16:59:14Z</time>
   </trkpt>
   <trkpt lat="40.7266040" lon="-74.0353690">
    <ele>2.9</ele>
    <time>2026-01-09T16:59:15Z</time>
   </trkpt>
   <trkpt lat="40.7266130" lon="-74.0353380">
    <ele>2.9</ele>
    <time>2026-01-09T16:59:16Z</time>
   </trkpt>
   <trkpt lat="40.7266220" lon="-74.0353070">
    <ele>2.9</ele>
    <time>2026-01-09T16:59:17Z</time>
   </trkpt>
   <trkpt lat="40.7266310" lon="-74.0352760">
    <ele>2.9</ele>
    <time>2026-01-09T16:59:18Z</time>
   </trkpt>
   <trkpt lat="40.7265960" lon="-74.0353070">
    <ele>2.9</ele>
    <time>2026-01-09T16:59:19Z</time>
   </trkpt>
   <trkpt lat="40.7265650" lon="-74.0353340">
    <ele>2.9</ele>
    <time>2026-01-09T16:59:20Z</time>
   </trkpt>
   <trkpt lat="40.7265210" lon="-74.0353770">
    <ele>2.9</ele>
    <time>2026-01-09T16:59:21Z</time>
   </trkpt>
   <trkpt lat="40.7265070" lon="-74.0353920">
    <ele>2.9</ele>
    <time>2026-01-09T16:59:22Z</time>
   </trkpt>
   <trkpt lat="40.7264850" lon="-74.0354230">
    <ele>2.8</ele>
    <time>2026-01-09T16:59:23Z</time>
   </trkpt>
   <trkpt lat="40.7264450" lon="-74.0353990">
    <ele>2.8</ele>
    <time>2026-01-09T16:59:24Z</time>
   </trkpt>
   <trkpt lat="40.7263600" lon="-74.0351020">
    <ele>2.8</ele>
    <time>2026-01-09T16:59:25Z</time>
   </trkpt>
   <trkpt lat="40.7263500" lon="-74.0350900">
    <ele>2.8</ele>
    <time>2026-01-09T16:59:26Z</time>
   </trkpt>
   <trkpt lat="40.7263510" lon="-74.0351260">
    <ele>2.8</ele>
    <time>2026-01-09T16:59:27Z</time>
   </trkpt>
   <trkpt lat="40.7264100" lon="-74.0352340">
    <ele>2.8</ele>
    <time>2026-01-09T16:59:28Z</time>
   </trkpt>
   <trkpt lat="40.7264740" lon="-74.0353330">
    <ele>2.8</ele>
    <time>2026-01-09T16:59:29Z</time>
   </trkpt>
   <trkpt lat="40.7265380" lon="-74.0354330">
    <ele>2.8</ele>
    <time>2026-01-09T16:59:30Z</time>
   </trkpt>
   <trkpt lat="40.7265070" lon="-74.0354540">
    <ele>2.8</ele>
    <time>2026-01-09T16:59:31Z</time>
   </trkpt>
   <trkpt lat="40.7264990" lon="-74.0354590">
    <ele>2.8</ele>
    <time>2026-01-09T16:59:32Z</time>
   </trkpt>
   <trkpt lat="40.7264790" lon="-74.0354830">
    <ele>2.8</ele>
    <time>2026-01-09T16:59:33Z</time>
   </trkpt>
   <trkpt lat="40.7264770" lon="-74.0354900">
    <ele>2.8</ele>
    <time>2026-01-09T16:59:34Z</time>
   </trkpt>
   <trkpt lat="40.7264740" lon="-74.0354980">
    <ele>2.8</ele>
    <time>2026-01-09T16:59:35Z</time>
   </trkpt>
   <trkpt lat="40.7264840" lon="-74.0354830">
    <ele>2.8</ele>
    <time>2026-01-09T16:59:36Z</time>
   </trkpt>
   <trkpt lat="40.7264940" lon="-74.0354680">
    <ele>2.8</ele>
    <time>2026-01-09T16:59:37Z</time>
   </trkpt>
   <trkpt lat="40.7265100" lon="-74.0354660">
    <ele>2.8</ele>
    <time>2026-01-09T16:59:39Z</time>
   </trkpt>
   <trkpt lat="40.7265170" lon="-74.0354750">
    <ele>2.8</ele>
    <time>2026-01-09T16:59:53Z</time>
   </trkpt>
   <trkpt lat="40.7265240" lon="-74.0354850">
    <ele>2.8</ele>
    <time>2026-01-09T17:00:00Z</time>
   </trkpt>
   <trkpt lat="40.7265320" lon="-74.0354940">
    <ele>2.8</ele>
    <time>2026-01-09T17:00:06Z</time>
   </trkpt>
   <trkpt lat="40.7265390" lon="-74.0355040">
    <ele>2.8</ele>
    <time>2026-01-09T17:00:09Z</time>
   </trkpt>
   <trkpt lat="40.7265460" lon="-74.0355130">
    <ele>2.8</ele>
    <time>2026-01-09T17:00:12Z</time>
   </trkpt>
   <trkpt lat="40.7265530" lon="-74.0355230">
    <ele>2.8</ele>
    <time>2026-01-09T17:00:18Z</time>
   </trkpt>
   <trkpt lat="40.7265600" lon="-74.0355330">
    <ele>2.8</ele>
    <time>2026-01-09T17:00:24Z</time>
   </trkpt>
   <trkpt lat="40.7265670" lon="-74.0355420">
    <ele>2.8</ele>
    <time>2026-01-09T17:00:31Z</time>
   </trkpt>
   <trkpt lat="40.7265740" lon="-74.0355520">
    <ele>2.8</ele>
    <time>2026-01-09T17:00:37Z</time>
   </trkpt>
   <trkpt lat="40.7265820" lon="-74.0355610">
    <ele>2.8</ele>
    <time>2026-01-09T17:00:38Z</time>
   </trkpt>
   <trkpt lat="40.7265890" lon="-74.0355710">
    <ele>2.8</ele>
    <time>2026-01-09T17:00:43Z</time>
   </trkpt>
   <trkpt lat="40.7265960" lon="-74.0355800">
    <ele>2.8</ele>
    <time>2026-01-09T17:00:49Z</time>
   </trkpt>
   <trkpt lat="40.7266030" lon="-74.0355900">
    <ele>2.8</ele>
    <time>2026-01-09T17:00:55Z</time>
   </trkpt>
   <trkpt lat="40.7266100" lon="-74.0356000">
    <ele>2.8</ele>
    <time>2026-01-09T17:01:01Z</time>
   </trkpt>
   <trkpt lat="40.7266170" lon="-74.0356090">
    <ele>2.8</ele>
    <time>2026-01-09T17:01:07Z</time>
   </trkpt>
   <trkpt lat="40.7266240" lon="-74.0356190">
    <ele>2.8</ele>
    <time>2026-01-09T17:01:13Z</time>
   </trkpt>
   <trkpt lat="40.7266320" lon="-74.0356280">
    <ele>2.8</ele>
    <time>2026-01-09T17:01:19Z</time>
   </trkpt>
   <trkpt lat="40.7266390" lon="-74.0356380">
    <ele>2.8</ele>
    <time>2026-01-09T17:01:21Z</time>
   </trkpt>
   <trkpt lat="40.7266460" lon="-74.0356470">
    <ele>2.8</ele>
    <time>2026-01-09T17:01:24Z</time>
   </trkpt>
   <trkpt lat="40.7266530" lon="-74.0356570">
    <ele>2.8</ele>
    <time>2026-01-09T17:01:30Z</time>
   </trkpt>
   <trkpt lat="40.7266600" lon="-74.0356670">
    <ele>2.8</ele>
    <time>2026-01-09T17:01:36Z</time>
   </trkpt>
   <trkpt lat="40.7266670" lon="-74.0356760">
    <ele>2.8</ele>
    <time>2026-01-09T17:01:42Z</time>
   </trkpt>
   <trkpt lat="40.7266740" lon="-74.0356860">
    <ele>2.8</ele>
    <time>2026-01-09T17:01:48Z</time>
   </trkpt>
   <trkpt lat="40.7266820" lon="-74.0356950">
    <ele>2.8</ele>
    <time>2026-01-09T17:01:54Z</time>
   </trkpt>
   <trkpt lat="40.7266890" lon="-74.0357050">
    <ele>2.8</ele>
    <time>2026-01-09T17:02:00Z</time>
   </trkpt>
   <trkpt lat="40.7266960" lon="-74.0357140">
    <ele>2.8</ele>
    <time>2026-01-09T17:02:03Z</time>
   </trkpt>
   <trkpt lat="40.7267030" lon="-74.0357240">
    <ele>2.8</ele>
    <time>2026-01-09T17:02:04Z</time>
   </trkpt>
   <trkpt lat="40.7267070" lon="-74.0357610">
    <ele>2.8</ele>
    <time>2026-01-09T17:02:05Z</time>
   </trkpt>
   <trkpt lat="40.7267070" lon="-74.0357730">
    <ele>2.8</ele>
    <time>2026-01-09T17:02:06Z</time>
   </trkpt>
   <trkpt lat="40.7267070" lon="-74.0357850">
    <ele>2.8</ele>
    <time>2026-01-09T17:02:07Z</time>
   </trkpt>
   <trkpt lat="40.7267170" lon="-74.0358660">
    <ele>2.8</ele>
    <time>2026-01-09T17:02:08Z</time>
   </trkpt>
   <trkpt lat="40.7267330" lon="-74.0359780">
    <ele>2.8</ele>
    <time>2026-01-09T17:02:09Z</time>
   </trkpt>
   <trkpt lat="40.7267200" lon="-74.0360050">
    <ele>2.8</ele>
    <time>2026-01-09T17:02:11Z</time>
   </trkpt>
   <trkpt lat="40.7267080" lon="-74.0360310">
    <ele>2.8</ele>
    <time>2026-01-09T17:02:12Z</time>
   </trkpt>
   <trkpt lat="40.7267130" lon="-74.0359940">
    <ele>2.8</ele>
    <time>2026-01-09T17:02:13Z</time>
   </trkpt>
   <trkpt lat="40.7267120" lon="-74.0359970">
    <ele>2.8</ele>
    <time>2026-01-09T17:02:14Z</time>
   </trkpt>
   <trkpt lat="40.7267190" lon="-74.0359990">
    <ele>2.8</ele>
    <time>2026-01-09T17:02:15Z</time>
   </trkpt>
   <trkpt lat="40.7267210" lon="-74.0359950">
    <ele>2.8</ele>
    <time>2026-01-09T17:02:16Z</time>
   </trkpt>
   <trkpt lat="40.7267210" lon="-74.0359970">
    <ele>2.8</ele>
    <time>2026-01-09T17:02:17Z</time>
   </trkpt>
   <trkpt lat="40.7267260" lon="-74.0360000">
    <ele>2.8</ele>
    <time>2026-01-09T17:02:18Z</time>
   </trkpt>
   <trkpt lat="40.7267240" lon="-74.0359540">
    <ele>2.9</ele>
    <time>2026-01-09T17:02:19Z</time>
   </trkpt>
   <trkpt lat="40.7267250" lon="-74.0359550">
    <ele>2.9</ele>
    <time>2026-01-09T17:02:20Z</time>
   </trkpt>
   <trkpt lat="40.7267220" lon="-74.0359640">
    <ele>2.9</ele>
    <time>2026-01-09T17:02:21Z</time>
   </trkpt>
   <trkpt lat="40.7267290" lon="-74.0360000">
    <ele>2.9</ele>
    <time>2026-01-09T17:02:22Z</time>
   </trkpt>
   <trkpt lat="40.7267310" lon="-74.0360320">
    <ele>2.9</ele>
    <time>2026-01-09T17:02:23Z</time>
   </trkpt>
   <trkpt lat="40.7267270" lon="-74.0360590">
    <ele>2.9</ele>
    <time>2026-01-09T17:02:24Z</time>
   </trkpt>
   <trkpt lat="40.7267240" lon="-74.0360860">
    <ele>2.9</ele>
    <time>2026-01-09T17:02:25Z</time>
   </trkpt>
   <trkpt lat="40.7267490" lon="-74.0361130">
    <ele>2.9</ele>
    <time>2026-01-09T17:02:26Z</time>
   </trkpt>
   <trkpt lat="40.7267700" lon="-74.0361350">
    <ele>2.9</ele>
    <time>2026-01-09T17:02:27Z</time>
   </trkpt>
   <trkpt lat="40.7267910" lon="-74.0361570">
    <ele>2.9</ele>
    <time>2026-01-09T17:02:28Z</time>
   </trkpt>
   <trkpt lat="40.7267970" lon="-74.0361520">
    <ele>2.9</ele>
    <time>2026-01-09T17:02:29Z</time>
   </trkpt>
   <trkpt lat="40.7268070" lon="-74.0361310">
    <ele>2.8</ele>
    <time>2026-01-09T17:02:30Z</time>
   </trkpt>
   <trkpt lat="40.7268180" lon="-74.0361100">
    <ele>2.8</ele>
    <time>2026-01-09T17:02:31Z</time>
   </trkpt>
   <trkpt lat="40.7268260" lon="-74.0361130">
    <ele>2.8</ele>
    <time>2026-01-09T17:02:32Z</time>
   </trkpt>
   <trkpt lat="40.7268280" lon="-74.0360980">
    <ele>2.8</ele>
    <time>2026-01-09T17:02:33Z</time>
   </trkpt>
   <trkpt lat="40.7268300" lon="-74.0360840">
    <ele>2.8</ele>
    <time>2026-01-09T17:02:34Z</time>
   </trkpt>
   <trkpt lat="40.7268310" lon="-74.0360690">
    <ele>2.8</ele>
    <time>2026-01-09T17:02:35Z</time>
   </trkpt>
   <trkpt lat="40.7268330" lon="-74.0360540">
    <ele>2.8</ele>
    <time>2026-01-09T17:02:36Z</time>
   </trkpt>
   <trkpt lat="40.7268350" lon="-74.0360390">
    <ele>2.8</ele>
    <time>2026-01-09T17:02:37Z</time>
   </trkpt>
   <trkpt lat="40.7268530" lon="-74.0360060">
    <ele>2.8</ele>
    <time>2026-01-09T17:02:38Z</time>
   </trkpt>
   <trkpt lat="40.7268560" lon="-74.0359920">
    <ele>2.8</ele>
    <time>2026-01-09T17:02:39Z</time>
   </trkpt>
   <trkpt lat="40.7268520" lon="-74.0359560">
    <ele>2.8</ele>
    <time>2026-01-09T17:02:40Z</time>
   </trkpt>
   <trkpt lat="40.7268530" lon="-74.0359510">
    <ele>2.8</ele>
    <time>2026-01-09T17:02:41Z</time>
   </trkpt>
   <trkpt lat="40.7268490" lon="-74.0359450">
    <ele>2.8</ele>
    <time>2026-01-09T17:02:42Z</time>
   </trkpt>
   <trkpt lat="40.7268490" lon="-74.0359450">
    <ele>2.8</ele>
    <time>2026-01-09T17:02:43Z</time>
   </trkpt>
   <trkpt lat="40.7268440" lon="-74.0359450">
    <ele>2.8</ele>
    <time>2026-01-09T17:02:44Z</time>
   </trkpt>
   <trkpt lat="40.7268440" lon="-74.0359390">
    <ele>2.8</ele>
    <time>2026-01-09T17:02:45Z</time>
   </trkpt>
   <trkpt lat="40.7268450" lon="-74.0359390">
    <ele>2.8</ele>
    <time>2026-01-09T17:02:46Z</time>
   </trkpt>
   <trkpt lat="40.7268550" lon="-74.0359290">
    <ele>2.8</ele>
    <time>2026-01-09T17:02:47Z</time>
   </trkpt>
   <trkpt lat="40.7268550" lon="-74.0359280">
    <ele>2.8</ele>
    <time>2026-01-09T17:02:48Z</time>
   </trkpt>
   <trkpt lat="40.7268560" lon="-74.0359350">
    <ele>2.8</ele>
    <time>2026-01-09T17:02:49Z</time>
   </trkpt>
   <trkpt lat="40.7268530" lon="-74.0359260">
    <ele>2.8</ele>
    <time>2026-01-09T17:02:50Z</time>
   </trkpt>
   <trkpt lat="40.7268630" lon="-74.0359320">
    <ele>2.8</ele>
    <time>2026-01-09T17:02:51Z</time>
   </trkpt>
   <trkpt lat="40.7268670" lon="-74.0359260">
    <ele>2.8</ele>
    <time>2026-01-09T17:02:52Z</time>
   </trkpt>
   <trkpt lat="40.7268680" lon="-74.0359330">
    <ele>2.8</ele>
    <time>2026-01-09T17:02:53Z</time>
   </trkpt>
   <trkpt lat="40.7268670" lon="-74.0359340">
    <ele>2.8</ele>
    <time>2026-01-09T17:02:54Z</time>
   </trkpt>
   <trkpt lat="40.7268670" lon="-74.0359340">
    <ele>2.8</ele>
    <time>2026-01-09T17:02:55Z</time>
   </trkpt>
   <trkpt lat="40.7268690" lon="-74.0359250">
    <ele>2.8</ele>
    <time>2026-01-09T17:02:56Z</time>
   </trkpt>
   <trkpt lat="40.7268680" lon="-74.0359230">
    <ele>2.8</ele>
    <time>2026-01-09T17:02:57Z</time>
   </trkpt>
   <trkpt lat="40.7268710" lon="-74.0359260">
    <ele>2.8</ele>
    <time>2026-01-09T17:02:58Z</time>
   </trkpt>
   <trkpt lat="40.7268730" lon="-74.0359330">
    <ele>2.8</ele>
    <time>2026-01-09T17:02:59Z</time>
   </trkpt>
   <trkpt lat="40.7268690" lon="-74.0359350">
    <ele>2.8</ele>
    <time>2026-01-09T17:03:00Z</time>
   </trkpt>
   <trkpt lat="40.7268660" lon="-74.0359560">
    <ele>2.8</ele>
    <time>2026-01-09T17:03:01Z</time>
   </trkpt>
   <trkpt lat="40.7268680" lon="-74.0359460">
    <ele>2.8</ele>
    <time>2026-01-09T17:03:02Z</time>
   </trkpt>
   <trkpt lat="40.7268700" lon="-74.0359550">
    <ele>2.8</ele>
    <time>2026-01-09T17:03:03Z</time>
   </trkpt>
   <trkpt lat="40.7268670" lon="-74.0359660">
    <ele>2.8</ele>
    <time>2026-01-09T17:03:04Z</time>
   </trkpt>
   <trkpt lat="40.7268680" lon="-74.0359680">
    <ele>2.8</ele>
    <time>2026-01-09T17:03:05Z</time>
   </trkpt>
   <trkpt lat="40.7268690" lon="-74.0359760">
    <ele>2.8</ele>
    <time>2026-01-09T17:03:06Z</time>
   </trkpt>
   <trkpt lat="40.7268710" lon="-74.0359820">
    <ele>2.8</ele>
    <time>2026-01-09T17:03:07Z</time>
   </trkpt>
   <trkpt lat="40.7268690" lon="-74.0359640">
    <ele>2.8</ele>
    <time>2026-01-09T17:03:08Z</time>
   </trkpt>
   <trkpt lat="40.7268690" lon="-74.0359640">
    <ele>2.8</ele>
    <time>2026-01-09T17:03:09Z</time>
   </trkpt>
   <trkpt lat="40.7268690" lon="-74.0359640">
    <ele>2.8</ele>
    <time>2026-01-09T17:03:10Z</time>
   </trkpt>
   <trkpt lat="40.7268550" lon="-74.0359440">
    <ele>2.8</ele>
    <time>2026-01-09T17:03:11Z</time>
   </trkpt>
   <trkpt lat="40.7268550" lon="-74.0359410">
    <ele>2.8</ele>
    <time>2026-01-09T17:03:12Z</time>
   </trkpt>
   <trkpt lat="40.7268590" lon="-74.0359350">
    <ele>2.8</ele>
    <time>2026-01-09T17:03:13Z</time>
   </trkpt>
   <trkpt lat="40.7268590" lon="-74.0359350">
    <ele>2.8</ele>
    <time>2026-01-09T17:03:14Z</time>
   </trkpt>
   <trkpt lat="40.7268520" lon="-74.0359360">
    <ele>2.8</ele>
    <time>2026-01-09T17:03:15Z</time>
   </trkpt>
   <trkpt lat="40.7268550" lon="-74.0359340">
    <ele>2.8</ele>
    <time>2026-01-09T17:03:16Z</time>
   </trkpt>
   <trkpt lat="40.7268590" lon="-74.0359400">
    <ele>2.8</ele>
    <time>2026-01-09T17:03:17Z</time>
   </trkpt>
   <trkpt lat="40.7268580" lon="-74.0359370">
    <ele>2.8</ele>
    <time>2026-01-09T17:03:18Z</time>
   </trkpt>
   <trkpt lat="40.7268610" lon="-74.0359350">
    <ele>2.8</ele>
    <time>2026-01-09T17:03:19Z</time>
   </trkpt>
   <trkpt lat="40.7268680" lon="-74.0359280">
    <ele>2.8</ele>
    <time>2026-01-09T17:03:20Z</time>
   </trkpt>
   <trkpt lat="40.7268690" lon="-74.0359260">
    <ele>2.8</ele>
    <time>2026-01-09T17:03:21Z</time>
   </trkpt>
   <trkpt lat="40.7268690" lon="-74.0359170">
    <ele>2.8</ele>
    <time>2026-01-09T17:03:22Z</time>
   </trkpt>
   <trkpt lat="40.7268690" lon="-74.0359180">
    <ele>2.8</ele>
    <time>2026-01-09T17:03:23Z</time>
   </trkpt>
   <trkpt lat="40.7268700" lon="-74.0359260">
    <ele>2.8</ele>
    <time>2026-01-09T17:03:24Z</time>
   </trkpt>
   <trkpt lat="40.7268670" lon="-74.0359230">
    <ele>2.8</ele>
    <time>2026-01-09T17:03:25Z</time>
   </trkpt>
   <trkpt lat="40.7268700" lon="-74.0359250">
    <ele>2.8</ele>
    <time>2026-01-09T17:03:26Z</time>
   </trkpt>
   <trkpt lat="40.7268740" lon="-74.0359220">
    <ele>2.8</ele>
    <time>2026-01-09T17:03:27Z</time>
   </trkpt>
   <trkpt lat="40.7268810" lon="-74.0359150">
    <ele>2.8</ele>
    <time>2026-01-09T17:03:28Z</time>
   </trkpt>
   <trkpt lat="40.7268830" lon="-74.0359140">
    <ele>2.8</ele>
    <time>2026-01-09T17:03:29Z</time>
   </trkpt>
   <trkpt lat="40.7268870" lon="-74.0359140">
    <ele>2.8</ele>
    <time>2026-01-09T17:03:30Z</time>
   </trkpt>
   <trkpt lat="40.7268900" lon="-74.0359140">
    <ele>2.8</ele>
    <time>2026-01-09T17:03:31Z</time>
   </trkpt>
   <trkpt lat="40.7268940" lon="-74.0359140">
    <ele>2.8</ele>
    <time>2026-01-09T17:03:32Z</time>
   </trkpt>
   <trkpt lat="40.7268970" lon="-74.0359140">
    <ele>2.8</ele>
    <time>2026-01-09T17:03:33Z</time>
   </trkpt>
   <trkpt lat="40.7269010" lon="-74.0359130">
    <ele>2.8</ele>
    <time>2026-01-09T17:03:34Z</time>
   </trkpt>
   <trkpt lat="40.7269040" lon="-74.0359130">
    <ele>2.8</ele>
    <time>2026-01-09T17:03:35Z</time>
   </trkpt>
   <trkpt lat="40.7269080" lon="-74.0359130">
    <ele>2.8</ele>
    <time>2026-01-09T17:03:36Z</time>
   </trkpt>
   <trkpt lat="40.7269110" lon="-74.0359130">
    <ele>2.8</ele>
    <time>2026-01-09T17:03:37Z</time>
   </trkpt>
   <trkpt lat="40.7269150" lon="-74.0359130">
    <ele>2.8</ele>
    <time>2026-01-09T17:03:38Z</time>
   </trkpt>
   <trkpt lat="40.7269180" lon="-74.0359130">
    <ele>2.8</ele>
    <time>2026-01-09T17:03:39Z</time>
   </trkpt>
   <trkpt lat="40.7269470" lon="-74.0359240">
    <ele>2.8</ele>
    <time>2026-01-09T17:03:40Z</time>
   </trkpt>
   <trkpt lat="40.7269560" lon="-74.0359280">
    <ele>2.8</ele>
    <time>2026-01-09T17:03:41Z</time>
   </trkpt>
   <trkpt lat="40.7269590" lon="-74.0359270">
    <ele>2.8</ele>
    <time>2026-01-09T17:03:42Z</time>
   </trkpt>
   <trkpt lat="40.7269610" lon="-74.0359260">
    <ele>2.8</ele>
    <time>2026-01-09T17:03:43Z</time>
   </trkpt>
   <trkpt lat="40.7269640" lon="-74.0359250">
    <ele>2.8</ele>
    <time>2026-01-09T17:03:44Z</time>
   </trkpt>
   <trkpt lat="40.7269670" lon="-74.0359240">
    <ele>2.8</ele>
    <time>2026-01-09T17:03:45Z</time>
   </trkpt>
   <trkpt lat="40.7269700" lon="-74.0359230">
    <ele>2.8</ele>
    <time>2026-01-09T17:03:46Z</time>
   </trkpt>
   <trkpt lat="40.7269730" lon="-74.0359220">
    <ele>2.8</ele>
    <time>2026-01-09T17:03:47Z</time>
   </trkpt>
   <trkpt lat="40.7269750" lon="-74.0359200">
    <ele>2.8</ele>
    <time>2026-01-09T17:03:48Z</time>
   </trkpt>
   <trkpt lat="40.7269780" lon="-74.0359190">
    <ele>2.8</ele>
    <time>2026-01-09T17:03:49Z</time>
   </trkpt>
   <trkpt lat="40.7269810" lon="-74.0359180">
    <ele>2.8</ele>
    <time>2026-01-09T17:03:50Z</time>
   </trkpt>
   <trkpt lat="40.7269840" lon="-74.0359170">
    <ele>2.8</ele>
    <time>2026-01-09T17:03:51Z</time>
   </trkpt>
   <trkpt lat="40.7269860" lon="-74.0359160">
    <ele>2.8</ele>
    <time>2026-01-09T17:03:52Z</time>
   </trkpt>
   <trkpt lat="40.7269890" lon="-74.0359150">
    <ele>2.8</ele>
    <time>2026-01-09T17:03:53Z</time>
   </trkpt>
   <trkpt lat="40.7269920" lon="-74.0359140">
    <ele>2.8</ele>
    <time>2026-01-09T17:03:54Z</time>
   </trkpt>
   <trkpt lat="40.7270220" lon="-74.0359070">
    <ele>2.8</ele>
    <time>2026-01-09T17:03:55Z</time>
   </trkpt>
   <trkpt lat="40.7270600" lon="-74.0359150">
    <ele>2.9</ele>
    <time>2026-01-09T17:03:56Z</time>
   </trkpt>
   <trkpt lat="40.7270730" lon="-74.0359200">
    <ele>2.9</ele>
    <time>2026-01-09T17:03:57Z</time>
   </trkpt>
   <trkpt lat="40.7271060" lon="-74.0359320">
    <ele>2.9</ele>
    <time>2026-01-09T17:03:58Z</time>
   </trkpt>
   <trkpt lat="40.7271140" lon="-74.0359460">
    <ele>2.9</ele>
    <time>2026-01-09T17:03:59Z</time>
   </trkpt>
   <trkpt lat="40.7271260" lon="-74.0359540">
    <ele>2.9</ele>
    <time>2026-01-09T17:04:00Z</time>
   </trkpt>
   <trkpt lat="40.7271060" lon="-74.0359860">
    <ele>2.8</ele>
    <time>2026-01-09T17:04:01Z</time>
   </trkpt>
   <trkpt lat="40.7271190" lon="-74.0360190">
    <ele>2.8</ele>
    <time>2026-01-09T17:04:02Z</time>
   </trkpt>
   <trkpt lat="40.7271230" lon="-74.0360310">
    <ele>2.8</ele>
    <time>2026-01-09T17:04:03Z</time>
   </trkpt>
   <trkpt lat="40.7271200" lon="-74.0360540">
    <ele>2.8</ele>
    <time>2026-01-09T17:04:04Z</time>
   </trkpt>
   <trkpt lat="40.7271150" lon="-74.0360680">
    <ele>2.8</ele>
    <time>2026-01-09T17:04:05Z</time>
   </trkpt>
   <trkpt lat="40.7271100" lon="-74.0360830">
    <ele>2.8</ele>
    <time>2026-01-09T17:04:06Z</time>
   </trkpt>
   <trkpt lat="40.7271050" lon="-74.0360970">
    <ele>2.8</ele>
    <time>2026-01-09T17:04:07Z</time>
   </trkpt>
   <trkpt lat="40.7270810" lon="-74.0361120">
    <ele>2.8</ele>
    <time>2026-01-09T17:04:08Z</time>
   </trkpt>
   <trkpt lat="40.7270710" lon="-74.0361160">
    <ele>2.8</ele>
    <time>2026-01-09T17:04:09Z</time>
   </trkpt>
   <trkpt lat="40.7270390" lon="-74.0361230">
    <ele>2.8</ele>
    <time>2026-01-09T17:04:10Z</time>
   </trkpt>
   <trkpt lat="40.7270100" lon="-74.0361310">
    <ele>2.9</ele>
    <time>2026-01-09T17:04:11Z</time>
   </trkpt>
   <trkpt lat="40.7269710" lon="-74.0361350">
    <ele>2.9</ele>
    <time>2026-01-09T17:04:12Z</time>
   </trkpt>
   <trkpt lat="40.7269420" lon="-74.0361300">
    <ele>2.9</ele>
    <time>2026-01-09T17:04:13Z</time>
   </trkpt>
   <trkpt lat="40.7269130" lon="-74.0361300">
    <ele>2.9</ele>
    <time>2026-01-09T17:04:14Z</time>
   </trkpt>
   <trkpt lat="40.7268860" lon="-74.0361330">
    <ele>2.9</ele>
    <time>2026-01-09T17:04:15Z</time>
   </trkpt>
   <trkpt lat="40.7268710" lon="-74.0361360">
    <ele>2.9</ele>
    <time>2026-01-09T17:04:17Z</time>
   </trkpt>
   <trkpt lat="40.7268520" lon="-74.0361440">
    <ele>3.0</ele>
    <time>2026-01-09T17:04:18Z</time>
   </trkpt>
   <trkpt lat="40.7268490" lon="-74.0361470">
    <ele>3.0</ele>
    <time>2026-01-09T17:04:19Z</time>
   </trkpt>
   <trkpt lat="40.7268470" lon="-74.0361510">
    <ele>3.0</ele>
    <time>2026-01-09T17:04:20Z</time>
   </trkpt>
   <trkpt lat="40.7268440" lon="-74.0361550">
    <ele>3.0</ele>
    <time>2026-01-09T17:04:21Z</time>
   </trkpt>
   <trkpt lat="40.7268410" lon="-74.0361580">
    <ele>3.0</ele>
    <time>2026-01-09T17:04:22Z</time>
   </trkpt>
   <trkpt lat="40.7268380" lon="-74.0361620">
    <ele>3.0</ele>
    <time>2026-01-09T17:04:23Z</time>
   </trkpt>
   <trkpt lat="40.7268010" lon="-74.0361990">
    <ele>3.0</ele>
    <time>2026-01-09T17:04:24Z</time>
   </trkpt>
   <trkpt lat="40.7267580" lon="-74.0362150">
    <ele>3.0</ele>
    <time>2026-01-09T17:04:25Z</time>
   </trkpt>
   <trkpt lat="40.7267190" lon="-74.0362250">
    <ele>3.0</ele>
    <time>2026-01-09T17:04:26Z</time>
   </trkpt>
   <trkpt lat="40.7266720" lon="-74.0362290">
    <ele>2.9</ele>
    <time>2026-01-09T17:04:27Z</time>
   </trkpt>
   <trkpt lat="40.7266380" lon="-74.0362480">
    <ele>2.9</ele>
    <time>2026-01-09T17:04:28Z</time>
   </trkpt>
   <trkpt lat="40.7265840" lon="-74.0362870">
    <ele>2.9</ele>
    <time>2026-01-09T17:04:29Z</time>
   </trkpt>
   <trkpt lat="40.7264950" lon="-74.0363270">
    <ele>2.9</ele>
    <time>2026-01-09T17:04:30Z</time>
   </trkpt>
   <trkpt lat="40.7264500" lon="-74.0363420">
    <ele>2.9</ele>
    <time>2026-01-09T17:04:31Z</time>
   </trkpt>
   <trkpt lat="40.7263980" lon="-74.0363580">
    <ele>2.9</ele>
    <time>2026-01-09T17:04:32Z</time>
   </trkpt>
   <trkpt lat="40.7263370" lon="-74.0363670">
    <ele>2.9</ele>
    <time>2026-01-09T17:04:33Z</time>
   </trkpt>
   <trkpt lat="40.7262810" lon="-74.0363700">
    <ele>2.9</ele>
    <time>2026-01-09T17:04:34Z</time>
   </trkpt>
   <trkpt lat="40.7262220" lon="-74.0363800">
    <ele>2.9</ele>
    <time>2026-01-09T17:04:35Z</time>
   </trkpt>
   <trkpt lat="40.7261650" lon="-74.0363950">
    <ele>2.9</ele>
    <time>2026-01-09T17:04:36Z</time>
   </trkpt>
   <trkpt lat="40.7261060" lon="-74.0364010">
    <ele>2.9</ele>
    <time>2026-01-09T17:04:37Z</time>
   </trkpt>
   <trkpt lat="40.7260480" lon="-74.0363990">
    <ele>2.9</ele>
    <time>2026-01-09T17:04:38Z</time>
   </trkpt>
   <trkpt lat="40.7259920" lon="-74.0364100">
    <ele>2.9</ele>
    <time>2026-01-09T17:04:39Z</time>
   </trkpt>
   <trkpt lat="40.7259430" lon="-74.0364340">
    <ele>2.9</ele>
    <time>2026-01-09T17:04:40Z</time>
   </trkpt>
   <trkpt lat="40.7258960" lon="-74.0364300">
    <ele>2.9</ele>
    <time>2026-01-09T17:04:41Z</time>
   </trkpt>
   <trkpt lat="40.7258380" lon="-74.0364250">
    <ele>2.9</ele>
    <time>2026-01-09T17:04:42Z</time>
   </trkpt>
   <trkpt lat="40.7257940" lon="-74.0364260">
    <ele>2.8</ele>
    <time>2026-01-09T17:04:43Z</time>
   </trkpt>
   <trkpt lat="40.7257810" lon="-74.0365140">
    <ele>2.8</ele>
    <time>2026-01-09T17:04:44Z</time>
   </trkpt>
   <trkpt lat="40.7257800" lon="-74.0365880">
    <ele>2.8</ele>
    <time>2026-01-09T17:04:45Z</time>
   </trkpt>
   <trkpt lat="40.7257830" lon="-74.0366400">
    <ele>2.8</ele>
    <time>2026-01-09T17:04:46Z</time>
   </trkpt>
   <trkpt lat="40.7258050" lon="-74.0367140">
    <ele>2.7</ele>
    <time>2026-01-09T17:04:47Z</time>
   </trkpt>
   <trkpt lat="40.7258150" lon="-74.0367760">
    <ele>2.7</ele>
    <time>2026-01-09T17:04:48Z</time>
   </trkpt>
   <trkpt lat="40.7258300" lon="-74.0368420">
    <ele>2.7</ele>
    <time>2026-01-09T17:04:49Z</time>
   </trkpt>
   <trkpt lat="40.7258340" lon="-74.0369160">
    <ele>2.7</ele>
    <time>2026-01-09T17:04:50Z</time>
   </trkpt>
   <trkpt lat="40.7258490" lon="-74.0369970">
    <ele>2.8</ele>
    <time>2026-01-09T17:04:51Z</time>
   </trkpt>
   <trkpt lat="40.7258620" lon="-74.0370760">
    <ele>2.8</ele>
    <time>2026-01-09T17:04:52Z</time>
   </trkpt>
   <trkpt lat="40.7258740" lon="-74.0371520">
    <ele>2.8</ele>
    <time>2026-01-09T17:04:53Z</time>
   </trkpt>
   <trkpt lat="40.7258830" lon="-74.0372250">
    <ele>2.8</ele>
    <time>2026-01-09T17:04:54Z</time>
   </trkpt>
   <trkpt lat="40.7258910" lon="-74.0372830">
    <ele>2.8</ele>
    <time>2026-01-09T17:04:55Z</time>
   </trkpt>
   <trkpt lat="40.7259010" lon="-74.0373570">
    <ele>2.9</ele>
    <time>2026-01-09T17:04:56Z</time>
   </trkpt>
   <trkpt lat="40.7258990" lon="-74.0374240">
    <ele>2.9</ele>
    <time>2026-01-09T17:04:57Z</time>
   </trkpt>
   <trkpt lat="40.7258740" lon="-74.0374860">
    <ele>2.9</ele>
    <time>2026-01-09T17:04:58Z</time>
   </trkpt>
   <trkpt lat="40.7258340" lon="-74.0375320">
    <ele>2.9</ele>
    <time>2026-01-09T17:04:59Z</time>
   </trkpt>
   <trkpt lat="40.7257820" lon="-74.0375630">
    <ele>2.9</ele>
    <time>2026-01-09T17:05:00Z</time>
   </trkpt>
   <trkpt lat="40.7257230" lon="-74.0375860">
    <ele>2.9</ele>
    <time>2026-01-09T17:05:01Z</time>
   </trkpt>
   <trkpt lat="40.7256680" lon="-74.0375920">
    <ele>2.8</ele>
    <time>2026-01-09T17:05:02Z</time>
   </trkpt>
   <trkpt lat="40.7256110" lon="-74.0375900">
    <ele>2.8</ele>
    <time>2026-01-09T17:05:03Z</time>
   </trkpt>
   <trkpt lat="40.7255470" lon="-74.0375920">
    <ele>2.8</ele>
    <time>2026-01-09T17:05:04Z</time>
   </trkpt>
   <trkpt lat="40.7254880" lon="-74.0375980">
    <ele>2.8</ele>
    <time>2026-01-09T17:05:05Z</time>
   </trkpt>
   <trkpt lat="40.7254370" lon="-74.0376100">
    <ele>2.8</ele>
    <time>2026-01-09T17:05:06Z</time>
   </trkpt>
   <trkpt lat="40.7253770" lon="-74.0376110">
    <ele>2.8</ele>
    <time>2026-01-09T17:05:07Z</time>
   </trkpt>
   <trkpt lat="40.7253200" lon="-74.0376090">
    <ele>2.8</ele>
    <time>2026-01-09T17:05:08Z</time>
   </trkpt>
   <trkpt lat="40.7252700" lon="-74.0376020">
    <ele>2.8</ele>
    <time>2026-01-09T17:05:09Z</time>
   </trkpt>
   <trkpt lat="40.7252240" lon="-74.0376010">
    <ele>2.8</ele>
    <time>2026-01-09T17:05:10Z</time>
   </trkpt>
   <trkpt lat="40.7251660" lon="-74.0375970">
    <ele>2.8</ele>
    <time>2026-01-09T17:05:11Z</time>
   </trkpt>
   <trkpt lat="40.7251340" lon="-74.0376060">
    <ele>2.8</ele>
    <time>2026-01-09T17:05:12Z</time>
   </trkpt>
   <trkpt lat="40.7250920" lon="-74.0376110">
    <ele>2.8</ele>
    <time>2026-01-09T17:05:13Z</time>
   </trkpt>
   <trkpt lat="40.7250560" lon="-74.0376030">
    <ele>2.8</ele>
    <time>2026-01-09T17:05:14Z</time>
   </trkpt>
   <trkpt lat="40.7250030" lon="-74.0376180">
    <ele>2.8</ele>
    <time>2026-01-09T17:05:15Z</time>
   </trkpt>
   <trkpt lat="40.7249550" lon="-74.0376280">
    <ele>2.8</ele>
    <time>2026-01-09T17:05:16Z</time>
   </trkpt>
   <trkpt lat="40.7249130" lon="-74.0376440">
    <ele>2.8</ele>
    <time>2026-01-09T17:05:17Z</time>
   </trkpt>
   <trkpt lat="40.7248680" lon="-74.0376530">
    <ele>2.8</ele>
    <time>2026-01-09T17:05:18Z</time>
   </trkpt>
   <trkpt lat="40.7248180" lon="-74.0376640">
    <ele>2.8</ele>
    <time>2026-01-09T17:05:19Z</time>
   </trkpt>
   <trkpt lat="40.7247740" lon="-74.0376810">
    <ele>2.8</ele>
    <time>2026-01-09T17:05:20Z</time>
   </trkpt>
   <trkpt lat="40.7247340" lon="-74.0376960">
    <ele>2.8</ele>
    <time>2026-01-09T17:05:21Z</time>
   </trkpt>
   <trkpt lat="40.7247050" lon="-74.0377150">
    <ele>2.9</ele>
    <time>2026-01-09T17:05:22Z</time>
   </trkpt>
   <trkpt lat="40.7246710" lon="-74.0377480">
    <ele>2.9</ele>
    <time>2026-01-09T17:05:23Z</time>
   </trkpt>
   <trkpt lat="40.7246780" lon="-74.0378170">
    <ele>3.0</ele>
    <time>2026-01-09T17:05:24Z</time>
   </trkpt>
   <trkpt lat="40.7246880" lon="-74.0378820">
    <ele>3.0</ele>
    <time>2026-01-09T17:05:25Z</time>
   </trkpt>
   <trkpt lat="40.7247030" lon="-74.0379660">
    <ele>3.0</ele>
    <time>2026-01-09T17:05:26Z</time>
   </trkpt>
   <trkpt lat="40.7247050" lon="-74.0380440">
    <ele>3.0</ele>
    <time>2026-01-09T17:05:27Z</time>
   </trkpt>
   <trkpt lat="40.7247140" lon="-74.0381380">
    <ele>3.0</ele>
    <time>2026-01-09T17:05:28Z</time>
   </trkpt>
   <trkpt lat="40.7247190" lon="-74.0382260">
    <ele>3.0</ele>
    <time>2026-01-09T17:05:29Z</time>
   </trkpt>
   <trkpt lat="40.7247310" lon="-74.0383130">
    <ele>3.1</ele>
    <time>2026-01-09T17:05:30Z</time>
   </trkpt>
   <trkpt lat="40.7247460" lon="-74.0383950">
    <ele>3.1</ele>
    <time>2026-01-09T17:05:31Z</time>
   </trkpt>
   <trkpt lat="40.7247510" lon="-74.0384650">
    <ele>3.1</ele>
    <time>2026-01-09T17:05:32Z</time>
   </trkpt>
   <trkpt lat="40.7247580" lon="-74.0385390">
    <ele>3.1</ele>
    <time>2026-01-09T17:05:33Z</time>
   </trkpt>
   <trkpt lat="40.7247650" lon="-74.0386060">
    <ele>3.1</ele>
    <time>2026-01-09T17:05:34Z</time>
   </trkpt>
   <trkpt lat="40.7247690" lon="-74.0386740">
    <ele>3.1</ele>
    <time>2026-01-09T17:05:35Z</time>
   </trkpt>
   <trkpt lat="40.7247740" lon="-74.0387350">
    <ele>3.1</ele>
    <time>2026-01-09T17:05:36Z</time>
   </trkpt>
   <trkpt lat="40.7247810" lon="-74.0388000">
    <ele>3.2</ele>
    <time>2026-01-09T17:05:37Z</time>
   </trkpt>
   <trkpt lat="40.7247880" lon="-74.0388710">
    <ele>3.2</ele>
    <time>2026-01-09T17:05:38Z</time>
   </trkpt>
   <trkpt lat="40.7247960" lon="-74.0389450">
    <ele>3.2</ele>
    <time>2026-01-09T17:05:39Z</time>
   </trkpt>
   <trkpt lat="40.7248110" lon="-74.0390130">
    <ele>3.2</ele>
    <time>2026-01-09T17:05:40Z</time>
   </trkpt>
   <trkpt lat="40.7248270" lon="-74.0390730">
    <ele>3.2</ele>
    <time>2026-01-09T17:05:41Z</time>
   </trkpt>
   <trkpt lat="40.7248310" lon="-74.0391370">
    <ele>3.2</ele>
    <time>2026-01-09T17:05:42Z</time>
   </trkpt>
   <trkpt lat="40.7248360" lon="-74.0391990">
    <ele>3.2</ele>
    <time>2026-01-09T17:05:43Z</time>
   </trkpt>
   <trkpt lat="40.7248550" lon="-74.0392660">
    <ele>3.3</ele>
    <time>2026-01-09T17:05:44Z</time>
   </trkpt>
   <trkpt lat="40.7248810" lon="-74.0393250">
    <ele>3.3</ele>
    <time>2026-01-09T17:05:45Z</time>
   </trkpt>
   <trkpt lat="40.7249100" lon="-74.0393870">
    <ele>3.3</ele>
    <time>2026-01-09T17:05:46Z</time>
   </trkpt>
   <trkpt lat="40.7249410" lon="-74.0394530">
    <ele>3.3</ele>
    <time>2026-01-09T17:05:47Z</time>
   </trkpt>
   <trkpt lat="40.7249690" lon="-74.0395210">
    <ele>3.3</ele>
    <time>2026-01-09T17:05:48Z</time>
   </trkpt>
   <trkpt lat="40.7249930" lon="-74.0395900">
    <ele>3.3</ele>
    <time>2026-01-09T17:05:49Z</time>
   </trkpt>
   <trkpt lat="40.7250150" lon="-74.0396540">
    <ele>3.3</ele>
    <time>2026-01-09T17:05:50Z</time>
   </trkpt>
   <trkpt lat="40.7250390" lon="-74.0397220">
    <ele>3.2</ele>
    <time>2026-01-09T17:05:51Z</time>
   </trkpt>
   <trkpt lat="40.7250520" lon="-74.0397850">
    <ele>3.2</ele>
    <time>2026-01-09T17:05:52Z</time>
   </trkpt>
   <trkpt lat="40.7250680" lon="-74.0398560">
    <ele>3.2</ele>
    <time>2026-01-09T17:05:53Z</time>
   </trkpt>
   <trkpt lat="40.7250860" lon="-74.0399250">
    <ele>3.1</ele>
    <time>2026-01-09T17:05:54Z</time>
   </trkpt>
   <trkpt lat="40.7250970" lon="-74.0399910">
    <ele>3.1</ele>
    <time>2026-01-09T17:05:55Z</time>
   </trkpt>
   <trkpt lat="40.7251020" lon="-74.0400590">
    <ele>3.1</ele>
    <time>2026-01-09T17:05:56Z</time>
   </trkpt>
   <trkpt lat="40.7251050" lon="-74.0401290">
    <ele>3.1</ele>
    <time>2026-01-09T17:05:57Z</time>
   </trkpt>
   <trkpt lat="40.7251120" lon="-74.0401960">
    <ele>3.0</ele>
    <time>2026-01-09T17:05:58Z</time>
   </trkpt>
   <trkpt lat="40.7251180" lon="-74.0402540">
    <ele>3.0</ele>
    <time>2026-01-09T17:05:59Z</time>
   </trkpt>
   <trkpt lat="40.7251260" lon="-74.0402980">
    <ele>3.0</ele>
    <time>2026-01-09T17:06:00Z</time>
   </trkpt>
   <trkpt lat="40.7251300" lon="-74.0403180">
    <ele>3.0</ele>
    <time>2026-01-09T17:06:01Z</time>
   </trkpt>
   <trkpt lat="40.7251280" lon="-74.0403330">
    <ele>3.1</ele>
    <time>2026-01-09T17:06:02Z</time>
   </trkpt>
   <trkpt lat="40.7251250" lon="-74.0403430">
    <ele>3.1</ele>
    <time>2026-01-09T17:06:03Z</time>
   </trkpt>
   <trkpt lat="40.7251250" lon="-74.0403400">
    <ele>3.1</ele>
    <time>2026-01-09T17:06:04Z</time>
   </trkpt>
   <trkpt lat="40.7251250" lon="-74.0403370">
    <ele>3.1</ele>
    <time>2026-01-09T17:06:05Z</time>
   </trkpt>
   <trkpt lat="40.7251250" lon="-74.0403370">
    <ele>3.1</ele>
    <time>2026-01-09T17:06:06Z</time>
   </trkpt>
   <trkpt lat="40.7251250" lon="-74.0403370">
    <ele>3.1</ele>
    <time>2026-01-09T17:06:07Z</time>
   </trkpt>
   <trkpt lat="40.7251250" lon="-74.0403370">
    <ele>3.1</ele>
    <time>2026-01-09T17:06:08Z</time>
   </trkpt>
   <trkpt lat="40.7251250" lon="-74.0403370">
    <ele>3.1</ele>
    <time>2026-01-09T17:06:09Z</time>
   </trkpt>
   <trkpt lat="40.7251190" lon="-74.0403380">
    <ele>3.1</ele>
    <time>2026-01-09T17:06:10Z</time>
   </trkpt>
   <trkpt lat="40.7251180" lon="-74.0403550">
    <ele>3.2</ele>
    <time>2026-01-09T17:06:11Z</time>
   </trkpt>
   <trkpt lat="40.7251130" lon="-74.0403810">
    <ele>3.3</ele>
    <time>2026-01-09T17:06:12Z</time>
   </trkpt>
   <trkpt lat="40.7251080" lon="-74.0404400">
    <ele>3.5</ele>
    <time>2026-01-09T17:06:13Z</time>
   </trkpt>
   <trkpt lat="40.7251060" lon="-74.0404680">
    <ele>3.5</ele>
    <time>2026-01-09T17:06:14Z</time>
   </trkpt>
   <trkpt lat="40.7251060" lon="-74.0405190">
    <ele>3.6</ele>
    <time>2026-01-09T17:06:15Z</time>
   </trkpt>
   <trkpt lat="40.7251080" lon="-74.0405890">
    <ele>3.7</ele>
    <time>2026-01-09T17:06:16Z</time>
   </trkpt>
   <trkpt lat="40.7251060" lon="-74.0406600">
    <ele>3.7</ele>
    <time>2026-01-09T17:06:17Z</time>
   </trkpt>
   <trkpt lat="40.7251140" lon="-74.0407340">
    <ele>3.7</ele>
    <time>2026-01-09T17:06:18Z</time>
   </trkpt>
   <trkpt lat="40.7251220" lon="-74.0408060">
    <ele>3.8</ele>
    <time>2026-01-09T17:06:19Z</time>
   </trkpt>
   <trkpt lat="40.7251290" lon="-74.0408800">
    <ele>3.8</ele>
    <time>2026-01-09T17:06:20Z</time>
   </trkpt>
   <trkpt lat="40.7251350" lon="-74.0409610">
    <ele>3.9</ele>
    <time>2026-01-09T17:06:21Z</time>
   </trkpt>
   <trkpt lat="40.7251400" lon="-74.0410370">
    <ele>3.9</ele>
    <time>2026-01-09T17:06:22Z</time>
   </trkpt>
   <trkpt lat="40.7251500" lon="-74.0411150">
    <ele>4.0</ele>
    <time>2026-01-09T17:06:23Z</time>
   </trkpt>
   <trkpt lat="40.7251570" lon="-74.0411980">
    <ele>4.0</ele>
    <time>2026-01-09T17:06:24Z</time>
   </trkpt>
   <trkpt lat="40.7251620" lon="-74.0412840">
    <ele>4.1</ele>
    <time>2026-01-09T17:06:25Z</time>
   </trkpt>
   <trkpt lat="40.7251740" lon="-74.0413730">
    <ele>4.1</ele>
    <time>2026-01-09T17:06:26Z</time>
   </trkpt>
   <trkpt lat="40.7251810" lon="-74.0414560">
    <ele>4.2</ele>
    <time>2026-01-09T17:06:27Z</time>
   </trkpt>
   <trkpt lat="40.7251860" lon="-74.0415340">
    <ele>4.2</ele>
    <time>2026-01-09T17:06:28Z</time>
   </trkpt>
   <trkpt lat="40.7251900" lon="-74.0416080">
    <ele>4.3</ele>
    <time>2026-01-09T17:06:29Z</time>
   </trkpt>
   <trkpt lat="40.7251980" lon="-74.0416820">
    <ele>4.3</ele>
    <time>2026-01-09T17:06:30Z</time>
   </trkpt>
   <trkpt lat="40.7252060" lon="-74.0417510">
    <ele>4.3</ele>
    <time>2026-01-09T17:06:31Z</time>
   </trkpt>
   <trkpt lat="40.7252140" lon="-74.0418210">
    <ele>4.4</ele>
    <time>2026-01-09T17:06:32Z</time>
   </trkpt>
   <trkpt lat="40.7252200" lon="-74.0418850">
    <ele>4.4</ele>
    <time>2026-01-09T17:06:33Z</time>
   </trkpt>
   <trkpt lat="40.7252230" lon="-74.0419320">
    <ele>4.4</ele>
    <time>2026-01-09T17:06:34Z</time>
   </trkpt>
   <trkpt lat="40.7252290" lon="-74.0419610">
    <ele>4.4</ele>
    <time>2026-01-09T17:06:35Z</time>
   </trkpt>
   <trkpt lat="40.7252310" lon="-74.0419730">
    <ele>4.4</ele>
    <time>2026-01-09T17:06:36Z</time>
   </trkpt>
   <trkpt lat="40.7252320" lon="-74.0419840">
    <ele>4.4</ele>
    <time>2026-01-09T17:06:37Z</time>
   </trkpt>
   <trkpt lat="40.7252310" lon="-74.0419990">
    <ele>4.4</ele>
    <time>2026-01-09T17:06:38Z</time>
   </trkpt>
   <trkpt lat="40.7252300" lon="-74.0420070">
    <ele>4.4</ele>
    <time>2026-01-09T17:06:39Z</time>
   </trkpt>
   <trkpt lat="40.7252270" lon="-74.0420030">
    <ele>4.4</ele>
    <time>2026-01-09T17:06:40Z</time>
   </trkpt>
   <trkpt lat="40.7252250" lon="-74.0420050">
    <ele>4.4</ele>
    <time>2026-01-09T17:06:41Z</time>
   </trkpt>
   <trkpt lat="40.7252250" lon="-74.0420050">
    <ele>4.4</ele>
    <time>2026-01-09T17:06:42Z</time>
   </trkpt>
   <trkpt lat="40.7252250" lon="-74.0420050">
    <ele>4.4</ele>
    <time>2026-01-09T17:06:43Z</time>
   </trkpt>
   <trkpt lat="40.7252260" lon="-74.0420050">
    <ele>4.4</ele>
    <time>2026-01-09T17:06:44Z</time>
   </trkpt>
   <trkpt lat="40.7252270" lon="-74.0420050">
    <ele>4.4</ele>
    <time>2026-01-09T17:06:45Z</time>
   </trkpt>
   <trkpt lat="40.7252260" lon="-74.0420040">
    <ele>4.4</ele>
    <time>2026-01-09T17:06:46Z</time>
   </trkpt>
   <trkpt lat="40.7252240" lon="-74.0420040">
    <ele>4.4</ele>
    <time>2026-01-09T17:06:47Z</time>
   </trkpt>
   <trkpt lat="40.7252250" lon="-74.0420030">
    <ele>4.4</ele>
    <time>2026-01-09T17:06:48Z</time>
   </trkpt>
   <trkpt lat="40.7252250" lon="-74.0420030">
    <ele>4.4</ele>
    <time>2026-01-09T17:06:49Z</time>
   </trkpt>
   <trkpt lat="40.7252250" lon="-74.0420030">
    <ele>4.4</ele>
    <time>2026-01-09T17:06:50Z</time>
   </trkpt>
   <trkpt lat="40.7252250" lon="-74.0420030">
    <ele>4.4</ele>
    <time>2026-01-09T17:06:51Z</time>
   </trkpt>
   <trkpt lat="40.7252250" lon="-74.0420030">
    <ele>4.4</ele>
    <time>2026-01-09T17:06:52Z</time>
   </trkpt>
   <trkpt lat="40.7252250" lon="-74.0420030">
    <ele>4.4</ele>
    <time>2026-01-09T17:06:53Z</time>
   </trkpt>
   <trkpt lat="40.7252250" lon="-74.0420030">
    <ele>4.4</ele>
    <time>2026-01-09T17:06:54Z</time>
   </trkpt>
   <trkpt lat="40.7252170" lon="-74.0420190">
    <ele>4.4</ele>
    <time>2026-01-09T17:06:55Z</time>
   </trkpt>
   <trkpt lat="40.7252210" lon="-74.0420470">
    <ele>4.4</ele>
    <time>2026-01-09T17:06:56Z</time>
   </trkpt>
   <trkpt lat="40.7252260" lon="-74.0420630">
    <ele>4.4</ele>
    <time>2026-01-09T17:06:57Z</time>
   </trkpt>
   <trkpt lat="40.7252300" lon="-74.0420800">
    <ele>4.4</ele>
    <time>2026-01-09T17:06:58Z</time>
   </trkpt>
   <trkpt lat="40.7252320" lon="-74.0421210">
    <ele>4.3</ele>
    <time>2026-01-09T17:06:59Z</time>
   </trkpt>
   <trkpt lat="40.7252290" lon="-74.0421780">
    <ele>4.1</ele>
    <time>2026-01-09T17:07:00Z</time>
   </trkpt>
   <trkpt lat="40.7252270" lon="-74.0422370">
    <ele>4.1</ele>
    <time>2026-01-09T17:07:01Z</time>
   </trkpt>
   <trkpt lat="40.7252200" lon="-74.0422940">
    <ele>4.1</ele>
    <time>2026-01-09T17:07:02Z</time>
   </trkpt>
   <trkpt lat="40.7252270" lon="-74.0423610">
    <ele>4.0</ele>
    <time>2026-01-09T17:07:03Z</time>
   </trkpt>
   <trkpt lat="40.7252300" lon="-74.0424290">
    <ele>4.0</ele>
    <time>2026-01-09T17:07:04Z</time>
   </trkpt>
   <trkpt lat="40.7252340" lon="-74.0425060">
    <ele>4.0</ele>
    <time>2026-01-09T17:07:05Z</time>
   </trkpt>
   <trkpt lat="40.7252420" lon="-74.0425880">
    <ele>4.0</ele>
    <time>2026-01-09T17:07:06Z</time>
   </trkpt>
   <trkpt lat="40.7252540" lon="-74.0426710">
    <ele>3.9</ele>
    <time>2026-01-09T17:07:07Z</time>
   </trkpt>
   <trkpt lat="40.7252660" lon="-74.0427630">
    <ele>3.9</ele>
    <time>2026-01-09T17:07:08Z</time>
   </trkpt>
   <trkpt lat="40.7252660" lon="-74.0428560">
    <ele>3.8</ele>
    <time>2026-01-09T17:07:09Z</time>
   </trkpt>
   <trkpt lat="40.7252770" lon="-74.0429560">
    <ele>3.7</ele>
    <time>2026-01-09T17:07:10Z</time>
   </trkpt>
   <trkpt lat="40.7252900" lon="-74.0430520">
    <ele>3.7</ele>
    <time>2026-01-09T17:07:11Z</time>
   </trkpt>
   <trkpt lat="40.7253200" lon="-74.0431430">
    <ele>3.6</ele>
    <time>2026-01-09T17:07:12Z</time>
   </trkpt>
   <trkpt lat="40.7253400" lon="-74.0432340">
    <ele>3.5</ele>
    <time>2026-01-09T17:07:13Z</time>
   </trkpt>
   <trkpt lat="40.7253410" lon="-74.0433260">
    <ele>3.5</ele>
    <time>2026-01-09T17:07:14Z</time>
   </trkpt>
   <trkpt lat="40.7253460" lon="-74.0434220">
    <ele>3.5</ele>
    <time>2026-01-09T17:07:15Z</time>
   </trkpt>
   <trkpt lat="40.7253540" lon="-74.0435110">
    <ele>3.4</ele>
    <time>2026-01-09T17:07:16Z</time>
   </trkpt>
   <trkpt lat="40.7253620" lon="-74.0435930">
    <ele>3.4</ele>
    <time>2026-01-09T17:07:17Z</time>
   </trkpt>
   <trkpt lat="40.7253720" lon="-74.0436750">
    <ele>3.4</ele>
    <time>2026-01-09T17:07:18Z</time>
   </trkpt>
   <trkpt lat="40.7253760" lon="-74.0437570">
    <ele>3.4</ele>
    <time>2026-01-09T17:07:19Z</time>
   </trkpt>
   <trkpt lat="40.7253870" lon="-74.0438350">
    <ele>3.3</ele>
    <time>2026-01-09T17:07:20Z</time>
   </trkpt>
   <trkpt lat="40.7253910" lon="-74.0439200">
    <ele>3.3</ele>
    <time>2026-01-09T17:07:21Z</time>
   </trkpt>
   <trkpt lat="40.7253950" lon="-74.0440110">
    <ele>3.2</ele>
    <time>2026-01-09T17:07:22Z</time>
   </trkpt>
   <trkpt lat="40.7254050" lon="-74.0440940">
    <ele>3.2</ele>
    <time>2026-01-09T17:07:23Z</time>
   </trkpt>
   <trkpt lat="40.7254150" lon="-74.0441760">
    <ele>3.1</ele>
    <time>2026-01-09T17:07:24Z</time>
   </trkpt>
   <trkpt lat="40.7254250" lon="-74.0442580">
    <ele>3.1</ele>
    <time>2026-01-09T17:07:25Z</time>
   </trkpt>
   <trkpt lat="40.7254240" lon="-74.0443380">
    <ele>3.1</ele>
    <time>2026-01-09T17:07:26Z</time>
   </trkpt>
   <trkpt lat="40.7254340" lon="-74.0444130">
    <ele>3.0</ele>
    <time>2026-01-09T17:07:27Z</time>
   </trkpt>
   <trkpt lat="40.7254440" lon="-74.0444900">
    <ele>3.0</ele>
    <time>2026-01-09T17:07:28Z</time>
   </trkpt>
   <trkpt lat="40.7254510" lon="-74.0445610">
    <ele>3.0</ele>
    <time>2026-01-09T17:07:29Z</time>
   </trkpt>
   <trkpt lat="40.7254550" lon="-74.0446360">
    <ele>3.0</ele>
    <time>2026-01-09T17:07:30Z</time>
   </trkpt>
   <trkpt lat="40.7254600" lon="-74.0447030">
    <ele>2.9</ele>
    <time>2026-01-09T17:07:31Z</time>
   </trkpt>
   <trkpt lat="40.7254690" lon="-74.0447690">
    <ele>2.9</ele>
    <time>2026-01-09T17:07:32Z</time>
   </trkpt>
   <trkpt lat="40.7254720" lon="-74.0448410">
    <ele>2.9</ele>
    <time>2026-01-09T17:07:33Z</time>
   </trkpt>
   <trkpt lat="40.7254780" lon="-74.0449090">
    <ele>2.9</ele>
    <time>2026-01-09T17:07:34Z</time>
   </trkpt>
   <trkpt lat="40.7254840" lon="-74.0449730">
    <ele>2.9</ele>
    <time>2026-01-09T17:07:35Z</time>
   </trkpt>
   <trkpt lat="40.7254900" lon="-74.0450370">
    <ele>2.9</ele>
    <time>2026-01-09T17:07:36Z</time>
   </trkpt>
   <trkpt lat="40.7254980" lon="-74.0450960">
    <ele>2.9</ele>
    <time>2026-01-09T17:07:37Z</time>
   </trkpt>
   <trkpt lat="40.7255040" lon="-74.0451470">
    <ele>2.8</ele>
    <time>2026-01-09T17:07:38Z</time>
   </trkpt>
   <trkpt lat="40.7255100" lon="-74.0451920">
    <ele>2.8</ele>
    <time>2026-01-09T17:07:39Z</time>
   </trkpt>
   <trkpt lat="40.7255160" lon="-74.0452340">
    <ele>2.8</ele>
    <time>2026-01-09T17:07:40Z</time>
   </trkpt>
   <trkpt lat="40.7255200" lon="-74.0452620">
    <ele>2.8</ele>
    <time>2026-01-09T17:07:41Z</time>
   </trkpt>
   <trkpt lat="40.7255170" lon="-74.0452910">
    <ele>2.8</ele>
    <time>2026-01-09T17:07:42Z</time>
   </trkpt>
   <trkpt lat="40.7255180" lon="-74.0453100">
    <ele>2.8</ele>
    <time>2026-01-09T17:07:43Z</time>
   </trkpt>
   <trkpt lat="40.7255200" lon="-74.0453080">
    <ele>2.8</ele>
    <time>2026-01-09T17:07:44Z</time>
   </trkpt>
   <trkpt lat="40.7255190" lon="-74.0453050">
    <ele>2.8</ele>
    <time>2026-01-09T17:07:45Z</time>
   </trkpt>
   <trkpt lat="40.7255170" lon="-74.0453050">
    <ele>2.8</ele>
    <time>2026-01-09T17:07:46Z</time>
   </trkpt>
   <trkpt lat="40.7255170" lon="-74.0453070">
    <ele>2.8</ele>
    <time>2026-01-09T17:07:47Z</time>
   </trkpt>
   <trkpt lat="40.7255160" lon="-74.0453080">
    <ele>2.8</ele>
    <time>2026-01-09T17:07:48Z</time>
   </trkpt>
   <trkpt lat="40.7255170" lon="-74.0453100">
    <ele>2.8</ele>
    <time>2026-01-09T17:07:49Z</time>
   </trkpt>
   <trkpt lat="40.7255120" lon="-74.0453130">
    <ele>2.8</ele>
    <time>2026-01-09T17:07:50Z</time>
   </trkpt>
   <trkpt lat="40.7255130" lon="-74.0453180">
    <ele>2.8</ele>
    <time>2026-01-09T17:07:51Z</time>
   </trkpt>
   <trkpt lat="40.7255180" lon="-74.0453340">
    <ele>2.8</ele>
    <time>2026-01-09T17:07:52Z</time>
   </trkpt>
   <trkpt lat="40.7255190" lon="-74.0453560">
    <ele>2.8</ele>
    <time>2026-01-09T17:07:53Z</time>
   </trkpt>
   <trkpt lat="40.7255190" lon="-74.0453670">
    <ele>2.8</ele>
    <time>2026-01-09T17:07:54Z</time>
   </trkpt>
   <trkpt lat="40.7255190" lon="-74.0453700">
    <ele>2.8</ele>
    <time>2026-01-09T17:07:55Z</time>
   </trkpt>
   <trkpt lat="40.7255190" lon="-74.0453740">
    <ele>2.8</ele>
    <time>2026-01-09T17:07:56Z</time>
   </trkpt>
   <trkpt lat="40.7255180" lon="-74.0453770">
    <ele>2.8</ele>
    <time>2026-01-09T17:07:57Z</time>
   </trkpt>
   <trkpt lat="40.7255180" lon="-74.0453800">
    <ele>2.8</ele>
    <time>2026-01-09T17:07:58Z</time>
   </trkpt>
   <trkpt lat="40.7255180" lon="-74.0453830">
    <ele>2.8</ele>
    <time>2026-01-09T17:07:59Z</time>
   </trkpt>
   <trkpt lat="40.7255180" lon="-74.0453870">
    <ele>2.8</ele>
    <time>2026-01-09T17:08:00Z</time>
   </trkpt>
   <trkpt lat="40.7255180" lon="-74.0453900">
    <ele>2.8</ele>
    <time>2026-01-09T17:08:01Z</time>
   </trkpt>
   <trkpt lat="40.7255180" lon="-74.0453930">
    <ele>2.8</ele>
    <time>2026-01-09T17:08:02Z</time>
   </trkpt>
   <trkpt lat="40.7255180" lon="-74.0453960">
    <ele>2.8</ele>
    <time>2026-01-09T17:08:03Z</time>
   </trkpt>
   <trkpt lat="40.7255170" lon="-74.0453990">
    <ele>2.8</ele>
    <time>2026-01-09T17:08:04Z</time>
   </trkpt>
   <trkpt lat="40.7255170" lon="-74.0454030">
    <ele>2.8</ele>
    <time>2026-01-09T17:08:05Z</time>
   </trkpt>
   <trkpt lat="40.7255170" lon="-74.0454060">
    <ele>2.8</ele>
    <time>2026-01-09T17:08:06Z</time>
   </trkpt>
   <trkpt lat="40.7255170" lon="-74.0454090">
    <ele>2.8</ele>
    <time>2026-01-09T17:08:07Z</time>
   </trkpt>
   <trkpt lat="40.7255210" lon="-74.0454520">
    <ele>2.7</ele>
    <time>2026-01-09T17:08:08Z</time>
   </trkpt>
   <trkpt lat="40.7255220" lon="-74.0454700">
    <ele>2.7</ele>
    <time>2026-01-09T17:08:09Z</time>
   </trkpt>
   <trkpt lat="40.7255270" lon="-74.0455230">
    <ele>2.7</ele>
    <time>2026-01-09T17:08:10Z</time>
   </trkpt>
   <trkpt lat="40.7255320" lon="-74.0455770">
    <ele>2.6</ele>
    <time>2026-01-09T17:08:11Z</time>
   </trkpt>
   <trkpt lat="40.7255430" lon="-74.0456380">
    <ele>2.6</ele>
    <time>2026-01-09T17:08:12Z</time>
   </trkpt>
   <trkpt lat="40.7255500" lon="-74.0456950">
    <ele>2.6</ele>
    <time>2026-01-09T17:08:13Z</time>
   </trkpt>
   <trkpt lat="40.7255550" lon="-74.0457590">
    <ele>2.6</ele>
    <time>2026-01-09T17:08:14Z</time>
   </trkpt>
   <trkpt lat="40.7255610" lon="-74.0458240">
    <ele>2.6</ele>
    <time>2026-01-09T17:08:15Z</time>
   </trkpt>
   <trkpt lat="40.7255700" lon="-74.0458930">
    <ele>2.6</ele>
    <time>2026-01-09T17:08:16Z</time>
   </trkpt>
   <trkpt lat="40.7255660" lon="-74.0459670">
    <ele>2.6</ele>
    <time>2026-01-09T17:08:17Z</time>
   </trkpt>
   <trkpt lat="40.7255730" lon="-74.0460400">
    <ele>2.6</ele>
    <time>2026-01-09T17:08:18Z</time>
   </trkpt>
   <trkpt lat="40.7255740" lon="-74.0461140">
    <ele>2.6</ele>
    <time>2026-01-09T17:08:19Z</time>
   </trkpt>
   <trkpt lat="40.7255760" lon="-74.0461880">
    <ele>2.5</ele>
    <time>2026-01-09T17:08:20Z</time>
   </trkpt>
   <trkpt lat="40.7255770" lon="-74.0462570">
    <ele>2.5</ele>
    <time>2026-01-09T17:08:21Z</time>
   </trkpt>
   <trkpt lat="40.7255840" lon="-74.0463360">
    <ele>2.5</ele>
    <time>2026-01-09T17:08:22Z</time>
   </trkpt>
   <trkpt lat="40.7255960" lon="-74.0464100">
    <ele>2.5</ele>
    <time>2026-01-09T17:08:23Z</time>
   </trkpt>
   <trkpt lat="40.7256090" lon="-74.0464850">
    <ele>2.5</ele>
    <time>2026-01-09T17:08:24Z</time>
   </trkpt>
   <trkpt lat="40.7256140" lon="-74.0465570">
    <ele>2.5</ele>
    <time>2026-01-09T17:08:25Z</time>
   </trkpt>
   <trkpt lat="40.7256150" lon="-74.0466300">
    <ele>2.4</ele>
    <time>2026-01-09T17:08:26Z</time>
   </trkpt>
   <trkpt lat="40.7256250" lon="-74.0467010">
    <ele>2.4</ele>
    <time>2026-01-09T17:08:27Z</time>
   </trkpt>
   <trkpt lat="40.7256340" lon="-74.0467730">
    <ele>2.4</ele>
    <time>2026-01-09T17:08:28Z</time>
   </trkpt>
   <trkpt lat="40.7256390" lon="-74.0468460">
    <ele>2.4</ele>
    <time>2026-01-09T17:08:29Z</time>
   </trkpt>
   <trkpt lat="40.7256460" lon="-74.0469140">
    <ele>2.4</ele>
    <time>2026-01-09T17:08:30Z</time>
   </trkpt>
   <trkpt lat="40.7256510" lon="-74.0469850">
    <ele>2.4</ele>
    <time>2026-01-09T17:08:31Z</time>
   </trkpt>
   <trkpt lat="40.7256640" lon="-74.0470660">
    <ele>2.5</ele>
    <time>2026-01-09T17:08:32Z</time>
   </trkpt>
   <trkpt lat="40.7256720" lon="-74.0471390">
    <ele>2.6</ele>
    <time>2026-01-09T17:08:33Z</time>
   </trkpt>
   <trkpt lat="40.7256750" lon="-74.0472200">
    <ele>2.6</ele>
    <time>2026-01-09T17:08:34Z</time>
   </trkpt>
   <trkpt lat="40.7256850" lon="-74.0473100">
    <ele>2.6</ele>
    <time>2026-01-09T17:08:35Z</time>
   </trkpt>
   <trkpt lat="40.7256970" lon="-74.0473920">
    <ele>2.5</ele>
    <time>2026-01-09T17:08:36Z</time>
   </trkpt>
   <trkpt lat="40.7257100" lon="-74.0474740">
    <ele>2.5</ele>
    <time>2026-01-09T17:08:37Z</time>
   </trkpt>
   <trkpt lat="40.7257100" lon="-74.0475470">
    <ele>2.6</ele>
    <time>2026-01-09T17:08:38Z</time>
   </trkpt>
   <trkpt lat="40.7257170" lon="-74.0476290">
    <ele>2.6</ele>
    <time>2026-01-09T17:08:39Z</time>
   </trkpt>
   <trkpt lat="40.7257270" lon="-74.0477060">
    <ele>2.6</ele>
    <time>2026-01-09T17:08:40Z</time>
   </trkpt>
   <trkpt lat="40.7257260" lon="-74.0477860">
    <ele>2.6</ele>
    <time>2026-01-09T17:08:41Z</time>
   </trkpt>
   <trkpt lat="40.7257340" lon="-74.0478720">
    <ele>2.6</ele>
    <time>2026-01-09T17:08:42Z</time>
   </trkpt>
   <trkpt lat="40.7257440" lon="-74.0479480">
    <ele>2.6</ele>
    <time>2026-01-09T17:08:43Z</time>
   </trkpt>
   <trkpt lat="40.7257520" lon="-74.0480280">
    <ele>2.6</ele>
    <time>2026-01-09T17:08:44Z</time>
   </trkpt>
   <trkpt lat="40.7257610" lon="-74.0481070">
    <ele>2.5</ele>
    <time>2026-01-09T17:08:45Z</time>
   </trkpt>
   <trkpt lat="40.7257650" lon="-74.0481860">
    <ele>2.5</ele>
    <time>2026-01-09T17:08:46Z</time>
   </trkpt>
   <trkpt lat="40.7257750" lon="-74.0482600">
    <ele>2.5</ele>
    <time>2026-01-09T17:08:47Z</time>
   </trkpt>
   <trkpt lat="40.7257780" lon="-74.0483420">
    <ele>2.5</ele>
    <time>2026-01-09T17:08:48Z</time>
   </trkpt>
   <trkpt lat="40.7257800" lon="-74.0484160">
    <ele>2.5</ele>
    <time>2026-01-09T17:08:49Z</time>
   </trkpt>
   <trkpt lat="40.7257860" lon="-74.0484800">
    <ele>2.5</ele>
    <time>2026-01-09T17:08:50Z</time>
   </trkpt>
   <trkpt lat="40.7257940" lon="-74.0485450">
    <ele>2.6</ele>
    <time>2026-01-09T17:08:51Z</time>
   </trkpt>
   <trkpt lat="40.7258010" lon="-74.0486110">
    <ele>2.6</ele>
    <time>2026-01-09T17:08:52Z</time>
   </trkpt>
   <trkpt lat="40.7258110" lon="-74.0486690">
    <ele>2.6</ele>
    <time>2026-01-09T17:08:53Z</time>
   </trkpt>
   <trkpt lat="40.7258210" lon="-74.0487290">
    <ele>2.7</ele>
    <time>2026-01-09T17:08:54Z</time>
   </trkpt>
   <trkpt lat="40.7258240" lon="-74.0487840">
    <ele>2.7</ele>
    <time>2026-01-09T17:08:55Z</time>
   </trkpt>
   <trkpt lat="40.7258290" lon="-74.0488440">
    <ele>2.7</ele>
    <time>2026-01-09T17:08:56Z</time>
   </trkpt>
   <trkpt lat="40.7258300" lon="-74.0488990">
    <ele>2.6</ele>
    <time>2026-01-09T17:08:57Z</time>
   </trkpt>
   <trkpt lat="40.7258300" lon="-74.0489710">
    <ele>2.6</ele>
    <time>2026-01-09T17:08:58Z</time>
   </trkpt>
   <trkpt lat="40.7258360" lon="-74.0490430">
    <ele>2.6</ele>
    <time>2026-01-09T17:08:59Z</time>
   </trkpt>
   <trkpt lat="40.7258500" lon="-74.0491170">
    <ele>2.6</ele>
    <time>2026-01-09T17:09:00Z</time>
   </trkpt>
   <trkpt lat="40.7258540" lon="-74.0491920">
    <ele>2.6</ele>
    <time>2026-01-09T17:09:01Z</time>
   </trkpt>
   <trkpt lat="40.7258670" lon="-74.0492710">
    <ele>2.6</ele>
    <time>2026-01-09T17:09:02Z</time>
   </trkpt>
   <trkpt lat="40.7258660" lon="-74.0493560">
    <ele>2.6</ele>
    <time>2026-01-09T17:09:03Z</time>
   </trkpt>
   <trkpt lat="40.7258790" lon="-74.0494250">
    <ele>2.6</ele>
    <time>2026-01-09T17:09:04Z</time>
   </trkpt>
   <trkpt lat="40.7259000" lon="-74.0495040">
    <ele>2.6</ele>
    <time>2026-01-09T17:09:05Z</time>
   </trkpt>
   <trkpt lat="40.7259010" lon="-74.0495740">
    <ele>2.6</ele>
    <time>2026-01-09T17:09:06Z</time>
   </trkpt>
   <trkpt lat="40.7258990" lon="-74.0496530">
    <ele>2.6</ele>
    <time>2026-01-09T17:09:07Z</time>
   </trkpt>
   <trkpt lat="40.7259050" lon="-74.0497300">
    <ele>2.5</ele>
    <time>2026-01-09T17:09:08Z</time>
   </trkpt>
   <trkpt lat="40.7259130" lon="-74.0498040">
    <ele>2.5</ele>
    <time>2026-01-09T17:09:09Z</time>
   </trkpt>
   <trkpt lat="40.7259170" lon="-74.0498860">
    <ele>2.5</ele>
    <time>2026-01-09T17:09:10Z</time>
   </trkpt>
   <trkpt lat="40.7259200" lon="-74.0499620">
    <ele>2.5</ele>
    <time>2026-01-09T17:09:11Z</time>
   </trkpt>
   <trkpt lat="40.7259240" lon="-74.0500340">
    <ele>2.5</ele>
    <time>2026-01-09T17:09:12Z</time>
   </trkpt>
   <trkpt lat="40.7259310" lon="-74.0501100">
    <ele>2.4</ele>
    <time>2026-01-09T17:09:13Z</time>
   </trkpt>
   <trkpt lat="40.7259350" lon="-74.0501820">
    <ele>2.4</ele>
    <time>2026-01-09T17:09:14Z</time>
   </trkpt>
   <trkpt lat="40.7259370" lon="-74.0502520">
    <ele>2.3</ele>
    <time>2026-01-09T17:09:15Z</time>
   </trkpt>
   <trkpt lat="40.7259450" lon="-74.0503230">
    <ele>2.3</ele>
    <time>2026-01-09T17:09:16Z</time>
   </trkpt>
   <trkpt lat="40.7259580" lon="-74.0503780">
    <ele>2.3</ele>
    <time>2026-01-09T17:09:17Z</time>
   </trkpt>
   <trkpt lat="40.7259690" lon="-74.0504300">
    <ele>2.4</ele>
    <time>2026-01-09T17:09:18Z</time>
   </trkpt>
   <trkpt lat="40.7259680" lon="-74.0504960">
    <ele>2.4</ele>
    <time>2026-01-09T17:09:19Z</time>
   </trkpt>
   <trkpt lat="40.7259710" lon="-74.0505640">
    <ele>2.5</ele>
    <time>2026-01-09T17:09:20Z</time>
   </trkpt>
   <trkpt lat="40.7259800" lon="-74.0506380">
    <ele>2.5</ele>
    <time>2026-01-09T17:09:21Z</time>
   </trkpt>
   <trkpt lat="40.7259900" lon="-74.0507090">
    <ele>2.5</ele>
    <time>2026-01-09T17:09:22Z</time>
   </trkpt>
   <trkpt lat="40.7259930" lon="-74.0507830">
    <ele>2.5</ele>
    <time>2026-01-09T17:09:23Z</time>
   </trkpt>
   <trkpt lat="40.7259940" lon="-74.0508610">
    <ele>2.5</ele>
    <time>2026-01-09T17:09:24Z</time>
   </trkpt>
   <trkpt lat="40.7260030" lon="-74.0509300">
    <ele>2.5</ele>
    <time>2026-01-09T17:09:25Z</time>
   </trkpt>
   <trkpt lat="40.7260160" lon="-74.0510100">
    <ele>2.5</ele>
    <time>2026-01-09T17:09:26Z</time>
   </trkpt>
   <trkpt lat="40.7260220" lon="-74.0510830">
    <ele>2.5</ele>
    <time>2026-01-09T17:09:27Z</time>
   </trkpt>
   <trkpt lat="40.7260290" lon="-74.0511650">
    <ele>2.5</ele>
    <time>2026-01-09T17:09:28Z</time>
   </trkpt>
   <trkpt lat="40.7260300" lon="-74.0512370">
    <ele>2.5</ele>
    <time>2026-01-09T17:09:29Z</time>
   </trkpt>
   <trkpt lat="40.7260350" lon="-74.0513110">
    <ele>2.5</ele>
    <time>2026-01-09T17:09:30Z</time>
   </trkpt>
   <trkpt lat="40.7260440" lon="-74.0513960">
    <ele>2.4</ele>
    <time>2026-01-09T17:09:31Z</time>
   </trkpt>
   <trkpt lat="40.7260430" lon="-74.0514710">
    <ele>2.4</ele>
    <time>2026-01-09T17:09:32Z</time>
   </trkpt>
   <trkpt lat="40.7260500" lon="-74.0515460">
    <ele>2.3</ele>
    <time>2026-01-09T17:09:33Z</time>
   </trkpt>
   <trkpt lat="40.7260590" lon="-74.0516210">
    <ele>2.2</ele>
    <time>2026-01-09T17:09:34Z</time>
   </trkpt>
   <trkpt lat="40.7260610" lon="-74.0517010">
    <ele>2.2</ele>
    <time>2026-01-09T17:09:35Z</time>
   </trkpt>
   <trkpt lat="40.7260630" lon="-74.0517730">
    <ele>2.1</ele>
    <time>2026-01-09T17:09:36Z</time>
   </trkpt>
   <trkpt lat="40.7260700" lon="-74.0518440">
    <ele>2.1</ele>
    <time>2026-01-09T17:09:37Z</time>
   </trkpt>
   <trkpt lat="40.7260810" lon="-74.0519050">
    <ele>2.1</ele>
    <time>2026-01-09T17:09:38Z</time>
   </trkpt>
   <trkpt lat="40.7260790" lon="-74.0519590">
    <ele>2.1</ele>
    <time>2026-01-09T17:09:39Z</time>
   </trkpt>
   <trkpt lat="40.7260890" lon="-74.0520180">
    <ele>2.1</ele>
    <time>2026-01-09T17:09:40Z</time>
   </trkpt>
   <trkpt lat="40.7260980" lon="-74.0520780">
    <ele>2.1</ele>
    <time>2026-01-09T17:09:41Z</time>
   </trkpt>
   <trkpt lat="40.7260980" lon="-74.0521400">
    <ele>2.1</ele>
    <time>2026-01-09T17:09:42Z</time>
   </trkpt>
   <trkpt lat="40.7260940" lon="-74.0521920">
    <ele>2.1</ele>
    <time>2026-01-09T17:09:43Z</time>
   </trkpt>
   <trkpt lat="40.7261010" lon="-74.0522260">
    <ele>2.2</ele>
    <time>2026-01-09T17:09:44Z</time>
   </trkpt>
   <trkpt lat="40.7261080" lon="-74.0522770">
    <ele>2.2</ele>
    <time>2026-01-09T17:09:45Z</time>
   </trkpt>
   <trkpt lat="40.7261190" lon="-74.0523230">
    <ele>2.2</ele>
    <time>2026-01-09T17:09:46Z</time>
   </trkpt>
   <trkpt lat="40.7261280" lon="-74.0523740">
    <ele>2.3</ele>
    <time>2026-01-09T17:09:47Z</time>
   </trkpt>
   <trkpt lat="40.7261300" lon="-74.0524260">
    <ele>2.3</ele>
    <time>2026-01-09T17:09:48Z</time>
   </trkpt>
   <trkpt lat="40.7261370" lon="-74.0524700">
    <ele>2.3</ele>
    <time>2026-01-09T17:09:49Z</time>
   </trkpt>
   <trkpt lat="40.7261470" lon="-74.0525060">
    <ele>2.3</ele>
    <time>2026-01-09T17:09:50Z</time>
   </trkpt>
   <trkpt lat="40.7261730" lon="-74.0525470">
    <ele>2.4</ele>
    <time>2026-01-09T17:09:51Z</time>
   </trkpt>
   <trkpt lat="40.7262120" lon="-74.0526030">
    <ele>2.4</ele>
    <time>2026-01-09T17:09:52Z</time>
   </trkpt>
   <trkpt lat="40.7262450" lon="-74.0526430">
    <ele>2.5</ele>
    <time>2026-01-09T17:09:53Z</time>
   </trkpt>
   <trkpt lat="40.7262890" lon="-74.0526920">
    <ele>2.6</ele>
    <time>2026-01-09T17:09:54Z</time>
   </trkpt>
   <trkpt lat="40.7263180" lon="-74.0527420">
    <ele>2.6</ele>
    <time>2026-01-09T17:09:55Z</time>
   </trkpt>
   <trkpt lat="40.7263600" lon="-74.0527940">
    <ele>2.7</ele>
    <time>2026-01-09T17:09:56Z</time>
   </trkpt>
   <trkpt lat="40.7264060" lon="-74.0528430">
    <ele>2.8</ele>
    <time>2026-01-09T17:09:57Z</time>
   </trkpt>
   <trkpt lat="40.7264560" lon="-74.0528800">
    <ele>2.9</ele>
    <time>2026-01-09T17:09:58Z</time>
   </trkpt>
   <trkpt lat="40.7264980" lon="-74.0529320">
    <ele>3.0</ele>
    <time>2026-01-09T17:09:59Z</time>
   </trkpt>
   <trkpt lat="40.7265420" lon="-74.0529820">
    <ele>3.1</ele>
    <time>2026-01-09T17:10:00Z</time>
   </trkpt>
   <trkpt lat="40.7265950" lon="-74.0530230">
    <ele>3.1</ele>
    <time>2026-01-09T17:10:01Z</time>
   </trkpt>
   <trkpt lat="40.7266380" lon="-74.0530730">
    <ele>3.3</ele>
    <time>2026-01-09T17:10:02Z</time>
   </trkpt>
   <trkpt lat="40.7266850" lon="-74.0531120">
    <ele>3.4</ele>
    <time>2026-01-09T17:10:03Z</time>
   </trkpt>
   <trkpt lat="40.7267270" lon="-74.0531690">
    <ele>3.5</ele>
    <time>2026-01-09T17:10:04Z</time>
   </trkpt>
   <trkpt lat="40.7267740" lon="-74.0532110">
    <ele>3.7</ele>
    <time>2026-01-09T17:10:05Z</time>
   </trkpt>
   <trkpt lat="40.7268260" lon="-74.0532530">
    <ele>4.0</ele>
    <time>2026-01-09T17:10:06Z</time>
   </trkpt>
   <trkpt lat="40.7268620" lon="-74.0532980">
    <ele>4.1</ele>
    <time>2026-01-09T17:10:07Z</time>
   </trkpt>
   <trkpt lat="40.7269040" lon="-74.0533480">
    <ele>4.3</ele>
    <time>2026-01-09T17:10:08Z</time>
   </trkpt>
   <trkpt lat="40.7269380" lon="-74.0533820">
    <ele>4.5</ele>
    <time>2026-01-09T17:10:09Z</time>
   </trkpt>
   <trkpt lat="40.7269670" lon="-74.0534180">
    <ele>4.7</ele>
    <time>2026-01-09T17:10:10Z</time>
   </trkpt>
   <trkpt lat="40.7269980" lon="-74.0534620">
    <ele>5.2</ele>
    <time>2026-01-09T17:10:11Z</time>
   </trkpt>
   <trkpt lat="40.7270350" lon="-74.0535000">
    <ele>5.6</ele>
    <time>2026-01-09T17:10:12Z</time>
   </trkpt>
   <trkpt lat="40.7270750" lon="-74.0535310">
    <ele>6.0</ele>
    <time>2026-01-09T17:10:13Z</time>
   </trkpt>
   <trkpt lat="40.7271120" lon="-74.0535670">
    <ele>6.4</ele>
    <time>2026-01-09T17:10:14Z</time>
   </trkpt>
   <trkpt lat="40.7271470" lon="-74.0536010">
    <ele>6.8</ele>
    <time>2026-01-09T17:10:15Z</time>
   </trkpt>
   <trkpt lat="40.7271860" lon="-74.0536280">
    <ele>7.1</ele>
    <time>2026-01-09T17:10:16Z</time>
   </trkpt>
   <trkpt lat="40.7272230" lon="-74.0536690">
    <ele>7.5</ele>
    <time>2026-01-09T17:10:17Z</time>
   </trkpt>
   <trkpt lat="40.7272630" lon="-74.0537000">
    <ele>7.9</ele>
    <time>2026-01-09T17:10:18Z</time>
   </trkpt>
   <trkpt lat="40.7272930" lon="-74.0537270">
    <ele>8.2</ele>
    <time>2026-01-09T17:10:19Z</time>
   </trkpt>
   <trkpt lat="40.7273270" lon="-74.0537700">
    <ele>8.6</ele>
    <time>2026-01-09T17:10:20Z</time>
   </trkpt>
   <trkpt lat="40.7273620" lon="-74.0538040">
    <ele>8.9</ele>
    <time>2026-01-09T17:10:21Z</time>
   </trkpt>
   <trkpt lat="40.7273960" lon="-74.0538390">
    <ele>9.2</ele>
    <time>2026-01-09T17:10:22Z</time>
   </trkpt>
   <trkpt lat="40.7274280" lon="-74.0538800">
    <ele>9.4</ele>
    <time>2026-01-09T17:10:23Z</time>
   </trkpt>
   <trkpt lat="40.7274620" lon="-74.0538990">
    <ele>9.5</ele>
    <time>2026-01-09T17:10:24Z</time>
   </trkpt>
   <trkpt lat="40.7274820" lon="-74.0539270">
    <ele>9.6</ele>
    <time>2026-01-09T17:10:25Z</time>
   </trkpt>
   <trkpt lat="40.7274920" lon="-74.0539410">
    <ele>9.7</ele>
    <time>2026-01-09T17:10:26Z</time>
   </trkpt>
   <trkpt lat="40.7275280" lon="-74.0539570">
    <ele>9.8</ele>
    <time>2026-01-09T17:10:27Z</time>
   </trkpt>
   <trkpt lat="40.7276010" lon="-74.0539910">
    <ele>10.1</ele>
    <time>2026-01-09T17:10:28Z</time>
   </trkpt>
   <trkpt lat="40.7276510" lon="-74.0540160">
    <ele>10.4</ele>
    <time>2026-01-09T17:10:29Z</time>
   </trkpt>
   <trkpt lat="40.7276840" lon="-74.0540470">
    <ele>10.6</ele>
    <time>2026-01-09T17:10:30Z</time>
   </trkpt>
   <trkpt lat="40.7277130" lon="-74.0540880">
    <ele>10.9</ele>
    <time>2026-01-09T17:10:31Z</time>
   </trkpt>
   <trkpt lat="40.7277420" lon="-74.0541230">
    <ele>11.1</ele>
    <time>2026-01-09T17:10:32Z</time>
   </trkpt>
   <trkpt lat="40.7277770" lon="-74.0541560">
    <ele>11.4</ele>
    <time>2026-01-09T17:10:33Z</time>
   </trkpt>
   <trkpt lat="40.7278130" lon="-74.0541880">
    <ele>11.6</ele>
    <time>2026-01-09T17:10:34Z</time>
   </trkpt>
   <trkpt lat="40.7278470" lon="-74.0542210">
    <ele>11.8</ele>
    <time>2026-01-09T17:10:35Z</time>
   </trkpt>
   <trkpt lat="40.7278840" lon="-74.0542570">
    <ele>12.0</ele>
    <time>2026-01-09T17:10:36Z</time>
   </trkpt>
   <trkpt lat="40.7279180" lon="-74.0542930">
    <ele>12.2</ele>
    <time>2026-01-09T17:10:37Z</time>
   </trkpt>
   <trkpt lat="40.7279550" lon="-74.0543260">
    <ele>12.4</ele>
    <time>2026-01-09T17:10:38Z</time>
   </trkpt>
   <trkpt lat="40.7279910" lon="-74.0543630">
    <ele>12.6</ele>
    <time>2026-01-09T17:10:39Z</time>
   </trkpt>
   <trkpt lat="40.7280250" lon="-74.0544000">
    <ele>12.8</ele>
    <time>2026-01-09T17:10:40Z</time>
   </trkpt>
   <trkpt lat="40.7280740" lon="-74.0544480">
    <ele>13.0</ele>
    <time>2026-01-09T17:10:41Z</time>
   </trkpt>
   <trkpt lat="40.7281110" lon="-74.0544910">
    <ele>13.2</ele>
    <time>2026-01-09T17:10:42Z</time>
   </trkpt>
   <trkpt lat="40.7281480" lon="-74.0545140">
    <ele>13.4</ele>
    <time>2026-01-09T17:10:43Z</time>
   </trkpt>
   <trkpt lat="40.7281850" lon="-74.0545440">
    <ele>13.6</ele>
    <time>2026-01-09T17:10:44Z</time>
   </trkpt>
   <trkpt lat="40.7282240" lon="-74.0545680">
    <ele>13.9</ele>
    <time>2026-01-09T17:10:45Z</time>
   </trkpt>
   <trkpt lat="40.7282660" lon="-74.0545890">
    <ele>14.1</ele>
    <time>2026-01-09T17:10:46Z</time>
   </trkpt>
   <trkpt lat="40.7282800" lon="-74.0546360">
    <ele>14.4</ele>
    <time>2026-01-09T17:10:47Z</time>
   </trkpt>
   <trkpt lat="40.7283190" lon="-74.0546590">
    <ele>14.6</ele>
    <time>2026-01-09T17:10:48Z</time>
   </trkpt>
   <trkpt lat="40.7283590" lon="-74.0546890">
    <ele>14.9</ele>
    <time>2026-01-09T17:10:49Z</time>
   </trkpt>
   <trkpt lat="40.7284040" lon="-74.0547110">
    <ele>15.3</ele>
    <time>2026-01-09T17:10:50Z</time>
   </trkpt>
   <trkpt lat="40.7284270" lon="-74.0546630">
    <ele>15.6</ele>
    <time>2026-01-09T17:10:51Z</time>
   </trkpt>
   <trkpt lat="40.7284600" lon="-74.0546770">
    <ele>15.8</ele>
    <time>2026-01-09T17:10:52Z</time>
   </trkpt>
   <trkpt lat="40.7285010" lon="-74.0546920">
    <ele>16.1</ele>
    <time>2026-01-09T17:10:53Z</time>
   </trkpt>
   <trkpt lat="40.7285390" lon="-74.0547080">
    <ele>16.4</ele>
    <time>2026-01-09T17:10:54Z</time>
   </trkpt>
   <trkpt lat="40.7285850" lon="-74.0547300">
    <ele>16.7</ele>
    <time>2026-01-09T17:10:55Z</time>
   </trkpt>
   <trkpt lat="40.7286290" lon="-74.0547390">
    <ele>17.0</ele>
    <time>2026-01-09T17:10:56Z</time>
   </trkpt>
   <trkpt lat="40.7286720" lon="-74.0547470">
    <ele>17.3</ele>
    <time>2026-01-09T17:10:57Z</time>
   </trkpt>
   <trkpt lat="40.7287060" lon="-74.0547530">
    <ele>17.5</ele>
    <time>2026-01-09T17:10:58Z</time>
   </trkpt>
   <trkpt lat="40.7287510" lon="-74.0547610">
    <ele>17.8</ele>
    <time>2026-01-09T17:10:59Z</time>
   </trkpt>
   <trkpt lat="40.7287920" lon="-74.0547770">
    <ele>18.0</ele>
    <time>2026-01-09T17:11:00Z</time>
   </trkpt>
   <trkpt lat="40.7288190" lon="-74.0547880">
    <ele>18.2</ele>
    <time>2026-01-09T17:11:01Z</time>
   </trkpt>
   <trkpt lat="40.7288350" lon="-74.0547940">
    <ele>18.3</ele>
    <time>2026-01-09T17:11:02Z</time>
   </trkpt>
   <trkpt lat="40.7288810" lon="-74.0548120">
    <ele>18.6</ele>
    <time>2026-01-09T17:11:03Z</time>
   </trkpt>
   <trkpt lat="40.7289280" lon="-74.0548190">
    <ele>18.8</ele>
    <time>2026-01-09T17:11:04Z</time>
   </trkpt>
   <trkpt lat="40.7289490" lon="-74.0548230">
    <ele>19.0</ele>
    <time>2026-01-09T17:11:05Z</time>
   </trkpt>
   <trkpt lat="40.7289850" lon="-74.0548440">
    <ele>19.2</ele>
    <time>2026-01-09T17:11:06Z</time>
   </trkpt>
   <trkpt lat="40.7290200" lon="-74.0548560">
    <ele>19.4</ele>
    <time>2026-01-09T17:11:07Z</time>
   </trkpt>
   <trkpt lat="40.7290720" lon="-74.0548600">
    <ele>19.6</ele>
    <time>2026-01-09T17:11:08Z</time>
   </trkpt>
   <trkpt lat="40.7291040" lon="-74.0548750">
    <ele>19.7</ele>
    <time>2026-01-09T17:11:09Z</time>
   </trkpt>
   <trkpt lat="40.7291210" lon="-74.0548850">
    <ele>19.7</ele>
    <time>2026-01-09T17:11:10Z</time>
   </trkpt>
   <trkpt lat="40.7291620" lon="-74.0548950">
    <ele>19.9</ele>
    <time>2026-01-09T17:11:11Z</time>
   </trkpt>
   <trkpt lat="40.7291930" lon="-74.0549020">
    <ele>20.1</ele>
    <time>2026-01-09T17:11:12Z</time>
   </trkpt>
   <trkpt lat="40.7292360" lon="-74.0549170">
    <ele>20.3</ele>
    <time>2026-01-09T17:11:13Z</time>
   </trkpt>
   <trkpt lat="40.7292670" lon="-74.0549280">
    <ele>20.5</ele>
    <time>2026-01-09T17:11:14Z</time>
   </trkpt>
   <trkpt lat="40.7293040" lon="-74.0549380">
    <ele>20.8</ele>
    <time>2026-01-09T17:11:15Z</time>
   </trkpt>
   <trkpt lat="40.7293540" lon="-74.0549600">
    <ele>21.1</ele>
    <time>2026-01-09T17:11:16Z</time>
   </trkpt>
   <trkpt lat="40.7293930" lon="-74.0549740">
    <ele>21.3</ele>
    <time>2026-01-09T17:11:17Z</time>
   </trkpt>
   <trkpt lat="40.7294130" lon="-74.0549830">
    <ele>21.4</ele>
    <time>2026-01-09T17:11:18Z</time>
   </trkpt>
   <trkpt lat="40.7294500" lon="-74.0549950">
    <ele>21.7</ele>
    <time>2026-01-09T17:11:19Z</time>
   </trkpt>
   <trkpt lat="40.7294800" lon="-74.0550050">
    <ele>21.8</ele>
    <time>2026-01-09T17:11:20Z</time>
   </trkpt>
   <trkpt lat="40.7295150" lon="-74.0550140">
    <ele>22.0</ele>
    <time>2026-01-09T17:11:21Z</time>
   </trkpt>
   <trkpt lat="40.7295490" lon="-74.0550390">
    <ele>22.3</ele>
    <time>2026-01-09T17:11:22Z</time>
   </trkpt>
   <trkpt lat="40.7295850" lon="-74.0550480">
    <ele>22.5</ele>
    <time>2026-01-09T17:11:23Z</time>
   </trkpt>
   <trkpt lat="40.7296390" lon="-74.0550580">
    <ele>22.8</ele>
    <time>2026-01-09T17:11:24Z</time>
   </trkpt>
   <trkpt lat="40.7296750" lon="-74.0550640">
    <ele>23.1</ele>
    <time>2026-01-09T17:11:25Z</time>
   </trkpt>
   <trkpt lat="40.7296950" lon="-74.0550700">
    <ele>23.2</ele>
    <time>2026-01-09T17:11:26Z</time>
   </trkpt>
   <trkpt lat="40.7297360" lon="-74.0550930">
    <ele>23.5</ele>
    <time>2026-01-09T17:11:27Z</time>
   </trkpt>
   <trkpt lat="40.7297640" lon="-74.0551010">
    <ele>23.6</ele>
    <time>2026-01-09T17:11:28Z</time>
   </trkpt>
   <trkpt lat="40.7297990" lon="-74.0551040">
    <ele>23.9</ele>
    <time>2026-01-09T17:11:29Z</time>
   </trkpt>
   <trkpt lat="40.7298430" lon="-74.0551210">
    <ele>24.2</ele>
    <time>2026-01-09T17:11:30Z</time>
   </trkpt>
   <trkpt lat="40.7298700" lon="-74.0551210">
    <ele>24.3</ele>
    <time>2026-01-09T17:11:31Z</time>
   </trkpt>
   <trkpt lat="40.7299120" lon="-74.0551150">
    <ele>24.6</ele>
    <time>2026-01-09T17:11:32Z</time>
   </trkpt>
   <trkpt lat="40.7299400" lon="-74.0550930">
    <ele>24.8</ele>
    <time>2026-01-09T17:11:33Z</time>
   </trkpt>
   <trkpt lat="40.7299650" lon="-74.0550740">
    <ele>24.9</ele>
    <time>2026-01-09T17:11:34Z</time>
   </trkpt>
   <trkpt lat="40.7300030" lon="-74.0550210">
    <ele>25.2</ele>
    <time>2026-01-09T17:11:35Z</time>
   </trkpt>
   <trkpt lat="40.7300310" lon="-74.0549900">
    <ele>25.4</ele>
    <time>2026-01-09T17:11:36Z</time>
   </trkpt>
   <trkpt lat="40.7300420" lon="-74.0549760">
    <ele>25.5</ele>
    <time>2026-01-09T17:11:37Z</time>
   </trkpt>
   <trkpt lat="40.7300760" lon="-74.0549420">
    <ele>25.7</ele>
    <time>2026-01-09T17:11:38Z</time>
   </trkpt>
   <trkpt lat="40.7301150" lon="-74.0548930">
    <ele>26.0</ele>
    <time>2026-01-09T17:11:39Z</time>
   </trkpt>
   <trkpt lat="40.7301360" lon="-74.0548660">
    <ele>26.1</ele>
    <time>2026-01-09T17:11:40Z</time>
   </trkpt>
   <trkpt lat="40.7301620" lon="-74.0548370">
    <ele>26.3</ele>
    <time>2026-01-09T17:11:41Z</time>
   </trkpt>
   <trkpt lat="40.7301750" lon="-74.0548200">
    <ele>26.4</ele>
    <time>2026-01-09T17:11:42Z</time>
   </trkpt>
   <trkpt lat="40.7302180" lon="-74.0547710">
    <ele>26.6</ele>
    <time>2026-01-09T17:11:43Z</time>
   </trkpt>
   <trkpt lat="40.7302620" lon="-74.0547200">
    <ele>26.9</ele>
    <time>2026-01-09T17:11:44Z</time>
   </trkpt>
   <trkpt lat="40.7302880" lon="-74.0546860">
    <ele>27.1</ele>
    <time>2026-01-09T17:11:45Z</time>
   </trkpt>
   <trkpt lat="40.7303140" lon="-74.0546550">
    <ele>27.2</ele>
    <time>2026-01-09T17:11:46Z</time>
   </trkpt>
   <trkpt lat="40.7303330" lon="-74.0546280">
    <ele>27.4</ele>
    <time>2026-01-09T17:11:47Z</time>
   </trkpt>
   <trkpt lat="40.7303600" lon="-74.0546010">
    <ele>27.5</ele>
    <time>2026-01-09T17:11:48Z</time>
   </trkpt>
   <trkpt lat="40.7303720" lon="-74.0545880">
    <ele>27.6</ele>
    <time>2026-01-09T17:11:49Z</time>
   </trkpt>
   <trkpt lat="40.7303970" lon="-74.0545460">
    <ele>27.8</ele>
    <time>2026-01-09T17:11:50Z</time>
   </trkpt>
   <trkpt lat="40.7304210" lon="-74.0545270">
    <ele>27.9</ele>
    <time>2026-01-09T17:11:51Z</time>
   </trkpt>
   <trkpt lat="40.7304700" lon="-74.0544570">
    <ele>28.2</ele>
    <time>2026-01-09T17:11:52Z</time>
   </trkpt>
   <trkpt lat="40.7305030" lon="-74.0544040">
    <ele>28.4</ele>
    <time>2026-01-09T17:11:53Z</time>
   </trkpt>
   <trkpt lat="40.7305110" lon="-74.0543710">
    <ele>28.5</ele>
    <time>2026-01-09T17:11:54Z</time>
   </trkpt>
   <trkpt lat="40.7305240" lon="-74.0543540">
    <ele>28.6</ele>
    <time>2026-01-09T17:11:55Z</time>
   </trkpt>
   <trkpt lat="40.7305610" lon="-74.0543150">
    <ele>28.7</ele>
    <time>2026-01-09T17:11:56Z</time>
   </trkpt>
   <trkpt lat="40.7305800" lon="-74.0542860">
    <ele>28.8</ele>
    <time>2026-01-09T17:11:57Z</time>
   </trkpt>
   <trkpt lat="40.7306360" lon="-74.0542310">
    <ele>29.0</ele>
    <time>2026-01-09T17:11:58Z</time>
   </trkpt>
   <trkpt lat="40.7306850" lon="-74.0541590">
    <ele>29.1</ele>
    <time>2026-01-09T17:11:59Z</time>
   </trkpt>
   <trkpt lat="40.7307300" lon="-74.0540930">
    <ele>29.3</ele>
    <time>2026-01-09T17:12:00Z</time>
   </trkpt>
   <trkpt lat="40.7307590" lon="-74.0540600">
    <ele>29.4</ele>
    <time>2026-01-09T17:12:01Z</time>
   </trkpt>
   <trkpt lat="40.7307920" lon="-74.0540250">
    <ele>29.4</ele>
    <time>2026-01-09T17:12:02Z</time>
   </trkpt>
   <trkpt lat="40.7308120" lon="-74.0540030">
    <ele>29.5</ele>
    <time>2026-01-09T17:12:03Z</time>
   </trkpt>
   <trkpt lat="40.7308330" lon="-74.0539720">
    <ele>29.5</ele>
    <time>2026-01-09T17:12:04Z</time>
   </trkpt>
   <trkpt lat="40.7308830" lon="-74.0538990">
    <ele>29.6</ele>
    <time>2026-01-09T17:12:05Z</time>
   </trkpt>
   <trkpt lat="40.7309290" lon="-74.0538350">
    <ele>29.6</ele>
    <time>2026-01-09T17:12:06Z</time>
   </trkpt>
   <trkpt lat="40.7309600" lon="-74.0537900">
    <ele>29.5</ele>
    <time>2026-01-09T17:12:07Z</time>
   </trkpt>
   <trkpt lat="40.7309930" lon="-74.0537580">
    <ele>29.5</ele>
    <time>2026-01-09T17:12:08Z</time>
   </trkpt>
   <trkpt lat="40.7310320" lon="-74.0537100">
    <ele>29.4</ele>
    <time>2026-01-09T17:12:09Z</time>
   </trkpt>
   <trkpt lat="40.7310690" lon="-74.0536710">
    <ele>29.3</ele>
    <time>2026-01-09T17:12:10Z</time>
   </trkpt>
   <trkpt lat="40.7311100" lon="-74.0536190">
    <ele>29.2</ele>
    <time>2026-01-09T17:12:11Z</time>
   </trkpt>
   <trkpt lat="40.7311470" lon="-74.0535670">
    <ele>29.1</ele>
    <time>2026-01-09T17:12:12Z</time>
   </trkpt>
   <trkpt lat="40.7311900" lon="-74.0535130">
    <ele>29.0</ele>
    <time>2026-01-09T17:12:13Z</time>
   </trkpt>
   <trkpt lat="40.7312270" lon="-74.0534600">
    <ele>28.9</ele>
    <time>2026-01-09T17:12:14Z</time>
   </trkpt>
   <trkpt lat="40.7312650" lon="-74.0534130">
    <ele>28.8</ele>
    <time>2026-01-09T17:12:15Z</time>
   </trkpt>
   <trkpt lat="40.7313080" lon="-74.0533690">
    <ele>28.8</ele>
    <time>2026-01-09T17:12:16Z</time>
   </trkpt>
   <trkpt lat="40.7313570" lon="-74.0533190">
    <ele>28.7</ele>
    <time>2026-01-09T17:12:17Z</time>
   </trkpt>
   <trkpt lat="40.7313960" lon="-74.0532570">
    <ele>28.6</ele>
    <time>2026-01-09T17:12:18Z</time>
   </trkpt>
   <trkpt lat="40.7314320" lon="-74.0532010">
    <ele>28.5</ele>
    <time>2026-01-09T17:12:19Z</time>
   </trkpt>
   <trkpt lat="40.7314820" lon="-74.0531410">
    <ele>28.4</ele>
    <time>2026-01-09T17:12:20Z</time>
   </trkpt>
   <trkpt lat="40.7315270" lon="-74.0530790">
    <ele>28.3</ele>
    <time>2026-01-09T17:12:21Z</time>
   </trkpt>
   <trkpt lat="40.7315740" lon="-74.0530170">
    <ele>28.2</ele>
    <time>2026-01-09T17:12:22Z</time>
   </trkpt>
   <trkpt lat="40.7316190" lon="-74.0529540">
    <ele>28.1</ele>
    <time>2026-01-09T17:12:23Z</time>
   </trkpt>
   <trkpt lat="40.7316610" lon="-74.0528890">
    <ele>28.0</ele>
    <time>2026-01-09T17:12:24Z</time>
   </trkpt>
   <trkpt lat="40.7317000" lon="-74.0528240">
    <ele>27.9</ele>
    <time>2026-01-09T17:12:25Z</time>
   </trkpt>
   <trkpt lat="40.7317430" lon="-74.0527710">
    <ele>27.9</ele>
    <time>2026-01-09T17:12:26Z</time>
   </trkpt>
   <trkpt lat="40.7317890" lon="-74.0527070">
    <ele>27.8</ele>
    <time>2026-01-09T17:12:27Z</time>
   </trkpt>
   <trkpt lat="40.7318350" lon="-74.0526530">
    <ele>27.8</ele>
    <time>2026-01-09T17:12:28Z</time>
   </trkpt>
   <trkpt lat="40.7318820" lon="-74.0526010">
    <ele>27.7</ele>
    <time>2026-01-09T17:12:29Z</time>
   </trkpt>
   <trkpt lat="40.7319230" lon="-74.0525470">
    <ele>27.8</ele>
    <time>2026-01-09T17:12:30Z</time>
   </trkpt>
   <trkpt lat="40.7319590" lon="-74.0524980">
    <ele>28.0</ele>
    <time>2026-01-09T17:12:31Z</time>
   </trkpt>
   <trkpt lat="40.7320050" lon="-74.0524430">
    <ele>28.2</ele>
    <time>2026-01-09T17:12:32Z</time>
   </trkpt>
   <trkpt lat="40.7320450" lon="-74.0523930">
    <ele>28.4</ele>
    <time>2026-01-09T17:12:33Z</time>
   </trkpt>
   <trkpt lat="40.7320810" lon="-74.0523420">
    <ele>28.6</ele>
    <time>2026-01-09T17:12:34Z</time>
   </trkpt>
   <trkpt lat="40.7321200" lon="-74.0522960">
    <ele>28.7</ele>
    <time>2026-01-09T17:12:35Z</time>
   </trkpt>
   <trkpt lat="40.7321510" lon="-74.0522490">
    <ele>28.9</ele>
    <time>2026-01-09T17:12:36Z</time>
   </trkpt>
   <trkpt lat="40.7321860" lon="-74.0522020">
    <ele>29.1</ele>
    <time>2026-01-09T17:12:37Z</time>
   </trkpt>
   <trkpt lat="40.7322390" lon="-74.0521680">
    <ele>29.3</ele>
    <time>2026-01-09T17:12:38Z</time>
   </trkpt>
   <trkpt lat="40.7322620" lon="-74.0521170">
    <ele>29.5</ele>
    <time>2026-01-09T17:12:39Z</time>
   </trkpt>
   <trkpt lat="40.7322930" lon="-74.0520660">
    <ele>29.7</ele>
    <time>2026-01-09T17:12:40Z</time>
   </trkpt>
   <trkpt lat="40.7323230" lon="-74.0520180">
    <ele>29.9</ele>
    <time>2026-01-09T17:12:41Z</time>
   </trkpt>
   <trkpt lat="40.7323570" lon="-74.0519600">
    <ele>30.0</ele>
    <time>2026-01-09T17:12:42Z</time>
   </trkpt>
   <trkpt lat="40.7323920" lon="-74.0519160">
    <ele>30.2</ele>
    <time>2026-01-09T17:12:43Z</time>
   </trkpt>
   <trkpt lat="40.7324390" lon="-74.0518760">
    <ele>30.3</ele>
    <time>2026-01-09T17:12:44Z</time>
   </trkpt>
   <trkpt lat="40.7324760" lon="-74.0518350">
    <ele>30.4</ele>
    <time>2026-01-09T17:12:45Z</time>
   </trkpt>
   <trkpt lat="40.7325090" lon="-74.0517890">
    <ele>30.5</ele>
    <time>2026-01-09T17:12:46Z</time>
   </trkpt>
   <trkpt lat="40.7325420" lon="-74.0517440">
    <ele>30.6</ele>
    <time>2026-01-09T17:12:47Z</time>
   </trkpt>
   <trkpt lat="40.7325800" lon="-74.0516980">
    <ele>30.7</ele>
    <time>2026-01-09T17:12:48Z</time>
   </trkpt>
   <trkpt lat="40.7326180" lon="-74.0516480">
    <ele>30.8</ele>
    <time>2026-01-09T17:12:49Z</time>
   </trkpt>
   <trkpt lat="40.7326600" lon="-74.0516010">
    <ele>30.9</ele>
    <time>2026-01-09T17:12:50Z</time>
   </trkpt>
   <trkpt lat="40.7326990" lon="-74.0515540">
    <ele>31.0</ele>
    <time>2026-01-09T17:12:51Z</time>
   </trkpt>
   <trkpt lat="40.7327450" lon="-74.0515140">
    <ele>31.1</ele>
    <time>2026-01-09T17:12:52Z</time>
   </trkpt>
   <trkpt lat="40.7327830" lon="-74.0514670">
    <ele>31.1</ele>
    <time>2026-01-09T17:12:53Z</time>
   </trkpt>
   <trkpt lat="40.7328280" lon="-74.0514330">
    <ele>31.2</ele>
    <time>2026-01-09T17:12:54Z</time>
   </trkpt>
   <trkpt lat="40.7328770" lon="-74.0513970">
    <ele>31.3</ele>
    <time>2026-01-09T17:12:55Z</time>
   </trkpt>
   <trkpt lat="40.7329220" lon="-74.0513690">
    <ele>31.3</ele>
    <time>2026-01-09T17:12:56Z</time>
   </trkpt>
   <trkpt lat="40.7329670" lon="-74.0513410">
    <ele>31.4</ele>
    <time>2026-01-09T17:12:57Z</time>
   </trkpt>
   <trkpt lat="40.7330280" lon="-74.0513000">
    <ele>31.5</ele>
    <time>2026-01-09T17:12:58Z</time>
   </trkpt>
   <trkpt lat="40.7330810" lon="-74.0512720">
    <ele>31.5</ele>
    <time>2026-01-09T17:12:59Z</time>
   </trkpt>
   <trkpt lat="40.7331290" lon="-74.0512370">
    <ele>31.6</ele>
    <time>2026-01-09T17:13:00Z</time>
   </trkpt>
   <trkpt lat="40.7331770" lon="-74.0512060">
    <ele>31.6</ele>
    <time>2026-01-09T17:13:01Z</time>
   </trkpt>
   <trkpt lat="40.7332220" lon="-74.0511890">
    <ele>31.7</ele>
    <time>2026-01-09T17:13:02Z</time>
   </trkpt>
   <trkpt lat="40.7332770" lon="-74.0511540">
    <ele>31.8</ele>
    <time>2026-01-09T17:13:03Z</time>
   </trkpt>
   <trkpt lat="40.7333320" lon="-74.0511160">
    <ele>31.8</ele>
    <time>2026-01-09T17:13:04Z</time>
   </trkpt>
   <trkpt lat="40.7333740" lon="-74.0510890">
    <ele>31.9</ele>
    <time>2026-01-09T17:13:05Z</time>
   </trkpt>
   <trkpt lat="40.7334170" lon="-74.0510590">
    <ele>31.9</ele>
    <time>2026-01-09T17:13:06Z</time>
   </trkpt>
   <trkpt lat="40.7334650" lon="-74.0510310">
    <ele>32.0</ele>
    <time>2026-01-09T17:13:07Z</time>
   </trkpt>
   <trkpt lat="40.7335070" lon="-74.0510010">
    <ele>32.0</ele>
    <time>2026-01-09T17:13:08Z</time>
   </trkpt>
   <trkpt lat="40.7335490" lon="-74.0509570">
    <ele>32.1</ele>
    <time>2026-01-09T17:13:09Z</time>
   </trkpt>
   <trkpt lat="40.7335970" lon="-74.0509360">
    <ele>32.1</ele>
    <time>2026-01-09T17:13:10Z</time>
   </trkpt>
   <trkpt lat="40.7336530" lon="-74.0509050">
    <ele>32.2</ele>
    <time>2026-01-09T17:13:11Z</time>
   </trkpt>
   <trkpt lat="40.7337060" lon="-74.0508650">
    <ele>32.3</ele>
    <time>2026-01-09T17:13:12Z</time>
   </trkpt>
   <trkpt lat="40.7337580" lon="-74.0508300">
    <ele>32.4</ele>
    <time>2026-01-09T17:13:13Z</time>
   </trkpt>
   <trkpt lat="40.7338170" lon="-74.0508020">
    <ele>32.4</ele>
    <time>2026-01-09T17:13:14Z</time>
   </trkpt>
   <trkpt lat="40.7338740" lon="-74.0507630">
    <ele>32.5</ele>
    <time>2026-01-09T17:13:15Z</time>
   </trkpt>
   <trkpt lat="40.7339330" lon="-74.0507250">
    <ele>32.6</ele>
    <time>2026-01-09T17:13:16Z</time>
   </trkpt>
   <trkpt lat="40.7339880" lon="-74.0506890">
    <ele>32.6</ele>
    <time>2026-01-09T17:13:17Z</time>
   </trkpt>
   <trkpt lat="40.7340390" lon="-74.0506530">
    <ele>32.7</ele>
    <time>2026-01-09T17:13:18Z</time>
   </trkpt>
   <trkpt lat="40.7340960" lon="-74.0506150">
    <ele>32.8</ele>
    <time>2026-01-09T17:13:19Z</time>
   </trkpt>
   <trkpt lat="40.7341530" lon="-74.0505760">
    <ele>32.8</ele>
    <time>2026-01-09T17:13:20Z</time>
   </trkpt>
   <trkpt lat="40.7342090" lon="-74.0505390">
    <ele>32.9</ele>
    <time>2026-01-09T17:13:21Z</time>
   </trkpt>
   <trkpt lat="40.7342590" lon="-74.0505050">
    <ele>32.9</ele>
    <time>2026-01-09T17:13:22Z</time>
   </trkpt>
   <trkpt lat="40.7343120" lon="-74.0504690">
    <ele>33.0</ele>
    <time>2026-01-09T17:13:23Z</time>
   </trkpt>
   <trkpt lat="40.7343570" lon="-74.0504320">
    <ele>33.1</ele>
    <time>2026-01-09T17:13:24Z</time>
   </trkpt>
   <trkpt lat="40.7344050" lon="-74.0503970">
    <ele>33.1</ele>
    <time>2026-01-09T17:13:25Z</time>
   </trkpt>
   <trkpt lat="40.7344610" lon="-74.0503630">
    <ele>33.2</ele>
    <time>2026-01-09T17:13:26Z</time>
   </trkpt>
   <trkpt lat="40.7345250" lon="-74.0503260">
    <ele>33.3</ele>
    <time>2026-01-09T17:13:27Z</time>
   </trkpt>
   <trkpt lat="40.7345670" lon="-74.0502870">
    <ele>33.3</ele>
    <time>2026-01-09T17:13:28Z</time>
   </trkpt>
   <trkpt lat="40.7346090" lon="-74.0502530">
    <ele>33.4</ele>
    <time>2026-01-09T17:13:29Z</time>
   </trkpt>
   <trkpt lat="40.7346640" lon="-74.0502190">
    <ele>33.5</ele>
    <time>2026-01-09T17:13:30Z</time>
   </trkpt>
   <trkpt lat="40.7347140" lon="-74.0501870">
    <ele>33.5</ele>
    <time>2026-01-09T17:13:31Z</time>
   </trkpt>
   <trkpt lat="40.7347630" lon="-74.0501480">
    <ele>33.6</ele>
    <time>2026-01-09T17:13:32Z</time>
   </trkpt>
   <trkpt lat="40.7348110" lon="-74.0501290">
    <ele>33.7</ele>
    <time>2026-01-09T17:13:33Z</time>
   </trkpt>
   <trkpt lat="40.7348630" lon="-74.0501010">
    <ele>33.8</ele>
    <time>2026-01-09T17:13:34Z</time>
   </trkpt>
   <trkpt lat="40.7349230" lon="-74.0500730">
    <ele>33.9</ele>
    <time>2026-01-09T17:13:35Z</time>
   </trkpt>
   <trkpt lat="40.7349730" lon="-74.0500360">
    <ele>33.9</ele>
    <time>2026-01-09T17:13:36Z</time>
   </trkpt>
   <trkpt lat="40.7350170" lon="-74.0500020">
    <ele>34.0</ele>
    <time>2026-01-09T17:13:37Z</time>
   </trkpt>
   <trkpt lat="40.7350680" lon="-74.0499760">
    <ele>34.1</ele>
    <time>2026-01-09T17:13:38Z</time>
   </trkpt>
   <trkpt lat="40.7351110" lon="-74.0499480">
    <ele>34.1</ele>
    <time>2026-01-09T17:13:39Z</time>
   </trkpt>
   <trkpt lat="40.7351490" lon="-74.0498950">
    <ele>34.2</ele>
    <time>2026-01-09T17:13:40Z</time>
   </trkpt>
   <trkpt lat="40.7351990" lon="-74.0498850">
    <ele>34.2</ele>
    <time>2026-01-09T17:13:41Z</time>
   </trkpt>
   <trkpt lat="40.7352640" lon="-74.0498710">
    <ele>34.3</ele>
    <time>2026-01-09T17:13:42Z</time>
   </trkpt>
   <trkpt lat="40.7353090" lon="-74.0498450">
    <ele>34.4</ele>
    <time>2026-01-09T17:13:43Z</time>
   </trkpt>
   <trkpt lat="40.7353590" lon="-74.0498180">
    <ele>34.4</ele>
    <time>2026-01-09T17:13:44Z</time>
   </trkpt>
   <trkpt lat="40.7354050" lon="-74.0497810">
    <ele>34.5</ele>
    <time>2026-01-09T17:13:45Z</time>
   </trkpt>
   <trkpt lat="40.7354530" lon="-74.0497480">
    <ele>34.5</ele>
    <time>2026-01-09T17:13:46Z</time>
   </trkpt>
   <trkpt lat="40.7354980" lon="-74.0497110">
    <ele>34.6</ele>
    <time>2026-01-09T17:13:47Z</time>
   </trkpt>
   <trkpt lat="40.7355450" lon="-74.0496790">
    <ele>34.7</ele>
    <time>2026-01-09T17:13:48Z</time>
   </trkpt>
   <trkpt lat="40.7355890" lon="-74.0496390">
    <ele>34.7</ele>
    <time>2026-01-09T17:13:49Z</time>
   </trkpt>
   <trkpt lat="40.7356310" lon="-74.0495950">
    <ele>34.8</ele>
    <time>2026-01-09T17:13:50Z</time>
   </trkpt>
   <trkpt lat="40.7356870" lon="-74.0495630">
    <ele>34.8</ele>
    <time>2026-01-09T17:13:51Z</time>
   </trkpt>
   <trkpt lat="40.7357570" lon="-74.0495430">
    <ele>34.9</ele>
    <time>2026-01-09T17:13:52Z</time>
   </trkpt>
   <trkpt lat="40.7358050" lon="-74.0495020">
    <ele>34.9</ele>
    <time>2026-01-09T17:13:53Z</time>
   </trkpt>
   <trkpt lat="40.7358560" lon="-74.0494700">
    <ele>35.0</ele>
    <time>2026-01-09T17:13:54Z</time>
   </trkpt>
   <trkpt lat="40.7359090" lon="-74.0494390">
    <ele>35.0</ele>
    <time>2026-01-09T17:13:55Z</time>
   </trkpt>
   <trkpt lat="40.7359620" lon="-74.0493920">
    <ele>35.1</ele>
    <time>2026-01-09T17:13:56Z</time>
   </trkpt>
   <trkpt lat="40.7360170" lon="-74.0493580">
    <ele>35.1</ele>
    <time>2026-01-09T17:13:57Z</time>
   </trkpt>
   <trkpt lat="40.7360700" lon="-74.0493200">
    <ele>35.1</ele>
    <time>2026-01-09T17:13:58Z</time>
   </trkpt>
   <trkpt lat="40.7361250" lon="-74.0492850">
    <ele>35.2</ele>
    <time>2026-01-09T17:13:59Z</time>
   </trkpt>
   <trkpt lat="40.7361810" lon="-74.0492560">
    <ele>35.2</ele>
    <time>2026-01-09T17:14:00Z</time>
   </trkpt>
   <trkpt lat="40.7362350" lon="-74.0492190">
    <ele>35.2</ele>
    <time>2026-01-09T17:14:01Z</time>
   </trkpt>
   <trkpt lat="40.7362950" lon="-74.0491830">
    <ele>35.2</ele>
    <time>2026-01-09T17:14:02Z</time>
   </trkpt>
   <trkpt lat="40.7363490" lon="-74.0491520">
    <ele>35.2</ele>
    <time>2026-01-09T17:14:03Z</time>
   </trkpt>
   <trkpt lat="40.7364100" lon="-74.0491170">
    <ele>35.1</ele>
    <time>2026-01-09T17:14:04Z</time>
   </trkpt>
   <trkpt lat="40.7364700" lon="-74.0490780">
    <ele>35.1</ele>
    <time>2026-01-09T17:14:05Z</time>
   </trkpt>
   <trkpt lat="40.7365260" lon="-74.0490480">
    <ele>35.0</ele>
    <time>2026-01-09T17:14:06Z</time>
   </trkpt>
   <trkpt lat="40.7365830" lon="-74.0490130">
    <ele>35.0</ele>
    <time>2026-01-09T17:14:07Z</time>
   </trkpt>
   <trkpt lat="40.7366400" lon="-74.0489790">
    <ele>35.0</ele>
    <time>2026-01-09T17:14:08Z</time>
   </trkpt>
   <trkpt lat="40.7366880" lon="-74.0489340">
    <ele>35.0</ele>
    <time>2026-01-09T17:14:09Z</time>
   </trkpt>
   <trkpt lat="40.7367530" lon="-74.0488970">
    <ele>34.9</ele>
    <time>2026-01-09T17:14:10Z</time>
   </trkpt>
   <trkpt lat="40.7368090" lon="-74.0488680">
    <ele>34.9</ele>
    <time>2026-01-09T17:14:11Z</time>
   </trkpt>
   <trkpt lat="40.7368820" lon="-74.0488240">
    <ele>34.9</ele>
    <time>2026-01-09T17:14:12Z</time>
   </trkpt>
   <trkpt lat="40.7369370" lon="-74.0487880">
    <ele>34.8</ele>
    <time>2026-01-09T17:14:13Z</time>
   </trkpt>
   <trkpt lat="40.7369930" lon="-74.0487450">
    <ele>34.8</ele>
    <time>2026-01-09T17:14:14Z</time>
   </trkpt>
   <trkpt lat="40.7370540" lon="-74.0487080">
    <ele>34.7</ele>
    <time>2026-01-09T17:14:15Z</time>
   </trkpt>
   <trkpt lat="40.7371080" lon="-74.0486680">
    <ele>34.6</ele>
    <time>2026-01-09T17:14:16Z</time>
   </trkpt>
   <trkpt lat="40.7371730" lon="-74.0486230">
    <ele>34.6</ele>
    <time>2026-01-09T17:14:17Z</time>
   </trkpt>
   <trkpt lat="40.7372380" lon="-74.0485920">
    <ele>34.5</ele>
    <time>2026-01-09T17:14:18Z</time>
   </trkpt>
   <trkpt lat="40.7372930" lon="-74.0485470">
    <ele>34.4</ele>
    <time>2026-01-09T17:14:19Z</time>
   </trkpt>
   <trkpt lat="40.7373480" lon="-74.0485120">
    <ele>34.3</ele>
    <time>2026-01-09T17:14:20Z</time>
   </trkpt>
   <trkpt lat="40.7374080" lon="-74.0484810">
    <ele>34.3</ele>
    <time>2026-01-09T17:14:21Z</time>
   </trkpt>
   <trkpt lat="40.7374700" lon="-74.0484440">
    <ele>34.2</ele>
    <time>2026-01-09T17:14:22Z</time>
   </trkpt>
   <trkpt lat="40.7375240" lon="-74.0484050">
    <ele>34.1</ele>
    <time>2026-01-09T17:14:23Z</time>
   </trkpt>
   <trkpt lat="40.7375800" lon="-74.0483720">
    <ele>34.0</ele>
    <time>2026-01-09T17:14:24Z</time>
   </trkpt>
   <trkpt lat="40.7376430" lon="-74.0483320">
    <ele>33.9</ele>
    <time>2026-01-09T17:14:25Z</time>
   </trkpt>
   <trkpt lat="40.7377000" lon="-74.0482910">
    <ele>33.8</ele>
    <time>2026-01-09T17:14:26Z</time>
   </trkpt>
   <trkpt lat="40.7377590" lon="-74.0482470">
    <ele>33.7</ele>
    <time>2026-01-09T17:14:27Z</time>
   </trkpt>
   <trkpt lat="40.7378200" lon="-74.0482110">
    <ele>33.6</ele>
    <time>2026-01-09T17:14:28Z</time>
   </trkpt>
   <trkpt lat="40.7378750" lon="-74.0481710">
    <ele>33.5</ele>
    <time>2026-01-09T17:14:29Z</time>
   </trkpt>
   <trkpt lat="40.7379350" lon="-74.0481380">
    <ele>33.4</ele>
    <time>2026-01-09T17:14:30Z</time>
   </trkpt>
   <trkpt lat="40.7380030" lon="-74.0480960">
    <ele>33.3</ele>
    <time>2026-01-09T17:14:31Z</time>
   </trkpt>
   <trkpt lat="40.7380630" lon="-74.0480620">
    <ele>33.2</ele>
    <time>2026-01-09T17:14:32Z</time>
   </trkpt>
   <trkpt lat="40.7381190" lon="-74.0480240">
    <ele>33.1</ele>
    <time>2026-01-09T17:14:33Z</time>
   </trkpt>
   <trkpt lat="40.7381780" lon="-74.0479800">
    <ele>33.0</ele>
    <time>2026-01-09T17:14:34Z</time>
   </trkpt>
   <trkpt lat="40.7382380" lon="-74.0479390">
    <ele>32.8</ele>
    <time>2026-01-09T17:14:35Z</time>
   </trkpt>
   <trkpt lat="40.7382980" lon="-74.0479070">
    <ele>32.7</ele>
    <time>2026-01-09T17:14:36Z</time>
   </trkpt>
   <trkpt lat="40.7383600" lon="-74.0478650">
    <ele>32.5</ele>
    <time>2026-01-09T17:14:37Z</time>
   </trkpt>
   <trkpt lat="40.7384260" lon="-74.0478260">
    <ele>32.4</ele>
    <time>2026-01-09T17:14:38Z</time>
   </trkpt>
   <trkpt lat="40.7384920" lon="-74.0477890">
    <ele>32.3</ele>
    <time>2026-01-09T17:14:39Z</time>
   </trkpt>
   <trkpt lat="40.7385540" lon="-74.0477510">
    <ele>32.2</ele>
    <time>2026-01-09T17:14:40Z</time>
   </trkpt>
   <trkpt lat="40.7386160" lon="-74.0477080">
    <ele>32.2</ele>
    <time>2026-01-09T17:14:41Z</time>
   </trkpt>
   <trkpt lat="40.7386770" lon="-74.0476690">
    <ele>32.2</ele>
    <time>2026-01-09T17:14:42Z</time>
   </trkpt>
   <trkpt lat="40.7387420" lon="-74.0476290">
    <ele>32.2</ele>
    <time>2026-01-09T17:14:43Z</time>
   </trkpt>
   <trkpt lat="40.7388100" lon="-74.0475910">
    <ele>32.3</ele>
    <time>2026-01-09T17:14:44Z</time>
   </trkpt>
   <trkpt lat="40.7388740" lon="-74.0475490">
    <ele>32.4</ele>
    <time>2026-01-09T17:14:45Z</time>
   </trkpt>
   <trkpt lat="40.7389360" lon="-74.0475190">
    <ele>32.5</ele>
    <time>2026-01-09T17:14:46Z</time>
   </trkpt>
   <trkpt lat="40.7389870" lon="-74.0474780">
    <ele>32.7</ele>
    <time>2026-01-09T17:14:47Z</time>
   </trkpt>
   <trkpt lat="40.7390270" lon="-74.0474280">
    <ele>32.8</ele>
    <time>2026-01-09T17:14:48Z</time>
   </trkpt>
   <trkpt lat="40.7390890" lon="-74.0473970">
    <ele>32.9</ele>
    <time>2026-01-09T17:14:49Z</time>
   </trkpt>
   <trkpt lat="40.7391440" lon="-74.0473710">
    <ele>33.0</ele>
    <time>2026-01-09T17:14:50Z</time>
   </trkpt>
   <trkpt lat="40.7391960" lon="-74.0473440">
    <ele>33.0</ele>
    <time>2026-01-09T17:14:51Z</time>
   </trkpt>
   <trkpt lat="40.7392470" lon="-74.0473000">
    <ele>33.1</ele>
    <time>2026-01-09T17:14:52Z</time>
   </trkpt>
   <trkpt lat="40.7393080" lon="-74.0472660">
    <ele>33.2</ele>
    <time>2026-01-09T17:14:53Z</time>
   </trkpt>
   <trkpt lat="40.7393550" lon="-74.0472290">
    <ele>33.3</ele>
    <time>2026-01-09T17:14:54Z</time>
   </trkpt>
   <trkpt lat="40.7394100" lon="-74.0471930">
    <ele>33.4</ele>
    <time>2026-01-09T17:14:55Z</time>
   </trkpt>
   <trkpt lat="40.7394730" lon="-74.0471600">
    <ele>33.5</ele>
    <time>2026-01-09T17:14:56Z</time>
   </trkpt>
   <trkpt lat="40.7395310" lon="-74.0471340">
    <ele>33.6</ele>
    <time>2026-01-09T17:14:57Z</time>
   </trkpt>
   <trkpt lat="40.7395820" lon="-74.0470940">
    <ele>33.7</ele>
    <time>2026-01-09T17:14:58Z</time>
   </trkpt>
   <trkpt lat="40.7396390" lon="-74.0470560">
    <ele>33.8</ele>
    <time>2026-01-09T17:14:59Z</time>
   </trkpt>
   <trkpt lat="40.7396930" lon="-74.0470270">
    <ele>33.8</ele>
    <time>2026-01-09T17:15:00Z</time>
   </trkpt>
   <trkpt lat="40.7397480" lon="-74.0469880">
    <ele>33.9</ele>
    <time>2026-01-09T17:15:01Z</time>
   </trkpt>
   <trkpt lat="40.7398020" lon="-74.0469540">
    <ele>34.0</ele>
    <time>2026-01-09T17:15:02Z</time>
   </trkpt>
   <trkpt lat="40.7398600" lon="-74.0469160">
    <ele>34.0</ele>
    <time>2026-01-09T17:15:03Z</time>
   </trkpt>
   <trkpt lat="40.7399190" lon="-74.0468790">
    <ele>34.1</ele>
    <time>2026-01-09T17:15:04Z</time>
   </trkpt>
   <trkpt lat="40.7399750" lon="-74.0468570">
    <ele>34.1</ele>
    <time>2026-01-09T17:15:05Z</time>
   </trkpt>
   <trkpt lat="40.7400380" lon="-74.0468220">
    <ele>34.2</ele>
    <time>2026-01-09T17:15:06Z</time>
   </trkpt>
   <trkpt lat="40.7400950" lon="-74.0467900">
    <ele>34.2</ele>
    <time>2026-01-09T17:15:07Z</time>
   </trkpt>
   <trkpt lat="40.7401540" lon="-74.0467510">
    <ele>34.3</ele>
    <time>2026-01-09T17:15:08Z</time>
   </trkpt>
   <trkpt lat="40.7402080" lon="-74.0467190">
    <ele>34.3</ele>
    <time>2026-01-09T17:15:09Z</time>
   </trkpt>
   <trkpt lat="40.7402640" lon="-74.0466830">
    <ele>34.3</ele>
    <time>2026-01-09T17:15:10Z</time>
   </trkpt>
   <trkpt lat="40.7403200" lon="-74.0466420">
    <ele>34.4</ele>
    <time>2026-01-09T17:15:11Z</time>
   </trkpt>
   <trkpt lat="40.7403770" lon="-74.0466050">
    <ele>34.4</ele>
    <time>2026-01-09T17:15:12Z</time>
   </trkpt>
   <trkpt lat="40.7404420" lon="-74.0465630">
    <ele>34.4</ele>
    <time>2026-01-09T17:15:13Z</time>
   </trkpt>
   <trkpt lat="40.7404990" lon="-74.0465360">
    <ele>34.4</ele>
    <time>2026-01-09T17:15:14Z</time>
   </trkpt>
   <trkpt lat="40.7405540" lon="-74.0464940">
    <ele>34.4</ele>
    <time>2026-01-09T17:15:15Z</time>
   </trkpt>
   <trkpt lat="40.7406100" lon="-74.0464700">
    <ele>34.3</ele>
    <time>2026-01-09T17:15:16Z</time>
   </trkpt>
   <trkpt lat="40.7406600" lon="-74.0464360">
    <ele>34.3</ele>
    <time>2026-01-09T17:15:17Z</time>
   </trkpt>
   <trkpt lat="40.7407190" lon="-74.0464050">
    <ele>34.3</ele>
    <time>2026-01-09T17:15:18Z</time>
   </trkpt>
   <trkpt lat="40.7407740" lon="-74.0463690">
    <ele>34.2</ele>
    <time>2026-01-09T17:15:19Z</time>
   </trkpt>
   <trkpt lat="40.7408250" lon="-74.0463450">
    <ele>34.2</ele>
    <time>2026-01-09T17:15:20Z</time>
   </trkpt>
   <trkpt lat="40.7408740" lon="-74.0463080">
    <ele>34.1</ele>
    <time>2026-01-09T17:15:21Z</time>
   </trkpt>
   <trkpt lat="40.7409270" lon="-74.0462690">
    <ele>34.1</ele>
    <time>2026-01-09T17:15:22Z</time>
   </trkpt>
   <trkpt lat="40.7409760" lon="-74.0462400">
    <ele>34.1</ele>
    <time>2026-01-09T17:15:23Z</time>
   </trkpt>
   <trkpt lat="40.7410150" lon="-74.0462160">
    <ele>34.1</ele>
    <time>2026-01-09T17:15:24Z</time>
   </trkpt>
   <trkpt lat="40.7410490" lon="-74.0461910">
    <ele>34.0</ele>
    <time>2026-01-09T17:15:25Z</time>
   </trkpt>
   <trkpt lat="40.7410840" lon="-74.0461700">
    <ele>34.0</ele>
    <time>2026-01-09T17:15:26Z</time>
   </trkpt>
   <trkpt lat="40.7410970" lon="-74.0461570">
    <ele>34.0</ele>
    <time>2026-01-09T17:15:27Z</time>
   </trkpt>
   <trkpt lat="40.7410990" lon="-74.0461570">
    <ele>34.0</ele>
    <time>2026-01-09T17:15:28Z</time>
   </trkpt>
   <trkpt lat="40.7411010" lon="-74.0461580">
    <ele>34.0</ele>
    <time>2026-01-09T17:15:29Z</time>
   </trkpt>
   <trkpt lat="40.7411040" lon="-74.0461590">
    <ele>34.0</ele>
    <time>2026-01-09T17:15:30Z</time>
   </trkpt>
   <trkpt lat="40.7411060" lon="-74.0461590">
    <ele>34.0</ele>
    <time>2026-01-09T17:15:31Z</time>
   </trkpt>
   <trkpt lat="40.7411080" lon="-74.0461600">
    <ele>34.0</ele>
    <time>2026-01-09T17:15:32Z</time>
   </trkpt>
   <trkpt lat="40.7411100" lon="-74.0461600">
    <ele>34.0</ele>
    <time>2026-01-09T17:15:33Z</time>
   </trkpt>
   <trkpt lat="40.7411120" lon="-74.0461610">
    <ele>34.0</ele>
    <time>2026-01-09T17:15:34Z</time>
   </trkpt>
   <trkpt lat="40.7411140" lon="-74.0461620">
    <ele>34.0</ele>
    <time>2026-01-09T17:15:35Z</time>
   </trkpt>
   <trkpt lat="40.7411160" lon="-74.0461620">
    <ele>34.0</ele>
    <time>2026-01-09T17:15:36Z</time>
   </trkpt>
   <trkpt lat="40.7411190" lon="-74.0461630">
    <ele>34.0</ele>
    <time>2026-01-09T17:15:37Z</time>
   </trkpt>
   <trkpt lat="40.7411210" lon="-74.0461640">
    <ele>34.0</ele>
    <time>2026-01-09T17:15:38Z</time>
   </trkpt>
   <trkpt lat="40.7411230" lon="-74.0461640">
    <ele>34.0</ele>
    <time>2026-01-09T17:15:39Z</time>
   </trkpt>
   <trkpt lat="40.7411250" lon="-74.0461650">
    <ele>34.0</ele>
    <time>2026-01-09T17:15:40Z</time>
   </trkpt>
   <trkpt lat="40.7411650" lon="-74.0461420">
    <ele>34.0</ele>
    <time>2026-01-09T17:15:41Z</time>
   </trkpt>
   <trkpt lat="40.7411820" lon="-74.0461310">
    <ele>34.0</ele>
    <time>2026-01-09T17:15:42Z</time>
   </trkpt>
   <trkpt lat="40.7412200" lon="-74.0461010">
    <ele>34.0</ele>
    <time>2026-01-09T17:15:43Z</time>
   </trkpt>
   <trkpt lat="40.7412560" lon="-74.0460710">
    <ele>33.9</ele>
    <time>2026-01-09T17:15:44Z</time>
   </trkpt>
   <trkpt lat="40.7412980" lon="-74.0460280">
    <ele>33.9</ele>
    <time>2026-01-09T17:15:45Z</time>
   </trkpt>
   <trkpt lat="40.7413480" lon="-74.0460010">
    <ele>34.0</ele>
    <time>2026-01-09T17:15:46Z</time>
   </trkpt>
   <trkpt lat="40.7413940" lon="-74.0459740">
    <ele>34.0</ele>
    <time>2026-01-09T17:15:47Z</time>
   </trkpt>
   <trkpt lat="40.7414460" lon="-74.0459380">
    <ele>34.1</ele>
    <time>2026-01-09T17:15:48Z</time>
   </trkpt>
   <trkpt lat="40.7414940" lon="-74.0459130">
    <ele>34.2</ele>
    <time>2026-01-09T17:15:49Z</time>
   </trkpt>
   <trkpt lat="40.7415430" lon="-74.0458770">
    <ele>34.2</ele>
    <time>2026-01-09T17:15:50Z</time>
   </trkpt>
   <trkpt lat="40.7415940" lon="-74.0458420">
    <ele>34.3</ele>
    <time>2026-01-09T17:15:51Z</time>
   </trkpt>
   <trkpt lat="40.7416560" lon="-74.0457940">
    <ele>34.4</ele>
    <time>2026-01-09T17:15:52Z</time>
   </trkpt>
   <trkpt lat="40.7417140" lon="-74.0457570">
    <ele>34.5</ele>
    <time>2026-01-09T17:15:53Z</time>
   </trkpt>
   <trkpt lat="40.7417740" lon="-74.0457300">
    <ele>34.6</ele>
    <time>2026-01-09T17:15:54Z</time>
   </trkpt>
   <trkpt lat="40.7418350" lon="-74.0456970">
    <ele>34.7</ele>
    <time>2026-01-09T17:15:55Z</time>
   </trkpt>
   <trkpt lat="40.7418960" lon="-74.0456530">
    <ele>34.7</ele>
    <time>2026-01-09T17:15:56Z</time>
   </trkpt>
   <trkpt lat="40.7419590" lon="-74.0456150">
    <ele>34.8</ele>
    <time>2026-01-09T17:15:57Z</time>
   </trkpt>
   <trkpt lat="40.7420180" lon="-74.0455840">
    <ele>34.9</ele>
    <time>2026-01-09T17:15:58Z</time>
   </trkpt>
   <trkpt lat="40.7420780" lon="-74.0455450">
    <ele>34.9</ele>
    <time>2026-01-09T17:15:59Z</time>
   </trkpt>
   <trkpt lat="40.7421440" lon="-74.0455030">
    <ele>34.9</ele>
    <time>2026-01-09T17:16:00Z</time>
   </trkpt>
   <trkpt lat="40.7422000" lon="-74.0454640">
    <ele>34.9</ele>
    <time>2026-01-09T17:16:01Z</time>
   </trkpt>
   <trkpt lat="40.7422790" lon="-74.0454250">
    <ele>34.8</ele>
    <time>2026-01-09T17:16:02Z</time>
   </trkpt>
   <trkpt lat="40.7423390" lon="-74.0453950">
    <ele>34.8</ele>
    <time>2026-01-09T17:16:03Z</time>
   </trkpt>
   <trkpt lat="40.7423900" lon="-74.0453670">
    <ele>34.8</ele>
    <time>2026-01-09T17:16:04Z</time>
   </trkpt>
   <trkpt lat="40.7424550" lon="-74.0453300">
    <ele>34.8</ele>
    <time>2026-01-09T17:16:05Z</time>
   </trkpt>
   <trkpt lat="40.7425030" lon="-74.0452910">
    <ele>34.8</ele>
    <time>2026-01-09T17:16:06Z</time>
   </trkpt>
   <trkpt lat="40.7425690" lon="-74.0452470">
    <ele>34.8</ele>
    <time>2026-01-09T17:16:07Z</time>
   </trkpt>
   <trkpt lat="40.7426280" lon="-74.0452050">
    <ele>34.8</ele>
    <time>2026-01-09T17:16:08Z</time>
   </trkpt>
   <trkpt lat="40.7426990" lon="-74.0451760">
    <ele>34.9</ele>
    <time>2026-01-09T17:16:09Z</time>
   </trkpt>
   <trkpt lat="40.7427400" lon="-74.0451470">
    <ele>34.9</ele>
    <time>2026-01-09T17:16:10Z</time>
   </trkpt>
   <trkpt lat="40.7427990" lon="-74.0450880">
    <ele>35.0</ele>
    <time>2026-01-09T17:16:11Z</time>
   </trkpt>
   <trkpt lat="40.7428540" lon="-74.0450390">
    <ele>35.0</ele>
    <time>2026-01-09T17:16:12Z</time>
   </trkpt>
   <trkpt lat="40.7429140" lon="-74.0450080">
    <ele>35.1</ele>
    <time>2026-01-09T17:16:13Z</time>
   </trkpt>
   <trkpt lat="40.7429700" lon="-74.0449780">
    <ele>35.1</ele>
    <time>2026-01-09T17:16:14Z</time>
   </trkpt>
   <trkpt lat="40.7430220" lon="-74.0449400">
    <ele>35.1</ele>
    <time>2026-01-09T17:16:15Z</time>
   </trkpt>
   <trkpt lat="40.7430660" lon="-74.0449060">
    <ele>35.2</ele>
    <time>2026-01-09T17:16:16Z</time>
   </trkpt>
   <trkpt lat="40.7431150" lon="-74.0448710">
    <ele>35.2</ele>
    <time>2026-01-09T17:16:17Z</time>
   </trkpt>
   <trkpt lat="40.7431650" lon="-74.0448550">
    <ele>35.2</ele>
    <time>2026-01-09T17:16:18Z</time>
   </trkpt>
   <trkpt lat="40.7432140" lon="-74.0448160">
    <ele>35.3</ele>
    <time>2026-01-09T17:16:19Z</time>
   </trkpt>
   <trkpt lat="40.7432690" lon="-74.0447910">
    <ele>35.3</ele>
    <time>2026-01-09T17:16:20Z</time>
   </trkpt>
   <trkpt lat="40.7433240" lon="-74.0447520">
    <ele>35.3</ele>
    <time>2026-01-09T17:16:21Z</time>
   </trkpt>
   <trkpt lat="40.7433780" lon="-74.0447200">
    <ele>35.3</ele>
    <time>2026-01-09T17:16:22Z</time>
   </trkpt>
   <trkpt lat="40.7434250" lon="-74.0446770">
    <ele>35.2</ele>
    <time>2026-01-09T17:16:23Z</time>
   </trkpt>
   <trkpt lat="40.7434780" lon="-74.0446460">
    <ele>35.2</ele>
    <time>2026-01-09T17:16:24Z</time>
   </trkpt>
   <trkpt lat="40.7435270" lon="-74.0446130">
    <ele>35.2</ele>
    <time>2026-01-09T17:16:25Z</time>
   </trkpt>
   <trkpt lat="40.7435660" lon="-74.0445780">
    <ele>35.2</ele>
    <time>2026-01-09T17:16:26Z</time>
   </trkpt>
   <trkpt lat="40.7436080" lon="-74.0445400">
    <ele>35.2</ele>
    <time>2026-01-09T17:16:27Z</time>
   </trkpt>
   <trkpt lat="40.7436480" lon="-74.0445100">
    <ele>35.2</ele>
    <time>2026-01-09T17:16:28Z</time>
   </trkpt>
   <trkpt lat="40.7436870" lon="-74.0444900">
    <ele>35.2</ele>
    <time>2026-01-09T17:16:29Z</time>
   </trkpt>
   <trkpt lat="40.7437180" lon="-74.0444790">
    <ele>35.2</ele>
    <time>2026-01-09T17:16:30Z</time>
   </trkpt>
   <trkpt lat="40.7437530" lon="-74.0444710">
    <ele>35.2</ele>
    <time>2026-01-09T17:16:31Z</time>
   </trkpt>
   <trkpt lat="40.7437800" lon="-74.0444460">
    <ele>35.2</ele>
    <time>2026-01-09T17:16:32Z</time>
   </trkpt>
   <trkpt lat="40.7437920" lon="-74.0444290">
    <ele>35.1</ele>
    <time>2026-01-09T17:16:33Z</time>
   </trkpt>
   <trkpt lat="40.7438030" lon="-74.0444260">
    <ele>35.1</ele>
    <time>2026-01-09T17:16:34Z</time>
   </trkpt>
   <trkpt lat="40.7438360" lon="-74.0444050">
    <ele>35.1</ele>
    <time>2026-01-09T17:16:35Z</time>
   </trkpt>
   <trkpt lat="40.7438470" lon="-74.0443990">
    <ele>35.1</ele>
    <time>2026-01-09T17:16:36Z</time>
   </trkpt>
   <trkpt lat="40.7438750" lon="-74.0443850">
    <ele>35.1</ele>
    <time>2026-01-09T17:16:37Z</time>
   </trkpt>
   <trkpt lat="40.7438850" lon="-74.0443770">
    <ele>35.1</ele>
    <time>2026-01-09T17:16:38Z</time>
   </trkpt>
   <trkpt lat="40.7439310" lon="-74.0443510">
    <ele>35.1</ele>
    <time>2026-01-09T17:16:39Z</time>
   </trkpt>
   <trkpt lat="40.7439580" lon="-74.0443390">
    <ele>35.2</ele>
    <time>2026-01-09T17:16:40Z</time>
   </trkpt>
   <trkpt lat="40.7439970" lon="-74.0443080">
    <ele>35.2</ele>
    <time>2026-01-09T17:16:41Z</time>
   </trkpt>
   <trkpt lat="40.7440330" lon="-74.0442870">
    <ele>35.2</ele>
    <time>2026-01-09T17:16:42Z</time>
   </trkpt>
   <trkpt lat="40.7440820" lon="-74.0442520">
    <ele>35.2</ele>
    <time>2026-01-09T17:16:43Z</time>
   </trkpt>
   <trkpt lat="40.7441310" lon="-74.0442200">
    <ele>35.3</ele>
    <time>2026-01-09T17:16:44Z</time>
   </trkpt>
   <trkpt lat="40.7441820" lon="-74.0441850">
    <ele>35.4</ele>
    <time>2026-01-09T17:16:45Z</time>
   </trkpt>
   <trkpt lat="40.7442320" lon="-74.0441580">
    <ele>35.4</ele>
    <time>2026-01-09T17:16:46Z</time>
   </trkpt>
   <trkpt lat="40.7442810" lon="-74.0441360">
    <ele>35.5</ele>
    <time>2026-01-09T17:16:47Z</time>
   </trkpt>
   <trkpt lat="40.7443450" lon="-74.0441010">
    <ele>35.6</ele>
    <time>2026-01-09T17:16:48Z</time>
   </trkpt>
   <trkpt lat="40.7443930" lon="-74.0440700">
    <ele>35.6</ele>
    <time>2026-01-09T17:16:49Z</time>
   </trkpt>
   <trkpt lat="40.7444380" lon="-74.0440420">
    <ele>35.7</ele>
    <time>2026-01-09T17:16:50Z</time>
   </trkpt>
   <trkpt lat="40.7444950" lon="-74.0440110">
    <ele>35.8</ele>
    <time>2026-01-09T17:16:51Z</time>
   </trkpt>
   <trkpt lat="40.7445490" lon="-74.0439840">
    <ele>35.9</ele>
    <time>2026-01-09T17:16:52Z</time>
   </trkpt>
   <trkpt lat="40.7446090" lon="-74.0439510">
    <ele>35.9</ele>
    <time>2026-01-09T17:16:53Z</time>
   </trkpt>
   <trkpt lat="40.7446660" lon="-74.0439090">
    <ele>36.0</ele>
    <time>2026-01-09T17:16:54Z</time>
   </trkpt>
   <trkpt lat="40.7447230" lon="-74.0438780">
    <ele>36.1</ele>
    <time>2026-01-09T17:16:55Z</time>
   </trkpt>
   <trkpt lat="40.7447800" lon="-74.0438380">
    <ele>36.2</ele>
    <time>2026-01-09T17:16:56Z</time>
   </trkpt>
   <trkpt lat="40.7448350" lon="-74.0437970">
    <ele>36.2</ele>
    <time>2026-01-09T17:16:57Z</time>
   </trkpt>
   <trkpt lat="40.7448860" lon="-74.0437500">
    <ele>36.3</ele>
    <time>2026-01-09T17:16:58Z</time>
   </trkpt>
   <trkpt lat="40.7449380" lon="-74.0437050">
    <ele>36.4</ele>
    <time>2026-01-09T17:16:59Z</time>
   </trkpt>
   <trkpt lat="40.7449970" lon="-74.0436750">
    <ele>36.5</ele>
    <time>2026-01-09T17:17:00Z</time>
   </trkpt>
   <trkpt lat="40.7450590" lon="-74.0436350">
    <ele>36.5</ele>
    <time>2026-01-09T17:17:01Z</time>
   </trkpt>
   <trkpt lat="40.7451110" lon="-74.0436000">
    <ele>36.6</ele>
    <time>2026-01-09T17:17:02Z</time>
   </trkpt>
   <trkpt lat="40.7451700" lon="-74.0435670">
    <ele>36.7</ele>
    <time>2026-01-09T17:17:03Z</time>
   </trkpt>
   <trkpt lat="40.7452260" lon="-74.0435280">
    <ele>36.8</ele>
    <time>2026-01-09T17:17:04Z</time>
   </trkpt>
   <trkpt lat="40.7452900" lon="-74.0434900">
    <ele>36.9</ele>
    <time>2026-01-09T17:17:05Z</time>
   </trkpt>
   <trkpt lat="40.7453570" lon="-74.0434440">
    <ele>37.0</ele>
    <time>2026-01-09T17:17:06Z</time>
   </trkpt>
   <trkpt lat="40.7454130" lon="-74.0434060">
    <ele>37.1</ele>
    <time>2026-01-09T17:17:07Z</time>
   </trkpt>
   <trkpt lat="40.7454670" lon="-74.0433690">
    <ele>37.2</ele>
    <time>2026-01-09T17:17:08Z</time>
   </trkpt>
   <trkpt lat="40.7455200" lon="-74.0433340">
    <ele>37.3</ele>
    <time>2026-01-09T17:17:09Z</time>
   </trkpt>
   <trkpt lat="40.7455690" lon="-74.0433050">
    <ele>37.3</ele>
    <time>2026-01-09T17:17:10Z</time>
   </trkpt>
   <trkpt lat="40.7456210" lon="-74.0432710">
    <ele>37.3</ele>
    <time>2026-01-09T17:17:11Z</time>
   </trkpt>
   <trkpt lat="40.7456800" lon="-74.0432340">
    <ele>37.4</ele>
    <time>2026-01-09T17:17:12Z</time>
   </trkpt>
   <trkpt lat="40.7457340" lon="-74.0431990">
    <ele>37.4</ele>
    <time>2026-01-09T17:17:13Z</time>
   </trkpt>
   <trkpt lat="40.7457890" lon="-74.0431480">
    <ele>37.5</ele>
    <time>2026-01-09T17:17:14Z</time>
   </trkpt>
   <trkpt lat="40.7458440" lon="-74.0431080">
    <ele>37.5</ele>
    <time>2026-01-09T17:17:15Z</time>
   </trkpt>
   <trkpt lat="40.7458990" lon="-74.0430700">
    <ele>37.6</ele>
    <time>2026-01-09T17:17:16Z</time>
   </trkpt>
   <trkpt lat="40.7459530" lon="-74.0430240">
    <ele>37.7</ele>
    <time>2026-01-09T17:17:17Z</time>
   </trkpt>
   <trkpt lat="40.7460010" lon="-74.0429990">
    <ele>37.8</ele>
    <time>2026-01-09T17:17:18Z</time>
   </trkpt>
   <trkpt lat="40.7460590" lon="-74.0429640">
    <ele>37.8</ele>
    <time>2026-01-09T17:17:19Z</time>
   </trkpt>
   <trkpt lat="40.7461150" lon="-74.0429330">
    <ele>37.9</ele>
    <time>2026-01-09T17:17:20Z</time>
   </trkpt>
   <trkpt lat="40.7461680" lon="-74.0428940">
    <ele>38.0</ele>
    <time>2026-01-09T17:17:21Z</time>
   </trkpt>
   <trkpt lat="40.7462040" lon="-74.0428540">
    <ele>38.0</ele>
    <time>2026-01-09T17:17:22Z</time>
   </trkpt>
   <trkpt lat="40.7462710" lon="-74.0428260">
    <ele>38.1</ele>
    <time>2026-01-09T17:17:23Z</time>
   </trkpt>
   <trkpt lat="40.7463300" lon="-74.0427940">
    <ele>38.1</ele>
    <time>2026-01-09T17:17:24Z</time>
   </trkpt>
   <trkpt lat="40.7463840" lon="-74.0427480">
    <ele>38.2</ele>
    <time>2026-01-09T17:17:25Z</time>
   </trkpt>
   <trkpt lat="40.7464320" lon="-74.0427130">
    <ele>38.2</ele>
    <time>2026-01-09T17:17:26Z</time>
   </trkpt>
   <trkpt lat="40.7464970" lon="-74.0426830">
    <ele>38.3</ele>
    <time>2026-01-09T17:17:27Z</time>
   </trkpt>
   <trkpt lat="40.7465610" lon="-74.0426430">
    <ele>38.4</ele>
    <time>2026-01-09T17:17:28Z</time>
   </trkpt>
   <trkpt lat="40.7466140" lon="-74.0426080">
    <ele>38.4</ele>
    <time>2026-01-09T17:17:29Z</time>
   </trkpt>
   <trkpt lat="40.7466630" lon="-74.0425820">
    <ele>38.5</ele>
    <time>2026-01-09T17:17:30Z</time>
   </trkpt>
   <trkpt lat="40.7467050" lon="-74.0425560">
    <ele>38.5</ele>
    <time>2026-01-09T17:17:31Z</time>
   </trkpt>
   <trkpt lat="40.7467520" lon="-74.0425200">
    <ele>38.6</ele>
    <time>2026-01-09T17:17:32Z</time>
   </trkpt>
   <trkpt lat="40.7468230" lon="-74.0424860">
    <ele>38.7</ele>
    <time>2026-01-09T17:17:33Z</time>
   </trkpt>
   <trkpt lat="40.7468740" lon="-74.0424540">
    <ele>38.7</ele>
    <time>2026-01-09T17:17:34Z</time>
   </trkpt>
   <trkpt lat="40.7469200" lon="-74.0424150">
    <ele>38.7</ele>
    <time>2026-01-09T17:17:35Z</time>
   </trkpt>
   <trkpt lat="40.7469660" lon="-74.0423810">
    <ele>38.8</ele>
    <time>2026-01-09T17:17:36Z</time>
   </trkpt>
   <trkpt lat="40.7470220" lon="-74.0423480">
    <ele>38.8</ele>
    <time>2026-01-09T17:17:37Z</time>
   </trkpt>
   <trkpt lat="40.7470650" lon="-74.0423140">
    <ele>38.9</ele>
    <time>2026-01-09T17:17:38Z</time>
   </trkpt>
   <trkpt lat="40.7471120" lon="-74.0422850">
    <ele>39.0</ele>
    <time>2026-01-09T17:17:39Z</time>
   </trkpt>
   <trkpt lat="40.7471610" lon="-74.0422590">
    <ele>39.0</ele>
    <time>2026-01-09T17:17:40Z</time>
   </trkpt>
   <trkpt lat="40.7472080" lon="-74.0422300">
    <ele>39.1</ele>
    <time>2026-01-09T17:17:41Z</time>
   </trkpt>
   <trkpt lat="40.7472460" lon="-74.0422000">
    <ele>39.1</ele>
    <time>2026-01-09T17:17:42Z</time>
   </trkpt>
   <trkpt lat="40.7472900" lon="-74.0421730">
    <ele>39.2</ele>
    <time>2026-01-09T17:17:43Z</time>
   </trkpt>
   <trkpt lat="40.7473320" lon="-74.0421460">
    <ele>39.2</ele>
    <time>2026-01-09T17:17:44Z</time>
   </trkpt>
   <trkpt lat="40.7473740" lon="-74.0421190">
    <ele>39.2</ele>
    <time>2026-01-09T17:17:45Z</time>
   </trkpt>
   <trkpt lat="40.7474020" lon="-74.0420860">
    <ele>39.3</ele>
    <time>2026-01-09T17:17:46Z</time>
   </trkpt>
   <trkpt lat="40.7474310" lon="-74.0420570">
    <ele>39.3</ele>
    <time>2026-01-09T17:17:47Z</time>
   </trkpt>
   <trkpt lat="40.7474750" lon="-74.0420330">
    <ele>39.3</ele>
    <time>2026-01-09T17:17:48Z</time>
   </trkpt>
   <trkpt lat="40.7475150" lon="-74.0420210">
    <ele>39.3</ele>
    <time>2026-01-09T17:17:49Z</time>
   </trkpt>
   <trkpt lat="40.7475670" lon="-74.0419880">
    <ele>39.4</ele>
    <time>2026-01-09T17:17:50Z</time>
   </trkpt>
   <trkpt lat="40.7476130" lon="-74.0419560">
    <ele>39.5</ele>
    <time>2026-01-09T17:17:51Z</time>
   </trkpt>
   <trkpt lat="40.7476610" lon="-74.0419390">
    <ele>39.6</ele>
    <time>2026-01-09T17:17:52Z</time>
   </trkpt>
   <trkpt lat="40.7477210" lon="-74.0419050">
    <ele>39.7</ele>
    <time>2026-01-09T17:17:53Z</time>
   </trkpt>
   <trkpt lat="40.7477710" lon="-74.0418790">
    <ele>39.8</ele>
    <time>2026-01-09T17:17:54Z</time>
   </trkpt>
   <trkpt lat="40.7478260" lon="-74.0418410">
    <ele>39.9</ele>
    <time>2026-01-09T17:17:55Z</time>
   </trkpt>
   <trkpt lat="40.7478640" lon="-74.0418070">
    <ele>39.9</ele>
    <time>2026-01-09T17:17:56Z</time>
   </trkpt>
   <trkpt lat="40.7479230" lon="-74.0417740">
    <ele>40.0</ele>
    <time>2026-01-09T17:17:57Z</time>
   </trkpt>
   <trkpt lat="40.7479800" lon="-74.0417480">
    <ele>40.1</ele>
    <time>2026-01-09T17:17:58Z</time>
   </trkpt>
   <trkpt lat="40.7480320" lon="-74.0417130">
    <ele>40.2</ele>
    <time>2026-01-09T17:17:59Z</time>
   </trkpt>
   <trkpt lat="40.7480820" lon="-74.0416690">
    <ele>40.3</ele>
    <time>2026-01-09T17:18:00Z</time>
   </trkpt>
   <trkpt lat="40.7481460" lon="-74.0416490">
    <ele>40.4</ele>
    <time>2026-01-09T17:18:01Z</time>
   </trkpt>
   <trkpt lat="40.7481860" lon="-74.0416130">
    <ele>40.5</ele>
    <time>2026-01-09T17:18:02Z</time>
   </trkpt>
   <trkpt lat="40.7482410" lon="-74.0415710">
    <ele>40.6</ele>
    <time>2026-01-09T17:18:03Z</time>
   </trkpt>
   <trkpt lat="40.7482870" lon="-74.0415540">
    <ele>40.6</ele>
    <time>2026-01-09T17:18:04Z</time>
   </trkpt>
   <trkpt lat="40.7483470" lon="-74.0415200">
    <ele>40.7</ele>
    <time>2026-01-09T17:18:05Z</time>
   </trkpt>
   <trkpt lat="40.7483980" lon="-74.0414780">
    <ele>40.8</ele>
    <time>2026-01-09T17:18:06Z</time>
   </trkpt>
   <trkpt lat="40.7484500" lon="-74.0414460">
    <ele>40.9</ele>
    <time>2026-01-09T17:18:07Z</time>
   </trkpt>
   <trkpt lat="40.7485020" lon="-74.0414080">
    <ele>41.0</ele>
    <time>2026-01-09T17:18:08Z</time>
   </trkpt>
   <trkpt lat="40.7485570" lon="-74.0413830">
    <ele>41.0</ele>
    <time>2026-01-09T17:18:09Z</time>
   </trkpt>
   <trkpt lat="40.7485990" lon="-74.0413470">
    <ele>41.1</ele>
    <time>2026-01-09T17:18:10Z</time>
   </trkpt>
   <trkpt lat="40.7486480" lon="-74.0413160">
    <ele>41.1</ele>
    <time>2026-01-09T17:18:11Z</time>
   </trkpt>
   <trkpt lat="40.7486940" lon="-74.0412870">
    <ele>41.2</ele>
    <time>2026-01-09T17:18:12Z</time>
   </trkpt>
   <trkpt lat="40.7487510" lon="-74.0412500">
    <ele>41.2</ele>
    <time>2026-01-09T17:18:13Z</time>
   </trkpt>
   <trkpt lat="40.7487920" lon="-74.0412130">
    <ele>41.3</ele>
    <time>2026-01-09T17:18:14Z</time>
   </trkpt>
   <trkpt lat="40.7488410" lon="-74.0411790">
    <ele>41.4</ele>
    <time>2026-01-09T17:18:15Z</time>
   </trkpt>
   <trkpt lat="40.7488970" lon="-74.0411490">
    <ele>41.4</ele>
    <time>2026-01-09T17:18:16Z</time>
   </trkpt>
   <trkpt lat="40.7489420" lon="-74.0411150">
    <ele>41.5</ele>
    <time>2026-01-09T17:18:17Z</time>
   </trkpt>
   <trkpt lat="40.7489810" lon="-74.0410830">
    <ele>41.5</ele>
    <time>2026-01-09T17:18:18Z</time>
   </trkpt>
   <trkpt lat="40.7490300" lon="-74.0410520">
    <ele>41.6</ele>
    <time>2026-01-09T17:18:19Z</time>
   </trkpt>
   <trkpt lat="40.7490800" lon="-74.0410220">
    <ele>41.6</ele>
    <time>2026-01-09T17:18:20Z</time>
   </trkpt>
   <trkpt lat="40.7491310" lon="-74.0409930">
    <ele>41.7</ele>
    <time>2026-01-09T17:18:21Z</time>
   </trkpt>
   <trkpt lat="40.7491850" lon="-74.0409500">
    <ele>41.8</ele>
    <time>2026-01-09T17:18:22Z</time>
   </trkpt>
   <trkpt lat="40.7492410" lon="-74.0409200">
    <ele>41.8</ele>
    <time>2026-01-09T17:18:23Z</time>
   </trkpt>
   <trkpt lat="40.7492870" lon="-74.0408730">
    <ele>41.9</ele>
    <time>2026-01-09T17:18:24Z</time>
   </trkpt>
   <trkpt lat="40.7493260" lon="-74.0408430">
    <ele>42.0</ele>
    <time>2026-01-09T17:18:25Z</time>
   </trkpt>
   <trkpt lat="40.7493810" lon="-74.0408060">
    <ele>42.0</ele>
    <time>2026-01-09T17:18:26Z</time>
   </trkpt>
   <trkpt lat="40.7494350" lon="-74.0407780">
    <ele>42.1</ele>
    <time>2026-01-09T17:18:27Z</time>
   </trkpt>
   <trkpt lat="40.7494730" lon="-74.0407570">
    <ele>42.2</ele>
    <time>2026-01-09T17:18:28Z</time>
   </trkpt>
   <trkpt lat="40.7495290" lon="-74.0407250">
    <ele>42.2</ele>
    <time>2026-01-09T17:18:29Z</time>
   </trkpt>
   <trkpt lat="40.7495730" lon="-74.0406860">
    <ele>42.3</ele>
    <time>2026-01-09T17:18:30Z</time>
   </trkpt>
   <trkpt lat="40.7496210" lon="-74.0406590">
    <ele>42.4</ele>
    <time>2026-01-09T17:18:31Z</time>
   </trkpt>
   <trkpt lat="40.7496710" lon="-74.0406340">
    <ele>42.5</ele>
    <time>2026-01-09T17:18:32Z</time>
   </trkpt>
   <trkpt lat="40.7497190" lon="-74.0405970">
    <ele>42.6</ele>
    <time>2026-01-09T17:18:33Z</time>
   </trkpt>
   <trkpt lat="40.7497820" lon="-74.0405460">
    <ele>42.7</ele>
    <time>2026-01-09T17:18:34Z</time>
   </trkpt>
   <trkpt lat="40.7498240" lon="-74.0405210">
    <ele>42.7</ele>
    <time>2026-01-09T17:18:35Z</time>
   </trkpt>
   <trkpt lat="40.7498750" lon="-74.0405070">
    <ele>42.8</ele>
    <time>2026-01-09T17:18:36Z</time>
   </trkpt>
   <trkpt lat="40.7499300" lon="-74.0404750">
    <ele>42.9</ele>
    <time>2026-01-09T17:18:37Z</time>
   </trkpt>
   <trkpt lat="40.7499700" lon="-74.0404380">
    <ele>43.0</ele>
    <time>2026-01-09T17:18:38Z</time>
   </trkpt>
   <trkpt lat="40.7500200" lon="-74.0404040">
    <ele>43.1</ele>
    <time>2026-01-09T17:18:39Z</time>
   </trkpt>
   <trkpt lat="40.7500550" lon="-74.0403770">
    <ele>43.1</ele>
    <time>2026-01-09T17:18:40Z</time>
   </trkpt>
   <trkpt lat="40.7501090" lon="-74.0403450">
    <ele>43.2</ele>
    <time>2026-01-09T17:18:41Z</time>
   </trkpt>
   <trkpt lat="40.7501700" lon="-74.0403160">
    <ele>43.4</ele>
    <time>2026-01-09T17:18:42Z</time>
   </trkpt>
   <trkpt lat="40.7502200" lon="-74.0402720">
    <ele>43.5</ele>
    <time>2026-01-09T17:18:43Z</time>
   </trkpt>
   <trkpt lat="40.7502680" lon="-74.0402330">
    <ele>43.6</ele>
    <time>2026-01-09T17:18:44Z</time>
   </trkpt>
   <trkpt lat="40.7503250" lon="-74.0402040">
    <ele>43.7</ele>
    <time>2026-01-09T17:18:45Z</time>
   </trkpt>
   <trkpt lat="40.7503750" lon="-74.0401810">
    <ele>43.8</ele>
    <time>2026-01-09T17:18:46Z</time>
   </trkpt>
   <trkpt lat="40.7504210" lon="-74.0401500">
    <ele>43.9</ele>
    <time>2026-01-09T17:18:47Z</time>
   </trkpt>
   <trkpt lat="40.7504790" lon="-74.0401220">
    <ele>44.0</ele>
    <time>2026-01-09T17:18:48Z</time>
   </trkpt>
   <trkpt lat="40.7505280" lon="-74.0400880">
    <ele>44.1</ele>
    <time>2026-01-09T17:18:49Z</time>
   </trkpt>
   <trkpt lat="40.7505660" lon="-74.0400630">
    <ele>44.1</ele>
    <time>2026-01-09T17:18:50Z</time>
   </trkpt>
   <trkpt lat="40.7506200" lon="-74.0400270">
    <ele>44.2</ele>
    <time>2026-01-09T17:18:51Z</time>
   </trkpt>
   <trkpt lat="40.7506740" lon="-74.0399990">
    <ele>44.3</ele>
    <time>2026-01-09T17:18:52Z</time>
   </trkpt>
   <trkpt lat="40.7507140" lon="-74.0399700">
    <ele>44.3</ele>
    <time>2026-01-09T17:18:53Z</time>
   </trkpt>
   <trkpt lat="40.7507530" lon="-74.0399350">
    <ele>44.3</ele>
    <time>2026-01-09T17:18:54Z</time>
   </trkpt>
   <trkpt lat="40.7507880" lon="-74.0398920">
    <ele>44.3</ele>
    <time>2026-01-09T17:18:55Z</time>
   </trkpt>
   <trkpt lat="40.7508250" lon="-74.0398630">
    <ele>44.3</ele>
    <time>2026-01-09T17:18:56Z</time>
   </trkpt>
   <trkpt lat="40.7508750" lon="-74.0398410">
    <ele>44.4</ele>
    <time>2026-01-09T17:18:57Z</time>
   </trkpt>
   <trkpt lat="40.7509260" lon="-74.0398070">
    <ele>44.4</ele>
    <time>2026-01-09T17:18:58Z</time>
   </trkpt>
   <trkpt lat="40.7509650" lon="-74.0397690">
    <ele>44.4</ele>
    <time>2026-01-09T17:18:59Z</time>
   </trkpt>
   <trkpt lat="40.7510120" lon="-74.0397510">
    <ele>44.4</ele>
    <time>2026-01-09T17:19:00Z</time>
   </trkpt>
   <trkpt lat="40.7510520" lon="-74.0397270">
    <ele>44.5</ele>
    <time>2026-01-09T17:19:01Z</time>
   </trkpt>
   <trkpt lat="40.7510910" lon="-74.0396990">
    <ele>44.5</ele>
    <time>2026-01-09T17:19:02Z</time>
   </trkpt>
   <trkpt lat="40.7511290" lon="-74.0396720">
    <ele>44.5</ele>
    <time>2026-01-09T17:19:03Z</time>
   </trkpt>
   <trkpt lat="40.7511650" lon="-74.0396390">
    <ele>44.5</ele>
    <time>2026-01-09T17:19:04Z</time>
   </trkpt>
   <trkpt lat="40.7511960" lon="-74.0395980">
    <ele>44.6</ele>
    <time>2026-01-09T17:19:05Z</time>
   </trkpt>
   <trkpt lat="40.7512050" lon="-74.0395620">
    <ele>44.5</ele>
    <time>2026-01-09T17:19:06Z</time>
   </trkpt>
   <trkpt lat="40.7512070" lon="-74.0394980">
    <ele>44.4</ele>
    <time>2026-01-09T17:19:07Z</time>
   </trkpt>
   <trkpt lat="40.7512000" lon="-74.0394600">
    <ele>44.3</ele>
    <time>2026-01-09T17:19:08Z</time>
   </trkpt>
   <trkpt lat="40.7511810" lon="-74.0394110">
    <ele>44.2</ele>
    <time>2026-01-09T17:19:09Z</time>
   </trkpt>
   <trkpt lat="40.7511600" lon="-74.0393680">
    <ele>44.1</ele>
    <time>2026-01-09T17:19:10Z</time>
   </trkpt>
   <trkpt lat="40.7511500" lon="-74.0393570">
    <ele>44.0</ele>
    <time>2026-01-09T17:19:11Z</time>
   </trkpt>
   <trkpt lat="40.7511290" lon="-74.0393600">
    <ele>44.0</ele>
    <time>2026-01-09T17:19:12Z</time>
   </trkpt>
   <trkpt lat="40.7511180" lon="-74.0393520">
    <ele>43.9</ele>
    <time>2026-01-09T17:19:13Z</time>
   </trkpt>
   <trkpt lat="40.7511240" lon="-74.0393530">
    <ele>43.9</ele>
    <time>2026-01-09T17:19:14Z</time>
   </trkpt>
   <trkpt lat="40.7511240" lon="-74.0393560">
    <ele>43.9</ele>
    <time>2026-01-09T17:19:15Z</time>
   </trkpt>
   <trkpt lat="40.7511200" lon="-74.0393530">
    <ele>43.9</ele>
    <time>2026-01-09T17:19:16Z</time>
   </trkpt>
   <trkpt lat="40.7511210" lon="-74.0393540">
    <ele>43.9</ele>
    <time>2026-01-09T17:19:17Z</time>
   </trkpt>
   <trkpt lat="40.7511210" lon="-74.0393540">
    <ele>43.9</ele>
    <time>2026-01-09T17:19:18Z</time>
   </trkpt>
   <trkpt lat="40.7511210" lon="-74.0393540">
    <ele>43.9</ele>
    <time>2026-01-09T17:19:19Z</time>
   </trkpt>
   <trkpt lat="40.7511210" lon="-74.0393540">
    <ele>43.9</ele>
    <time>2026-01-09T17:19:20Z</time>
   </trkpt>
   <trkpt lat="40.7511210" lon="-74.0393540">
    <ele>43.9</ele>
    <time>2026-01-09T17:19:21Z</time>
   </trkpt>
   <trkpt lat="40.7511210" lon="-74.0393540">
    <ele>43.9</ele>
    <time>2026-01-09T17:19:22Z</time>
   </trkpt>
   <trkpt lat="40.7511120" lon="-74.0393460">
    <ele>43.8</ele>
    <time>2026-01-09T17:19:23Z</time>
   </trkpt>
   <trkpt lat="40.7511100" lon="-74.0393480">
    <ele>43.8</ele>
    <time>2026-01-09T17:19:24Z</time>
   </trkpt>
   <trkpt lat="40.7511070" lon="-74.0393430">
    <ele>43.8</ele>
    <time>2026-01-09T17:19:25Z</time>
   </trkpt>
   <trkpt lat="40.7511000" lon="-74.0393390">
    <ele>43.8</ele>
    <time>2026-01-09T17:19:26Z</time>
   </trkpt>
   <trkpt lat="40.7510920" lon="-74.0393250">
    <ele>43.7</ele>
    <time>2026-01-09T17:19:27Z</time>
   </trkpt>
   <trkpt lat="40.7510790" lon="-74.0392870">
    <ele>43.6</ele>
    <time>2026-01-09T17:19:28Z</time>
   </trkpt>
   <trkpt lat="40.7510750" lon="-74.0392740">
    <ele>43.5</ele>
    <time>2026-01-09T17:19:29Z</time>
   </trkpt>
   <trkpt lat="40.7510660" lon="-74.0392270">
    <ele>43.4</ele>
    <time>2026-01-09T17:19:30Z</time>
   </trkpt>
   <trkpt lat="40.7510610" lon="-74.0392080">
    <ele>43.3</ele>
    <time>2026-01-09T17:19:31Z</time>
   </trkpt>
   <trkpt lat="40.7510500" lon="-74.0391700">
    <ele>43.2</ele>
    <time>2026-01-09T17:19:32Z</time>
   </trkpt>
   <trkpt lat="40.7510320" lon="-74.0391040">
    <ele>42.9</ele>
    <time>2026-01-09T17:19:33Z</time>
   </trkpt>
   <trkpt lat="40.7510230" lon="-74.0390640">
    <ele>42.8</ele>
    <time>2026-01-09T17:19:34Z</time>
   </trkpt>
   <trkpt lat="40.7509960" lon="-74.0390440">
    <ele>42.6</ele>
    <time>2026-01-09T17:19:35Z</time>
   </trkpt>
   <trkpt lat="40.7509880" lon="-74.0390410">
    <ele>42.6</ele>
    <time>2026-01-09T17:19:36Z</time>
   </trkpt>
   <trkpt lat="40.7509590" lon="-74.0390150">
    <ele>42.5</ele>
    <time>2026-01-09T17:19:37Z</time>
   </trkpt>
   <trkpt lat="40.7509500" lon="-74.0390030">
    <ele>42.4</ele>
    <time>2026-01-09T17:19:38Z</time>
   </trkpt>
   <trkpt lat="40.7509210" lon="-74.0389780">
    <ele>42.3</ele>
    <time>2026-01-09T17:19:39Z</time>
   </trkpt>
   <trkpt lat="40.7509100" lon="-74.0389720">
    <ele>42.2</ele>
    <time>2026-01-09T17:19:40Z</time>
   </trkpt>
   <trkpt lat="40.7508930" lon="-74.0389650">
    <ele>42.2</ele>
    <time>2026-01-09T17:19:41Z</time>
   </trkpt>
   <trkpt lat="40.7508910" lon="-74.0389620">
    <ele>42.2</ele>
    <time>2026-01-09T17:19:42Z</time>
   </trkpt>
   <trkpt lat="40.7508900" lon="-74.0389600">
    <ele>42.1</ele>
    <time>2026-01-09T17:19:43Z</time>
   </trkpt>
   <trkpt lat="40.7508880" lon="-74.0389570">
    <ele>42.1</ele>
    <time>2026-01-09T17:19:44Z</time>
   </trkpt>
   <trkpt lat="40.7508870" lon="-74.0389550">
    <ele>42.1</ele>
    <time>2026-01-09T17:19:45Z</time>
   </trkpt>
   <trkpt lat="40.7508860" lon="-74.0389520">
    <ele>42.1</ele>
    <time>2026-01-09T17:19:46Z</time>
   </trkpt>
   <trkpt lat="40.7508840" lon="-74.0389500">
    <ele>42.1</ele>
    <time>2026-01-09T17:19:47Z</time>
   </trkpt>
   <trkpt lat="40.7508830" lon="-74.0389470">
    <ele>42.1</ele>
    <time>2026-01-09T17:19:48Z</time>
   </trkpt>
   <trkpt lat="40.7508820" lon="-74.0389450">
    <ele>42.1</ele>
    <time>2026-01-09T17:19:49Z</time>
   </trkpt>
   <trkpt lat="40.7508800" lon="-74.0389420">
    <ele>42.1</ele>
    <time>2026-01-09T17:19:50Z</time>
   </trkpt>
   <trkpt lat="40.7508790" lon="-74.0389400">
    <ele>42.1</ele>
    <time>2026-01-09T17:19:51Z</time>
   </trkpt>
   <trkpt lat="40.7508770" lon="-74.0389370">
    <ele>42.1</ele>
    <time>2026-01-09T17:19:52Z</time>
   </trkpt>
   <trkpt lat="40.7508760" lon="-74.0389350">
    <ele>42.1</ele>
    <time>2026-01-09T17:19:53Z</time>
   </trkpt>
   <trkpt lat="40.7508760" lon="-74.0389360">
    <ele>42.1</ele>
    <time>2026-01-09T17:19:54Z</time>
   </trkpt>
   <trkpt lat="40.7508760" lon="-74.0389360">
    <ele>42.1</ele>
    <time>2026-01-09T17:19:55Z</time>
   </trkpt>
   <trkpt lat="40.7508740" lon="-74.0389290">
    <ele>42.0</ele>
    <time>2026-01-09T17:19:56Z</time>
   </trkpt>
   <trkpt lat="40.7508740" lon="-74.0389290">
    <ele>42.0</ele>
    <time>2026-01-09T17:19:57Z</time>
   </trkpt>
   <trkpt lat="40.7508740" lon="-74.0389290">
    <ele>42.0</ele>
    <time>2026-01-09T17:19:58Z</time>
   </trkpt>
   <trkpt lat="40.7508740" lon="-74.0389290">
    <ele>42.0</ele>
    <time>2026-01-09T17:19:59Z</time>
   </trkpt>
   <trkpt lat="40.7508690" lon="-74.0389300">
    <ele>42.0</ele>
    <time>2026-01-09T17:20:00Z</time>
   </trkpt>
   <trkpt lat="40.7508680" lon="-74.0389290">
    <ele>42.0</ele>
    <time>2026-01-09T17:20:01Z</time>
   </trkpt>
   <trkpt lat="40.7508660" lon="-74.0389290">
    <ele>42.0</ele>
    <time>2026-01-09T17:20:02Z</time>
   </trkpt>
   <trkpt lat="40.7508660" lon="-74.0389290">
    <ele>42.0</ele>
    <time>2026-01-09T17:20:03Z</time>
   </trkpt>
   <trkpt lat="40.7508650" lon="-74.0389310">
    <ele>42.0</ele>
    <time>2026-01-09T17:20:04Z</time>
   </trkpt>
   <trkpt lat="40.7508600" lon="-74.0389330">
    <ele>42.0</ele>
    <time>2026-01-09T17:20:05Z</time>
   </trkpt>
   <trkpt lat="40.7508520" lon="-74.0389260">
    <ele>42.0</ele>
    <time>2026-01-09T17:20:06Z</time>
   </trkpt>
   <trkpt lat="40.7508590" lon="-74.0389280">
    <ele>42.0</ele>
    <time>2026-01-09T17:20:07Z</time>
   </trkpt>
   <trkpt lat="40.7508640" lon="-74.0389280">
    <ele>42.0</ele>
    <time>2026-01-09T17:20:08Z</time>
   </trkpt>
   <trkpt lat="40.7508660" lon="-74.0389370">
    <ele>41.9</ele>
    <time>2026-01-09T17:20:09Z</time>
   </trkpt>
   <trkpt lat="40.7508720" lon="-74.0389380">
    <ele>41.9</ele>
    <time>2026-01-09T17:20:10Z</time>
   </trkpt>
   <trkpt lat="40.7508780" lon="-74.0389490">
    <ele>41.9</ele>
    <time>2026-01-09T17:20:11Z</time>
   </trkpt>
   <trkpt lat="40.7508790" lon="-74.0389480">
    <ele>41.9</ele>
    <time>2026-01-09T17:20:12Z</time>
   </trkpt>
   <trkpt lat="40.7508800" lon="-74.0389580">
    <ele>41.9</ele>
    <time>2026-01-09T17:20:13Z</time>
   </trkpt>
   <trkpt lat="40.7508810" lon="-74.0389550">
    <ele>41.9</ele>
    <time>2026-01-09T17:20:14Z</time>
   </trkpt>
   <trkpt lat="40.7508810" lon="-74.0389550">
    <ele>41.9</ele>
    <time>2026-01-09T17:20:15Z</time>
   </trkpt>
   <trkpt lat="40.7508810" lon="-74.0389540">
    <ele>41.9</ele>
    <time>2026-01-09T17:20:16Z</time>
   </trkpt>
   <trkpt lat="40.7508830" lon="-74.0389560">
    <ele>41.9</ele>
    <time>2026-01-09T17:20:17Z</time>
   </trkpt>
   <trkpt lat="40.7508760" lon="-74.0389530">
    <ele>41.9</ele>
    <time>2026-01-09T17:20:18Z</time>
   </trkpt>
   <trkpt lat="40.7508750" lon="-74.0389520">
    <ele>41.9</ele>
    <time>2026-01-09T17:20:19Z</time>
   </trkpt>
   <trkpt lat="40.7508640" lon="-74.0389580">
    <ele>41.9</ele>
    <time>2026-01-09T17:20:20Z</time>
   </trkpt>
   <trkpt lat="40.7508580" lon="-74.0389430">
    <ele>41.8</ele>
    <time>2026-01-09T17:20:21Z</time>
   </trkpt>
   <trkpt lat="40.7508620" lon="-74.0389460">
    <ele>41.8</ele>
    <time>2026-01-09T17:20:22Z</time>
   </trkpt>
   <trkpt lat="40.7508630" lon="-74.0389460">
    <ele>41.8</ele>
    <time>2026-01-09T17:20:23Z</time>
   </trkpt>
   <trkpt lat="40.7508630" lon="-74.0389470">
    <ele>41.8</ele>
    <time>2026-01-09T17:20:24Z</time>
   </trkpt>
   <trkpt lat="40.7508610" lon="-74.0389460">
    <ele>41.8</ele>
    <time>2026-01-09T17:20:25Z</time>
   </trkpt>
   <trkpt lat="40.7508610" lon="-74.0389460">
    <ele>41.8</ele>
    <time>2026-01-09T17:20:26Z</time>
   </trkpt>
   <trkpt lat="40.7508610" lon="-74.0389460">
    <ele>41.8</ele>
    <time>2026-01-09T17:20:27Z</time>
   </trkpt>
   <trkpt lat="40.7508610" lon="-74.0389460">
    <ele>41.8</ele>
    <time>2026-01-09T17:20:28Z</time>
   </trkpt>
   <trkpt lat="40.7508610" lon="-74.0389460">
    <ele>41.8</ele>
    <time>2026-01-09T17:20:29Z</time>
   </trkpt>
   <trkpt lat="40.7508630" lon="-74.0389370">
    <ele>41.8</ele>
    <time>2026-01-09T17:20:30Z</time>
   </trkpt>
   <trkpt lat="40.7508620" lon="-74.0389370">
    <ele>41.8</ele>
    <time>2026-01-09T17:20:31Z</time>
   </trkpt>
   <trkpt lat="40.7508630" lon="-74.0389370">
    <ele>41.8</ele>
    <time>2026-01-09T17:20:32Z</time>
   </trkpt>
   <trkpt lat="40.7508630" lon="-74.0389370">
    <ele>41.8</ele>
    <time>2026-01-09T17:20:33Z</time>
   </trkpt>
   <trkpt lat="40.7508590" lon="-74.0389350">
    <ele>41.8</ele>
    <time>2026-01-09T17:20:34Z</time>
   </trkpt>
   <trkpt lat="40.7508580" lon="-74.0389330">
    <ele>41.8</ele>
    <time>2026-01-09T17:20:35Z</time>
   </trkpt>
   <trkpt lat="40.7508580" lon="-74.0389340">
    <ele>41.8</ele>
    <time>2026-01-09T17:20:36Z</time>
   </trkpt>
   <trkpt lat="40.7508590" lon="-74.0389340">
    <ele>41.8</ele>
    <time>2026-01-09T17:20:37Z</time>
   </trkpt>
   <trkpt lat="40.7508530" lon="-74.0389330">
    <ele>41.8</ele>
    <time>2026-01-09T17:20:38Z</time>
   </trkpt>
   <trkpt lat="40.7508410" lon="-74.0389390">
    <ele>41.8</ele>
    <time>2026-01-09T17:20:39Z</time>
   </trkpt>
   <trkpt lat="40.7508370" lon="-74.0389420">
    <ele>41.8</ele>
    <time>2026-01-09T17:20:40Z</time>
   </trkpt>
   <trkpt lat="40.7508360" lon="-74.0389380">
    <ele>41.8</ele>
    <time>2026-01-09T17:20:41Z</time>
   </trkpt>
   <trkpt lat="40.7508390" lon="-74.0389300">
    <ele>41.8</ele>
    <time>2026-01-09T17:20:42Z</time>
   </trkpt>
   <trkpt lat="40.7508420" lon="-74.0389280">
    <ele>41.8</ele>
    <time>2026-01-09T17:20:43Z</time>
   </trkpt>
   <trkpt lat="40.7508420" lon="-74.0389240">
    <ele>41.7</ele>
    <time>2026-01-09T17:20:44Z</time>
   </trkpt>
   <trkpt lat="40.7508430" lon="-74.0389240">
    <ele>41.7</ele>
    <time>2026-01-09T17:20:45Z</time>
   </trkpt>
   <trkpt lat="40.7508430" lon="-74.0389240">
    <ele>41.7</ele>
    <time>2026-01-09T17:20:46Z</time>
   </trkpt>
   <trkpt lat="40.7508450" lon="-74.0389210">
    <ele>41.7</ele>
    <time>2026-01-09T17:20:47Z</time>
   </trkpt>
   <trkpt lat="40.7508440" lon="-74.0389190">
    <ele>41.7</ele>
    <time>2026-01-09T17:20:48Z</time>
   </trkpt>
   <trkpt lat="40.7508420" lon="-74.0389080">
    <ele>41.7</ele>
    <time>2026-01-09T17:20:49Z</time>
   </trkpt>
   <trkpt lat="40.7508400" lon="-74.0388930">
    <ele>41.7</ele>
    <time>2026-01-09T17:20:50Z</time>
   </trkpt>
   <trkpt lat="40.7508340" lon="-74.0388730">
    <ele>41.6</ele>
    <time>2026-01-09T17:20:51Z</time>
   </trkpt>
   <trkpt lat="40.7508390" lon="-74.0388510">
    <ele>41.6</ele>
    <time>2026-01-09T17:20:52Z</time>
   </trkpt>
   <trkpt lat="40.7508550" lon="-74.0388190">
    <ele>41.5</ele>
    <time>2026-01-09T17:20:53Z</time>
   </trkpt>
   <trkpt lat="40.7508620" lon="-74.0388080">
    <ele>41.5</ele>
    <time>2026-01-09T17:20:54Z</time>
   </trkpt>
   <trkpt lat="40.7508720" lon="-74.0387640">
    <ele>41.5</ele>
    <time>2026-01-09T17:20:55Z</time>
   </trkpt>
   <trkpt lat="40.7508720" lon="-74.0387510">
    <ele>41.5</ele>
    <time>2026-01-09T17:20:56Z</time>
   </trkpt>
   <trkpt lat="40.7508830" lon="-74.0387190">
    <ele>41.5</ele>
    <time>2026-01-09T17:20:57Z</time>
   </trkpt>
   <trkpt lat="40.7508880" lon="-74.0387070">
    <ele>41.6</ele>
    <time>2026-01-09T17:20:58Z</time>
   </trkpt>
   <trkpt lat="40.7509040" lon="-74.0386660">
    <ele>41.5</ele>
    <time>2026-01-09T17:20:59Z</time>
   </trkpt>
   <trkpt lat="40.7509110" lon="-74.0386500">
    <ele>41.5</ele>
    <time>2026-01-09T17:21:00Z</time>
   </trkpt>
   <trkpt lat="40.7509300" lon="-74.0386140">
    <ele>41.4</ele>
    <time>2026-01-09T17:21:01Z</time>
   </trkpt>
   <trkpt lat="40.7509550" lon="-74.0385780">
    <ele>41.4</ele>
    <time>2026-01-09T17:21:02Z</time>
   </trkpt>
   <trkpt lat="40.7509820" lon="-74.0385480">
    <ele>41.4</ele>
    <time>2026-01-09T17:21:03Z</time>
   </trkpt>
   <trkpt lat="40.7510150" lon="-74.0385310">
    <ele>41.3</ele>
    <time>2026-01-09T17:21:05Z</time>
   </trkpt>
   <trkpt lat="40.7510430" lon="-74.0384950">
    <ele>41.3</ele>
    <time>2026-01-09T17:21:06Z</time>
   </trkpt>
   <trkpt lat="40.7510740" lon="-74.0384690">
    <ele>41.2</ele>
    <time>2026-01-09T17:21:07Z</time>
   </trkpt>
   <trkpt lat="40.7510990" lon="-74.0384390">
    <ele>41.2</ele>
    <time>2026-01-09T17:21:08Z</time>
   </trkpt>
   <trkpt lat="40.7511350" lon="-74.0384260">
    <ele>41.1</ele>
    <time>2026-01-09T17:21:09Z</time>
   </trkpt>
   <trkpt lat="40.7511540" lon="-74.0383980">
    <ele>41.1</ele>
    <time>2026-01-09T17:21:10Z</time>
   </trkpt>
   <trkpt lat="40.7511670" lon="-74.0383650">
    <ele>41.0</ele>
    <time>2026-01-09T17:21:11Z</time>
   </trkpt>
   <trkpt lat="40.7511960" lon="-74.0383480">
    <ele>40.9</ele>
    <time>2026-01-09T17:21:12Z</time>
   </trkpt>
   <trkpt lat="40.7512030" lon="-74.0383380">
    <ele>40.9</ele>
    <time>2026-01-09T17:21:13Z</time>
   </trkpt>
   <trkpt lat="40.7512030" lon="-74.0383350">
    <ele>40.9</ele>
    <time>2026-01-09T17:21:14Z</time>
   </trkpt>
   <trkpt lat="40.7512120" lon="-74.0383630">
    <ele>40.9</ele>
    <time>2026-01-09T17:21:15Z</time>
   </trkpt>
   <trkpt lat="40.7512050" lon="-74.0383670">
    <ele>40.9</ele>
    <time>2026-01-09T17:21:16Z</time>
   </trkpt>
   <trkpt lat="40.7512030" lon="-74.0383650">
    <ele>40.9</ele>
    <time>2026-01-09T17:21:17Z</time>
   </trkpt>
   <trkpt lat="40.7512030" lon="-74.0383690">
    <ele>40.9</ele>
    <time>2026-01-09T17:21:18Z</time>
   </trkpt>
   <trkpt lat="40.7512070" lon="-74.0383790">
    <ele>40.8</ele>
    <time>2026-01-09T17:21:19Z</time>
   </trkpt>
   <trkpt lat="40.7512120" lon="-74.0383820">
    <ele>40.8</ele>
    <time>2026-01-09T17:21:20Z</time>
   </trkpt>
   <trkpt lat="40.7512170" lon="-74.0383860">
    <ele>40.8</ele>
    <time>2026-01-09T17:21:21Z</time>
   </trkpt>
   <trkpt lat="40.7512210" lon="-74.0384070">
    <ele>40.8</ele>
    <time>2026-01-09T17:21:22Z</time>
   </trkpt>
   <trkpt lat="40.7512150" lon="-74.0383860">
    <ele>40.8</ele>
    <time>2026-01-09T17:21:23Z</time>
   </trkpt>
   <trkpt lat="40.7512150" lon="-74.0383860">
    <ele>40.8</ele>
    <time>2026-01-09T17:21:24Z</time>
   </trkpt>
   <trkpt lat="40.7512230" lon="-74.0383880">
    <ele>40.7</ele>
    <time>2026-01-09T17:21:25Z</time>
   </trkpt>
   <trkpt lat="40.7512280" lon="-74.0383910">
    <ele>40.7</ele>
    <time>2026-01-09T17:21:26Z</time>
   </trkpt>
   <trkpt lat="40.7512250" lon="-74.0384060">
    <ele>40.7</ele>
    <time>2026-01-09T17:21:27Z</time>
   </trkpt>
   <trkpt lat="40.7512280" lon="-74.0384010">
    <ele>40.7</ele>
    <time>2026-01-09T17:21:28Z</time>
   </trkpt>
   <trkpt lat="40.7512230" lon="-74.0383930">
    <ele>40.7</ele>
    <time>2026-01-09T17:21:29Z</time>
   </trkpt>
   <trkpt lat="40.7512260" lon="-74.0383940">
    <ele>40.7</ele>
    <time>2026-01-09T17:21:30Z</time>
   </trkpt>
   <trkpt lat="40.7512260" lon="-74.0383940">
    <ele>40.7</ele>
    <time>2026-01-09T17:21:31Z</time>
   </trkpt>
   <trkpt lat="40.7512260" lon="-74.0383940">
    <ele>40.7</ele>
    <time>2026-01-09T17:21:32Z</time>
   </trkpt>
   <trkpt lat="40.7512260" lon="-74.0383940">
    <ele>40.7</ele>
    <time>2026-01-09T17:21:33Z</time>
   </trkpt>
   <trkpt lat="40.7512390" lon="-74.0384120">
    <ele>40.7</ele>
    <time>2026-01-09T17:21:34Z</time>
   </trkpt>
   <trkpt lat="40.7512420" lon="-74.0384180">
    <ele>40.6</ele>
    <time>2026-01-09T17:21:35Z</time>
   </trkpt>
   <trkpt lat="40.7512450" lon="-74.0384320">
    <ele>40.6</ele>
    <time>2026-01-09T17:21:36Z</time>
   </trkpt>
   <trkpt lat="40.7512470" lon="-74.0384390">
    <ele>40.6</ele>
    <time>2026-01-09T17:21:37Z</time>
   </trkpt>
   <trkpt lat="40.7512430" lon="-74.0384310">
    <ele>40.6</ele>
    <time>2026-01-09T17:21:38Z</time>
   </trkpt>
   <trkpt lat="40.7512420" lon="-74.0384310">
    <ele>40.6</ele>
    <time>2026-01-09T17:21:39Z</time>
   </trkpt>
   <trkpt lat="40.7512450" lon="-74.0384370">
    <ele>40.6</ele>
    <time>2026-01-09T17:21:40Z</time>
   </trkpt>
   <trkpt lat="40.7512440" lon="-74.0384280">
    <ele>40.6</ele>
    <time>2026-01-09T17:21:41Z</time>
   </trkpt>
   <trkpt lat="40.7512450" lon="-74.0384280">
    <ele>40.6</ele>
    <time>2026-01-09T17:21:42Z</time>
   </trkpt>
   <trkpt lat="40.7512450" lon="-74.0384280">
    <ele>40.6</ele>
    <time>2026-01-09T17:21:43Z</time>
   </trkpt>
   <trkpt lat="40.7512490" lon="-74.0384340">
    <ele>40.6</ele>
    <time>2026-01-09T17:21:44Z</time>
   </trkpt>
   <trkpt lat="40.7512430" lon="-74.0384350">
    <ele>40.6</ele>
    <time>2026-01-09T17:21:45Z</time>
   </trkpt>
   <trkpt lat="40.7512540" lon="-74.0384380">
    <ele>40.5</ele>
    <time>2026-01-09T17:21:46Z</time>
   </trkpt>
   <trkpt lat="40.7512520" lon="-74.0384320">
    <ele>40.5</ele>
    <time>2026-01-09T17:21:47Z</time>
   </trkpt>
   <trkpt lat="40.7512590" lon="-74.0384390">
    <ele>40.5</ele>
    <time>2026-01-09T17:21:48Z</time>
   </trkpt>
   <trkpt lat="40.7512590" lon="-74.0384380">
    <ele>40.5</ele>
    <time>2026-01-09T17:21:49Z</time>
   </trkpt>
   <trkpt lat="40.7512570" lon="-74.0384360">
    <ele>40.5</ele>
    <time>2026-01-09T17:21:50Z</time>
   </trkpt>
   <trkpt lat="40.7512560" lon="-74.0384340">
    <ele>40.5</ele>
    <time>2026-01-09T17:21:51Z</time>
   </trkpt>
   <trkpt lat="40.7512560" lon="-74.0384340">
    <ele>40.5</ele>
    <time>2026-01-09T17:21:52Z</time>
   </trkpt>
   <trkpt lat="40.7512560" lon="-74.0384340">
    <ele>40.5</ele>
    <time>2026-01-09T17:21:53Z</time>
   </trkpt>
   <trkpt lat="40.7512570" lon="-74.0384340">
    <ele>40.5</ele>
    <time>2026-01-09T17:21:54Z</time>
   </trkpt>
   <trkpt lat="40.7512540" lon="-74.0384270">
    <ele>40.5</ele>
    <time>2026-01-09T17:21:55Z</time>
   </trkpt>
   <trkpt lat="40.7512540" lon="-74.0384130">
    <ele>40.5</ele>
    <time>2026-01-09T17:21:56Z</time>
   </trkpt>
   <trkpt lat="40.7512430" lon="-74.0383950">
    <ele>40.4</ele>
    <time>2026-01-09T17:21:57Z</time>
   </trkpt>
   <trkpt lat="40.7512370" lon="-74.0383980">
    <ele>40.4</ele>
    <time>2026-01-09T17:21:58Z</time>
   </trkpt>
   <trkpt lat="40.7512250" lon="-74.0383920">
    <ele>40.4</ele>
    <time>2026-01-09T17:21:59Z</time>
   </trkpt>
   <trkpt lat="40.7512140" lon="-74.0383870">
    <ele>40.4</ele>
    <time>2026-01-09T17:22:00Z</time>
   </trkpt>
   <trkpt lat="40.7512020" lon="-74.0383810">
    <ele>40.4</ele>
    <time>2026-01-09T17:22:01Z</time>
   </trkpt>
   <trkpt lat="40.7512060" lon="-74.0383880">
    <ele>40.4</ele>
    <time>2026-01-09T17:22:02Z</time>
   </trkpt>
   <trkpt lat="40.7511980" lon="-74.0383920">
    <ele>40.3</ele>
    <time>2026-01-09T17:22:03Z</time>
   </trkpt>
   <trkpt lat="40.7511890" lon="-74.0383950">
    <ele>40.3</ele>
    <time>2026-01-09T17:22:04Z</time>
   </trkpt>
   <trkpt lat="40.7511780" lon="-74.0383950">
    <ele>40.3</ele>
    <time>2026-01-09T17:22:05Z</time>
   </trkpt>
   <trkpt lat="40.7511710" lon="-74.0383890">
    <ele>40.3</ele>
    <time>2026-01-09T17:22:06Z</time>
   </trkpt>
   <trkpt lat="40.7511570" lon="-74.0383950">
    <ele>40.3</ele>
    <time>2026-01-09T17:22:07Z</time>
   </trkpt>
   <trkpt lat="40.7511520" lon="-74.0383840">
    <ele>40.2</ele>
    <time>2026-01-09T17:22:08Z</time>
   </trkpt>
   <trkpt lat="40.7511580" lon="-74.0383800">
    <ele>40.2</ele>
    <time>2026-01-09T17:22:09Z</time>
   </trkpt>
   <trkpt lat="40.7511710" lon="-74.0383710">
    <ele>40.2</ele>
    <time>2026-01-09T17:22:10Z</time>
   </trkpt>
   <trkpt lat="40.7511820" lon="-74.0383860">
    <ele>40.2</ele>
    <time>2026-01-09T17:22:11Z</time>
   </trkpt>
   <trkpt lat="40.7512010" lon="-74.0383610">
    <ele>40.1</ele>
    <time>2026-01-09T17:22:12Z</time>
   </trkpt>
   <trkpt lat="40.7512060" lon="-74.0383580">
    <ele>40.1</ele>
    <time>2026-01-09T17:22:13Z</time>
   </trkpt>
   <trkpt lat="40.7512110" lon="-74.0383540">
    <ele>40.1</ele>
    <time>2026-01-09T17:22:14Z</time>
   </trkpt>
   <trkpt lat="40.7512150" lon="-74.0383500">
    <ele>40.1</ele>
    <time>2026-01-09T17:22:15Z</time>
   </trkpt>
   <trkpt lat="40.7512200" lon="-74.0383450">
    <ele>40.1</ele>
    <time>2026-01-09T17:22:16Z</time>
   </trkpt>
   <trkpt lat="40.7512250" lon="-74.0383410">
    <ele>40.1</ele>
    <time>2026-01-09T17:22:17Z</time>
   </trkpt>
   <trkpt lat="40.7512300" lon="-74.0383370">
    <ele>40.1</ele>
    <time>2026-01-09T17:22:18Z</time>
   </trkpt>
   <trkpt lat="40.7512340" lon="-74.0383330">
    <ele>40.1</ele>
    <time>2026-01-09T17:22:19Z</time>
   </trkpt>
   <trkpt lat="40.7512390" lon="-74.0383290">
    <ele>40.1</ele>
    <time>2026-01-09T17:22:20Z</time>
   </trkpt>
   <trkpt lat="40.7512440" lon="-74.0383250">
    <ele>40.1</ele>
    <time>2026-01-09T17:22:21Z</time>
   </trkpt>
   <trkpt lat="40.7512490" lon="-74.0383200">
    <ele>40.0</ele>
    <time>2026-01-09T17:22:22Z</time>
   </trkpt>
   <trkpt lat="40.7512530" lon="-74.0383160">
    <ele>40.0</ele>
    <time>2026-01-09T17:22:23Z</time>
   </trkpt>
   <trkpt lat="40.7512580" lon="-74.0383120">
    <ele>40.0</ele>
    <time>2026-01-09T17:22:24Z</time>
   </trkpt>
   <trkpt lat="40.7512470" lon="-74.0383450">
    <ele>40.0</ele>
    <time>2026-01-09T17:22:25Z</time>
   </trkpt>
   <trkpt lat="40.7512380" lon="-74.0383590">
    <ele>40.1</ele>
    <time>2026-01-09T17:22:26Z</time>
   </trkpt>
   <trkpt lat="40.7512280" lon="-74.0383500">
    <ele>40.2</ele>
    <time>2026-01-09T17:22:27Z</time>
   </trkpt>
   <trkpt lat="40.7512160" lon="-74.0383970">
    <ele>40.5</ele>
    <time>2026-01-09T17:22:28Z</time>
   </trkpt>
   <trkpt lat="40.7512150" lon="-74.0383770">
    <ele>40.6</ele>
    <time>2026-01-09T17:22:29Z</time>
   </trkpt>
   <trkpt lat="40.7512110" lon="-74.0383590">
    <ele>40.7</ele>
    <time>2026-01-09T17:22:30Z</time>
   </trkpt>
   <trkpt lat="40.7512080" lon="-74.0383420">
    <ele>41.0</ele>
    <time>2026-01-09T17:22:31Z</time>
   </trkpt>
   <trkpt lat="40.7512110" lon="-74.0383430">
    <ele>41.0</ele>
    <time>2026-01-09T17:22:32Z</time>
   </trkpt>
   <trkpt lat="40.7512150" lon="-74.0383500">
    <ele>41.0</ele>
    <time>2026-01-09T17:22:33Z</time>
   </trkpt>
   <trkpt lat="40.7512190" lon="-74.0383580">
    <ele>40.9</ele>
    <time>2026-01-09T17:22:34Z</time>
   </trkpt>
   <trkpt lat="40.7512230" lon="-74.0383660">
    <ele>40.9</ele>
    <time>2026-01-09T17:22:35Z</time>
   </trkpt>
   <trkpt lat="40.7512270" lon="-74.0383730">
    <ele>40.9</ele>
    <time>2026-01-09T17:22:36Z</time>
   </trkpt>
   <trkpt lat="40.7512310" lon="-74.0383810">
    <ele>40.9</ele>
    <time>2026-01-09T17:22:37Z</time>
   </trkpt>
   <trkpt lat="40.7512350" lon="-74.0383890">
    <ele>40.9</ele>
    <time>2026-01-09T17:22:38Z</time>
   </trkpt>
   <trkpt lat="40.7512390" lon="-74.0383970">
    <ele>40.9</ele>
    <time>2026-01-09T17:22:39Z</time>
   </trkpt>
   <trkpt lat="40.7512430" lon="-74.0384040">
    <ele>40.9</ele>
    <time>2026-01-09T17:22:40Z</time>
   </trkpt>
   <trkpt lat="40.7512470" lon="-74.0384120">
    <ele>40.9</ele>
    <time>2026-01-09T17:22:41Z</time>
   </trkpt>
   <trkpt lat="40.7512530" lon="-74.0384180">
    <ele>40.9</ele>
    <time>2026-01-09T17:22:42Z</time>
   </trkpt>
   <trkpt lat="40.7512580" lon="-74.0384260">
    <ele>40.9</ele>
    <time>2026-01-09T17:22:43Z</time>
   </trkpt>
   <trkpt lat="40.7512640" lon="-74.0384330">
    <ele>40.9</ele>
    <time>2026-01-09T17:22:44Z</time>
   </trkpt>
   <trkpt lat="40.7512690" lon="-74.0384400">
    <ele>40.9</ele>
    <time>2026-01-09T17:22:45Z</time>
   </trkpt>
   <trkpt lat="40.7512750" lon="-74.0384480">
    <ele>40.9</ele>
    <time>2026-01-09T17:22:46Z</time>
   </trkpt>
   <trkpt lat="40.7512800" lon="-74.0384550">
    <ele>40.9</ele>
    <time>2026-01-09T17:22:47Z</time>
   </trkpt>
   <trkpt lat="40.7512800" lon="-74.0384560">
    <ele>40.9</ele>
    <time>2026-01-09T17:22:48Z</time>
   </trkpt>
   <trkpt lat="40.7512780" lon="-74.0384170">
    <ele>40.8</ele>
    <time>2026-01-09T17:22:49Z</time>
   </trkpt>
   <trkpt lat="40.7512620" lon="-74.0383880">
    <ele>40.8</ele>
    <time>2026-01-09T17:22:50Z</time>
   </trkpt>
   <trkpt lat="40.7512450" lon="-74.0383650">
    <ele>40.8</ele>
    <time>2026-01-09T17:22:51Z</time>
   </trkpt>
   <trkpt lat="40.7512260" lon="-74.0383640">
    <ele>40.8</ele>
    <time>2026-01-09T17:22:52Z</time>
   </trkpt>
   <trkpt lat="40.7512130" lon="-74.0383510">
    <ele>40.8</ele>
    <time>2026-01-09T17:22:53Z</time>
   </trkpt>
   <trkpt lat="40.7512120" lon="-74.0383100">
    <ele>40.7</ele>
    <time>2026-01-09T17:22:54Z</time>
   </trkpt>
   <trkpt lat="40.7512200" lon="-74.0382860">
    <ele>40.7</ele>
    <time>2026-01-09T17:22:55Z</time>
   </trkpt>
   <trkpt lat="40.7512200" lon="-74.0382900">
    <ele>40.7</ele>
    <time>2026-01-09T17:22:56Z</time>
   </trkpt>
   <trkpt lat="40.7512230" lon="-74.0382980">
    <ele>40.7</ele>
    <time>2026-01-09T17:22:57Z</time>
   </trkpt>
   <trkpt lat="40.7512250" lon="-74.0383060">
    <ele>40.7</ele>
    <time>2026-01-09T17:22:58Z</time>
   </trkpt>
   <trkpt lat="40.7512280" lon="-74.0383140">
    <ele>40.7</ele>
    <time>2026-01-09T17:22:59Z</time>
   </trkpt>
   <trkpt lat="40.7512300" lon="-74.0383210">
    <ele>40.7</ele>
    <time>2026-01-09T17:23:00Z</time>
   </trkpt>
   <trkpt lat="40.7512330" lon="-74.0383290">
    <ele>40.7</ele>
    <time>2026-01-09T17:23:01Z</time>
   </trkpt>
   <trkpt lat="40.7512350" lon="-74.0383370">
    <ele>40.7</ele>
    <time>2026-01-09T17:23:02Z</time>
   </trkpt>
   <trkpt lat="40.7512380" lon="-74.0383450">
    <ele>40.7</ele>
    <time>2026-01-09T17:23:03Z</time>
   </trkpt>
   <trkpt lat="40.7512400" lon="-74.0383530">
    <ele>40.7</ele>
    <time>2026-01-09T17:23:04Z</time>
   </trkpt>
   <trkpt lat="40.7512420" lon="-74.0383610">
    <ele>40.7</ele>
    <time>2026-01-09T17:23:05Z</time>
   </trkpt>
   <trkpt lat="40.7512450" lon="-74.0383690">
    <ele>40.7</ele>
    <time>2026-01-09T17:23:06Z</time>
   </trkpt>
   <trkpt lat="40.7512470" lon="-74.0383770">
    <ele>40.7</ele>
    <time>2026-01-09T17:23:07Z</time>
   </trkpt>
   <trkpt lat="40.7512500" lon="-74.0383850">
    <ele>40.6</ele>
    <time>2026-01-09T17:23:08Z</time>
   </trkpt>
   <trkpt lat="40.7512520" lon="-74.0383920">
    <ele>40.6</ele>
    <time>2026-01-09T17:23:09Z</time>
   </trkpt>
   <trkpt lat="40.7512550" lon="-74.0384000">
    <ele>40.6</ele>
    <time>2026-01-09T17:23:11Z</time>
   </trkpt>
   <trkpt lat="40.7512570" lon="-74.0384080">
    <ele>40.6</ele>
    <time>2026-01-09T17:23:12Z</time>
   </trkpt>
   <trkpt lat="40.7512600" lon="-74.0384160">
    <ele>40.6</ele>
    <time>2026-01-09T17:23:13Z</time>
   </trkpt>
   <trkpt lat="40.7512620" lon="-74.0384240">
    <ele>40.6</ele>
    <time>2026-01-09T17:23:14Z</time>
   </trkpt>
   <trkpt lat="40.7512640" lon="-74.0384320">
    <ele>40.6</ele>
    <time>2026-01-09T17:23:15Z</time>
   </trkpt>
   <trkpt lat="40.7512670" lon="-74.0384400">
    <ele>40.6</ele>
    <time>2026-01-09T17:23:16Z</time>
   </trkpt>
   <trkpt lat="40.7512690" lon="-74.0384480">
    <ele>40.6</ele>
    <time>2026-01-09T17:23:17Z</time>
   </trkpt>
   <trkpt lat="40.7512720" lon="-74.0384560">
    <ele>40.6</ele>
    <time>2026-01-09T17:23:18Z</time>
   </trkpt>
   <trkpt lat="40.7512740" lon="-74.0384630">
    <ele>40.6</ele>
    <time>2026-01-09T17:23:19Z</time>
   </trkpt>
   <trkpt lat="40.7512770" lon="-74.0384710">
    <ele>40.6</ele>
    <time>2026-01-09T17:23:20Z</time>
   </trkpt>
   <trkpt lat="40.7512790" lon="-74.0384790">
    <ele>40.6</ele>
    <time>2026-01-09T17:23:21Z</time>
   </trkpt>
   <trkpt lat="40.7512820" lon="-74.0384870">
    <ele>40.6</ele>
    <time>2026-01-09T17:23:29Z</time>
   </trkpt>
   <trkpt lat="40.7512840" lon="-74.0384950">
    <ele>40.6</ele>
    <time>2026-01-09T17:23:32Z</time>
   </trkpt>
   <trkpt lat="40.7512860" lon="-74.0385030">
    <ele>40.6</ele>
    <time>2026-01-09T17:23:33Z</time>
   </trkpt>
   <trkpt lat="40.7512890" lon="-74.0385110">
    <ele>40.6</ele>
    <time>2026-01-09T17:23:37Z</time>
   </trkpt>
   <trkpt lat="40.7512910" lon="-74.0385190">
    <ele>40.6</ele>
    <time>2026-01-09T17:23:50Z</time>
   </trkpt>
   <trkpt lat="40.7512940" lon="-74.0385270">
    <ele>40.5</ele>
    <time>2026-01-09T17:23:51Z</time>
   </trkpt>
   <trkpt lat="40.7512960" lon="-74.0385340">
    <ele>40.5</ele>
    <time>2026-01-09T17:23:57Z</time>
   </trkpt>
   <trkpt lat="40.7512990" lon="-74.0385420">
    <ele>40.5</ele>
    <time>2026-01-09T17:24:00Z</time>
   </trkpt>
   <trkpt lat="40.7513010" lon="-74.0385500">
    <ele>40.5</ele>
    <time>2026-01-09T17:24:01Z</time>
   </trkpt>
   <trkpt lat="40.7513040" lon="-74.0385580">
    <ele>40.5</ele>
    <time>2026-01-09T17:24:02Z</time>
   </trkpt>
   <trkpt lat="40.7513060" lon="-74.0385660">
    <ele>40.5</ele>
    <time>2026-01-09T17:24:03Z</time>
   </trkpt>
   <trkpt lat="40.7513050" lon="-74.0385630">
    <ele>40.5</ele>
    <time>2026-01-09T17:24:04Z</time>
   </trkpt>
   <trkpt lat="40.7513040" lon="-74.0385600">
    <ele>40.5</ele>
    <time>2026-01-09T17:24:05Z</time>
   </trkpt>
   <trkpt lat="40.7513030" lon="-74.0385570">
    <ele>40.5</ele>
    <time>2026-01-09T17:24:06Z</time>
   </trkpt>
   <trkpt lat="40.7513020" lon="-74.0385540">
    <ele>40.5</ele>
    <time>2026-01-09T17:24:07Z</time>
   </trkpt>
   <trkpt lat="40.7513010" lon="-74.0385510">
    <ele>40.5</ele>
    <time>2026-01-09T17:24:08Z</time>
   </trkpt>
   <trkpt lat="40.7512990" lon="-74.0385480">
    <ele>40.5</ele>
    <time>2026-01-09T17:24:09Z</time>
   </trkpt>
   <trkpt lat="40.7512980" lon="-74.0385450">
    <ele>40.5</ele>
    <time>2026-01-09T17:24:10Z</time>
   </trkpt>
   <trkpt lat="40.7512970" lon="-74.0385420">
    <ele>40.5</ele>
    <time>2026-01-09T17:24:11Z</time>
   </trkpt>
   <trkpt lat="40.7512960" lon="-74.0385390">
    <ele>40.5</ele>
    <time>2026-01-09T17:24:12Z</time>
   </trkpt>
   <trkpt lat="40.7512950" lon="-74.0385360">
    <ele>40.5</ele>
    <time>2026-01-09T17:24:13Z</time>
   </trkpt>
   <trkpt lat="40.7512940" lon="-74.0385330">
    <ele>40.5</ele>
    <time>2026-01-09T17:24:14Z</time>
   </trkpt>
   <trkpt lat="40.7512930" lon="-74.0385300">
    <ele>40.5</ele>
    <time>2026-01-09T17:24:15Z</time>
   </trkpt>
   <trkpt lat="40.7512920" lon="-74.0385270">
    <ele>40.5</ele>
    <time>2026-01-09T17:24:16Z</time>
   </trkpt>
   <trkpt lat="40.7512910" lon="-74.0385240">
    <ele>40.5</ele>
    <time>2026-01-09T17:24:17Z</time>
   </trkpt>
   <trkpt lat="40.7512900" lon="-74.0385210">
    <ele>40.5</ele>
    <time>2026-01-09T17:24:18Z</time>
   </trkpt>
   <trkpt lat="40.7512890" lon="-74.0385180">
    <ele>40.5</ele>
    <time>2026-01-09T17:24:19Z</time>
   </trkpt>
   <trkpt lat="40.7512880" lon="-74.0385150">
    <ele>40.5</ele>
    <time>2026-01-09T17:24:20Z</time>
   </trkpt>
   <trkpt lat="40.7512860" lon="-74.0385120">
    <ele>40.5</ele>
    <time>2026-01-09T17:24:21Z</time>
   </trkpt>
   <trkpt lat="40.7512850" lon="-74.0385090">
    <ele>40.5</ele>
    <time>2026-01-09T17:24:22Z</time>
   </trkpt>
   <trkpt lat="40.7512840" lon="-74.0385060">
    <ele>40.5</ele>
    <time>2026-01-09T17:24:23Z</time>
   </trkpt>
   <trkpt lat="40.7512830" lon="-74.0385030">
    <ele>40.5</ele>
    <time>2026-01-09T17:24:24Z</time>
   </trkpt>
   <trkpt lat="40.7512820" lon="-74.0385000">
    <ele>40.5</ele>
    <time>2026-01-09T17:24:25Z</time>
   </trkpt>
   <trkpt lat="40.7512810" lon="-74.0384970">
    <ele>40.5</ele>
    <time>2026-01-09T17:24:26Z</time>
   </trkpt>
   <trkpt lat="40.7512800" lon="-74.0384940">
    <ele>40.5</ele>
    <time>2026-01-09T17:24:27Z</time>
   </trkpt>
   <trkpt lat="40.7512790" lon="-74.0384910">
    <ele>40.5</ele>
    <time>2026-01-09T17:24:28Z</time>
   </trkpt>
   <trkpt lat="40.7512780" lon="-74.0384880">
    <ele>40.5</ele>
    <time>2026-01-09T17:24:30Z</time>
   </trkpt>
   <trkpt lat="40.7512770" lon="-74.0384850">
    <ele>40.5</ele>
    <time>2026-01-09T17:24:34Z</time>
   </trkpt>
   <trkpt lat="40.7512760" lon="-74.0384820">
    <ele>40.5</ele>
    <time>2026-01-09T17:24:40Z</time>
   </trkpt>
   <trkpt lat="40.7512740" lon="-74.0384790">
    <ele>40.5</ele>
    <time>2026-01-09T17:24:41Z</time>
   </trkpt>
   <trkpt lat="40.7512730" lon="-74.0384760">
    <ele>40.5</ele>
    <time>2026-01-09T17:24:52Z</time>
   </trkpt>
   <trkpt lat="40.7512720" lon="-74.0384730">
    <ele>40.5</ele>
    <time>2026-01-09T17:24:53Z</time>
   </trkpt>
   <trkpt lat="40.7512710" lon="-74.0384700">
    <ele>40.5</ele>
    <time>2026-01-09T17:25:00Z</time>
   </trkpt>
   <trkpt lat="40.7512700" lon="-74.0384670">
    <ele>40.5</ele>
    <time>2026-01-09T17:25:06Z</time>
   </trkpt>
   <trkpt lat="40.7512690" lon="-74.0384640">
    <ele>40.4</ele>
    <time>2026-01-09T17:25:12Z</time>
   </trkpt>
   <trkpt lat="40.7512680" lon="-74.0384610">
    <ele>40.4</ele>
    <time>2026-01-09T17:25:19Z</time>
   </trkpt>
   <trkpt lat="40.7512670" lon="-74.0384580">
    <ele>40.4</ele>
    <time>2026-01-09T17:25:25Z</time>
   </trkpt>
   <trkpt lat="40.7512660" lon="-74.0384550">
    <ele>40.4</ele>
    <time>2026-01-09T17:25:29Z</time>
   </trkpt>
   <trkpt lat="40.7512650" lon="-74.0384520">
    <ele>40.4</ele>
    <time>2026-01-09T17:25:31Z</time>
   </trkpt>
   <trkpt lat="40.7512640" lon="-74.0384490">
    <ele>40.4</ele>
    <time>2026-01-09T17:25:37Z</time>
   </trkpt>
   <trkpt lat="40.7512620" lon="-74.0384460">
    <ele>40.4</ele>
    <time>2026-01-09T17:25:45Z</time>
   </trkpt>
   <trkpt lat="40.7512610" lon="-74.0384430">
    <ele>40.4</ele>
    <time>2026-01-09T17:25:52Z</time>
   </trkpt>
   <trkpt lat="40.7512600" lon="-74.0384400">
    <ele>40.4</ele>
    <time>2026-01-09T17:25:58Z</time>
   </trkpt>
   <trkpt lat="40.7512590" lon="-74.0384370">
    <ele>40.4</ele>
    <time>2026-01-09T17:26:05Z</time>
   </trkpt>
   <trkpt lat="40.7512580" lon="-74.0384340">
    <ele>40.4</ele>
    <time>2026-01-09T17:26:09Z</time>
   </trkpt>
   <trkpt lat="40.7512570" lon="-74.0384310">
    <ele>40.4</ele>
    <time>2026-01-09T17:26:10Z</time>
   </trkpt>
   <trkpt lat="40.7512560" lon="-74.0384290">
    <ele>40.4</ele>
    <time>2026-01-09T17:26:11Z</time>
   </trkpt>
   <trkpt lat="40.7512550" lon="-74.0384260">
    <ele>40.4</ele>
    <time>2026-01-09T17:26:17Z</time>
   </trkpt>
   <trkpt lat="40.7512540" lon="-74.0384230">
    <ele>40.4</ele>
    <time>2026-01-09T17:26:19Z</time>
   </trkpt>
   <trkpt lat="40.7512530" lon="-74.0384200">
    <ele>40.4</ele>
    <time>2026-01-09T17:26:24Z</time>
   </trkpt>
   <trkpt lat="40.7512520" lon="-74.0384170">
    <ele>40.4</ele>
    <time>2026-01-09T17:26:25Z</time>
   </trkpt>
   <trkpt lat="40.7512510" lon="-74.0384140">
    <ele>40.4</ele>
    <time>2026-01-09T17:26:32Z</time>
   </trkpt>
   <trkpt lat="40.7512490" lon="-74.0384110">
    <ele>40.4</ele>
    <time>2026-01-09T17:26:38Z</time>
   </trkpt>
   <trkpt lat="40.7512480" lon="-74.0384080">
    <ele>40.4</ele>
    <time>2026-01-09T17:26:44Z</time>
   </trkpt>
   <trkpt lat="40.7512470" lon="-74.0384050">
    <ele>40.4</ele>
    <time>2026-01-09T17:26:50Z</time>
   </trkpt>
   <trkpt lat="40.7512460" lon="-74.0384020">
    <ele>40.4</ele>
    <time>2026-01-09T17:26:56Z</time>
   </trkpt>
   <trkpt lat="40.7512450" lon="-74.0383990">
    <ele>40.4</ele>
    <time>2026-01-09T17:26:58Z</time>
   </trkpt>
   <trkpt lat="40.7512440" lon="-74.0383960">
    <ele>40.4</ele>
    <time>2026-01-09T17:27:02Z</time>
   </trkpt>
   <trkpt lat="40.7512430" lon="-74.0383930">
    <ele>40.4</ele>
    <time>2026-01-09T17:27:08Z</time>
   </trkpt>
   <trkpt lat="40.7512420" lon="-74.0383900">
    <ele>40.4</ele>
    <time>2026-01-09T17:27:10Z</time>
   </trkpt>
   <trkpt lat="40.7512410" lon="-74.0383870">
    <ele>40.4</ele>
    <time>2026-01-09T17:27:11Z</time>
   </trkpt>
   <trkpt lat="40.7512400" lon="-74.0383840">
    <ele>40.4</ele>
    <time>2026-01-09T17:27:13Z</time>
   </trkpt>
   <trkpt lat="40.7512390" lon="-74.0383810">
    <ele>40.4</ele>
    <time>2026-01-09T17:27:14Z</time>
   </trkpt>
   <trkpt lat="40.7512370" lon="-74.0383780">
    <ele>40.4</ele>
    <time>2026-01-09T17:27:15Z</time>
   </trkpt>
   <trkpt lat="40.7512360" lon="-74.0383750">
    <ele>40.4</ele>
    <time>2026-01-09T17:27:16Z</time>
   </trkpt>
   <trkpt lat="40.7512350" lon="-74.0383720">
    <ele>40.4</ele>
    <time>2026-01-09T17:27:17Z</time>
   </trkpt>
   <trkpt lat="40.7512340" lon="-74.0383690">
    <ele>40.4</ele>
    <time>2026-01-09T17:27:18Z</time>
   </trkpt>
   <trkpt lat="40.7512330" lon="-74.0383660">
    <ele>40.4</ele>
    <time>2026-01-09T17:27:19Z</time>
   </trkpt>
   <trkpt lat="40.7512320" lon="-74.0383630">
    <ele>40.4</ele>
    <time>2026-01-09T17:27:20Z</time>
   </trkpt>
   <trkpt lat="40.7512310" lon="-74.0383600">
    <ele>40.4</ele>
    <time>2026-01-09T17:27:21Z</time>
   </trkpt>
   <trkpt lat="40.7512300" lon="-74.0383570">
    <ele>40.4</ele>
    <time>2026-01-09T17:27:23Z</time>
   </trkpt>
   <trkpt lat="40.7512290" lon="-74.0383540">
    <ele>40.4</ele>
    <time>2026-01-09T17:27:24Z</time>
   </trkpt>
   <trkpt lat="40.7512280" lon="-74.0383510">
    <ele>40.4</ele>
    <time>2026-01-09T17:27:25Z</time>
   </trkpt>
   <trkpt lat="40.7512270" lon="-74.0383480">
    <ele>40.4</ele>
    <time>2026-01-09T17:27:26Z</time>
   </trkpt>
   <trkpt lat="40.7512250" lon="-74.0383450">
    <ele>40.4</ele>
    <time>2026-01-09T17:27:27Z</time>
   </trkpt>
   <trkpt lat="40.7512240" lon="-74.0383420">
    <ele>40.4</ele>
    <time>2026-01-09T17:27:31Z</time>
   </trkpt>
   <trkpt lat="40.7512230" lon="-74.0383390">
    <ele>40.4</ele>
    <time>2026-01-09T17:27:43Z</time>
   </trkpt>
   <trkpt lat="40.7512220" lon="-74.0383360">
    <ele>40.4</ele>
    <time>2026-01-09T17:27:44Z</time>
   </trkpt>
   <trkpt lat="40.7512210" lon="-74.0383330">
    <ele>40.4</ele>
    <time>2026-01-09T17:27:45Z</time>
   </trkpt>
   <trkpt lat="40.7512200" lon="-74.0383300">
    <ele>40.4</ele>
    <time>2026-01-09T17:27:46Z</time>
   </trkpt>
   <trkpt lat="40.7512190" lon="-74.0383270">
    <ele>40.3</ele>
    <time>2026-01-09T17:27:47Z</time>
   </trkpt>
   <trkpt lat="40.7512180" lon="-74.0383240">
    <ele>40.3</ele>
    <time>2026-01-09T17:27:48Z</time>
   </trkpt>
   <trkpt lat="40.7512170" lon="-74.0383210">
    <ele>40.3</ele>
    <time>2026-01-09T17:27:49Z</time>
   </trkpt>
   <trkpt lat="40.7512160" lon="-74.0383180">
    <ele>40.3</ele>
    <time>2026-01-09T17:27:50Z</time>
   </trkpt>
   <trkpt lat="40.7512150" lon="-74.0383150">
    <ele>40.3</ele>
    <time>2026-01-09T17:27:52Z</time>
   </trkpt>
   <trkpt lat="40.7512140" lon="-74.0383120">
    <ele>40.3</ele>
    <time>2026-01-09T17:27:53Z</time>
   </trkpt>
   <trkpt lat="40.7512120" lon="-74.0383090">
    <ele>40.3</ele>
    <time>2026-01-09T17:27:54Z</time>
   </trkpt>
   <trkpt lat="40.7512110" lon="-74.0383060">
    <ele>40.3</ele>
    <time>2026-01-09T17:27:55Z</time>
   </trkpt>
   <trkpt lat="40.7512100" lon="-74.0383030">
    <ele>40.3</ele>
    <time>2026-01-09T17:27:56Z</time>
   </trkpt>
   <trkpt lat="40.7512090" lon="-74.0383000">
    <ele>40.3</ele>
    <time>2026-01-09T17:27:57Z</time>
   </trkpt>
   <trkpt lat="40.7512080" lon="-74.0382970">
    <ele>40.3</ele>
    <time>2026-01-09T17:27:58Z</time>
   </trkpt>
   <trkpt lat="40.7512070" lon="-74.0382940">
    <ele>40.3</ele>
    <time>2026-01-09T17:27:59Z</time>
   </trkpt>
   <trkpt lat="40.7512190" lon="-74.0383560">
    <ele>40.3</ele>
    <time>2026-01-09T17:28:00Z</time>
   </trkpt>
   <trkpt lat="40.7512310" lon="-74.0383990">
    <ele>40.3</ele>
    <time>2026-01-09T17:28:01Z</time>
   </trkpt>
   <trkpt lat="40.7512180" lon="-74.0384710">
    <ele>40.2</ele>
    <time>2026-01-09T17:28:02Z</time>
   </trkpt>
   <trkpt lat="40.7512060" lon="-74.0384500">
    <ele>40.2</ele>
    <time>2026-01-09T17:28:03Z</time>
   </trkpt>
   <trkpt lat="40.7512110" lon="-74.0384350">
    <ele>40.2</ele>
    <time>2026-01-09T17:28:04Z</time>
   </trkpt>
   <trkpt lat="40.7512170" lon="-74.0384210">
    <ele>40.2</ele>
    <time>2026-01-09T17:28:05Z</time>
   </trkpt>
   <trkpt lat="40.7512220" lon="-74.0384060">
    <ele>40.2</ele>
    <time>2026-01-09T17:28:06Z</time>
   </trkpt>
   <trkpt lat="40.7512300" lon="-74.0383950">
    <ele>40.1</ele>
    <time>2026-01-09T17:28:07Z</time>
   </trkpt>
   <trkpt lat="40.7512280" lon="-74.0383890">
    <ele>40.1</ele>
    <time>2026-01-09T17:28:08Z</time>
   </trkpt>
   <trkpt lat="40.7512270" lon="-74.0383820">
    <ele>40.1</ele>
    <time>2026-01-09T17:28:09Z</time>
   </trkpt>
   <trkpt lat="40.7512260" lon="-74.0383760">
    <ele>40.1</ele>
    <time>2026-01-09T17:28:10Z</time>
   </trkpt>
   <trkpt lat="40.7512250" lon="-74.0383690">
    <ele>40.1</ele>
    <time>2026-01-09T17:28:11Z</time>
   </trkpt>
   <trkpt lat="40.7512230" lon="-74.0383630">
    <ele>40.1</ele>
    <time>2026-01-09T17:28:12Z</time>
   </trkpt>
   <trkpt lat="40.7512220" lon="-74.0383560">
    <ele>40.1</ele>
    <time>2026-01-09T17:28:13Z</time>
   </trkpt>
   <trkpt lat="40.7512170" lon="-74.0383530">
    <ele>40.1</ele>
    <time>2026-01-09T17:28:14Z</time>
   </trkpt>
   <trkpt lat="40.7512190" lon="-74.0383460">
    <ele>40.1</ele>
    <time>2026-01-09T17:28:15Z</time>
   </trkpt>
   <trkpt lat="40.7512140" lon="-74.0383520">
    <ele>40.1</ele>
    <time>2026-01-09T17:28:16Z</time>
   </trkpt>
   <trkpt lat="40.7512070" lon="-74.0383460">
    <ele>40.1</ele>
    <time>2026-01-09T17:28:17Z</time>
   </trkpt>
   <trkpt lat="40.7512090" lon="-74.0383420">
    <ele>40.1</ele>
    <time>2026-01-09T17:28:18Z</time>
   </trkpt>
   <trkpt lat="40.7512080" lon="-74.0383410">
    <ele>40.1</ele>
    <time>2026-01-09T17:28:19Z</time>
   </trkpt>
   <trkpt lat="40.7512100" lon="-74.0383360">
    <ele>40.1</ele>
    <time>2026-01-09T17:28:20Z</time>
   </trkpt>
   <trkpt lat="40.7512100" lon="-74.0383400">
    <ele>40.1</ele>
    <time>2026-01-09T17:28:21Z</time>
   </trkpt>
   <trkpt lat="40.7512100" lon="-74.0383400">
    <ele>40.1</ele>
    <time>2026-01-09T17:28:22Z</time>
   </trkpt>
   <trkpt lat="40.7512060" lon="-74.0383630">
    <ele>40.1</ele>
    <time>2026-01-09T17:28:23Z</time>
   </trkpt>
   <trkpt lat="40.7512070" lon="-74.0383620">
    <ele>40.1</ele>
    <time>2026-01-09T17:28:24Z</time>
   </trkpt>
   <trkpt lat="40.7512090" lon="-74.0383810">
    <ele>40.1</ele>
    <time>2026-01-09T17:28:25Z</time>
   </trkpt>
   <trkpt lat="40.7512140" lon="-74.0383870">
    <ele>40.1</ele>
    <time>2026-01-09T17:28:26Z</time>
   </trkpt>
   <trkpt lat="40.7512100" lon="-74.0383900">
    <ele>40.0</ele>
    <time>2026-01-09T17:28:27Z</time>
   </trkpt>
   <trkpt lat="40.7512120" lon="-74.0383990">
    <ele>40.0</ele>
    <time>2026-01-09T17:28:28Z</time>
   </trkpt>
   <trkpt lat="40.7512110" lon="-74.0384060">
    <ele>40.0</ele>
    <time>2026-01-09T17:28:29Z</time>
   </trkpt>
   <trkpt lat="40.7512110" lon="-74.0384060">
    <ele>40.0</ele>
    <time>2026-01-09T17:28:30Z</time>
   </trkpt>
   <trkpt lat="40.7512110" lon="-74.0384060">
    <ele>40.0</ele>
    <time>2026-01-09T17:28:31Z</time>
   </trkpt>
   <trkpt lat="40.7512110" lon="-74.0384060">
    <ele>40.0</ele>
    <time>2026-01-09T17:28:32Z</time>
   </trkpt>
   <trkpt lat="40.7512110" lon="-74.0384060">
    <ele>40.0</ele>
    <time>2026-01-09T17:28:33Z</time>
   </trkpt>
   <trkpt lat="40.7512110" lon="-74.0384060">
    <ele>40.0</ele>
    <time>2026-01-09T17:28:34Z</time>
   </trkpt>
   <trkpt lat="40.7512110" lon="-74.0384060">
    <ele>40.0</ele>
    <time>2026-01-09T17:28:35Z</time>
   </trkpt>
   <trkpt lat="40.7512110" lon="-74.0384060">
    <ele>40.0</ele>
    <time>2026-01-09T17:28:36Z</time>
   </trkpt>
   <trkpt lat="40.7512110" lon="-74.0384060">
    <ele>40.0</ele>
    <time>2026-01-09T17:28:37Z</time>
   </trkpt>
   <trkpt lat="40.7512110" lon="-74.0384060">
    <ele>40.0</ele>
    <time>2026-01-09T17:28:38Z</time>
   </trkpt>
   <trkpt lat="40.7512110" lon="-74.0384060">
    <ele>40.0</ele>
    <time>2026-01-09T17:28:39Z</time>
   </trkpt>
   <trkpt lat="40.7512110" lon="-74.0384060">
    <ele>40.0</ele>
    <time>2026-01-09T17:28:40Z</time>
   </trkpt>
   <trkpt lat="40.7512110" lon="-74.0384060">
    <ele>40.0</ele>
    <time>2026-01-09T17:28:41Z</time>
   </trkpt>
   <trkpt lat="40.7512110" lon="-74.0384060">
    <ele>40.0</ele>
    <time>2026-01-09T17:28:42Z</time>
   </trkpt>
   <trkpt lat="40.7512380" lon="-74.0384140">
    <ele>40.0</ele>
    <time>2026-01-09T17:28:43Z</time>
   </trkpt>
   <trkpt lat="40.7512310" lon="-74.0384200">
    <ele>40.0</ele>
    <time>2026-01-09T17:28:44Z</time>
   </trkpt>
   <trkpt lat="40.7512330" lon="-74.0384140">
    <ele>40.1</ele>
    <time>2026-01-09T17:28:45Z</time>
   </trkpt>
   <trkpt lat="40.7512270" lon="-74.0384170">
    <ele>40.1</ele>
    <time>2026-01-09T17:28:46Z</time>
   </trkpt>
   <trkpt lat="40.7512240" lon="-74.0384130">
    <ele>40.1</ele>
    <time>2026-01-09T17:28:47Z</time>
   </trkpt>
   <trkpt lat="40.7512240" lon="-74.0384070">
    <ele>40.1</ele>
    <time>2026-01-09T17:28:48Z</time>
   </trkpt>
   <trkpt lat="40.7512230" lon="-74.0384000">
    <ele>40.1</ele>
    <time>2026-01-09T17:28:49Z</time>
   </trkpt>
   <trkpt lat="40.7512240" lon="-74.0383850">
    <ele>40.2</ele>
    <time>2026-01-09T17:28:50Z</time>
   </trkpt>
   <trkpt lat="40.7512140" lon="-74.0383950">
    <ele>40.2</ele>
    <time>2026-01-09T17:28:51Z</time>
   </trkpt>
   <trkpt lat="40.7512140" lon="-74.0383990">
    <ele>40.2</ele>
    <time>2026-01-09T17:28:52Z</time>
   </trkpt>
   <trkpt lat="40.7512140" lon="-74.0383990">
    <ele>40.2</ele>
    <time>2026-01-09T17:28:53Z</time>
   </trkpt>
   <trkpt lat="40.7512130" lon="-74.0383950">
    <ele>40.2</ele>
    <time>2026-01-09T17:28:54Z</time>
   </trkpt>
   <trkpt lat="40.7512080" lon="-74.0383900">
    <ele>40.2</ele>
    <time>2026-01-09T17:28:55Z</time>
   </trkpt>
   <trkpt lat="40.7512080" lon="-74.0383890">
    <ele>40.2</ele>
    <time>2026-01-09T17:28:56Z</time>
   </trkpt>
   <trkpt lat="40.7512120" lon="-74.0383840">
    <ele>40.3</ele>
    <time>2026-01-09T17:28:57Z</time>
   </trkpt>
   <trkpt lat="40.7512140" lon="-74.0383790">
    <ele>40.3</ele>
    <time>2026-01-09T17:28:58Z</time>
   </trkpt>
   <trkpt lat="40.7512140" lon="-74.0383820">
    <ele>40.3</ele>
    <time>2026-01-09T17:28:59Z</time>
   </trkpt>
   <trkpt lat="40.7512200" lon="-74.0383700">
    <ele>40.3</ele>
    <time>2026-01-09T17:29:00Z</time>
   </trkpt>
   <trkpt lat="40.7512210" lon="-74.0383700">
    <ele>40.3</ele>
    <time>2026-01-09T17:29:01Z</time>
   </trkpt>
   <trkpt lat="40.7512120" lon="-74.0383750">
    <ele>40.3</ele>
    <time>2026-01-09T17:29:02Z</time>
   </trkpt>
   <trkpt lat="40.7512040" lon="-74.0383680">
    <ele>40.4</ele>
    <time>2026-01-09T17:29:03Z</time>
   </trkpt>
   <trkpt lat="40.7511930" lon="-74.0383650">
    <ele>40.4</ele>
    <time>2026-01-09T17:29:04Z</time>
   </trkpt>
   <trkpt lat="40.7511660" lon="-74.0383690">
    <ele>40.5</ele>
    <time>2026-01-09T17:29:05Z</time>
   </trkpt>
   <trkpt lat="40.7511500" lon="-74.0383710">
    <ele>40.6</ele>
    <time>2026-01-09T17:29:06Z</time>
   </trkpt>
   <trkpt lat="40.7511370" lon="-74.0384120">
    <ele>40.7</ele>
    <time>2026-01-09T17:29:07Z</time>
   </trkpt>
   <trkpt lat="40.7511220" lon="-74.0384430">
    <ele>40.8</ele>
    <time>2026-01-09T17:29:08Z</time>
   </trkpt>
   <trkpt lat="40.7510960" lon="-74.0384710">
    <ele>40.9</ele>
    <time>2026-01-09T17:29:09Z</time>
   </trkpt>
   <trkpt lat="40.7510830" lon="-74.0384750">
    <ele>40.9</ele>
    <time>2026-01-09T17:29:10Z</time>
   </trkpt>
   <trkpt lat="40.7510580" lon="-74.0385110">
    <ele>41.0</ele>
    <time>2026-01-09T17:29:11Z</time>
   </trkpt>
   <trkpt lat="40.7510440" lon="-74.0385190">
    <ele>41.1</ele>
    <time>2026-01-09T17:29:12Z</time>
   </trkpt>
   <trkpt lat="40.7510190" lon="-74.0385410">
    <ele>41.2</ele>
    <time>2026-01-09T17:29:13Z</time>
   </trkpt>
   <trkpt lat="40.7509910" lon="-74.0385610">
    <ele>41.2</ele>
    <time>2026-01-09T17:29:14Z</time>
   </trkpt>
   <trkpt lat="40.7509820" lon="-74.0385680">
    <ele>41.3</ele>
    <time>2026-01-09T17:29:15Z</time>
   </trkpt>
   <trkpt lat="40.7509620" lon="-74.0386050">
    <ele>41.4</ele>
    <time>2026-01-09T17:29:16Z</time>
   </trkpt>
   <trkpt lat="40.7509450" lon="-74.0386320">
    <ele>41.4</ele>
    <time>2026-01-09T17:29:17Z</time>
   </trkpt>
   <trkpt lat="40.7509300" lon="-74.0386660">
    <ele>41.5</ele>
    <time>2026-01-09T17:29:18Z</time>
   </trkpt>
   <trkpt lat="40.7509260" lon="-74.0386840">
    <ele>41.5</ele>
    <time>2026-01-09T17:29:19Z</time>
   </trkpt>
   <trkpt lat="40.7509250" lon="-74.0387090">
    <ele>41.5</ele>
    <time>2026-01-09T17:29:20Z</time>
   </trkpt>
   <trkpt lat="40.7509300" lon="-74.0387300">
    <ele>41.6</ele>
    <time>2026-01-09T17:29:21Z</time>
   </trkpt>
   <trkpt lat="40.7509390" lon="-74.0387440">
    <ele>41.6</ele>
    <time>2026-01-09T17:29:22Z</time>
   </trkpt>
   <trkpt lat="40.7509510" lon="-74.0387530">
    <ele>41.6</ele>
    <time>2026-01-09T17:29:23Z</time>
   </trkpt>
   <trkpt lat="40.7509620" lon="-74.0387600">
    <ele>41.6</ele>
    <time>2026-01-09T17:29:24Z</time>
   </trkpt>
   <trkpt lat="40.7509710" lon="-74.0387560">
    <ele>41.6</ele>
    <time>2026-01-09T17:29:25Z</time>
   </trkpt>
   <trkpt lat="40.7509790" lon="-74.0387530">
    <ele>41.6</ele>
    <time>2026-01-09T17:29:26Z</time>
   </trkpt>
   <trkpt lat="40.7510000" lon="-74.0387390">
    <ele>41.6</ele>
    <time>2026-01-09T17:29:27Z</time>
   </trkpt>
   <trkpt lat="40.7510080" lon="-74.0387310">
    <ele>41.6</ele>
    <time>2026-01-09T17:29:28Z</time>
   </trkpt>
   <trkpt lat="40.7510160" lon="-74.0387230">
    <ele>41.6</ele>
    <time>2026-01-09T17:29:29Z</time>
   </trkpt>
   <trkpt lat="40.7510450" lon="-74.0387000">
    <ele>41.7</ele>
    <time>2026-01-09T17:29:30Z</time>
   </trkpt>
   <trkpt lat="40.7510540" lon="-74.0386930">
    <ele>41.7</ele>
    <time>2026-01-09T17:29:31Z</time>
   </trkpt>
   <trkpt lat="40.7510680" lon="-74.0386850">
    <ele>41.7</ele>
    <time>2026-01-09T17:29:32Z</time>
   </trkpt>
   <trkpt lat="40.7510760" lon="-74.0386650">
    <ele>41.7</ele>
    <time>2026-01-09T17:29:33Z</time>
   </trkpt>
   <trkpt lat="40.7510840" lon="-74.0386570">
    <ele>41.7</ele>
    <time>2026-01-09T17:29:34Z</time>
   </trkpt>
   <trkpt lat="40.7510850" lon="-74.0386600">
    <ele>41.7</ele>
    <time>2026-01-09T17:29:35Z</time>
   </trkpt>
   <trkpt lat="40.7510810" lon="-74.0386630">
    <ele>41.7</ele>
    <time>2026-01-09T17:29:36Z</time>
   </trkpt>
   <trkpt lat="40.7510890" lon="-74.0386530">
    <ele>41.7</ele>
    <time>2026-01-09T17:29:37Z</time>
   </trkpt>
   <trkpt lat="40.7510890" lon="-74.0386410">
    <ele>41.7</ele>
    <time>2026-01-09T17:29:38Z</time>
   </trkpt>
   <trkpt lat="40.7510840" lon="-74.0386350">
    <ele>41.7</ele>
    <time>2026-01-09T17:29:39Z</time>
   </trkpt>
   <trkpt lat="40.7510840" lon="-74.0386340">
    <ele>41.7</ele>
    <time>2026-01-09T17:29:40Z</time>
   </trkpt>
   <trkpt lat="40.7510900" lon="-74.0386330">
    <ele>41.8</ele>
    <time>2026-01-09T17:29:41Z</time>
   </trkpt>
   <trkpt lat="40.7510910" lon="-74.0386370">
    <ele>41.8</ele>
    <time>2026-01-09T17:29:42Z</time>
   </trkpt>
   <trkpt lat="40.7510950" lon="-74.0386470">
    <ele>41.8</ele>
    <time>2026-01-09T17:29:43Z</time>
   </trkpt>
   <trkpt lat="40.7511000" lon="-74.0386560">
    <ele>41.9</ele>
    <time>2026-01-09T17:29:44Z</time>
   </trkpt>
   <trkpt lat="40.7511040" lon="-74.0386660">
    <ele>41.9</ele>
    <time>2026-01-09T17:29:45Z</time>
   </trkpt>
   <trkpt lat="40.7511080" lon="-74.0386760">
    <ele>41.9</ele>
    <time>2026-01-09T17:29:46Z</time>
   </trkpt>
   <trkpt lat="40.7511210" lon="-74.0387030">
    <ele>42.0</ele>
    <time>2026-01-09T17:29:47Z</time>
   </trkpt>
   <trkpt lat="40.7511270" lon="-74.0387170">
    <ele>42.1</ele>
    <time>2026-01-09T17:29:48Z</time>
   </trkpt>
   <trkpt lat="40.7511320" lon="-74.0387300">
    <ele>42.1</ele>
    <time>2026-01-09T17:29:49Z</time>
   </trkpt>
   <trkpt lat="40.7511320" lon="-74.0387990">
    <ele>42.3</ele>
    <time>2026-01-09T17:29:50Z</time>
   </trkpt>
   <trkpt lat="40.7511320" lon="-74.0388330">
    <ele>42.4</ele>
    <time>2026-01-09T17:29:51Z</time>
   </trkpt>
   <trkpt lat="40.7511150" lon="-74.0388960">
    <ele>42.5</ele>
    <time>2026-01-09T17:29:52Z</time>
   </trkpt>
   <trkpt lat="40.7511190" lon="-74.0389530">
    <ele>42.7</ele>
    <time>2026-01-09T17:29:53Z</time>
   </trkpt>
   <trkpt lat="40.7511250" lon="-74.0390160">
    <ele>42.8</ele>
    <time>2026-01-09T17:29:54Z</time>
   </trkpt>
   <trkpt lat="40.7511340" lon="-74.0390690">
    <ele>43.0</ele>
    <time>2026-01-09T17:29:55Z</time>
   </trkpt>
   <trkpt lat="40.7511460" lon="-74.0391170">
    <ele>43.1</ele>
    <time>2026-01-09T17:29:56Z</time>
   </trkpt>
   <trkpt lat="40.7511670" lon="-74.0391680">
    <ele>43.3</ele>
    <time>2026-01-09T17:29:58Z</time>
   </trkpt>
   <trkpt lat="40.7511920" lon="-74.0392180">
    <ele>43.5</ele>
    <time>2026-01-09T17:29:59Z</time>
   </trkpt>
   <trkpt lat="40.7512100" lon="-74.0392670">
    <ele>43.7</ele>
    <time>2026-01-09T17:30:00Z</time>
   </trkpt>
   <trkpt lat="40.7512290" lon="-74.0393060">
    <ele>43.8</ele>
    <time>2026-01-09T17:30:01Z</time>
   </trkpt>
   <trkpt lat="40.7512440" lon="-74.0393460">
    <ele>44.0</ele>
    <time>2026-01-09T17:30:02Z</time>
   </trkpt>
   <trkpt lat="40.7512530" lon="-74.0393880">
    <ele>44.1</ele>
    <time>2026-01-09T17:30:03Z</time>
   </trkpt>
   <trkpt lat="40.7512570" lon="-74.0394000">
    <ele>44.2</ele>
    <time>2026-01-09T17:30:04Z</time>
   </trkpt>
   <trkpt lat="40.7512680" lon="-74.0394250">
    <ele>44.3</ele>
    <time>2026-01-09T17:30:05Z</time>
   </trkpt>
   <trkpt lat="40.7512730" lon="-74.0394330">
    <ele>44.3</ele>
    <time>2026-01-09T17:30:06Z</time>
   </trkpt>
   <trkpt lat="40.7512730" lon="-74.0394290">
    <ele>44.3</ele>
    <time>2026-01-09T17:30:07Z</time>
   </trkpt>
   <trkpt lat="40.7512750" lon="-74.0394330">
    <ele>44.3</ele>
    <time>2026-01-09T17:30:08Z</time>
   </trkpt>
   <trkpt lat="40.7512770" lon="-74.0394380">
    <ele>44.3</ele>
    <time>2026-01-09T17:30:09Z</time>
   </trkpt>
   <trkpt lat="40.7512790" lon="-74.0394420">
    <ele>44.3</ele>
    <time>2026-01-09T17:30:10Z</time>
   </trkpt>
   <trkpt lat="40.7512810" lon="-74.0394460">
    <ele>44.3</ele>
    <time>2026-01-09T17:30:11Z</time>
   </trkpt>
   <trkpt lat="40.7512830" lon="-74.0394500">
    <ele>44.3</ele>
    <time>2026-01-09T17:30:12Z</time>
   </trkpt>
   <trkpt lat="40.7512850" lon="-74.0394550">
    <ele>44.3</ele>
    <time>2026-01-09T17:30:13Z</time>
   </trkpt>
   <trkpt lat="40.7512870" lon="-74.0394590">
    <ele>44.4</ele>
    <time>2026-01-09T17:30:14Z</time>
   </trkpt>
   <trkpt lat="40.7512890" lon="-74.0394630">
    <ele>44.4</ele>
    <time>2026-01-09T17:30:15Z</time>
   </trkpt>
   <trkpt lat="40.7512910" lon="-74.0394670">
    <ele>44.4</ele>
    <time>2026-01-09T17:30:16Z</time>
   </trkpt>
   <trkpt lat="40.7512930" lon="-74.0394720">
    <ele>44.4</ele>
    <time>2026-01-09T17:30:17Z</time>
   </trkpt>
   <trkpt lat="40.7512950" lon="-74.0394760">
    <ele>44.4</ele>
    <time>2026-01-09T17:30:18Z</time>
   </trkpt>
   <trkpt lat="40.7512970" lon="-74.0394800">
    <ele>44.4</ele>
    <time>2026-01-09T17:30:19Z</time>
   </trkpt>
   <trkpt lat="40.7513080" lon="-74.0395180">
    <ele>44.5</ele>
    <time>2026-01-09T17:30:20Z</time>
   </trkpt>
   <trkpt lat="40.7513190" lon="-74.0395560">
    <ele>44.6</ele>
    <time>2026-01-09T17:30:21Z</time>
   </trkpt>
   <trkpt lat="40.7513360" lon="-74.0396000">
    <ele>44.6</ele>
    <time>2026-01-09T17:30:22Z</time>
   </trkpt>
   <trkpt lat="40.7513540" lon="-74.0396520">
    <ele>44.7</ele>
    <time>2026-01-09T17:30:23Z</time>
   </trkpt>
   <trkpt lat="40.7513720" lon="-74.0397130">
    <ele>44.8</ele>
    <time>2026-01-09T17:30:24Z</time>
   </trkpt>
   <trkpt lat="40.7514030" lon="-74.0397590">
    <ele>44.9</ele>
    <time>2026-01-09T17:30:25Z</time>
   </trkpt>
   <trkpt lat="40.7514180" lon="-74.0398140">
    <ele>45.1</ele>
    <time>2026-01-09T17:30:26Z</time>
   </trkpt>
   <trkpt lat="40.7514360" lon="-74.0398730">
    <ele>45.2</ele>
    <time>2026-01-09T17:30:27Z</time>
   </trkpt>
   <trkpt lat="40.7514590" lon="-74.0399300">
    <ele>45.4</ele>
    <time>2026-01-09T17:30:28Z</time>
   </trkpt>
   <trkpt lat="40.7514790" lon="-74.0399810">
    <ele>45.6</ele>
    <time>2026-01-09T17:30:29Z</time>
   </trkpt>
   <trkpt lat="40.7515240" lon="-74.0400940">
    <ele>45.9</ele>
    <time>2026-01-09T17:30:30Z</time>
   </trkpt>
   <trkpt lat="40.7515420" lon="-74.0401490">
    <ele>46.1</ele>
    <time>2026-01-09T17:30:31Z</time>
   </trkpt>
   <trkpt lat="40.7515630" lon="-74.0402020">
    <ele>46.3</ele>
    <time>2026-01-09T17:30:32Z</time>
   </trkpt>
   <trkpt lat="40.7515840" lon="-74.0402570">
    <ele>46.5</ele>
    <time>2026-01-09T17:30:33Z</time>
   </trkpt>
   <trkpt lat="40.7515960" lon="-74.0403180">
    <ele>46.7</ele>
    <time>2026-01-09T17:30:34Z</time>
   </trkpt>
   <trkpt lat="40.7516190" lon="-74.0403640">
    <ele>46.8</ele>
    <time>2026-01-09T17:30:35Z</time>
   </trkpt>
   <trkpt lat="40.7516390" lon="-74.0404200">
    <ele>47.0</ele>
    <time>2026-01-09T17:30:36Z</time>
   </trkpt>
   <trkpt lat="40.7516540" lon="-74.0404690">
    <ele>47.2</ele>
    <time>2026-01-09T17:30:37Z</time>
   </trkpt>
   <trkpt lat="40.7516750" lon="-74.0405200">
    <ele>47.4</ele>
    <time>2026-01-09T17:30:38Z</time>
   </trkpt>
   <trkpt lat="40.7516920" lon="-74.0405750">
    <ele>47.6</ele>
    <time>2026-01-09T17:30:39Z</time>
   </trkpt>
   <trkpt lat="40.7517160" lon="-74.0406290">
    <ele>47.8</ele>
    <time>2026-01-09T17:30:40Z</time>
   </trkpt>
   <trkpt lat="40.7517340" lon="-74.0406840">
    <ele>47.9</ele>
    <time>2026-01-09T17:30:41Z</time>
   </trkpt>
   <trkpt lat="40.7517550" lon="-74.0407410">
    <ele>48.1</ele>
    <time>2026-01-09T17:30:42Z</time>
   </trkpt>
   <trkpt lat="40.7517710" lon="-74.0407900">
    <ele>48.4</ele>
    <time>2026-01-09T17:30:43Z</time>
   </trkpt>
   <trkpt lat="40.7517900" lon="-74.0408440">
    <ele>48.6</ele>
    <time>2026-01-09T17:30:44Z</time>
   </trkpt>
   <trkpt lat="40.7518160" lon="-74.0408900">
    <ele>48.8</ele>
    <time>2026-01-09T17:30:45Z</time>
   </trkpt>
   <trkpt lat="40.7518350" lon="-74.0409400">
    <ele>49.0</ele>
    <time>2026-01-09T17:30:46Z</time>
   </trkpt>
   <trkpt lat="40.7518420" lon="-74.0409860">
    <ele>49.1</ele>
    <time>2026-01-09T17:30:47Z</time>
   </trkpt>
   <trkpt lat="40.7518560" lon="-74.0410300">
    <ele>49.3</ele>
    <time>2026-01-09T17:30:48Z</time>
   </trkpt>
   <trkpt lat="40.7518790" lon="-74.0410830">
    <ele>49.4</ele>
    <time>2026-01-09T17:30:49Z</time>
   </trkpt>
   <trkpt lat="40.7519000" lon="-74.0411420">
    <ele>49.6</ele>
    <time>2026-01-09T17:30:50Z</time>
   </trkpt>
   <trkpt lat="40.7519160" lon="-74.0411880">
    <ele>49.7</ele>
    <time>2026-01-09T17:30:51Z</time>
   </trkpt>
   <trkpt lat="40.7519330" lon="-74.0412410">
    <ele>49.9</ele>
    <time>2026-01-09T17:30:52Z</time>
   </trkpt>
   <trkpt lat="40.7519480" lon="-74.0413050">
    <ele>50.0</ele>
    <time>2026-01-09T17:30:53Z</time>
   </trkpt>
   <trkpt lat="40.7519700" lon="-74.0413660">
    <ele>50.1</ele>
    <time>2026-01-09T17:30:54Z</time>
   </trkpt>
   <trkpt lat="40.7519930" lon="-74.0414190">
    <ele>50.2</ele>
    <time>2026-01-09T17:30:55Z</time>
   </trkpt>
   <trkpt lat="40.7520120" lon="-74.0414760">
    <ele>50.2</ele>
    <time>2026-01-09T17:30:56Z</time>
   </trkpt>
   <trkpt lat="40.7520280" lon="-74.0415350">
    <ele>50.3</ele>
    <time>2026-01-09T17:30:57Z</time>
   </trkpt>
   <trkpt lat="40.7520480" lon="-74.0415960">
    <ele>50.4</ele>
    <time>2026-01-09T17:30:58Z</time>
   </trkpt>
   <trkpt lat="40.7520750" lon="-74.0416530">
    <ele>50.4</ele>
    <time>2026-01-09T17:30:59Z</time>
   </trkpt>
   <trkpt lat="40.7521020" lon="-74.0417060">
    <ele>50.5</ele>
    <time>2026-01-09T17:31:00Z</time>
   </trkpt>
   <trkpt lat="40.7521070" lon="-74.0417600">
    <ele>50.5</ele>
    <time>2026-01-09T17:31:01Z</time>
   </trkpt>
   <trkpt lat="40.7521350" lon="-74.0418220">
    <ele>50.6</ele>
    <time>2026-01-09T17:31:02Z</time>
   </trkpt>
   <trkpt lat="40.7521550" lon="-74.0418820">
    <ele>50.6</ele>
    <time>2026-01-09T17:31:03Z</time>
   </trkpt>
   <trkpt lat="40.7521860" lon="-74.0419510">
    <ele>50.7</ele>
    <time>2026-01-09T17:31:04Z</time>
   </trkpt>
   <trkpt lat="40.7522100" lon="-74.0420060">
    <ele>50.7</ele>
    <time>2026-01-09T17:31:05Z</time>
   </trkpt>
   <trkpt lat="40.7522330" lon="-74.0420580">
    <ele>50.7</ele>
    <time>2026-01-09T17:31:06Z</time>
   </trkpt>
   <trkpt lat="40.7522630" lon="-74.0421080">
    <ele>50.8</ele>
    <time>2026-01-09T17:31:07Z</time>
   </trkpt>
   <trkpt lat="40.7522830" lon="-74.0421470">
    <ele>50.8</ele>
    <time>2026-01-09T17:31:08Z</time>
   </trkpt>
   <trkpt lat="40.7523140" lon="-74.0421980">
    <ele>50.8</ele>
    <time>2026-01-09T17:31:09Z</time>
   </trkpt>
   <trkpt lat="40.7523560" lon="-74.0422580">
    <ele>50.8</ele>
    <time>2026-01-09T17:31:10Z</time>
   </trkpt>
   <trkpt lat="40.7524090" lon="-74.0423220">
    <ele>50.8</ele>
    <time>2026-01-09T17:31:11Z</time>
   </trkpt>
   <trkpt lat="40.7524530" lon="-74.0423660">
    <ele>50.7</ele>
    <time>2026-01-09T17:31:12Z</time>
   </trkpt>
   <trkpt lat="40.7525010" lon="-74.0424160">
    <ele>50.7</ele>
    <time>2026-01-09T17:31:13Z</time>
   </trkpt>
   <trkpt lat="40.7525410" lon="-74.0424540">
    <ele>50.6</ele>
    <time>2026-01-09T17:31:14Z</time>
   </trkpt>
   <trkpt lat="40.7525950" lon="-74.0424930">
    <ele>50.6</ele>
    <time>2026-01-09T17:31:15Z</time>
   </trkpt>
   <trkpt lat="40.7526430" lon="-74.0425220">
    <ele>50.5</ele>
    <time>2026-01-09T17:31:16Z</time>
   </trkpt>
   <trkpt lat="40.7526970" lon="-74.0425460">
    <ele>50.4</ele>
    <time>2026-01-09T17:31:17Z</time>
   </trkpt>
   <trkpt lat="40.7527460" lon="-74.0425530">
    <ele>50.3</ele>
    <time>2026-01-09T17:31:18Z</time>
   </trkpt>
   <trkpt lat="40.7528020" lon="-74.0425830">
    <ele>50.2</ele>
    <time>2026-01-09T17:31:19Z</time>
   </trkpt>
   <trkpt lat="40.7528590" lon="-74.0426060">
    <ele>50.1</ele>
    <time>2026-01-09T17:31:20Z</time>
   </trkpt>
   <trkpt lat="40.7529250" lon="-74.0426220">
    <ele>50.0</ele>
    <time>2026-01-09T17:31:21Z</time>
   </trkpt>
   <trkpt lat="40.7529890" lon="-74.0426320">
    <ele>50.0</ele>
    <time>2026-01-09T17:31:22Z</time>
   </trkpt>
   <trkpt lat="40.7530500" lon="-74.0426410">
    <ele>49.9</ele>
    <time>2026-01-09T17:31:23Z</time>
   </trkpt>
   <trkpt lat="40.7531140" lon="-74.0426620">
    <ele>49.8</ele>
    <time>2026-01-09T17:31:24Z</time>
   </trkpt>
   <trkpt lat="40.7531770" lon="-74.0426820">
    <ele>49.7</ele>
    <time>2026-01-09T17:31:25Z</time>
   </trkpt>
   <trkpt lat="40.7532410" lon="-74.0427090">
    <ele>49.6</ele>
    <time>2026-01-09T17:31:26Z</time>
   </trkpt>
   <trkpt lat="40.7533020" lon="-74.0427240">
    <ele>49.5</ele>
    <time>2026-01-09T17:31:27Z</time>
   </trkpt>
   <trkpt lat="40.7533610" lon="-74.0427390">
    <ele>49.4</ele>
    <time>2026-01-09T17:31:28Z</time>
   </trkpt>
   <trkpt lat="40.7534270" lon="-74.0427570">
    <ele>49.3</ele>
    <time>2026-01-09T17:31:29Z</time>
   </trkpt>
   <trkpt lat="40.7534810" lon="-74.0427730">
    <ele>49.2</ele>
    <time>2026-01-09T17:31:30Z</time>
   </trkpt>
   <trkpt lat="40.7535440" lon="-74.0427940">
    <ele>49.2</ele>
    <time>2026-01-09T17:31:31Z</time>
   </trkpt>
   <trkpt lat="40.7536070" lon="-74.0428110">
    <ele>49.1</ele>
    <time>2026-01-09T17:31:32Z</time>
   </trkpt>
   <trkpt lat="40.7536660" lon="-74.0428250">
    <ele>49.0</ele>
    <time>2026-01-09T17:31:33Z</time>
   </trkpt>
   <trkpt lat="40.7537270" lon="-74.0428420">
    <ele>48.9</ele>
    <time>2026-01-09T17:31:34Z</time>
   </trkpt>
   <trkpt lat="40.7537870" lon="-74.0428580">
    <ele>48.8</ele>
    <time>2026-01-09T17:31:35Z</time>
   </trkpt>
   <trkpt lat="40.7538410" lon="-74.0428760">
    <ele>48.8</ele>
    <time>2026-01-09T17:31:36Z</time>
   </trkpt>
   <trkpt lat="40.7538760" lon="-74.0428870">
    <ele>48.8</ele>
    <time>2026-01-09T17:31:37Z</time>
   </trkpt>
   <trkpt lat="40.7538960" lon="-74.0428860">
    <ele>48.8</ele>
    <time>2026-01-09T17:31:38Z</time>
   </trkpt>
   <trkpt lat="40.7539080" lon="-74.0428920">
    <ele>48.8</ele>
    <time>2026-01-09T17:31:39Z</time>
   </trkpt>
   <trkpt lat="40.7539540" lon="-74.0428950">
    <ele>48.9</ele>
    <time>2026-01-09T17:31:40Z</time>
   </trkpt>
   <trkpt lat="40.7539730" lon="-74.0428960">
    <ele>48.9</ele>
    <time>2026-01-09T17:31:41Z</time>
   </trkpt>
   <trkpt lat="40.7540090" lon="-74.0429110">
    <ele>48.9</ele>
    <time>2026-01-09T17:31:42Z</time>
   </trkpt>
   <trkpt lat="40.7540640" lon="-74.0429420">
    <ele>48.9</ele>
    <time>2026-01-09T17:31:43Z</time>
   </trkpt>
   <trkpt lat="40.7541050" lon="-74.0429600">
    <ele>48.9</ele>
    <time>2026-01-09T17:31:44Z</time>
   </trkpt>
   <trkpt lat="40.7541370" lon="-74.0429700">
    <ele>48.9</ele>
    <time>2026-01-09T17:31:45Z</time>
   </trkpt>
   <trkpt lat="40.7541920" lon="-74.0429840">
    <ele>49.0</ele>
    <time>2026-01-09T17:31:46Z</time>
   </trkpt>
   <trkpt lat="40.7542500" lon="-74.0429920">
    <ele>49.0</ele>
    <time>2026-01-09T17:31:47Z</time>
   </trkpt>
   <trkpt lat="40.7543060" lon="-74.0430140">
    <ele>49.0</ele>
    <time>2026-01-09T17:31:48Z</time>
   </trkpt>
   <trkpt lat="40.7543790" lon="-74.0430310">
    <ele>49.1</ele>
    <time>2026-01-09T17:31:49Z</time>
   </trkpt>
   <trkpt lat="40.7544490" lon="-74.0430630">
    <ele>49.1</ele>
    <time>2026-01-09T17:31:50Z</time>
   </trkpt>
   <trkpt lat="40.7545150" lon="-74.0430800">
    <ele>49.2</ele>
    <time>2026-01-09T17:31:51Z</time>
   </trkpt>
   <trkpt lat="40.7545740" lon="-74.0431010">
    <ele>49.3</ele>
    <time>2026-01-09T17:31:52Z</time>
   </trkpt>
   <trkpt lat="40.7546340" lon="-74.0431190">
    <ele>49.3</ele>
    <time>2026-01-09T17:31:53Z</time>
   </trkpt>
   <trkpt lat="40.7547010" lon="-74.0431340">
    <ele>49.3</ele>
    <time>2026-01-09T17:31:54Z</time>
   </trkpt>
   <trkpt lat="40.7547620" lon="-74.0431650">
    <ele>49.3</ele>
    <time>2026-01-09T17:31:55Z</time>
   </trkpt>
   <trkpt lat="40.7548170" lon="-74.0431630">
    <ele>49.3</ele>
    <time>2026-01-09T17:31:56Z</time>
   </trkpt>
   <trkpt lat="40.7548860" lon="-74.0431800">
    <ele>49.4</ele>
    <time>2026-01-09T17:31:57Z</time>
   </trkpt>
   <trkpt lat="40.7549550" lon="-74.0432020">
    <ele>49.4</ele>
    <time>2026-01-09T17:31:58Z</time>
   </trkpt>
   <trkpt lat="40.7550100" lon="-74.0432240">
    <ele>49.4</ele>
    <time>2026-01-09T17:31:59Z</time>
   </trkpt>
   <trkpt lat="40.7550620" lon="-74.0432380">
    <ele>49.5</ele>
    <time>2026-01-09T17:32:00Z</time>
   </trkpt>
   <trkpt lat="40.7551230" lon="-74.0432620">
    <ele>49.5</ele>
    <time>2026-01-09T17:32:01Z</time>
   </trkpt>
   <trkpt lat="40.7551680" lon="-74.0433010">
    <ele>49.5</ele>
    <time>2026-01-09T17:32:02Z</time>
   </trkpt>
   <trkpt lat="40.7552280" lon="-74.0433200">
    <ele>49.5</ele>
    <time>2026-01-09T17:32:04Z</time>
   </trkpt>
   <trkpt lat="40.7552840" lon="-74.0433340">
    <ele>49.5</ele>
    <time>2026-01-09T17:32:05Z</time>
   </trkpt>
   <trkpt lat="40.7553420" lon="-74.0433440">
    <ele>49.5</ele>
    <time>2026-01-09T17:32:06Z</time>
   </trkpt>
   <trkpt lat="40.7553850" lon="-74.0433600">
    <ele>49.5</ele>
    <time>2026-01-09T17:32:07Z</time>
   </trkpt>
   <trkpt lat="40.7554150" lon="-74.0433950">
    <ele>49.5</ele>
    <time>2026-01-09T17:32:08Z</time>
   </trkpt>
   <trkpt lat="40.7554370" lon="-74.0433970">
    <ele>49.5</ele>
    <time>2026-01-09T17:32:09Z</time>
   </trkpt>
   <trkpt lat="40.7554470" lon="-74.0433980">
    <ele>49.5</ele>
    <time>2026-01-09T17:32:10Z</time>
   </trkpt>
   <trkpt lat="40.7554570" lon="-74.0434000">
    <ele>49.5</ele>
    <time>2026-01-09T17:32:11Z</time>
   </trkpt>
   <trkpt lat="40.7554730" lon="-74.0434040">
    <ele>49.5</ele>
    <time>2026-01-09T17:32:12Z</time>
   </trkpt>
   <trkpt lat="40.7554900" lon="-74.0433980">
    <ele>49.5</ele>
    <time>2026-01-09T17:32:13Z</time>
   </trkpt>
   <trkpt lat="40.7555170" lon="-74.0433900">
    <ele>49.5</ele>
    <time>2026-01-09T17:32:14Z</time>
   </trkpt>
   <trkpt lat="40.7555290" lon="-74.0433880">
    <ele>49.5</ele>
    <time>2026-01-09T17:32:15Z</time>
   </trkpt>
   <trkpt lat="40.7555450" lon="-74.0433850">
    <ele>49.5</ele>
    <time>2026-01-09T17:32:16Z</time>
   </trkpt>
   <trkpt lat="40.7555610" lon="-74.0433770">
    <ele>49.5</ele>
    <time>2026-01-09T17:32:17Z</time>
   </trkpt>
   <trkpt lat="40.7555710" lon="-74.0433680">
    <ele>49.6</ele>
    <time>2026-01-09T17:32:18Z</time>
   </trkpt>
   <trkpt lat="40.7555800" lon="-74.0433660">
    <ele>49.6</ele>
    <time>2026-01-09T17:32:19Z</time>
   </trkpt>
   <trkpt lat="40.7555760" lon="-74.0433680">
    <ele>49.6</ele>
    <time>2026-01-09T17:32:20Z</time>
   </trkpt>
   <trkpt lat="40.7555820" lon="-74.0433860">
    <ele>49.6</ele>
    <time>2026-01-09T17:32:21Z</time>
   </trkpt>
   <trkpt lat="40.7555770" lon="-74.0433840">
    <ele>49.6</ele>
    <time>2026-01-09T17:32:22Z</time>
   </trkpt>
   <trkpt lat="40.7555770" lon="-74.0433840">
    <ele>49.6</ele>
    <time>2026-01-09T17:32:23Z</time>
   </trkpt>
   <trkpt lat="40.7555770" lon="-74.0433840">
    <ele>49.6</ele>
    <time>2026-01-09T17:32:24Z</time>
   </trkpt>
   <trkpt lat="40.7555770" lon="-74.0433840">
    <ele>49.6</ele>
    <time>2026-01-09T17:32:25Z</time>
   </trkpt>
   <trkpt lat="40.7555770" lon="-74.0433840">
    <ele>49.6</ele>
    <time>2026-01-09T17:32:26Z</time>
   </trkpt>
   <trkpt lat="40.7555770" lon="-74.0433840">
    <ele>49.6</ele>
    <time>2026-01-09T17:32:27Z</time>
   </trkpt>
   <trkpt lat="40.7555770" lon="-74.0433840">
    <ele>49.6</ele>
    <time>2026-01-09T17:32:28Z</time>
   </trkpt>
   <trkpt lat="40.7555770" lon="-74.0433840">
    <ele>49.6</ele>
    <time>2026-01-09T17:32:29Z</time>
   </trkpt>
   <trkpt lat="40.7555770" lon="-74.0433840">
    <ele>49.6</ele>
    <time>2026-01-09T17:32:30Z</time>
   </trkpt>
   <trkpt lat="40.7555770" lon="-74.0433840">
    <ele>49.6</ele>
    <time>2026-01-09T17:32:31Z</time>
   </trkpt>
   <trkpt lat="40.7555770" lon="-74.0433840">
    <ele>49.6</ele>
    <time>2026-01-09T17:32:32Z</time>
   </trkpt>
   <trkpt lat="40.7555770" lon="-74.0433840">
    <ele>49.6</ele>
    <time>2026-01-09T17:32:33Z</time>
   </trkpt>
   <trkpt lat="40.7555770" lon="-74.0433840">
    <ele>49.6</ele>
    <time>2026-01-09T17:32:34Z</time>
   </trkpt>
   <trkpt lat="40.7555770" lon="-74.0433840">
    <ele>49.6</ele>
    <time>2026-01-09T17:32:35Z</time>
   </trkpt>
   <trkpt lat="40.7555770" lon="-74.0433840">
    <ele>49.6</ele>
    <time>2026-01-09T17:32:36Z</time>
   </trkpt>
   <trkpt lat="40.7555770" lon="-74.0433840">
    <ele>49.6</ele>
    <time>2026-01-09T17:32:37Z</time>
   </trkpt>
   <trkpt lat="40.7555770" lon="-74.0433840">
    <ele>49.6</ele>
    <time>2026-01-09T17:32:38Z</time>
   </trkpt>
   <trkpt lat="40.7555770" lon="-74.0433840">
    <ele>49.6</ele>
    <time>2026-01-09T17:32:39Z</time>
   </trkpt>
   <trkpt lat="40.7555770" lon="-74.0433840">
    <ele>49.6</ele>
    <time>2026-01-09T17:32:40Z</time>
   </trkpt>
   <trkpt lat="40.7555800" lon="-74.0433690">
    <ele>49.6</ele>
    <time>2026-01-09T17:32:41Z</time>
   </trkpt>
   <trkpt lat="40.7555790" lon="-74.0433680">
    <ele>49.6</ele>
    <time>2026-01-09T17:32:42Z</time>
   </trkpt>
   <trkpt lat="40.7555790" lon="-74.0433680">
    <ele>49.6</ele>
    <time>2026-01-09T17:32:43Z</time>
   </trkpt>
   <trkpt lat="40.7555790" lon="-74.0433680">
    <ele>49.6</ele>
    <time>2026-01-09T17:32:44Z</time>
   </trkpt>
   <trkpt lat="40.7555790" lon="-74.0433680">
    <ele>49.6</ele>
    <time>2026-01-09T17:32:45Z</time>
   </trkpt>
   <trkpt lat="40.7555790" lon="-74.0433680">
    <ele>49.6</ele>
    <time>2026-01-09T17:32:46Z</time>
   </trkpt>
   <trkpt lat="40.7555790" lon="-74.0433680">
    <ele>49.6</ele>
    <time>2026-01-09T17:32:47Z</time>
   </trkpt>
   <trkpt lat="40.7555790" lon="-74.0433680">
    <ele>49.6</ele>
    <time>2026-01-09T17:32:48Z</time>
   </trkpt>
   <trkpt lat="40.7555790" lon="-74.0433680">
    <ele>49.6</ele>
    <time>2026-01-09T17:32:49Z</time>
   </trkpt>
   <trkpt lat="40.7555750" lon="-74.0433880">
    <ele>49.6</ele>
    <time>2026-01-09T17:32:50Z</time>
   </trkpt>
   <trkpt lat="40.7555830" lon="-74.0433900">
    <ele>49.6</ele>
    <time>2026-01-09T17:32:51Z</time>
   </trkpt>
   <trkpt lat="40.7555930" lon="-74.0433960">
    <ele>49.6</ele>
    <time>2026-01-09T17:32:52Z</time>
   </trkpt>
   <trkpt lat="40.7556010" lon="-74.0433950">
    <ele>49.6</ele>
    <time>2026-01-09T17:32:53Z</time>
   </trkpt>
   <trkpt lat="40.7556190" lon="-74.0433730">
    <ele>49.6</ele>
    <time>2026-01-09T17:32:54Z</time>
   </trkpt>
   <trkpt lat="40.7556550" lon="-74.0433580">
    <ele>49.6</ele>
    <time>2026-01-09T17:32:55Z</time>
   </trkpt>
   <trkpt lat="40.7556660" lon="-74.0433510">
    <ele>49.6</ele>
    <time>2026-01-09T17:32:56Z</time>
   </trkpt>
   <trkpt lat="40.7556810" lon="-74.0433460">
    <ele>49.6</ele>
    <time>2026-01-09T17:32:57Z</time>
   </trkpt>
   <trkpt lat="40.7557010" lon="-74.0433470">
    <ele>49.6</ele>
    <time>2026-01-09T17:32:58Z</time>
   </trkpt>
   <trkpt lat="40.7557340" lon="-74.0433480">
    <ele>49.7</ele>
    <time>2026-01-09T17:32:59Z</time>
   </trkpt>
   <trkpt lat="40.7557420" lon="-74.0433500">
    <ele>49.7</ele>
    <time>2026-01-09T17:33:00Z</time>
   </trkpt>
   <trkpt lat="40.7557620" lon="-74.0433560">
    <ele>49.7</ele>
    <time>2026-01-09T17:33:01Z</time>
   </trkpt>
   <trkpt lat="40.7557730" lon="-74.0433590">
    <ele>49.7</ele>
    <time>2026-01-09T17:33:02Z</time>
   </trkpt>
   <trkpt lat="40.7557910" lon="-74.0433690">
    <ele>49.7</ele>
    <time>2026-01-09T17:33:03Z</time>
   </trkpt>
   <trkpt lat="40.7558060" lon="-74.0433790">
    <ele>49.7</ele>
    <time>2026-01-09T17:33:04Z</time>
   </trkpt>
   <trkpt lat="40.7558240" lon="-74.0433840">
    <ele>49.7</ele>
    <time>2026-01-09T17:33:05Z</time>
   </trkpt>
   <trkpt lat="40.7558400" lon="-74.0433910">
    <ele>49.7</ele>
    <time>2026-01-09T17:33:06Z</time>
   </trkpt>
   <trkpt lat="40.7558550" lon="-74.0433950">
    <ele>49.7</ele>
    <time>2026-01-09T17:33:07Z</time>
   </trkpt>
   <trkpt lat="40.7558690" lon="-74.0433980">
    <ele>49.8</ele>
    <time>2026-01-09T17:33:08Z</time>
   </trkpt>
   <trkpt lat="40.7558860" lon="-74.0434010">
    <ele>49.8</ele>
    <time>2026-01-09T17:33:09Z</time>
   </trkpt>
   <trkpt lat="40.7559010" lon="-74.0434030">
    <ele>49.8</ele>
    <time>2026-01-09T17:33:10Z</time>
   </trkpt>
   <trkpt lat="40.7559190" lon="-74.0434030">
    <ele>49.8</ele>
    <time>2026-01-09T17:33:11Z</time>
   </trkpt>
   <trkpt lat="40.7559280" lon="-74.0434030">
    <ele>49.8</ele>
    <time>2026-01-09T17:33:12Z</time>
   </trkpt>
   <trkpt lat="40.7559470" lon="-74.0434000">
    <ele>49.8</ele>
    <time>2026-01-09T17:33:13Z</time>
   </trkpt>
   <trkpt lat="40.7559540" lon="-74.0434000">
    <ele>49.8</ele>
    <time>2026-01-09T17:33:14Z</time>
   </trkpt>
   <trkpt lat="40.7559600" lon="-74.0434010">
    <ele>49.8</ele>
    <time>2026-01-09T17:33:15Z</time>
   </trkpt>
   <trkpt lat="40.7559660" lon="-74.0434020">
    <ele>49.8</ele>
    <time>2026-01-09T17:33:16Z</time>
   </trkpt>
   <trkpt lat="40.7559790" lon="-74.0434100">
    <ele>49.8</ele>
    <time>2026-01-09T17:33:17Z</time>
   </trkpt>
   <trkpt lat="40.7559970" lon="-74.0434220">
    <ele>49.9</ele>
    <time>2026-01-09T17:33:18Z</time>
   </trkpt>
   <trkpt lat="40.7560080" lon="-74.0434320">
    <ele>49.9</ele>
    <time>2026-01-09T17:33:19Z</time>
   </trkpt>
   <trkpt lat="40.7560240" lon="-74.0434410">
    <ele>49.9</ele>
    <time>2026-01-09T17:33:20Z</time>
   </trkpt>
   <trkpt lat="40.7560410" lon="-74.0434510">
    <ele>49.9</ele>
    <time>2026-01-09T17:33:21Z</time>
   </trkpt>
   <trkpt lat="40.7560500" lon="-74.0434540">
    <ele>49.9</ele>
    <time>2026-01-09T17:33:22Z</time>
   </trkpt>
   <trkpt lat="40.7560600" lon="-74.0434580">
    <ele>49.9</ele>
    <time>2026-01-09T17:33:23Z</time>
   </trkpt>
   <trkpt lat="40.7560700" lon="-74.0434580">
    <ele>49.9</ele>
    <time>2026-01-09T17:33:24Z</time>
   </trkpt>
   <trkpt lat="40.7560880" lon="-74.0434640">
    <ele>49.9</ele>
    <time>2026-01-09T17:33:25Z</time>
   </trkpt>
   <trkpt lat="40.7560970" lon="-74.0434650">
    <ele>49.9</ele>
    <time>2026-01-09T17:33:26Z</time>
   </trkpt>
   <trkpt lat="40.7561080" lon="-74.0434690">
    <ele>49.9</ele>
    <time>2026-01-09T17:33:27Z</time>
   </trkpt>
   <trkpt lat="40.7561200" lon="-74.0434720">
    <ele>49.9</ele>
    <time>2026-01-09T17:33:28Z</time>
   </trkpt>
   <trkpt lat="40.7561330" lon="-74.0434750">
    <ele>49.9</ele>
    <time>2026-01-09T17:33:29Z</time>
   </trkpt>
   <trkpt lat="40.7561480" lon="-74.0434790">
    <ele>50.0</ele>
    <time>2026-01-09T17:33:30Z</time>
   </trkpt>
   <trkpt lat="40.7561640" lon="-74.0434880">
    <ele>50.0</ele>
    <time>2026-01-09T17:33:31Z</time>
   </trkpt>
   <trkpt lat="40.7561740" lon="-74.0434910">
    <ele>50.0</ele>
    <time>2026-01-09T17:33:32Z</time>
   </trkpt>
   <trkpt lat="40.7561840" lon="-74.0434940">
    <ele>50.0</ele>
    <time>2026-01-09T17:33:33Z</time>
   </trkpt>
   <trkpt lat="40.7562040" lon="-74.0434960">
    <ele>50.0</ele>
    <time>2026-01-09T17:33:34Z</time>
   </trkpt>
   <trkpt lat="40.7562120" lon="-74.0434950">
    <ele>50.0</ele>
    <time>2026-01-09T17:33:35Z</time>
   </trkpt>
   <trkpt lat="40.7562210" lon="-74.0434930">
    <ele>50.0</ele>
    <time>2026-01-09T17:33:36Z</time>
   </trkpt>
   <trkpt lat="40.7562290" lon="-74.0434890">
    <ele>50.0</ele>
    <time>2026-01-09T17:33:37Z</time>
   </trkpt>
   <trkpt lat="40.7562320" lon="-74.0434910">
    <ele>50.0</ele>
    <time>2026-01-09T17:33:38Z</time>
   </trkpt>
   <trkpt lat="40.7562410" lon="-74.0434950">
    <ele>50.0</ele>
    <time>2026-01-09T17:33:39Z</time>
   </trkpt>
   <trkpt lat="40.7562550" lon="-74.0435010">
    <ele>50.1</ele>
    <time>2026-01-09T17:33:40Z</time>
   </trkpt>
   <trkpt lat="40.7562720" lon="-74.0435070">
    <ele>50.1</ele>
    <time>2026-01-09T17:33:41Z</time>
   </trkpt>
   <trkpt lat="40.7562860" lon="-74.0435120">
    <ele>50.1</ele>
    <time>2026-01-09T17:33:42Z</time>
   </trkpt>
   <trkpt lat="40.7562970" lon="-74.0435150">
    <ele>50.1</ele>
    <time>2026-01-09T17:33:43Z</time>
   </trkpt>
   <trkpt lat="40.7563120" lon="-74.0435210">
    <ele>50.1</ele>
    <time>2026-01-09T17:33:44Z</time>
   </trkpt>
   <trkpt lat="40.7563130" lon="-74.0435320">
    <ele>50.1</ele>
    <time>2026-01-09T17:33:45Z</time>
   </trkpt>
   <trkpt lat="40.7563310" lon="-74.0435330">
    <ele>50.1</ele>
    <time>2026-01-09T17:33:46Z</time>
   </trkpt>
   <trkpt lat="40.7563440" lon="-74.0435350">
    <ele>50.1</ele>
    <time>2026-01-09T17:33:47Z</time>
   </trkpt>
   <trkpt lat="40.7563550" lon="-74.0435340">
    <ele>50.1</ele>
    <time>2026-01-09T17:33:48Z</time>
   </trkpt>
   <trkpt lat="40.7563650" lon="-74.0435310">
    <ele>50.2</ele>
    <time>2026-01-09T17:33:49Z</time>
   </trkpt>
   <trkpt lat="40.7563740" lon="-74.0435410">
    <ele>50.2</ele>
    <time>2026-01-09T17:33:50Z</time>
   </trkpt>
   <trkpt lat="40.7563960" lon="-74.0435490">
    <ele>50.2</ele>
    <time>2026-01-09T17:33:51Z</time>
   </trkpt>
   <trkpt lat="40.7564050" lon="-74.0435520">
    <ele>50.2</ele>
    <time>2026-01-09T17:33:52Z</time>
   </trkpt>
   <trkpt lat="40.7564150" lon="-74.0435560">
    <ele>50.2</ele>
    <time>2026-01-09T17:33:53Z</time>
   </trkpt>
   <trkpt lat="40.7564300" lon="-74.0435630">
    <ele>50.2</ele>
    <time>2026-01-09T17:33:54Z</time>
   </trkpt>
   <trkpt lat="40.7564440" lon="-74.0435670">
    <ele>50.2</ele>
    <time>2026-01-09T17:33:55Z</time>
   </trkpt>
   <trkpt lat="40.7564570" lon="-74.0435690">
    <ele>50.2</ele>
    <time>2026-01-09T17:33:56Z</time>
   </trkpt>
   <trkpt lat="40.7564800" lon="-74.0435690">
    <ele>50.3</ele>
    <time>2026-01-09T17:33:57Z</time>
   </trkpt>
   <trkpt lat="40.7564940" lon="-74.0435720">
    <ele>50.3</ele>
    <time>2026-01-09T17:33:58Z</time>
   </trkpt>
   <trkpt lat="40.7565080" lon="-74.0435790">
    <ele>50.3</ele>
    <time>2026-01-09T17:33:59Z</time>
   </trkpt>
   <trkpt lat="40.7565360" lon="-74.0435850">
    <ele>50.3</ele>
    <time>2026-01-09T17:34:00Z</time>
   </trkpt>
   <trkpt lat="40.7565440" lon="-74.0435870">
    <ele>50.3</ele>
    <time>2026-01-09T17:34:01Z</time>
   </trkpt>
   <trkpt lat="40.7565770" lon="-74.0435940">
    <ele>50.3</ele>
    <time>2026-01-09T17:34:02Z</time>
   </trkpt>
   <trkpt lat="40.7565840" lon="-74.0435930">
    <ele>50.3</ele>
    <time>2026-01-09T17:34:03Z</time>
   </trkpt>
   <trkpt lat="40.7566190" lon="-74.0435980">
    <ele>50.4</ele>
    <time>2026-01-09T17:34:04Z</time>
   </trkpt>
   <trkpt lat="40.7566320" lon="-74.0436000">
    <ele>50.4</ele>
    <time>2026-01-09T17:34:05Z</time>
   </trkpt>
   <trkpt lat="40.7566500" lon="-74.0436090">
    <ele>50.4</ele>
    <time>2026-01-09T17:34:06Z</time>
   </trkpt>
   <trkpt lat="40.7566590" lon="-74.0436160">
    <ele>50.4</ele>
    <time>2026-01-09T17:34:07Z</time>
   </trkpt>
   <trkpt lat="40.7566680" lon="-74.0436230">
    <ele>50.4</ele>
    <time>2026-01-09T17:34:08Z</time>
   </trkpt>
   <trkpt lat="40.7566880" lon="-74.0436340">
    <ele>50.4</ele>
    <time>2026-01-09T17:34:10Z</time>
   </trkpt>
   <trkpt lat="40.7567000" lon="-74.0436390">
    <ele>50.4</ele>
    <time>2026-01-09T17:34:11Z</time>
   </trkpt>
   <trkpt lat="40.7567130" lon="-74.0436430">
    <ele>50.5</ele>
    <time>2026-01-09T17:34:12Z</time>
   </trkpt>
   <trkpt lat="40.7567330" lon="-74.0436460">
    <ele>50.5</ele>
    <time>2026-01-09T17:34:13Z</time>
   </trkpt>
   <trkpt lat="40.7567490" lon="-74.0436500">
    <ele>50.5</ele>
    <time>2026-01-09T17:34:14Z</time>
   </trkpt>
   <trkpt lat="40.7567620" lon="-74.0436540">
    <ele>50.5</ele>
    <time>2026-01-09T17:34:15Z</time>
   </trkpt>
   <trkpt lat="40.7567760" lon="-74.0436560">
    <ele>50.5</ele>
    <time>2026-01-09T17:34:16Z</time>
   </trkpt>
   <trkpt lat="40.7567950" lon="-74.0436560">
    <ele>50.5</ele>
    <time>2026-01-09T17:34:17Z</time>
   </trkpt>
   <trkpt lat="40.7568100" lon="-74.0436590">
    <ele>50.5</ele>
    <time>2026-01-09T17:34:18Z</time>
   </trkpt>
   <trkpt lat="40.7568360" lon="-74.0436680">
    <ele>50.6</ele>
    <time>2026-01-09T17:34:19Z</time>
   </trkpt>
   <trkpt lat="40.7568450" lon="-74.0436730">
    <ele>50.6</ele>
    <time>2026-01-09T17:34:20Z</time>
   </trkpt>
   <trkpt lat="40.7568640" lon="-74.0436750">
    <ele>50.6</ele>
    <time>2026-01-09T17:34:21Z</time>
   </trkpt>
   <trkpt lat="40.7568790" lon="-74.0436790">
    <ele>50.6</ele>
    <time>2026-01-09T17:34:22Z</time>
   </trkpt>
   <trkpt lat="40.7569020" lon="-74.0436810">
    <ele>50.6</ele>
    <time>2026-01-09T17:34:23Z</time>
   </trkpt>
   <trkpt lat="40.7569100" lon="-74.0436830">
    <ele>50.6</ele>
    <time>2026-01-09T17:34:24Z</time>
   </trkpt>
   <trkpt lat="40.7569180" lon="-74.0436850">
    <ele>50.6</ele>
    <time>2026-01-09T17:34:25Z</time>
   </trkpt>
   <trkpt lat="40.7569490" lon="-74.0437010">
    <ele>50.7</ele>
    <time>2026-01-09T17:34:26Z</time>
   </trkpt>
   <trkpt lat="40.7569590" lon="-74.0437070">
    <ele>50.7</ele>
    <time>2026-01-09T17:34:27Z</time>
   </trkpt>
   <trkpt lat="40.7570140" lon="-74.0437390">
    <ele>50.7</ele>
    <time>2026-01-09T17:34:28Z</time>
   </trkpt>
   <trkpt lat="40.7570640" lon="-74.0437450">
    <ele>50.7</ele>
    <time>2026-01-09T17:34:29Z</time>
   </trkpt>
   <trkpt lat="40.7570930" lon="-74.0437410">
    <ele>50.8</ele>
    <time>2026-01-09T17:34:30Z</time>
   </trkpt>
   <trkpt lat="40.7571200" lon="-74.0437540">
    <ele>50.8</ele>
    <time>2026-01-09T17:34:31Z</time>
   </trkpt>
   <trkpt lat="40.7571630" lon="-74.0437710">
    <ele>50.8</ele>
    <time>2026-01-09T17:34:32Z</time>
   </trkpt>
   <trkpt lat="40.7571800" lon="-74.0437770">
    <ele>50.9</ele>
    <time>2026-01-09T17:34:33Z</time>
   </trkpt>
   <trkpt lat="40.7572110" lon="-74.0437840">
    <ele>50.9</ele>
    <time>2026-01-09T17:34:34Z</time>
   </trkpt>
   <trkpt lat="40.7572510" lon="-74.0437900">
    <ele>51.0</ele>
    <time>2026-01-09T17:34:35Z</time>
   </trkpt>
   <trkpt lat="40.7572650" lon="-74.0437970">
    <ele>51.0</ele>
    <time>2026-01-09T17:34:36Z</time>
   </trkpt>
   <trkpt lat="40.7573010" lon="-74.0438040">
    <ele>51.0</ele>
    <time>2026-01-09T17:34:37Z</time>
   </trkpt>
   <trkpt lat="40.7573140" lon="-74.0438040">
    <ele>51.0</ele>
    <time>2026-01-09T17:34:38Z</time>
   </trkpt>
   <trkpt lat="40.7573420" lon="-74.0438100">
    <ele>51.1</ele>
    <time>2026-01-09T17:34:39Z</time>
   </trkpt>
   <trkpt lat="40.7573710" lon="-74.0438240">
    <ele>51.1</ele>
    <time>2026-01-09T17:34:40Z</time>
   </trkpt>
   <trkpt lat="40.7573760" lon="-74.0438100">
    <ele>51.1</ele>
    <time>2026-01-09T17:34:41Z</time>
   </trkpt>
   <trkpt lat="40.7573850" lon="-74.0437990">
    <ele>51.1</ele>
    <time>2026-01-09T17:34:42Z</time>
   </trkpt>
   <trkpt lat="40.7573820" lon="-74.0437970">
    <ele>51.1</ele>
    <time>2026-01-09T17:34:43Z</time>
   </trkpt>
   <trkpt lat="40.7573870" lon="-74.0438010">
    <ele>51.1</ele>
    <time>2026-01-09T17:34:44Z</time>
   </trkpt>
   <trkpt lat="40.7573890" lon="-74.0438030">
    <ele>51.1</ele>
    <time>2026-01-09T17:34:45Z</time>
   </trkpt>
   <trkpt lat="40.7573890" lon="-74.0438040">
    <ele>51.1</ele>
    <time>2026-01-09T17:34:46Z</time>
   </trkpt>
   <trkpt lat="40.7573890" lon="-74.0438040">
    <ele>51.1</ele>
    <time>2026-01-09T17:34:47Z</time>
   </trkpt>
   <trkpt lat="40.7573890" lon="-74.0438040">
    <ele>51.1</ele>
    <time>2026-01-09T17:34:48Z</time>
   </trkpt>
   <trkpt lat="40.7573890" lon="-74.0438040">
    <ele>51.1</ele>
    <time>2026-01-09T17:34:49Z</time>
   </trkpt>
   <trkpt lat="40.7573890" lon="-74.0438040">
    <ele>51.1</ele>
    <time>2026-01-09T17:34:50Z</time>
   </trkpt>
   <trkpt lat="40.7573890" lon="-74.0438040">
    <ele>51.1</ele>
    <time>2026-01-09T17:34:51Z</time>
   </trkpt>
   <trkpt lat="40.7573890" lon="-74.0438040">
    <ele>51.1</ele>
    <time>2026-01-09T17:34:52Z</time>
   </trkpt>
   <trkpt lat="40.7573890" lon="-74.0438040">
    <ele>51.1</ele>
    <time>2026-01-09T17:34:53Z</time>
   </trkpt>
   <trkpt lat="40.7573890" lon="-74.0438040">
    <ele>51.1</ele>
    <time>2026-01-09T17:34:54Z</time>
   </trkpt>
   <trkpt lat="40.7573890" lon="-74.0438040">
    <ele>51.1</ele>
    <time>2026-01-09T17:34:55Z</time>
   </trkpt>
   <trkpt lat="40.7573890" lon="-74.0438040">
    <ele>51.1</ele>
    <time>2026-01-09T17:34:56Z</time>
   </trkpt>
   <trkpt lat="40.7573970" lon="-74.0437960">
    <ele>51.2</ele>
    <time>2026-01-09T17:34:57Z</time>
   </trkpt>
   <trkpt lat="40.7573970" lon="-74.0437970">
    <ele>51.2</ele>
    <time>2026-01-09T17:34:58Z</time>
   </trkpt>
   <trkpt lat="40.7573970" lon="-74.0437980">
    <ele>51.2</ele>
    <time>2026-01-09T17:34:59Z</time>
   </trkpt>
   <trkpt lat="40.7573980" lon="-74.0437990">
    <ele>51.2</ele>
    <time>2026-01-09T17:35:00Z</time>
   </trkpt>
   <trkpt lat="40.7573980" lon="-74.0438010">
    <ele>51.2</ele>
    <time>2026-01-09T17:35:01Z</time>
   </trkpt>
   <trkpt lat="40.7573980" lon="-74.0438020">
    <ele>51.2</ele>
    <time>2026-01-09T17:35:02Z</time>
   </trkpt>
   <trkpt lat="40.7573980" lon="-74.0438030">
    <ele>51.2</ele>
    <time>2026-01-09T17:35:03Z</time>
   </trkpt>
   <trkpt lat="40.7573980" lon="-74.0438040">
    <ele>51.2</ele>
    <time>2026-01-09T17:35:04Z</time>
   </trkpt>
   <trkpt lat="40.7573980" lon="-74.0438050">
    <ele>51.2</ele>
    <time>2026-01-09T17:35:05Z</time>
   </trkpt>
   <trkpt lat="40.7573990" lon="-74.0438060">
    <ele>51.2</ele>
    <time>2026-01-09T17:35:06Z</time>
   </trkpt>
   <trkpt lat="40.7573990" lon="-74.0438080">
    <ele>51.2</ele>
    <time>2026-01-09T17:35:07Z</time>
   </trkpt>
   <trkpt lat="40.7573990" lon="-74.0438090">
    <ele>51.2</ele>
    <time>2026-01-09T17:35:08Z</time>
   </trkpt>
   <trkpt lat="40.7573990" lon="-74.0438100">
    <ele>51.2</ele>
    <time>2026-01-09T17:35:09Z</time>
   </trkpt>
   <trkpt lat="40.7573990" lon="-74.0438110">
    <ele>51.2</ele>
    <time>2026-01-09T17:35:10Z</time>
   </trkpt>
   <trkpt lat="40.7574000" lon="-74.0438120">
    <ele>51.2</ele>
    <time>2026-01-09T17:35:11Z</time>
   </trkpt>
   <trkpt lat="40.7574000" lon="-74.0438130">
    <ele>51.2</ele>
    <time>2026-01-09T17:35:12Z</time>
   </trkpt>
   <trkpt lat="40.7574000" lon="-74.0438150">
    <ele>51.2</ele>
    <time>2026-01-09T17:35:13Z</time>
   </trkpt>
   <trkpt lat="40.7574000" lon="-74.0438160">
    <ele>51.2</ele>
    <time>2026-01-09T17:35:14Z</time>
   </trkpt>
   <trkpt lat="40.7574000" lon="-74.0438170">
    <ele>51.2</ele>
    <time>2026-01-09T17:35:15Z</time>
   </trkpt>
   <trkpt lat="40.7574010" lon="-74.0438180">
    <ele>51.2</ele>
    <time>2026-01-09T17:35:16Z</time>
   </trkpt>
   <trkpt lat="40.7574010" lon="-74.0438190">
    <ele>51.2</ele>
    <time>2026-01-09T17:35:17Z</time>
   </trkpt>
   <trkpt lat="40.7574010" lon="-74.0438200">
    <ele>51.2</ele>
    <time>2026-01-09T17:35:18Z</time>
   </trkpt>
   <trkpt lat="40.7574010" lon="-74.0438220">
    <ele>51.2</ele>
    <time>2026-01-09T17:35:19Z</time>
   </trkpt>
   <trkpt lat="40.7574010" lon="-74.0438230">
    <ele>51.2</ele>
    <time>2026-01-09T17:35:20Z</time>
   </trkpt>
   <trkpt lat="40.7574010" lon="-74.0438240">
    <ele>51.2</ele>
    <time>2026-01-09T17:35:21Z</time>
   </trkpt>
   <trkpt lat="40.7574020" lon="-74.0438250">
    <ele>51.2</ele>
    <time>2026-01-09T17:35:22Z</time>
   </trkpt>
   <trkpt lat="40.7574020" lon="-74.0438260">
    <ele>51.2</ele>
    <time>2026-01-09T17:35:23Z</time>
   </trkpt>
   <trkpt lat="40.7574020" lon="-74.0438270">
    <ele>51.2</ele>
    <time>2026-01-09T17:35:24Z</time>
   </trkpt>
   <trkpt lat="40.7574020" lon="-74.0438290">
    <ele>51.2</ele>
    <time>2026-01-09T17:35:25Z</time>
   </trkpt>
   <trkpt lat="40.7574020" lon="-74.0438300">
    <ele>51.2</ele>
    <time>2026-01-09T17:35:26Z</time>
   </trkpt>
   <trkpt lat="40.7574030" lon="-74.0438310">
    <ele>51.2</ele>
    <time>2026-01-09T17:35:27Z</time>
   </trkpt>
   <trkpt lat="40.7574030" lon="-74.0438320">
    <ele>51.2</ele>
    <time>2026-01-09T17:35:28Z</time>
   </trkpt>
   <trkpt lat="40.7574030" lon="-74.0438330">
    <ele>51.2</ele>
    <time>2026-01-09T17:35:29Z</time>
   </trkpt>
   <trkpt lat="40.7574030" lon="-74.0438340">
    <ele>51.2</ele>
    <time>2026-01-09T17:35:30Z</time>
   </trkpt>
   <trkpt lat="40.7574030" lon="-74.0438360">
    <ele>51.2</ele>
    <time>2026-01-09T17:35:31Z</time>
   </trkpt>
   <trkpt lat="40.7574040" lon="-74.0438370">
    <ele>51.2</ele>
    <time>2026-01-09T17:35:32Z</time>
   </trkpt>
   <trkpt lat="40.7574040" lon="-74.0438380">
    <ele>51.2</ele>
    <time>2026-01-09T17:35:33Z</time>
   </trkpt>
   <trkpt lat="40.7574040" lon="-74.0438390">
    <ele>51.2</ele>
    <time>2026-01-09T17:35:34Z</time>
   </trkpt>
   <trkpt lat="40.7574040" lon="-74.0438400">
    <ele>51.2</ele>
    <time>2026-01-09T17:35:35Z</time>
   </trkpt>
   <trkpt lat="40.7574040" lon="-74.0438410">
    <ele>51.2</ele>
    <time>2026-01-09T17:35:36Z</time>
   </trkpt>
   <trkpt lat="40.7574040" lon="-74.0438430">
    <ele>51.2</ele>
    <time>2026-01-09T17:35:37Z</time>
   </trkpt>
   <trkpt lat="40.7574050" lon="-74.0438440">
    <ele>51.2</ele>
    <time>2026-01-09T17:35:38Z</time>
   </trkpt>
   <trkpt lat="40.7574050" lon="-74.0438450">
    <ele>51.2</ele>
    <time>2026-01-09T17:35:39Z</time>
   </trkpt>
   <trkpt lat="40.7574050" lon="-74.0438460">
    <ele>51.2</ele>
    <time>2026-01-09T17:35:40Z</time>
   </trkpt>
   <trkpt lat="40.7574080" lon="-74.0438690">
    <ele>51.2</ele>
    <time>2026-01-09T17:35:41Z</time>
   </trkpt>
   <trkpt lat="40.7574090" lon="-74.0438850">
    <ele>51.2</ele>
    <time>2026-01-09T17:35:42Z</time>
   </trkpt>
   <trkpt lat="40.7573920" lon="-74.0439110">
    <ele>51.3</ele>
    <time>2026-01-09T17:35:43Z</time>
   </trkpt>
   <trkpt lat="40.7573790" lon="-74.0439150">
    <ele>51.3</ele>
    <time>2026-01-09T17:35:44Z</time>
   </trkpt>
   <trkpt lat="40.7573510" lon="-74.0439120">
    <ele>51.2</ele>
    <time>2026-01-09T17:35:45Z</time>
   </trkpt>
   <trkpt lat="40.7573140" lon="-74.0438900">
    <ele>51.2</ele>
    <time>2026-01-09T17:35:46Z</time>
   </trkpt>
   <trkpt lat="40.7572710" lon="-74.0438760">
    <ele>51.1</ele>
    <time>2026-01-09T17:35:47Z</time>
   </trkpt>
   <trkpt lat="40.7572310" lon="-74.0438570">
    <ele>51.1</ele>
    <time>2026-01-09T17:35:48Z</time>
   </trkpt>
   <trkpt lat="40.7571870" lon="-74.0438500">
    <ele>51.0</ele>
    <time>2026-01-09T17:35:49Z</time>
   </trkpt>
   <trkpt lat="40.7571330" lon="-74.0438280">
    <ele>50.9</ele>
    <time>2026-01-09T17:35:50Z</time>
   </trkpt>
   <trkpt lat="40.7570730" lon="-74.0438170">
    <ele>50.8</ele>
    <time>2026-01-09T17:35:51Z</time>
   </trkpt>
   <trkpt lat="40.7570180" lon="-74.0438020">
    <ele>50.8</ele>
    <time>2026-01-09T17:35:52Z</time>
   </trkpt>
   <trkpt lat="40.7569610" lon="-74.0437830">
    <ele>50.7</ele>
    <time>2026-01-09T17:35:53Z</time>
   </trkpt>
   <trkpt lat="40.7569030" lon="-74.0437660">
    <ele>50.7</ele>
    <time>2026-01-09T17:35:54Z</time>
   </trkpt>
   <trkpt lat="40.7568510" lon="-74.0437520">
    <ele>50.6</ele>
    <time>2026-01-09T17:35:55Z</time>
   </trkpt>
   <trkpt lat="40.7567960" lon="-74.0437380">
    <ele>50.6</ele>
    <time>2026-01-09T17:35:56Z</time>
   </trkpt>
   <trkpt lat="40.7567460" lon="-74.0437260">
    <ele>50.5</ele>
    <time>2026-01-09T17:35:57Z</time>
   </trkpt>
   <trkpt lat="40.7566970" lon="-74.0437150">
    <ele>50.5</ele>
    <time>2026-01-09T17:35:58Z</time>
   </trkpt>
   <trkpt lat="40.7566530" lon="-74.0437060">
    <ele>50.4</ele>
    <time>2026-01-09T17:35:59Z</time>
   </trkpt>
   <trkpt lat="40.7566180" lon="-74.0437110">
    <ele>50.4</ele>
    <time>2026-01-09T17:36:00Z</time>
   </trkpt>
   <trkpt lat="40.7566050" lon="-74.0437100">
    <ele>50.4</ele>
    <time>2026-01-09T17:36:01Z</time>
   </trkpt>
   <trkpt lat="40.7565670" lon="-74.0437000">
    <ele>50.3</ele>
    <time>2026-01-09T17:36:02Z</time>
   </trkpt>
   <trkpt lat="40.7565540" lon="-74.0436950">
    <ele>50.3</ele>
    <time>2026-01-09T17:36:03Z</time>
   </trkpt>
   <trkpt lat="40.7565390" lon="-74.0436860">
    <ele>50.3</ele>
    <time>2026-01-09T17:36:04Z</time>
   </trkpt>
   <trkpt lat="40.7565290" lon="-74.0436810">
    <ele>50.3</ele>
    <time>2026-01-09T17:36:05Z</time>
   </trkpt>
   <trkpt lat="40.7565020" lon="-74.0436730">
    <ele>50.3</ele>
    <time>2026-01-09T17:36:06Z</time>
   </trkpt>
   <trkpt lat="40.7564910" lon="-74.0436670">
    <ele>50.3</ele>
    <time>2026-01-09T17:36:07Z</time>
   </trkpt>
   <trkpt lat="40.7564790" lon="-74.0436620">
    <ele>50.3</ele>
    <time>2026-01-09T17:36:08Z</time>
   </trkpt>
   <trkpt lat="40.7564380" lon="-74.0436450">
    <ele>50.2</ele>
    <time>2026-01-09T17:36:09Z</time>
   </trkpt>
   <trkpt lat="40.7564210" lon="-74.0436370">
    <ele>50.2</ele>
    <time>2026-01-09T17:36:10Z</time>
   </trkpt>
   <trkpt lat="40.7563810" lon="-74.0436260">
    <ele>50.2</ele>
    <time>2026-01-09T17:36:11Z</time>
   </trkpt>
   <trkpt lat="40.7563410" lon="-74.0436150">
    <ele>50.1</ele>
    <time>2026-01-09T17:36:12Z</time>
   </trkpt>
   <trkpt lat="40.7563030" lon="-74.0436050">
    <ele>50.1</ele>
    <time>2026-01-09T17:36:13Z</time>
   </trkpt>
   <trkpt lat="40.7562670" lon="-74.0435950">
    <ele>50.1</ele>
    <time>2026-01-09T17:36:14Z</time>
   </trkpt>
   <trkpt lat="40.7562350" lon="-74.0435800">
    <ele>50.0</ele>
    <time>2026-01-09T17:36:16Z</time>
   </trkpt>
   <trkpt lat="40.7562020" lon="-74.0435730">
    <ele>50.0</ele>
    <time>2026-01-09T17:36:17Z</time>
   </trkpt>
   <trkpt lat="40.7561720" lon="-74.0435640">
    <ele>50.0</ele>
    <time>2026-01-09T17:36:18Z</time>
   </trkpt>
   <trkpt lat="40.7561640" lon="-74.0435630">
    <ele>50.0</ele>
    <time>2026-01-09T17:36:19Z</time>
   </trkpt>
   <trkpt lat="40.7561330" lon="-74.0435710">
    <ele>50.0</ele>
    <time>2026-01-09T17:36:20Z</time>
   </trkpt>
   <trkpt lat="40.7561050" lon="-74.0435640">
    <ele>49.9</ele>
    <time>2026-01-09T17:36:21Z</time>
   </trkpt>
   <trkpt lat="40.7560830" lon="-74.0435650">
    <ele>49.9</ele>
    <time>2026-01-09T17:36:22Z</time>
   </trkpt>
   <trkpt lat="40.7560760" lon="-74.0435600">
    <ele>49.9</ele>
    <time>2026-01-09T17:36:23Z</time>
   </trkpt>
   <trkpt lat="40.7560690" lon="-74.0435520">
    <ele>49.9</ele>
    <time>2026-01-09T17:36:24Z</time>
   </trkpt>
   <trkpt lat="40.7560620" lon="-74.0435530">
    <ele>49.9</ele>
    <time>2026-01-09T17:36:25Z</time>
   </trkpt>
   <trkpt lat="40.7560460" lon="-74.0435420">
    <ele>49.9</ele>
    <time>2026-01-09T17:36:26Z</time>
   </trkpt>
   <trkpt lat="40.7560320" lon="-74.0435370">
    <ele>49.9</ele>
    <time>2026-01-09T17:36:28Z</time>
   </trkpt>
   <trkpt lat="40.7560100" lon="-74.0435300">
    <ele>49.9</ele>
    <time>2026-01-09T17:36:29Z</time>
   </trkpt>
   <trkpt lat="40.7559900" lon="-74.0435230">
    <ele>49.9</ele>
    <time>2026-01-09T17:36:30Z</time>
   </trkpt>
   <trkpt lat="40.7559570" lon="-74.0435230">
    <ele>49.8</ele>
    <time>2026-01-09T17:36:31Z</time>
   </trkpt>
   <trkpt lat="40.7559440" lon="-74.0435230">
    <ele>49.8</ele>
    <time>2026-01-09T17:36:32Z</time>
   </trkpt>
   <trkpt lat="40.7559130" lon="-74.0435190">
    <ele>49.8</ele>
    <time>2026-01-09T17:36:33Z</time>
   </trkpt>
   <trkpt lat="40.7558850" lon="-74.0435160">
    <ele>49.8</ele>
    <time>2026-01-09T17:36:34Z</time>
   </trkpt>
   <trkpt lat="40.7558480" lon="-74.0435130">
    <ele>49.8</ele>
    <time>2026-01-09T17:36:35Z</time>
   </trkpt>
   <trkpt lat="40.7558350" lon="-74.0435090">
    <ele>49.7</ele>
    <time>2026-01-09T17:36:36Z</time>
   </trkpt>
   <trkpt lat="40.7558180" lon="-74.0435020">
    <ele>49.7</ele>
    <time>2026-01-09T17:36:37Z</time>
   </trkpt>
   <trkpt lat="40.7558090" lon="-74.0434980">
    <ele>49.7</ele>
    <time>2026-01-09T17:36:38Z</time>
   </trkpt>
   <trkpt lat="40.7558010" lon="-74.0434950">
    <ele>49.7</ele>
    <time>2026-01-09T17:36:39Z</time>
   </trkpt>
   <trkpt lat="40.7557920" lon="-74.0434910">
    <ele>49.7</ele>
    <time>2026-01-09T17:36:40Z</time>
   </trkpt>
   <trkpt lat="40.7557600" lon="-74.0434770">
    <ele>49.7</ele>
    <time>2026-01-09T17:36:41Z</time>
   </trkpt>
   <trkpt lat="40.7557290" lon="-74.0434810">
    <ele>49.7</ele>
    <time>2026-01-09T17:36:42Z</time>
   </trkpt>
   <trkpt lat="40.7556870" lon="-74.0434890">
    <ele>49.6</ele>
    <time>2026-01-09T17:36:43Z</time>
   </trkpt>
   <trkpt lat="40.7556410" lon="-74.0434950">
    <ele>49.6</ele>
    <time>2026-01-09T17:36:44Z</time>
   </trkpt>
   <trkpt lat="40.7555920" lon="-74.0434940">
    <ele>49.6</ele>
    <time>2026-01-09T17:36:45Z</time>
   </trkpt>
   <trkpt lat="40.7555520" lon="-74.0434870">
    <ele>49.6</ele>
    <time>2026-01-09T17:36:46Z</time>
   </trkpt>
   <trkpt lat="40.7555160" lon="-74.0434780">
    <ele>49.5</ele>
    <time>2026-01-09T17:36:47Z</time>
   </trkpt>
   <trkpt lat="40.7554850" lon="-74.0434500">
    <ele>49.5</ele>
    <time>2026-01-09T17:36:48Z</time>
   </trkpt>
   <trkpt lat="40.7554610" lon="-74.0434220">
    <ele>49.5</ele>
    <time>2026-01-09T17:36:49Z</time>
   </trkpt>
   <trkpt lat="40.7554510" lon="-74.0434150">
    <ele>49.5</ele>
    <time>2026-01-09T17:36:50Z</time>
   </trkpt>
   <trkpt lat="40.7554240" lon="-74.0434250">
    <ele>49.5</ele>
    <time>2026-01-09T17:36:51Z</time>
   </trkpt>
   <trkpt lat="40.7554250" lon="-74.0434100">
    <ele>49.5</ele>
    <time>2026-01-09T17:36:52Z</time>
   </trkpt>
   <trkpt lat="40.7554090" lon="-74.0433950">
    <ele>49.5</ele>
    <time>2026-01-09T17:36:53Z</time>
   </trkpt>
   <trkpt lat="40.7553780" lon="-74.0433730">
    <ele>49.5</ele>
    <time>2026-01-09T17:36:54Z</time>
   </trkpt>
   <trkpt lat="40.7553630" lon="-74.0433640">
    <ele>49.5</ele>
    <time>2026-01-09T17:36:55Z</time>
   </trkpt>
   <trkpt lat="40.7553400" lon="-74.0433430">
    <ele>49.5</ele>
    <time>2026-01-09T17:36:56Z</time>
   </trkpt>
   <trkpt lat="40.7553280" lon="-74.0433370">
    <ele>49.5</ele>
    <time>2026-01-09T17:36:57Z</time>
   </trkpt>
   <trkpt lat="40.7552940" lon="-74.0433250">
    <ele>49.5</ele>
    <time>2026-01-09T17:36:58Z</time>
   </trkpt>
   <trkpt lat="40.7552820" lon="-74.0433110">
    <ele>49.5</ele>
    <time>2026-01-09T17:36:59Z</time>
   </trkpt>
   <trkpt lat="40.7552630" lon="-74.0433100">
    <ele>49.5</ele>
    <time>2026-01-09T17:37:00Z</time>
   </trkpt>
   <trkpt lat="40.7552530" lon="-74.0432960">
    <ele>49.4</ele>
    <time>2026-01-09T17:37:01Z</time>
   </trkpt>
   <trkpt lat="40.7552410" lon="-74.0432750">
    <ele>49.4</ele>
    <time>2026-01-09T17:37:02Z</time>
   </trkpt>
   <trkpt lat="40.7552350" lon="-74.0432720">
    <ele>49.4</ele>
    <time>2026-01-09T17:37:03Z</time>
   </trkpt>
   <trkpt lat="40.7552270" lon="-74.0432680">
    <ele>49.4</ele>
    <time>2026-01-09T17:37:04Z</time>
   </trkpt>
   <trkpt lat="40.7552310" lon="-74.0432750">
    <ele>49.4</ele>
    <time>2026-01-09T17:37:05Z</time>
   </trkpt>
   <trkpt lat="40.7552280" lon="-74.0432640">
    <ele>49.4</ele>
    <time>2026-01-09T17:37:06Z</time>
   </trkpt>
   <trkpt lat="40.7552230" lon="-74.0432530">
    <ele>49.4</ele>
    <time>2026-01-09T17:37:07Z</time>
   </trkpt>
   <trkpt lat="40.7552270" lon="-74.0432590">
    <ele>49.4</ele>
    <time>2026-01-09T17:37:08Z</time>
   </trkpt>
   <trkpt lat="40.7552230" lon="-74.0432570">
    <ele>49.4</ele>
    <time>2026-01-09T17:37:09Z</time>
   </trkpt>
   <trkpt lat="40.7552270" lon="-74.0432560">
    <ele>49.4</ele>
    <time>2026-01-09T17:37:10Z</time>
   </trkpt>
   <trkpt lat="40.7552260" lon="-74.0432550">
    <ele>49.4</ele>
    <time>2026-01-09T17:37:11Z</time>
   </trkpt>
   <trkpt lat="40.7552260" lon="-74.0432550">
    <ele>49.4</ele>
    <time>2026-01-09T17:37:12Z</time>
   </trkpt>
   <trkpt lat="40.7552170" lon="-74.0432440">
    <ele>49.4</ele>
    <time>2026-01-09T17:37:13Z</time>
   </trkpt>
   <trkpt lat="40.7552180" lon="-74.0432430">
    <ele>49.4</ele>
    <time>2026-01-09T17:37:14Z</time>
   </trkpt>
   <trkpt lat="40.7552140" lon="-74.0432400">
    <ele>49.4</ele>
    <time>2026-01-09T17:37:15Z</time>
   </trkpt>
   <trkpt lat="40.7552110" lon="-74.0432320">
    <ele>49.4</ele>
    <time>2026-01-09T17:37:16Z</time>
   </trkpt>
   <trkpt lat="40.7552100" lon="-74.0432280">
    <ele>49.3</ele>
    <time>2026-01-09T17:37:17Z</time>
   </trkpt>
   <trkpt lat="40.7552100" lon="-74.0432250">
    <ele>49.3</ele>
    <time>2026-01-09T17:37:18Z</time>
   </trkpt>
   <trkpt lat="40.7552090" lon="-74.0432240">
    <ele>49.3</ele>
    <time>2026-01-09T17:37:19Z</time>
   </trkpt>
   <trkpt lat="40.7552030" lon="-74.0432190">
    <ele>49.3</ele>
    <time>2026-01-09T17:37:20Z</time>
   </trkpt>
   <trkpt lat="40.7552030" lon="-74.0432190">
    <ele>49.3</ele>
    <time>2026-01-09T17:37:21Z</time>
   </trkpt>
   <trkpt lat="40.7552030" lon="-74.0432210">
    <ele>49.3</ele>
    <time>2026-01-09T17:37:22Z</time>
   </trkpt>
   <trkpt lat="40.7552050" lon="-74.0432200">
    <ele>49.3</ele>
    <time>2026-01-09T17:37:23Z</time>
   </trkpt>
   <trkpt lat="40.7552050" lon="-74.0432210">
    <ele>49.3</ele>
    <time>2026-01-09T17:37:24Z</time>
   </trkpt>
   <trkpt lat="40.7552060" lon="-74.0432210">
    <ele>49.3</ele>
    <time>2026-01-09T17:37:25Z</time>
   </trkpt>
   <trkpt lat="40.7552090" lon="-74.0432260">
    <ele>49.3</ele>
    <time>2026-01-09T17:37:26Z</time>
   </trkpt>
   <trkpt lat="40.7552110" lon="-74.0432270">
    <ele>49.3</ele>
    <time>2026-01-09T17:37:27Z</time>
   </trkpt>
   <trkpt lat="40.7552110" lon="-74.0432270">
    <ele>49.3</ele>
    <time>2026-01-09T17:37:28Z</time>
   </trkpt>
   <trkpt lat="40.7552130" lon="-74.0432280">
    <ele>49.3</ele>
    <time>2026-01-09T17:37:29Z</time>
   </trkpt>
   <trkpt lat="40.7552110" lon="-74.0432270">
    <ele>49.3</ele>
    <time>2026-01-09T17:37:30Z</time>
   </trkpt>
   <trkpt lat="40.7552110" lon="-74.0432270">
    <ele>49.3</ele>
    <time>2026-01-09T17:37:31Z</time>
   </trkpt>
   <trkpt lat="40.7552110" lon="-74.0432270">
    <ele>49.3</ele>
    <time>2026-01-09T17:37:32Z</time>
   </trkpt>
   <trkpt lat="40.7552100" lon="-74.0432260">
    <ele>49.3</ele>
    <time>2026-01-09T17:37:33Z</time>
   </trkpt>
   <trkpt lat="40.7552110" lon="-74.0432240">
    <ele>49.3</ele>
    <time>2026-01-09T17:37:34Z</time>
   </trkpt>
   <trkpt lat="40.7552110" lon="-74.0432220">
    <ele>49.3</ele>
    <time>2026-01-09T17:37:35Z</time>
   </trkpt>
   <trkpt lat="40.7552110" lon="-74.0432240">
    <ele>49.3</ele>
    <time>2026-01-09T17:37:36Z</time>
   </trkpt>
   <trkpt lat="40.7552090" lon="-74.0432250">
    <ele>49.3</ele>
    <time>2026-01-09T17:37:37Z</time>
   </trkpt>
   <trkpt lat="40.7552090" lon="-74.0432260">
    <ele>49.3</ele>
    <time>2026-01-09T17:37:38Z</time>
   </trkpt>
   <trkpt lat="40.7552090" lon="-74.0432280">
    <ele>49.3</ele>
    <time>2026-01-09T17:37:39Z</time>
   </trkpt>
   <trkpt lat="40.7552090" lon="-74.0432280">
    <ele>49.2</ele>
    <time>2026-01-09T17:37:40Z</time>
   </trkpt>
   <trkpt lat="40.7552080" lon="-74.0432260">
    <ele>49.2</ele>
    <time>2026-01-09T17:37:41Z</time>
   </trkpt>
   <trkpt lat="40.7552100" lon="-74.0432200">
    <ele>49.2</ele>
    <time>2026-01-09T17:37:42Z</time>
   </trkpt>
   <trkpt lat="40.7552060" lon="-74.0432130">
    <ele>49.3</ele>
    <time>2026-01-09T17:37:43Z</time>
   </trkpt>
   <trkpt lat="40.7552080" lon="-74.0432080">
    <ele>49.3</ele>
    <time>2026-01-09T17:37:44Z</time>
   </trkpt>
   <trkpt lat="40.7552090" lon="-74.0432130">
    <ele>49.3</ele>
    <time>2026-01-09T17:37:45Z</time>
   </trkpt>
   <trkpt lat="40.7552120" lon="-74.0432100">
    <ele>49.3</ele>
    <time>2026-01-09T17:37:46Z</time>
   </trkpt>
   <trkpt lat="40.7552120" lon="-74.0432100">
    <ele>49.3</ele>
    <time>2026-01-09T17:37:47Z</time>
   </trkpt>
   <trkpt lat="40.7552120" lon="-74.0432100">
    <ele>49.3</ele>
    <time>2026-01-09T17:37:48Z</time>
   </trkpt>
   <trkpt lat="40.7552130" lon="-74.0431990">
    <ele>49.3</ele>
    <time>2026-01-09T17:37:49Z</time>
   </trkpt>
   <trkpt lat="40.7552070" lon="-74.0432050">
    <ele>49.3</ele>
    <time>2026-01-09T17:37:50Z</time>
   </trkpt>
   <trkpt lat="40.7552070" lon="-74.0432080">
    <ele>49.3</ele>
    <time>2026-01-09T17:37:51Z</time>
   </trkpt>
   <trkpt lat="40.7552040" lon="-74.0432040">
    <ele>49.3</ele>
    <time>2026-01-09T17:37:52Z</time>
   </trkpt>
   <trkpt lat="40.7552020" lon="-74.0431950">
    <ele>49.3</ele>
    <time>2026-01-09T17:37:53Z</time>
   </trkpt>
   <trkpt lat="40.7552070" lon="-74.0431990">
    <ele>49.3</ele>
    <time>2026-01-09T17:37:54Z</time>
   </trkpt>
   <trkpt lat="40.7552060" lon="-74.0431950">
    <ele>49.3</ele>
    <time>2026-01-09T17:37:55Z</time>
   </trkpt>
   <trkpt lat="40.7552090" lon="-74.0431860">
    <ele>49.3</ele>
    <time>2026-01-09T17:37:56Z</time>
   </trkpt>
   <trkpt lat="40.7552190" lon="-74.0431700">
    <ele>49.3</ele>
    <time>2026-01-09T17:37:57Z</time>
   </trkpt>
   <trkpt lat="40.7552430" lon="-74.0431310">
    <ele>49.4</ele>
    <time>2026-01-09T17:37:58Z</time>
   </trkpt>
   <trkpt lat="40.7552520" lon="-74.0431170">
    <ele>49.4</ele>
    <time>2026-01-09T17:37:59Z</time>
   </trkpt>
   <trkpt lat="40.7552640" lon="-74.0430920">
    <ele>49.4</ele>
    <time>2026-01-09T17:38:00Z</time>
   </trkpt>
   <trkpt lat="40.7552790" lon="-74.0430890">
    <ele>49.4</ele>
    <time>2026-01-09T17:38:01Z</time>
   </trkpt>
   <trkpt lat="40.7553000" lon="-74.0430520">
    <ele>49.4</ele>
    <time>2026-01-09T17:38:02Z</time>
   </trkpt>
   <trkpt lat="40.7553580" lon="-74.0429790">
    <ele>49.7</ele>
    <time>2026-01-09T17:38:03Z</time>
   </trkpt>
   <trkpt lat="40.7554000" lon="-74.0429200">
    <ele>49.6</ele>
    <time>2026-01-09T17:38:04Z</time>
   </trkpt>
   <trkpt lat="40.7554410" lon="-74.0428530">
    <ele>49.7</ele>
    <time>2026-01-09T17:38:05Z</time>
   </trkpt>
   <trkpt lat="40.7553860" lon="-74.0427110">
    <ele>49.6</ele>
    <time>2026-01-09T17:38:06Z</time>
   </trkpt>
   <trkpt lat="40.7554110" lon="-74.0426190">
    <ele>49.5</ele>
    <time>2026-01-09T17:38:07Z</time>
   </trkpt>
   <trkpt lat="40.7554360" lon="-74.0425280">
    <ele>49.4</ele>
    <time>2026-01-09T17:38:08Z</time>
   </trkpt>
   <trkpt lat="40.7554600" lon="-74.0424370">
    <ele>49.5</ele>
    <time>2026-01-09T17:38:09Z</time>
   </trkpt>
   <trkpt lat="40.7553810" lon="-74.0425100">
    <ele>49.3</ele>
    <time>2026-01-09T17:38:10Z</time>
   </trkpt>
   <trkpt lat="40.7553650" lon="-74.0424120">
    <ele>49.2</ele>
    <time>2026-01-09T17:38:11Z</time>
   </trkpt>
   <trkpt lat="40.7553610" lon="-74.0426320">
    <ele>49.4</ele>
    <time>2026-01-09T17:38:12Z</time>
   </trkpt>
   <trkpt lat="40.7553570" lon="-74.0426400">
    <ele>49.4</ele>
    <time>2026-01-09T17:38:13Z</time>
   </trkpt>
   <trkpt lat="40.7553530" lon="-74.0426480">
    <ele>49.4</ele>
    <time>2026-01-09T17:38:14Z</time>
   </trkpt>
   <trkpt lat="40.7553490" lon="-74.0426560">
    <ele>49.3</ele>
    <time>2026-01-09T17:38:15Z</time>
   </trkpt>
   <trkpt lat="40.7553440" lon="-74.0426640">
    <ele>49.3</ele>
    <time>2026-01-09T17:38:16Z</time>
   </trkpt>
   <trkpt lat="40.7553400" lon="-74.0426720">
    <ele>49.3</ele>
    <time>2026-01-09T17:38:17Z</time>
   </trkpt>
   <trkpt lat="40.7553360" lon="-74.0426800">
    <ele>49.3</ele>
    <time>2026-01-09T17:38:18Z</time>
   </trkpt>
   <trkpt lat="40.7553320" lon="-74.0426880">
    <ele>49.3</ele>
    <time>2026-01-09T17:38:19Z</time>
   </trkpt>
   <trkpt lat="40.7553280" lon="-74.0426960">
    <ele>49.3</ele>
    <time>2026-01-09T17:38:20Z</time>
   </trkpt>
   <trkpt lat="40.7553240" lon="-74.0427040">
    <ele>49.4</ele>
    <time>2026-01-09T17:38:21Z</time>
   </trkpt>
   <trkpt lat="40.7553190" lon="-74.0427120">
    <ele>49.3</ele>
    <time>2026-01-09T17:38:22Z</time>
   </trkpt>
   <trkpt lat="40.7553150" lon="-74.0427200">
    <ele>49.3</ele>
    <time>2026-01-09T17:38:23Z</time>
   </trkpt>
   <trkpt lat="40.7553110" lon="-74.0427280">
    <ele>49.3</ele>
    <time>2026-01-09T17:38:24Z</time>
   </trkpt>
   <trkpt lat="40.7552980" lon="-74.0428100">
    <ele>49.4</ele>
    <time>2026-01-09T17:38:25Z</time>
   </trkpt>
   <trkpt lat="40.7552960" lon="-74.0428450">
    <ele>49.5</ele>
    <time>2026-01-09T17:38:26Z</time>
   </trkpt>
   <trkpt lat="40.7552940" lon="-74.0428800">
    <ele>49.6</ele>
    <time>2026-01-09T17:38:27Z</time>
   </trkpt>
   <trkpt lat="40.7552920" lon="-74.0429160">
    <ele>49.6</ele>
    <time>2026-01-09T17:38:28Z</time>
   </trkpt>
   <trkpt lat="40.7552900" lon="-74.0429510">
    <ele>49.6</ele>
    <time>2026-01-09T17:38:29Z</time>
   </trkpt>
   <trkpt lat="40.7552870" lon="-74.0429860">
    <ele>49.5</ele>
    <time>2026-01-09T17:38:30Z</time>
   </trkpt>
   <trkpt lat="40.7552850" lon="-74.0430210">
    <ele>49.4</ele>
    <time>2026-01-09T17:38:31Z</time>
   </trkpt>
   <trkpt lat="40.7552830" lon="-74.0430570">
    <ele>49.3</ele>
    <time>2026-01-09T17:38:32Z</time>
   </trkpt>
   <trkpt lat="40.7552810" lon="-74.0430920">
    <ele>49.3</ele>
    <time>2026-01-09T17:38:33Z</time>
   </trkpt>
   <trkpt lat="40.7552790" lon="-74.0431270">
    <ele>49.3</ele>
    <time>2026-01-09T17:38:34Z</time>
   </trkpt>
   <trkpt lat="40.7552810" lon="-74.0431260">
    <ele>49.3</ele>
    <time>2026-01-09T17:38:35Z</time>
   </trkpt>
   <trkpt lat="40.7552810" lon="-74.0431260">
    <ele>49.3</ele>
    <time>2026-01-09T17:38:36Z</time>
   </trkpt>
   <trkpt lat="40.7552810" lon="-74.0431260">
    <ele>49.3</ele>
    <time>2026-01-09T17:38:37Z</time>
   </trkpt>
   <trkpt lat="40.7552810" lon="-74.0431260">
    <ele>49.3</ele>
    <time>2026-01-09T17:38:38Z</time>
   </trkpt>
   <trkpt lat="40.7552500" lon="-74.0431030">
    <ele>49.2</ele>
    <time>2026-01-09T17:38:39Z</time>
   </trkpt>
   <trkpt lat="40.7552460" lon="-74.0431030">
    <ele>49.2</ele>
    <time>2026-01-09T17:38:40Z</time>
   </trkpt>
   <trkpt lat="40.7552310" lon="-74.0431110">
    <ele>49.2</ele>
    <time>2026-01-09T17:38:41Z</time>
   </trkpt>
   <trkpt lat="40.7552260" lon="-74.0431230">
    <ele>49.2</ele>
    <time>2026-01-09T17:38:42Z</time>
   </trkpt>
   <trkpt lat="40.7552140" lon="-74.0431240">
    <ele>49.2</ele>
    <time>2026-01-09T17:38:43Z</time>
   </trkpt>
   <trkpt lat="40.7552230" lon="-74.0431090">
    <ele>49.2</ele>
    <time>2026-01-09T17:38:44Z</time>
   </trkpt>
   <trkpt lat="40.7552160" lon="-74.0431050">
    <ele>49.2</ele>
    <time>2026-01-09T17:38:45Z</time>
   </trkpt>
   <trkpt lat="40.7551980" lon="-74.0431160">
    <ele>49.2</ele>
    <time>2026-01-09T17:38:46Z</time>
   </trkpt>
   <trkpt lat="40.7551950" lon="-74.0431070">
    <ele>49.2</ele>
    <time>2026-01-09T17:38:47Z</time>
   </trkpt>
   <trkpt lat="40.7551850" lon="-74.0431040">
    <ele>49.2</ele>
    <time>2026-01-09T17:38:48Z</time>
   </trkpt>
   <trkpt lat="40.7551850" lon="-74.0431040">
    <ele>49.2</ele>
    <time>2026-01-09T17:38:49Z</time>
   </trkpt>
   <trkpt lat="40.7551970" lon="-74.0431200">
    <ele>49.2</ele>
    <time>2026-01-09T17:38:50Z</time>
   </trkpt>
   <trkpt lat="40.7552020" lon="-74.0431370">
    <ele>49.2</ele>
    <time>2026-01-09T17:38:51Z</time>
   </trkpt>
   <trkpt lat="40.7552030" lon="-74.0431370">
    <ele>49.2</ele>
    <time>2026-01-09T17:38:52Z</time>
   </trkpt>
   <trkpt lat="40.7552030" lon="-74.0431370">
    <ele>49.2</ele>
    <time>2026-01-09T17:38:53Z</time>
   </trkpt>
   <trkpt lat="40.7552060" lon="-74.0431240">
    <ele>49.2</ele>
    <time>2026-01-09T17:38:54Z</time>
   </trkpt>
   <trkpt lat="40.7552060" lon="-74.0431240">
    <ele>49.2</ele>
    <time>2026-01-09T17:38:55Z</time>
   </trkpt>
   <trkpt lat="40.7552110" lon="-74.0431280">
    <ele>49.2</ele>
    <time>2026-01-09T17:38:56Z</time>
   </trkpt>
   <trkpt lat="40.7552100" lon="-74.0431400">
    <ele>49.2</ele>
    <time>2026-01-09T17:38:57Z</time>
   </trkpt>
   <trkpt lat="40.7552100" lon="-74.0431580">
    <ele>49.2</ele>
    <time>2026-01-09T17:38:58Z</time>
   </trkpt>
   <trkpt lat="40.7552110" lon="-74.0431590">
    <ele>49.2</ele>
    <time>2026-01-09T17:38:59Z</time>
   </trkpt>
   <trkpt lat="40.7552180" lon="-74.0431470">
    <ele>49.2</ele>
    <time>2026-01-09T17:39:00Z</time>
   </trkpt>
   <trkpt lat="40.7552100" lon="-74.0431440">
    <ele>49.2</ele>
    <time>2026-01-09T17:39:01Z</time>
   </trkpt>
   <trkpt lat="40.7552080" lon="-74.0431410">
    <ele>49.2</ele>
    <time>2026-01-09T17:39:02Z</time>
   </trkpt>
   <trkpt lat="40.7552060" lon="-74.0431440">
    <ele>49.2</ele>
    <time>2026-01-09T17:39:03Z</time>
   </trkpt>
   <trkpt lat="40.7552040" lon="-74.0431450">
    <ele>49.2</ele>
    <time>2026-01-09T17:39:04Z</time>
   </trkpt>
   <trkpt lat="40.7552090" lon="-74.0431610">
    <ele>49.2</ele>
    <time>2026-01-09T17:39:05Z</time>
   </trkpt>
   <trkpt lat="40.7552130" lon="-74.0431600">
    <ele>49.2</ele>
    <time>2026-01-09T17:39:06Z</time>
   </trkpt>
   <trkpt lat="40.7552080" lon="-74.0431450">
    <ele>49.2</ele>
    <time>2026-01-09T17:39:07Z</time>
   </trkpt>
   <trkpt lat="40.7552100" lon="-74.0431450">
    <ele>49.2</ele>
    <time>2026-01-09T17:39:08Z</time>
   </trkpt>
   <trkpt lat="40.7552220" lon="-74.0431560">
    <ele>49.2</ele>
    <time>2026-01-09T17:39:09Z</time>
   </trkpt>
   <trkpt lat="40.7552220" lon="-74.0431560">
    <ele>49.2</ele>
    <time>2026-01-09T17:39:10Z</time>
   </trkpt>
   <trkpt lat="40.7552260" lon="-74.0431580">
    <ele>49.2</ele>
    <time>2026-01-09T17:39:11Z</time>
   </trkpt>
   <trkpt lat="40.7552320" lon="-74.0431590">
    <ele>49.2</ele>
    <time>2026-01-09T17:39:12Z</time>
   </trkpt>
   <trkpt lat="40.7552320" lon="-74.0431590">
    <ele>49.2</ele>
    <time>2026-01-09T17:39:13Z</time>
   </trkpt>
   <trkpt lat="40.7552240" lon="-74.0431630">
    <ele>49.2</ele>
    <time>2026-01-09T17:39:14Z</time>
   </trkpt>
   <trkpt lat="40.7552210" lon="-74.0431590">
    <ele>49.2</ele>
    <time>2026-01-09T17:39:15Z</time>
   </trkpt>
   <trkpt lat="40.7552130" lon="-74.0431520">
    <ele>49.2</ele>
    <time>2026-01-09T17:39:16Z</time>
   </trkpt>
   <trkpt lat="40.7552140" lon="-74.0431580">
    <ele>49.2</ele>
    <time>2026-01-09T17:39:17Z</time>
   </trkpt>
   <trkpt lat="40.7552100" lon="-74.0431630">
    <ele>49.2</ele>
    <time>2026-01-09T17:39:18Z</time>
   </trkpt>
   <trkpt lat="40.7552040" lon="-74.0431660">
    <ele>49.2</ele>
    <time>2026-01-09T17:39:19Z</time>
   </trkpt>
   <trkpt lat="40.7552100" lon="-74.0431590">
    <ele>49.2</ele>
    <time>2026-01-09T17:39:20Z</time>
   </trkpt>
   <trkpt lat="40.7552150" lon="-74.0431450">
    <ele>49.2</ele>
    <time>2026-01-09T17:39:21Z</time>
   </trkpt>
   <trkpt lat="40.7552160" lon="-74.0431460">
    <ele>49.2</ele>
    <time>2026-01-09T17:39:22Z</time>
   </trkpt>
   <trkpt lat="40.7552300" lon="-74.0431370">
    <ele>49.2</ele>
    <time>2026-01-09T17:39:23Z</time>
   </trkpt>
   <trkpt lat="40.7551820" lon="-74.0431400">
    <ele>49.2</ele>
    <time>2026-01-09T17:39:24Z</time>
   </trkpt>
   <trkpt lat="40.7551730" lon="-74.0431390">
    <ele>49.2</ele>
    <time>2026-01-09T17:39:25Z</time>
   </trkpt>
   <trkpt lat="40.7551730" lon="-74.0431300">
    <ele>49.2</ele>
    <time>2026-01-09T17:39:26Z</time>
   </trkpt>
   <trkpt lat="40.7551610" lon="-74.0431370">
    <ele>49.2</ele>
    <time>2026-01-09T17:39:27Z</time>
   </trkpt>
   <trkpt lat="40.7551560" lon="-74.0431440">
    <ele>49.2</ele>
    <time>2026-01-09T17:39:28Z</time>
   </trkpt>
   <trkpt lat="40.7551620" lon="-74.0431490">
    <ele>49.2</ele>
    <time>2026-01-09T17:39:29Z</time>
   </trkpt>
   <trkpt lat="40.7551700" lon="-74.0431410">
    <ele>49.2</ele>
    <time>2026-01-09T17:39:30Z</time>
   </trkpt>
   <trkpt lat="40.7551680" lon="-74.0431350">
    <ele>49.2</ele>
    <time>2026-01-09T17:39:31Z</time>
   </trkpt>
   <trkpt lat="40.7551740" lon="-74.0431400">
    <ele>49.2</ele>
    <time>2026-01-09T17:39:32Z</time>
   </trkpt>
   <trkpt lat="40.7551740" lon="-74.0431400">
    <ele>49.2</ele>
    <time>2026-01-09T17:39:33Z</time>
   </trkpt>
   <trkpt lat="40.7551740" lon="-74.0431400">
    <ele>49.2</ele>
    <time>2026-01-09T17:39:34Z</time>
   </trkpt>
   <trkpt lat="40.7551830" lon="-74.0431370">
    <ele>49.2</ele>
    <time>2026-01-09T17:39:35Z</time>
   </trkpt>
   <trkpt lat="40.7551860" lon="-74.0431310">
    <ele>49.2</ele>
    <time>2026-01-09T17:39:36Z</time>
   </trkpt>
   <trkpt lat="40.7551890" lon="-74.0431290">
    <ele>49.2</ele>
    <time>2026-01-09T17:39:37Z</time>
   </trkpt>
   <trkpt lat="40.7551930" lon="-74.0431360">
    <ele>49.2</ele>
    <time>2026-01-09T17:39:38Z</time>
   </trkpt>
   <trkpt lat="40.7551980" lon="-74.0431380">
    <ele>49.2</ele>
    <time>2026-01-09T17:39:39Z</time>
   </trkpt>
   <trkpt lat="40.7552030" lon="-74.0431360">
    <ele>49.2</ele>
    <time>2026-01-09T17:39:40Z</time>
   </trkpt>
   <trkpt lat="40.7552060" lon="-74.0431340">
    <ele>49.2</ele>
    <time>2026-01-09T17:39:41Z</time>
   </trkpt>
   <trkpt lat="40.7552110" lon="-74.0431390">
    <ele>49.2</ele>
    <time>2026-01-09T17:39:42Z</time>
   </trkpt>
   <trkpt lat="40.7552080" lon="-74.0431380">
    <ele>49.2</ele>
    <time>2026-01-09T17:39:43Z</time>
   </trkpt>
   <trkpt lat="40.7552080" lon="-74.0431360">
    <ele>49.2</ele>
    <time>2026-01-09T17:39:44Z</time>
   </trkpt>
   <trkpt lat="40.7552070" lon="-74.0431360">
    <ele>49.2</ele>
    <time>2026-01-09T17:39:45Z</time>
   </trkpt>
   <trkpt lat="40.7552070" lon="-74.0431350">
    <ele>49.2</ele>
    <time>2026-01-09T17:39:46Z</time>
   </trkpt>
   <trkpt lat="40.7552050" lon="-74.0431340">
    <ele>49.2</ele>
    <time>2026-01-09T17:39:47Z</time>
   </trkpt>
   <trkpt lat="40.7552050" lon="-74.0431340">
    <ele>49.2</ele>
    <time>2026-01-09T17:39:48Z</time>
   </trkpt>
   <trkpt lat="40.7552050" lon="-74.0431340">
    <ele>49.2</ele>
    <time>2026-01-09T17:39:49Z</time>
   </trkpt>
   <trkpt lat="40.7552050" lon="-74.0431340">
    <ele>49.2</ele>
    <time>2026-01-09T17:39:50Z</time>
   </trkpt>
   <trkpt lat="40.7552050" lon="-74.0431340">
    <ele>49.2</ele>
    <time>2026-01-09T17:39:51Z</time>
   </trkpt>
   <trkpt lat="40.7552050" lon="-74.0431340">
    <ele>49.2</ele>
    <time>2026-01-09T17:39:52Z</time>
   </trkpt>
   <trkpt lat="40.7552050" lon="-74.0431340">
    <ele>49.2</ele>
    <time>2026-01-09T17:39:53Z</time>
   </trkpt>
   <trkpt lat="40.7552050" lon="-74.0431340">
    <ele>49.2</ele>
    <time>2026-01-09T17:39:54Z</time>
   </trkpt>
   <trkpt lat="40.7552050" lon="-74.0431340">
    <ele>49.2</ele>
    <time>2026-01-09T17:39:55Z</time>
   </trkpt>
   <trkpt lat="40.7552060" lon="-74.0431470">
    <ele>49.2</ele>
    <time>2026-01-09T17:39:56Z</time>
   </trkpt>
   <trkpt lat="40.7552080" lon="-74.0431410">
    <ele>49.2</ele>
    <time>2026-01-09T17:39:57Z</time>
   </trkpt>
   <trkpt lat="40.7552070" lon="-74.0431370">
    <ele>49.2</ele>
    <time>2026-01-09T17:39:58Z</time>
   </trkpt>
   <trkpt lat="40.7552030" lon="-74.0431320">
    <ele>49.2</ele>
    <time>2026-01-09T17:39:59Z</time>
   </trkpt>
   <trkpt lat="40.7552060" lon="-74.0431230">
    <ele>49.2</ele>
    <time>2026-01-09T17:40:00Z</time>
   </trkpt>
   <trkpt lat="40.7551890" lon="-74.0431230">
    <ele>49.2</ele>
    <time>2026-01-09T17:40:01Z</time>
   </trkpt>
   <trkpt lat="40.7551930" lon="-74.0431190">
    <ele>49.2</ele>
    <time>2026-01-09T17:40:02Z</time>
   </trkpt>
   <trkpt lat="40.7551900" lon="-74.0431240">
    <ele>49.2</ele>
    <time>2026-01-09T17:40:03Z</time>
   </trkpt>
   <trkpt lat="40.7551900" lon="-74.0431240">
    <ele>49.2</ele>
    <time>2026-01-09T17:40:04Z</time>
   </trkpt>
   <trkpt lat="40.7551780" lon="-74.0431330">
    <ele>49.2</ele>
    <time>2026-01-09T17:40:05Z</time>
   </trkpt>
   <trkpt lat="40.7551790" lon="-74.0431290">
    <ele>49.2</ele>
    <time>2026-01-09T17:40:06Z</time>
   </trkpt>
   <trkpt lat="40.7551740" lon="-74.0431280">
    <ele>49.2</ele>
    <time>2026-01-09T17:40:07Z</time>
   </trkpt>
   <trkpt lat="40.7551700" lon="-74.0431260">
    <ele>49.2</ele>
    <time>2026-01-09T17:40:08Z</time>
   </trkpt>
   <trkpt lat="40.7551660" lon="-74.0431240">
    <ele>49.2</ele>
    <time>2026-01-09T17:40:09Z</time>
   </trkpt>
   <trkpt lat="40.7551610" lon="-74.0431230">
    <ele>49.2</ele>
    <time>2026-01-09T17:40:10Z</time>
   </trkpt>
   <trkpt lat="40.7551570" lon="-74.0431210">
    <ele>49.2</ele>
    <time>2026-01-09T17:40:11Z</time>
   </trkpt>
   <trkpt lat="40.7551530" lon="-74.0431190">
    <ele>49.2</ele>
    <time>2026-01-09T17:40:12Z</time>
   </trkpt>
   <trkpt lat="40.7551480" lon="-74.0431180">
    <ele>49.2</ele>
    <time>2026-01-09T17:40:13Z</time>
   </trkpt>
   <trkpt lat="40.7551440" lon="-74.0431160">
    <ele>49.2</ele>
    <time>2026-01-09T17:40:14Z</time>
   </trkpt>
   <trkpt lat="40.7551400" lon="-74.0431100">
    <ele>49.2</ele>
    <time>2026-01-09T17:40:15Z</time>
   </trkpt>
   <trkpt lat="40.7551200" lon="-74.0430990">
    <ele>49.2</ele>
    <time>2026-01-09T17:40:16Z</time>
   </trkpt>
   <trkpt lat="40.7550900" lon="-74.0430850">
    <ele>49.2</ele>
    <time>2026-01-09T17:40:17Z</time>
   </trkpt>
   <trkpt lat="40.7550510" lon="-74.0430840">
    <ele>49.2</ele>
    <time>2026-01-09T17:40:18Z</time>
   </trkpt>
   <trkpt lat="40.7550140" lon="-74.0430750">
    <ele>49.1</ele>
    <time>2026-01-09T17:40:19Z</time>
   </trkpt>
   <trkpt lat="40.7549960" lon="-74.0430750">
    <ele>49.1</ele>
    <time>2026-01-09T17:40:20Z</time>
   </trkpt>
   <trkpt lat="40.7549520" lon="-74.0430620">
    <ele>49.1</ele>
    <time>2026-01-09T17:40:21Z</time>
   </trkpt>
   <trkpt lat="40.7549060" lon="-74.0430680">
    <ele>49.4</ele>
    <time>2026-01-09T17:40:22Z</time>
   </trkpt>
   <trkpt lat="40.7548670" lon="-74.0430850">
    <ele>49.4</ele>
    <time>2026-01-09T17:40:23Z</time>
   </trkpt>
   <trkpt lat="40.7548100" lon="-74.0431110">
    <ele>49.3</ele>
    <time>2026-01-09T17:40:24Z</time>
   </trkpt>
   <trkpt lat="40.7547650" lon="-74.0431730">
    <ele>49.3</ele>
    <time>2026-01-09T17:40:25Z</time>
   </trkpt>
   <trkpt lat="40.7547110" lon="-74.0432210">
    <ele>49.3</ele>
    <time>2026-01-09T17:40:26Z</time>
   </trkpt>
   <trkpt lat="40.7546670" lon="-74.0432670">
    <ele>49.3</ele>
    <time>2026-01-09T17:40:27Z</time>
   </trkpt>
   <trkpt lat="40.7546180" lon="-74.0433090">
    <ele>49.3</ele>
    <time>2026-01-09T17:40:28Z</time>
   </trkpt>
   <trkpt lat="40.7545650" lon="-74.0433530">
    <ele>49.3</ele>
    <time>2026-01-09T17:40:29Z</time>
   </trkpt>
   <trkpt lat="40.7545150" lon="-74.0433840">
    <ele>49.2</ele>
    <time>2026-01-09T17:40:30Z</time>
   </trkpt>
   <trkpt lat="40.7544660" lon="-74.0434250">
    <ele>49.2</ele>
    <time>2026-01-09T17:40:31Z</time>
   </trkpt>
   <trkpt lat="40.7544110" lon="-74.0434590">
    <ele>49.2</ele>
    <time>2026-01-09T17:40:32Z</time>
   </trkpt>
   <trkpt lat="40.7543570" lon="-74.0434970">
    <ele>49.1</ele>
    <time>2026-01-09T17:40:33Z</time>
   </trkpt>
   <trkpt lat="40.7543050" lon="-74.0435400">
    <ele>49.1</ele>
    <time>2026-01-09T17:40:34Z</time>
   </trkpt>
   <trkpt lat="40.7542650" lon="-74.0435940">
    <ele>49.0</ele>
    <time>2026-01-09T17:40:35Z</time>
   </trkpt>
   <trkpt lat="40.7542090" lon="-74.0436430">
    <ele>49.0</ele>
    <time>2026-01-09T17:40:36Z</time>
   </trkpt>
   <trkpt lat="40.7541520" lon="-74.0436930">
    <ele>49.0</ele>
    <time>2026-01-09T17:40:37Z</time>
   </trkpt>
   <trkpt lat="40.7540920" lon="-74.0437370">
    <ele>48.9</ele>
    <time>2026-01-09T17:40:38Z</time>
   </trkpt>
   <trkpt lat="40.7540420" lon="-74.0437790">
    <ele>48.8</ele>
    <time>2026-01-09T17:40:39Z</time>
   </trkpt>
   <trkpt lat="40.7539960" lon="-74.0438220">
    <ele>48.8</ele>
    <time>2026-01-09T17:40:40Z</time>
   </trkpt>
   <trkpt lat="40.7539400" lon="-74.0438600">
    <ele>48.7</ele>
    <time>2026-01-09T17:40:41Z</time>
   </trkpt>
   <trkpt lat="40.7538880" lon="-74.0438970">
    <ele>48.7</ele>
    <time>2026-01-09T17:40:42Z</time>
   </trkpt>
   <trkpt lat="40.7538380" lon="-74.0439310">
    <ele>48.6</ele>
    <time>2026-01-09T17:40:43Z</time>
   </trkpt>
   <trkpt lat="40.7537970" lon="-74.0439630">
    <ele>48.6</ele>
    <time>2026-01-09T17:40:44Z</time>
   </trkpt>
   <trkpt lat="40.7537490" lon="-74.0440070">
    <ele>48.5</ele>
    <time>2026-01-09T17:40:45Z</time>
   </trkpt>
   <trkpt lat="40.7536850" lon="-74.0440260">
    <ele>48.4</ele>
    <time>2026-01-09T17:40:46Z</time>
   </trkpt>
   <trkpt lat="40.7536300" lon="-74.0440600">
    <ele>48.4</ele>
    <time>2026-01-09T17:40:47Z</time>
   </trkpt>
   <trkpt lat="40.7535760" lon="-74.0440880">
    <ele>48.3</ele>
    <time>2026-01-09T17:40:48Z</time>
   </trkpt>
   <trkpt lat="40.7535250" lon="-74.0441330">
    <ele>48.3</ele>
    <time>2026-01-09T17:40:49Z</time>
   </trkpt>
   <trkpt lat="40.7534730" lon="-74.0441860">
    <ele>48.2</ele>
    <time>2026-01-09T17:40:50Z</time>
   </trkpt>
   <trkpt lat="40.7534210" lon="-74.0442230">
    <ele>48.2</ele>
    <time>2026-01-09T17:40:51Z</time>
   </trkpt>
   <trkpt lat="40.7533700" lon="-74.0442670">
    <ele>48.1</ele>
    <time>2026-01-09T17:40:52Z</time>
   </trkpt>
   <trkpt lat="40.7533190" lon="-74.0443030">
    <ele>48.1</ele>
    <time>2026-01-09T17:40:53Z</time>
   </trkpt>
   <trkpt lat="40.7532640" lon="-74.0443410">
    <ele>48.1</ele>
    <time>2026-01-09T17:40:54Z</time>
   </trkpt>
   <trkpt lat="40.7532150" lon="-74.0443830">
    <ele>48.0</ele>
    <time>2026-01-09T17:40:55Z</time>
   </trkpt>
   <trkpt lat="40.7531630" lon="-74.0444210">
    <ele>48.0</ele>
    <time>2026-01-09T17:40:56Z</time>
   </trkpt>
   <trkpt lat="40.7531110" lon="-74.0444580">
    <ele>48.0</ele>
    <time>2026-01-09T17:40:57Z</time>
   </trkpt>
   <trkpt lat="40.7530570" lon="-74.0444870">
    <ele>48.0</ele>
    <time>2026-01-09T17:40:58Z</time>
   </trkpt>
   <trkpt lat="40.7530050" lon="-74.0445370">
    <ele>48.0</ele>
    <time>2026-01-09T17:40:59Z</time>
   </trkpt>
   <trkpt lat="40.7529520" lon="-74.0445710">
    <ele>47.9</ele>
    <time>2026-01-09T17:41:00Z</time>
   </trkpt>
   <trkpt lat="40.7529000" lon="-74.0446090">
    <ele>47.9</ele>
    <time>2026-01-09T17:41:01Z</time>
   </trkpt>
   <trkpt lat="40.7528530" lon="-74.0446510">
    <ele>47.9</ele>
    <time>2026-01-09T17:41:02Z</time>
   </trkpt>
   <trkpt lat="40.7527990" lon="-74.0446840">
    <ele>47.9</ele>
    <time>2026-01-09T17:41:03Z</time>
   </trkpt>
   <trkpt lat="40.7527530" lon="-74.0447170">
    <ele>47.9</ele>
    <time>2026-01-09T17:41:04Z</time>
   </trkpt>
   <trkpt lat="40.7526990" lon="-74.0447550">
    <ele>47.8</ele>
    <time>2026-01-09T17:41:05Z</time>
   </trkpt>
   <trkpt lat="40.7526520" lon="-74.0447920">
    <ele>47.8</ele>
    <time>2026-01-09T17:41:06Z</time>
   </trkpt>
   <trkpt lat="40.7525950" lon="-74.0448220">
    <ele>47.8</ele>
    <time>2026-01-09T17:41:07Z</time>
   </trkpt>
   <trkpt lat="40.7525490" lon="-74.0448680">
    <ele>47.7</ele>
    <time>2026-01-09T17:41:08Z</time>
   </trkpt>
   <trkpt lat="40.7524930" lon="-74.0449130">
    <ele>47.7</ele>
    <time>2026-01-09T17:41:09Z</time>
   </trkpt>
   <trkpt lat="40.7524340" lon="-74.0449510">
    <ele>47.7</ele>
    <time>2026-01-09T17:41:10Z</time>
   </trkpt>
   <trkpt lat="40.7523780" lon="-74.0449780">
    <ele>47.8</ele>
    <time>2026-01-09T17:41:11Z</time>
   </trkpt>
   <trkpt lat="40.7523240" lon="-74.0450130">
    <ele>47.8</ele>
    <time>2026-01-09T17:41:12Z</time>
   </trkpt>
   <trkpt lat="40.7522770" lon="-74.0450620">
    <ele>47.9</ele>
    <time>2026-01-09T17:41:13Z</time>
   </trkpt>
   <trkpt lat="40.7522220" lon="-74.0450990">
    <ele>48.0</ele>
    <time>2026-01-09T17:41:14Z</time>
   </trkpt>
   <trkpt lat="40.7521690" lon="-74.0451320">
    <ele>48.0</ele>
    <time>2026-01-09T17:41:15Z</time>
   </trkpt>
   <trkpt lat="40.7521130" lon="-74.0451700">
    <ele>48.0</ele>
    <time>2026-01-09T17:41:16Z</time>
   </trkpt>
   <trkpt lat="40.7520620" lon="-74.0452010">
    <ele>48.1</ele>
    <time>2026-01-09T17:41:17Z</time>
   </trkpt>
   <trkpt lat="40.7520090" lon="-74.0452370">
    <ele>48.2</ele>
    <time>2026-01-09T17:41:18Z</time>
   </trkpt>
   <trkpt lat="40.7519570" lon="-74.0452670">
    <ele>48.3</ele>
    <time>2026-01-09T17:41:19Z</time>
   </trkpt>
   <trkpt lat="40.7519060" lon="-74.0453020">
    <ele>48.3</ele>
    <time>2026-01-09T17:41:20Z</time>
   </trkpt>
   <trkpt lat="40.7518580" lon="-74.0453380">
    <ele>48.4</ele>
    <time>2026-01-09T17:41:21Z</time>
   </trkpt>
   <trkpt lat="40.7518040" lon="-74.0453710">
    <ele>48.5</ele>
    <time>2026-01-09T17:41:22Z</time>
   </trkpt>
   <trkpt lat="40.7517550" lon="-74.0454020">
    <ele>48.5</ele>
    <time>2026-01-09T17:41:23Z</time>
   </trkpt>
   <trkpt lat="40.7517060" lon="-74.0454370">
    <ele>48.6</ele>
    <time>2026-01-09T17:41:24Z</time>
   </trkpt>
   <trkpt lat="40.7516590" lon="-74.0454700">
    <ele>48.6</ele>
    <time>2026-01-09T17:41:25Z</time>
   </trkpt>
   <trkpt lat="40.7516020" lon="-74.0454980">
    <ele>48.7</ele>
    <time>2026-01-09T17:41:26Z</time>
   </trkpt>
   <trkpt lat="40.7515590" lon="-74.0455260">
    <ele>48.7</ele>
    <time>2026-01-09T17:41:27Z</time>
   </trkpt>
   <trkpt lat="40.7515020" lon="-74.0455630">
    <ele>48.8</ele>
    <time>2026-01-09T17:41:28Z</time>
   </trkpt>
   <trkpt lat="40.7514530" lon="-74.0456050">
    <ele>48.8</ele>
    <time>2026-01-09T17:41:29Z</time>
   </trkpt>
   <trkpt lat="40.7514010" lon="-74.0456360">
    <ele>48.8</ele>
    <time>2026-01-09T17:41:30Z</time>
   </trkpt>
   <trkpt lat="40.7513520" lon="-74.0456640">
    <ele>48.9</ele>
    <time>2026-01-09T17:41:31Z</time>
   </trkpt>
   <trkpt lat="40.7513040" lon="-74.0456920">
    <ele>48.9</ele>
    <time>2026-01-09T17:41:32Z</time>
   </trkpt>
   <trkpt lat="40.7512490" lon="-74.0457210">
    <ele>49.0</ele>
    <time>2026-01-09T17:41:33Z</time>
   </trkpt>
   <trkpt lat="40.7511980" lon="-74.0457480">
    <ele>49.0</ele>
    <time>2026-01-09T17:41:34Z</time>
   </trkpt>
   <trkpt lat="40.7511460" lon="-74.0457900">
    <ele>49.0</ele>
    <time>2026-01-09T17:41:35Z</time>
   </trkpt>
   <trkpt lat="40.7511000" lon="-74.0458230">
    <ele>49.1</ele>
    <time>2026-01-09T17:41:36Z</time>
   </trkpt>
   <trkpt lat="40.7510520" lon="-74.0458630">
    <ele>49.1</ele>
    <time>2026-01-09T17:41:37Z</time>
   </trkpt>
   <trkpt lat="40.7510080" lon="-74.0459140">
    <ele>49.1</ele>
    <time>2026-01-09T17:41:38Z</time>
   </trkpt>
   <trkpt lat="40.7509600" lon="-74.0459640">
    <ele>49.0</ele>
    <time>2026-01-09T17:41:39Z</time>
   </trkpt>
   <trkpt lat="40.7509160" lon="-74.0459970">
    <ele>48.9</ele>
    <time>2026-01-09T17:41:40Z</time>
   </trkpt>
   <trkpt lat="40.7508680" lon="-74.0460270">
    <ele>48.8</ele>
    <time>2026-01-09T17:41:41Z</time>
   </trkpt>
   <trkpt lat="40.7508120" lon="-74.0460630">
    <ele>48.7</ele>
    <time>2026-01-09T17:41:42Z</time>
   </trkpt>
   <trkpt lat="40.7507610" lon="-74.0460890">
    <ele>48.7</ele>
    <time>2026-01-09T17:41:43Z</time>
   </trkpt>
   <trkpt lat="40.7507100" lon="-74.0461190">
    <ele>48.6</ele>
    <time>2026-01-09T17:41:44Z</time>
   </trkpt>
   <trkpt lat="40.7506690" lon="-74.0461500">
    <ele>48.6</ele>
    <time>2026-01-09T17:41:45Z</time>
   </trkpt>
   <trkpt lat="40.7506130" lon="-74.0461870">
    <ele>48.5</ele>
    <time>2026-01-09T17:41:46Z</time>
   </trkpt>
   <trkpt lat="40.7505590" lon="-74.0462240">
    <ele>48.4</ele>
    <time>2026-01-09T17:41:47Z</time>
   </trkpt>
   <trkpt lat="40.7505070" lon="-74.0462690">
    <ele>48.3</ele>
    <time>2026-01-09T17:41:48Z</time>
   </trkpt>
   <trkpt lat="40.7504480" lon="-74.0463030">
    <ele>48.2</ele>
    <time>2026-01-09T17:41:49Z</time>
   </trkpt>
   <trkpt lat="40.7503850" lon="-74.0463290">
    <ele>48.1</ele>
    <time>2026-01-09T17:41:50Z</time>
   </trkpt>
   <trkpt lat="40.7503300" lon="-74.0463770">
    <ele>48.0</ele>
    <time>2026-01-09T17:41:51Z</time>
   </trkpt>
   <trkpt lat="40.7502810" lon="-74.0464190">
    <ele>47.9</ele>
    <time>2026-01-09T17:41:52Z</time>
   </trkpt>
   <trkpt lat="40.7502290" lon="-74.0464680">
    <ele>47.8</ele>
    <time>2026-01-09T17:41:53Z</time>
   </trkpt>
   <trkpt lat="40.7501730" lon="-74.0465010">
    <ele>47.7</ele>
    <time>2026-01-09T17:41:54Z</time>
   </trkpt>
   <trkpt lat="40.7501170" lon="-74.0465350">
    <ele>47.5</ele>
    <time>2026-01-09T17:41:55Z</time>
   </trkpt>
   <trkpt lat="40.7500680" lon="-74.0465740">
    <ele>47.4</ele>
    <time>2026-01-09T17:41:56Z</time>
   </trkpt>
   <trkpt lat="40.7500130" lon="-74.0466080">
    <ele>47.3</ele>
    <time>2026-01-09T17:41:57Z</time>
   </trkpt>
   <trkpt lat="40.7499590" lon="-74.0466560">
    <ele>47.2</ele>
    <time>2026-01-09T17:41:58Z</time>
   </trkpt>
   <trkpt lat="40.7499100" lon="-74.0466930">
    <ele>47.1</ele>
    <time>2026-01-09T17:41:59Z</time>
   </trkpt>
   <trkpt lat="40.7498550" lon="-74.0467290">
    <ele>47.0</ele>
    <time>2026-01-09T17:42:00Z</time>
   </trkpt>
   <trkpt lat="40.7498030" lon="-74.0467770">
    <ele>46.8</ele>
    <time>2026-01-09T17:42:01Z</time>
   </trkpt>
   <trkpt lat="40.7497410" lon="-74.0468130">
    <ele>46.7</ele>
    <time>2026-01-09T17:42:02Z</time>
   </trkpt>
   <trkpt lat="40.7496840" lon="-74.0468500">
    <ele>46.6</ele>
    <time>2026-01-09T17:42:03Z</time>
   </trkpt>
   <trkpt lat="40.7496270" lon="-74.0468870">
    <ele>46.6</ele>
    <time>2026-01-09T17:42:04Z</time>
   </trkpt>
   <trkpt lat="40.7495750" lon="-74.0469190">
    <ele>46.5</ele>
    <time>2026-01-09T17:42:05Z</time>
   </trkpt>
   <trkpt lat="40.7495260" lon="-74.0469500">
    <ele>46.4</ele>
    <time>2026-01-09T17:42:06Z</time>
   </trkpt>
   <trkpt lat="40.7494720" lon="-74.0469830">
    <ele>46.4</ele>
    <time>2026-01-09T17:42:07Z</time>
   </trkpt>
   <trkpt lat="40.7494200" lon="-74.0470370">
    <ele>46.3</ele>
    <time>2026-01-09T17:42:08Z</time>
   </trkpt>
   <trkpt lat="40.7493720" lon="-74.0470720">
    <ele>46.3</ele>
    <time>2026-01-09T17:42:09Z</time>
   </trkpt>
   <trkpt lat="40.7493300" lon="-74.0471010">
    <ele>46.3</ele>
    <time>2026-01-09T17:42:10Z</time>
   </trkpt>
   <trkpt lat="40.7492880" lon="-74.0471390">
    <ele>46.3</ele>
    <time>2026-01-09T17:42:11Z</time>
   </trkpt>
   <trkpt lat="40.7492520" lon="-74.0471710">
    <ele>46.3</ele>
    <time>2026-01-09T17:42:12Z</time>
   </trkpt>
   <trkpt lat="40.7492220" lon="-74.0471850">
    <ele>46.3</ele>
    <time>2026-01-09T17:42:13Z</time>
   </trkpt>
   <trkpt lat="40.7492000" lon="-74.0472080">
    <ele>46.3</ele>
    <time>2026-01-09T17:42:14Z</time>
   </trkpt>
   <trkpt lat="40.7491840" lon="-74.0472180">
    <ele>46.3</ele>
    <time>2026-01-09T17:42:15Z</time>
   </trkpt>
   <trkpt lat="40.7491730" lon="-74.0472240">
    <ele>46.4</ele>
    <time>2026-01-09T17:42:16Z</time>
   </trkpt>
   <trkpt lat="40.7491680" lon="-74.0472230">
    <ele>46.4</ele>
    <time>2026-01-09T17:42:17Z</time>
   </trkpt>
   <trkpt lat="40.7491640" lon="-74.0472220">
    <ele>46.4</ele>
    <time>2026-01-09T17:42:18Z</time>
   </trkpt>
   <trkpt lat="40.7491580" lon="-74.0472210">
    <ele>46.4</ele>
    <time>2026-01-09T17:42:19Z</time>
   </trkpt>
   <trkpt lat="40.7491500" lon="-74.0472230">
    <ele>46.4</ele>
    <time>2026-01-09T17:42:20Z</time>
   </trkpt>
   <trkpt lat="40.7491410" lon="-74.0472260">
    <ele>46.4</ele>
    <time>2026-01-09T17:42:21Z</time>
   </trkpt>
   <trkpt lat="40.7491330" lon="-74.0472290">
    <ele>46.4</ele>
    <time>2026-01-09T17:42:22Z</time>
   </trkpt>
   <trkpt lat="40.7491310" lon="-74.0472300">
    <ele>46.4</ele>
    <time>2026-01-09T17:42:23Z</time>
   </trkpt>
   <trkpt lat="40.7491140" lon="-74.0472380">
    <ele>46.4</ele>
    <time>2026-01-09T17:42:24Z</time>
   </trkpt>
   <trkpt lat="40.7490960" lon="-74.0472490">
    <ele>46.4</ele>
    <time>2026-01-09T17:42:25Z</time>
   </trkpt>
   <trkpt lat="40.7490840" lon="-74.0472570">
    <ele>46.4</ele>
    <time>2026-01-09T17:42:26Z</time>
   </trkpt>
   <trkpt lat="40.7490730" lon="-74.0472650">
    <ele>46.5</ele>
    <time>2026-01-09T17:42:27Z</time>
   </trkpt>
   <trkpt lat="40.7490420" lon="-74.0472860">
    <ele>46.5</ele>
    <time>2026-01-09T17:42:28Z</time>
   </trkpt>
   <trkpt lat="40.7490070" lon="-74.0473020">
    <ele>46.5</ele>
    <time>2026-01-09T17:42:29Z</time>
   </trkpt>
   <trkpt lat="40.7489710" lon="-74.0473310">
    <ele>46.6</ele>
    <time>2026-01-09T17:42:30Z</time>
   </trkpt>
   <trkpt lat="40.7489370" lon="-74.0473570">
    <ele>46.6</ele>
    <time>2026-01-09T17:42:31Z</time>
   </trkpt>
   <trkpt lat="40.7489080" lon="-74.0473910">
    <ele>46.6</ele>
    <time>2026-01-09T17:42:32Z</time>
   </trkpt>
   <trkpt lat="40.7488740" lon="-74.0474030">
    <ele>46.7</ele>
    <time>2026-01-09T17:42:33Z</time>
   </trkpt>
   <trkpt lat="40.7488430" lon="-74.0474200">
    <ele>46.7</ele>
    <time>2026-01-09T17:42:34Z</time>
   </trkpt>
   <trkpt lat="40.7488000" lon="-74.0474390">
    <ele>46.7</ele>
    <time>2026-01-09T17:42:35Z</time>
   </trkpt>
   <trkpt lat="40.7487630" lon="-74.0474690">
    <ele>46.7</ele>
    <time>2026-01-09T17:42:36Z</time>
   </trkpt>
   <trkpt lat="40.7487180" lon="-74.0474980">
    <ele>46.8</ele>
    <time>2026-01-09T17:42:37Z</time>
   </trkpt>
   <trkpt lat="40.7486710" lon="-74.0475240">
    <ele>46.8</ele>
    <time>2026-01-09T17:42:38Z</time>
   </trkpt>
   <trkpt lat="40.7486400" lon="-74.0475550">
    <ele>46.8</ele>
    <time>2026-01-09T17:42:39Z</time>
   </trkpt>
   <trkpt lat="40.7485930" lon="-74.0475940">
    <ele>46.8</ele>
    <time>2026-01-09T17:42:41Z</time>
   </trkpt>
   <trkpt lat="40.7485610" lon="-74.0476230">
    <ele>46.8</ele>
    <time>2026-01-09T17:42:43Z</time>
   </trkpt>
   <trkpt lat="40.7485480" lon="-74.0476420">
    <ele>46.8</ele>
    <time>2026-01-09T17:42:44Z</time>
   </trkpt>
   <trkpt lat="40.7485230" lon="-74.0476560">
    <ele>46.8</ele>
    <time>2026-01-09T17:42:46Z</time>
   </trkpt>
   <trkpt lat="40.7485050" lon="-74.0476650">
    <ele>46.8</ele>
    <time>2026-01-09T17:42:47Z</time>
   </trkpt>
   <trkpt lat="40.7484860" lon="-74.0476700">
    <ele>46.8</ele>
    <time>2026-01-09T17:42:48Z</time>
   </trkpt>
   <trkpt lat="40.7484510" lon="-74.0476860">
    <ele>46.8</ele>
    <time>2026-01-09T17:42:49Z</time>
   </trkpt>
   <trkpt lat="40.7484380" lon="-74.0476920">
    <ele>46.8</ele>
    <time>2026-01-09T17:42:50Z</time>
   </trkpt>
   <trkpt lat="40.7484010" lon="-74.0477060">
    <ele>46.7</ele>
    <time>2026-01-09T17:42:51Z</time>
   </trkpt>
   <trkpt lat="40.7483640" lon="-74.0477190">
    <ele>46.7</ele>
    <time>2026-01-09T17:42:52Z</time>
   </trkpt>
   <trkpt lat="40.7483270" lon="-74.0477400">
    <ele>46.7</ele>
    <time>2026-01-09T17:42:53Z</time>
   </trkpt>
   <trkpt lat="40.7482990" lon="-74.0477610">
    <ele>46.6</ele>
    <time>2026-01-09T17:42:54Z</time>
   </trkpt>
   <trkpt lat="40.7482720" lon="-74.0477780">
    <ele>46.6</ele>
    <time>2026-01-09T17:42:55Z</time>
   </trkpt>
   <trkpt lat="40.7482620" lon="-74.0477900">
    <ele>46.6</ele>
    <time>2026-01-09T17:42:56Z</time>
   </trkpt>
   <trkpt lat="40.7482430" lon="-74.0477940">
    <ele>46.5</ele>
    <time>2026-01-09T17:42:57Z</time>
   </trkpt>
   <trkpt lat="40.7482210" lon="-74.0478110">
    <ele>46.5</ele>
    <time>2026-01-09T17:42:58Z</time>
   </trkpt>
   <trkpt lat="40.7482110" lon="-74.0478190">
    <ele>46.5</ele>
    <time>2026-01-09T17:42:59Z</time>
   </trkpt>
   <trkpt lat="40.7481750" lon="-74.0478440">
    <ele>46.4</ele>
    <time>2026-01-09T17:43:00Z</time>
   </trkpt>
   <trkpt lat="40.7481630" lon="-74.0478550">
    <ele>46.4</ele>
    <time>2026-01-09T17:43:01Z</time>
   </trkpt>
   <trkpt lat="40.7481220" lon="-74.0478720">
    <ele>46.3</ele>
    <time>2026-01-09T17:43:02Z</time>
   </trkpt>
   <trkpt lat="40.7480900" lon="-74.0478870">
    <ele>46.2</ele>
    <time>2026-01-09T17:43:03Z</time>
   </trkpt>
   <trkpt lat="40.7480600" lon="-74.0479180">
    <ele>46.1</ele>
    <time>2026-01-09T17:43:04Z</time>
   </trkpt>
   <trkpt lat="40.7480330" lon="-74.0479430">
    <ele>46.1</ele>
    <time>2026-01-09T17:43:05Z</time>
   </trkpt>
   <trkpt lat="40.7480080" lon="-74.0479710">
    <ele>46.0</ele>
    <time>2026-01-09T17:43:06Z</time>
   </trkpt>
   <trkpt lat="40.7479820" lon="-74.0480000">
    <ele>45.9</ele>
    <time>2026-01-09T17:43:07Z</time>
   </trkpt>
   <trkpt lat="40.7479530" lon="-74.0480230">
    <ele>45.8</ele>
    <time>2026-01-09T17:43:08Z</time>
   </trkpt>
   <trkpt lat="40.7479170" lon="-74.0480500">
    <ele>45.8</ele>
    <time>2026-01-09T17:43:09Z</time>
   </trkpt>
   <trkpt lat="40.7478840" lon="-74.0480690">
    <ele>45.7</ele>
    <time>2026-01-09T17:43:10Z</time>
   </trkpt>
   <trkpt lat="40.7478490" lon="-74.0480920">
    <ele>45.5</ele>
    <time>2026-01-09T17:43:11Z</time>
   </trkpt>
   <trkpt lat="40.7478220" lon="-74.0481210">
    <ele>45.4</ele>
    <time>2026-01-09T17:43:12Z</time>
   </trkpt>
   <trkpt lat="40.7478010" lon="-74.0481350">
    <ele>45.4</ele>
    <time>2026-01-09T17:43:13Z</time>
   </trkpt>
   <trkpt lat="40.7477960" lon="-74.0481340">
    <ele>45.4</ele>
    <time>2026-01-09T17:43:14Z</time>
   </trkpt>
   <trkpt lat="40.7477800" lon="-74.0481390">
    <ele>45.3</ele>
    <time>2026-01-09T17:43:15Z</time>
   </trkpt>
   <trkpt lat="40.7477690" lon="-74.0481490">
    <ele>45.3</ele>
    <time>2026-01-09T17:43:16Z</time>
   </trkpt>
   <trkpt lat="40.7477410" lon="-74.0481660">
    <ele>45.2</ele>
    <time>2026-01-09T17:43:17Z</time>
   </trkpt>
   <trkpt lat="40.7477300" lon="-74.0481720">
    <ele>45.1</ele>
    <time>2026-01-09T17:43:18Z</time>
   </trkpt>
   <trkpt lat="40.7477050" lon="-74.0481900">
    <ele>45.1</ele>
    <time>2026-01-09T17:43:19Z</time>
   </trkpt>
   <trkpt lat="40.7476970" lon="-74.0481950">
    <ele>45.0</ele>
    <time>2026-01-09T17:43:20Z</time>
   </trkpt>
   <trkpt lat="40.7476830" lon="-74.0481990">
    <ele>45.0</ele>
    <time>2026-01-09T17:43:21Z</time>
   </trkpt>
   <trkpt lat="40.7476650" lon="-74.0482140">
    <ele>44.9</ele>
    <time>2026-01-09T17:43:22Z</time>
   </trkpt>
   <trkpt lat="40.7476530" lon="-74.0482240">
    <ele>44.9</ele>
    <time>2026-01-09T17:43:23Z</time>
   </trkpt>
   <trkpt lat="40.7476510" lon="-74.0482300">
    <ele>44.9</ele>
    <time>2026-01-09T17:43:24Z</time>
   </trkpt>
   <trkpt lat="40.7476490" lon="-74.0482310">
    <ele>44.9</ele>
    <time>2026-01-09T17:43:25Z</time>
   </trkpt>
   <trkpt lat="40.7476460" lon="-74.0482340">
    <ele>44.9</ele>
    <time>2026-01-09T17:43:26Z</time>
   </trkpt>
   <trkpt lat="40.7476480" lon="-74.0482320">
    <ele>44.9</ele>
    <time>2026-01-09T17:43:27Z</time>
   </trkpt>
   <trkpt lat="40.7476470" lon="-74.0482320">
    <ele>44.9</ele>
    <time>2026-01-09T17:43:28Z</time>
   </trkpt>
   <trkpt lat="40.7476450" lon="-74.0482340">
    <ele>44.8</ele>
    <time>2026-01-09T17:43:29Z</time>
   </trkpt>
   <trkpt lat="40.7476390" lon="-74.0482420">
    <ele>44.8</ele>
    <time>2026-01-09T17:43:30Z</time>
   </trkpt>
   <trkpt lat="40.7476290" lon="-74.0482480">
    <ele>44.8</ele>
    <time>2026-01-09T17:43:31Z</time>
   </trkpt>
   <trkpt lat="40.7476250" lon="-74.0482490">
    <ele>44.8</ele>
    <time>2026-01-09T17:43:32Z</time>
   </trkpt>
   <trkpt lat="40.7476210" lon="-74.0482520">
    <ele>44.8</ele>
    <time>2026-01-09T17:43:33Z</time>
   </trkpt>
   <trkpt lat="40.7476240" lon="-74.0482510">
    <ele>44.8</ele>
    <time>2026-01-09T17:43:34Z</time>
   </trkpt>
   <trkpt lat="40.7476240" lon="-74.0482510">
    <ele>44.8</ele>
    <time>2026-01-09T17:43:35Z</time>
   </trkpt>
   <trkpt lat="40.7476240" lon="-74.0482510">
    <ele>44.8</ele>
    <time>2026-01-09T17:43:36Z</time>
   </trkpt>
   <trkpt lat="40.7476240" lon="-74.0482510">
    <ele>44.8</ele>
    <time>2026-01-09T17:43:37Z</time>
   </trkpt>
   <trkpt lat="40.7476240" lon="-74.0482510">
    <ele>44.8</ele>
    <time>2026-01-09T17:43:38Z</time>
   </trkpt>
   <trkpt lat="40.7476240" lon="-74.0482510">
    <ele>44.8</ele>
    <time>2026-01-09T17:43:39Z</time>
   </trkpt>
   <trkpt lat="40.7476240" lon="-74.0482510">
    <ele>44.8</ele>
    <time>2026-01-09T17:43:40Z</time>
   </trkpt>
   <trkpt lat="40.7476220" lon="-74.0482670">
    <ele>44.7</ele>
    <time>2026-01-09T17:43:41Z</time>
   </trkpt>
   <trkpt lat="40.7476150" lon="-74.0482700">
    <ele>44.7</ele>
    <time>2026-01-09T17:43:42Z</time>
   </trkpt>
   <trkpt lat="40.7476060" lon="-74.0482730">
    <ele>44.7</ele>
    <time>2026-01-09T17:43:43Z</time>
   </trkpt>
   <trkpt lat="40.7476030" lon="-74.0482730">
    <ele>44.7</ele>
    <time>2026-01-09T17:43:44Z</time>
   </trkpt>
   <trkpt lat="40.7476010" lon="-74.0482740">
    <ele>44.7</ele>
    <time>2026-01-09T17:43:45Z</time>
   </trkpt>
   <trkpt lat="40.7475990" lon="-74.0482740">
    <ele>44.6</ele>
    <time>2026-01-09T17:43:46Z</time>
   </trkpt>
   <trkpt lat="40.7475960" lon="-74.0482750">
    <ele>44.6</ele>
    <time>2026-01-09T17:43:47Z</time>
   </trkpt>
   <trkpt lat="40.7475940" lon="-74.0482750">
    <ele>44.6</ele>
    <time>2026-01-09T17:43:48Z</time>
   </trkpt>
   <trkpt lat="40.7475920" lon="-74.0482760">
    <ele>44.6</ele>
    <time>2026-01-09T17:43:49Z</time>
   </trkpt>
   <trkpt lat="40.7475890" lon="-74.0482760">
    <ele>44.6</ele>
    <time>2026-01-09T17:43:50Z</time>
   </trkpt>
   <trkpt lat="40.7475870" lon="-74.0482770">
    <ele>44.6</ele>
    <time>2026-01-09T17:43:51Z</time>
   </trkpt>
   <trkpt lat="40.7475840" lon="-74.0482770">
    <ele>44.6</ele>
    <time>2026-01-09T17:43:52Z</time>
   </trkpt>
   <trkpt lat="40.7475820" lon="-74.0482780">
    <ele>44.6</ele>
    <time>2026-01-09T17:43:53Z</time>
   </trkpt>
   <trkpt lat="40.7475800" lon="-74.0482780">
    <ele>44.6</ele>
    <time>2026-01-09T17:43:54Z</time>
   </trkpt>
   <trkpt lat="40.7475770" lon="-74.0482790">
    <ele>44.6</ele>
    <time>2026-01-09T17:43:55Z</time>
   </trkpt>
   <trkpt lat="40.7475750" lon="-74.0482790">
    <ele>44.6</ele>
    <time>2026-01-09T17:43:56Z</time>
   </trkpt>
   <trkpt lat="40.7475730" lon="-74.0482800">
    <ele>44.6</ele>
    <time>2026-01-09T17:43:57Z</time>
   </trkpt>
   <trkpt lat="40.7475700" lon="-74.0482800">
    <ele>44.6</ele>
    <time>2026-01-09T17:43:58Z</time>
   </trkpt>
   <trkpt lat="40.7475680" lon="-74.0482810">
    <ele>44.6</ele>
    <time>2026-01-09T17:43:59Z</time>
   </trkpt>
   <trkpt lat="40.7475380" lon="-74.0483020">
    <ele>44.5</ele>
    <time>2026-01-09T17:44:00Z</time>
   </trkpt>
   <trkpt lat="40.7475130" lon="-74.0483210">
    <ele>44.4</ele>
    <time>2026-01-09T17:44:01Z</time>
   </trkpt>
   <trkpt lat="40.7474770" lon="-74.0483370">
    <ele>44.3</ele>
    <time>2026-01-09T17:44:02Z</time>
   </trkpt>
   <trkpt lat="40.7474430" lon="-74.0483770">
    <ele>44.1</ele>
    <time>2026-01-09T17:44:03Z</time>
   </trkpt>
   <trkpt lat="40.7474110" lon="-74.0484080">
    <ele>44.0</ele>
    <time>2026-01-09T17:44:04Z</time>
   </trkpt>
   <trkpt lat="40.7473680" lon="-74.0484310">
    <ele>43.9</ele>
    <time>2026-01-09T17:44:05Z</time>
   </trkpt>
   <trkpt lat="40.7473300" lon="-74.0484550">
    <ele>43.8</ele>
    <time>2026-01-09T17:44:06Z</time>
   </trkpt>
   <trkpt lat="40.7472940" lon="-74.0484910">
    <ele>43.7</ele>
    <time>2026-01-09T17:44:07Z</time>
   </trkpt>
   <trkpt lat="40.7472540" lon="-74.0485050">
    <ele>43.6</ele>
    <time>2026-01-09T17:44:08Z</time>
   </trkpt>
   <trkpt lat="40.7472100" lon="-74.0485300">
    <ele>43.5</ele>
    <time>2026-01-09T17:44:09Z</time>
   </trkpt>
   <trkpt lat="40.7471710" lon="-74.0485570">
    <ele>43.3</ele>
    <time>2026-01-09T17:44:10Z</time>
   </trkpt>
   <trkpt lat="40.7471330" lon="-74.0485880">
    <ele>43.2</ele>
    <time>2026-01-09T17:44:11Z</time>
   </trkpt>
   <trkpt lat="40.7470890" lon="-74.0486190">
    <ele>43.1</ele>
    <time>2026-01-09T17:44:12Z</time>
   </trkpt>
   <trkpt lat="40.7470450" lon="-74.0486390">
    <ele>42.9</ele>
    <time>2026-01-09T17:44:13Z</time>
   </trkpt>
   <trkpt lat="40.7469980" lon="-74.0486700">
    <ele>42.8</ele>
    <time>2026-01-09T17:44:14Z</time>
   </trkpt>
   <trkpt lat="40.7469500" lon="-74.0487050">
    <ele>42.6</ele>
    <time>2026-01-09T17:44:15Z</time>
   </trkpt>
   <trkpt lat="40.7469070" lon="-74.0487410">
    <ele>42.5</ele>
    <time>2026-01-09T17:44:16Z</time>
   </trkpt>
   <trkpt lat="40.7468610" lon="-74.0487790">
    <ele>42.3</ele>
    <time>2026-01-09T17:44:17Z</time>
   </trkpt>
   <trkpt lat="40.7468140" lon="-74.0488230">
    <ele>42.1</ele>
    <time>2026-01-09T17:44:18Z</time>
   </trkpt>
   <trkpt lat="40.7467680" lon="-74.0488560">
    <ele>42.0</ele>
    <time>2026-01-09T17:44:19Z</time>
   </trkpt>
   <trkpt lat="40.7467220" lon="-74.0488970">
    <ele>41.8</ele>
    <time>2026-01-09T17:44:20Z</time>
   </trkpt>
   <trkpt lat="40.7466750" lon="-74.0489300">
    <ele>41.7</ele>
    <time>2026-01-09T17:44:21Z</time>
   </trkpt>
   <trkpt lat="40.7466220" lon="-74.0489560">
    <ele>41.5</ele>
    <time>2026-01-09T17:44:22Z</time>
   </trkpt>
   <trkpt lat="40.7465700" lon="-74.0489870">
    <ele>41.3</ele>
    <time>2026-01-09T17:44:23Z</time>
   </trkpt>
   <trkpt lat="40.7465220" lon="-74.0490230">
    <ele>41.2</ele>
    <time>2026-01-09T17:44:24Z</time>
   </trkpt>
   <trkpt lat="40.7464670" lon="-74.0490450">
    <ele>41.0</ele>
    <time>2026-01-09T17:44:25Z</time>
   </trkpt>
   <trkpt lat="40.7464140" lon="-74.0490790">
    <ele>40.8</ele>
    <time>2026-01-09T17:44:26Z</time>
   </trkpt>
   <trkpt lat="40.7463610" lon="-74.0491140">
    <ele>40.7</ele>
    <time>2026-01-09T17:44:27Z</time>
   </trkpt>
   <trkpt lat="40.7463090" lon="-74.0491500">
    <ele>40.5</ele>
    <time>2026-01-09T17:44:28Z</time>
   </trkpt>
   <trkpt lat="40.7462530" lon="-74.0491840">
    <ele>40.3</ele>
    <time>2026-01-09T17:44:29Z</time>
   </trkpt>
   <trkpt lat="40.7461980" lon="-74.0492090">
    <ele>40.1</ele>
    <time>2026-01-09T17:44:30Z</time>
   </trkpt>
   <trkpt lat="40.7461510" lon="-74.0492290">
    <ele>40.0</ele>
    <time>2026-01-09T17:44:31Z</time>
   </trkpt>
   <trkpt lat="40.7461150" lon="-74.0492300">
    <ele>39.9</ele>
    <time>2026-01-09T17:44:32Z</time>
   </trkpt>
   <trkpt lat="40.7461040" lon="-74.0492230">
    <ele>39.8</ele>
    <time>2026-01-09T17:44:33Z</time>
   </trkpt>
   <trkpt lat="40.7460760" lon="-74.0492240">
    <ele>39.8</ele>
    <time>2026-01-09T17:44:34Z</time>
   </trkpt>
   <trkpt lat="40.7460670" lon="-74.0492320">
    <ele>39.7</ele>
    <time>2026-01-09T17:44:35Z</time>
   </trkpt>
   <trkpt lat="40.7460530" lon="-74.0492500">
    <ele>39.7</ele>
    <time>2026-01-09T17:44:36Z</time>
   </trkpt>
   <trkpt lat="40.7460400" lon="-74.0492570">
    <ele>39.7</ele>
    <time>2026-01-09T17:44:37Z</time>
   </trkpt>
   <trkpt lat="40.7460350" lon="-74.0492590">
    <ele>39.7</ele>
    <time>2026-01-09T17:44:38Z</time>
   </trkpt>
   <trkpt lat="40.7460390" lon="-74.0492610">
    <ele>39.7</ele>
    <time>2026-01-09T17:44:40Z</time>
   </trkpt>
   <trkpt lat="40.7460370" lon="-74.0492650">
    <ele>39.6</ele>
    <time>2026-01-09T17:44:41Z</time>
   </trkpt>
   <trkpt lat="40.7460380" lon="-74.0492600">
    <ele>39.6</ele>
    <time>2026-01-09T17:44:42Z</time>
   </trkpt>
   <trkpt lat="40.7460360" lon="-74.0492640">
    <ele>39.6</ele>
    <time>2026-01-09T17:44:43Z</time>
   </trkpt>
   <trkpt lat="40.7460380" lon="-74.0492610">
    <ele>39.6</ele>
    <time>2026-01-09T17:44:44Z</time>
   </trkpt>
   <trkpt lat="40.7460400" lon="-74.0492580">
    <ele>39.6</ele>
    <time>2026-01-09T17:44:45Z</time>
   </trkpt>
   <trkpt lat="40.7460390" lon="-74.0492570">
    <ele>39.6</ele>
    <time>2026-01-09T17:44:46Z</time>
   </trkpt>
   <trkpt lat="40.7460360" lon="-74.0492540">
    <ele>39.6</ele>
    <time>2026-01-09T17:44:47Z</time>
   </trkpt>
   <trkpt lat="40.7460320" lon="-74.0492530">
    <ele>39.6</ele>
    <time>2026-01-09T17:44:48Z</time>
   </trkpt>
   <trkpt lat="40.7460280" lon="-74.0492520">
    <ele>39.6</ele>
    <time>2026-01-09T17:44:49Z</time>
   </trkpt>
   <trkpt lat="40.7460310" lon="-74.0492530">
    <ele>39.6</ele>
    <time>2026-01-09T17:44:50Z</time>
   </trkpt>
   <trkpt lat="40.7460300" lon="-74.0492530">
    <ele>39.6</ele>
    <time>2026-01-09T17:44:51Z</time>
   </trkpt>
   <trkpt lat="40.7460330" lon="-74.0492550">
    <ele>39.6</ele>
    <time>2026-01-09T17:44:52Z</time>
   </trkpt>
   <trkpt lat="40.7460370" lon="-74.0492550">
    <ele>39.6</ele>
    <time>2026-01-09T17:44:53Z</time>
   </trkpt>
   <trkpt lat="40.7460350" lon="-74.0492560">
    <ele>39.6</ele>
    <time>2026-01-09T17:44:54Z</time>
   </trkpt>
   <trkpt lat="40.7460390" lon="-74.0492610">
    <ele>39.6</ele>
    <time>2026-01-09T17:44:55Z</time>
   </trkpt>
   <trkpt lat="40.7460410" lon="-74.0492610">
    <ele>39.6</ele>
    <time>2026-01-09T17:44:56Z</time>
   </trkpt>
   <trkpt lat="40.7460410" lon="-74.0492570">
    <ele>39.6</ele>
    <time>2026-01-09T17:44:57Z</time>
   </trkpt>
   <trkpt lat="40.7460340" lon="-74.0492660">
    <ele>39.6</ele>
    <time>2026-01-09T17:44:58Z</time>
   </trkpt>
   <trkpt lat="40.7460340" lon="-74.0492660">
    <ele>39.6</ele>
    <time>2026-01-09T17:44:59Z</time>
   </trkpt>
   <trkpt lat="40.7460470" lon="-74.0492640">
    <ele>39.6</ele>
    <time>2026-01-09T17:45:00Z</time>
   </trkpt>
   <trkpt lat="40.7460460" lon="-74.0492620">
    <ele>39.6</ele>
    <time>2026-01-09T17:45:01Z</time>
   </trkpt>
   <trkpt lat="40.7460520" lon="-74.0492600">
    <ele>39.6</ele>
    <time>2026-01-09T17:45:02Z</time>
   </trkpt>
   <trkpt lat="40.7460550" lon="-74.0492610">
    <ele>39.6</ele>
    <time>2026-01-09T17:45:03Z</time>
   </trkpt>
   <trkpt lat="40.7460380" lon="-74.0492770">
    <ele>39.6</ele>
    <time>2026-01-09T17:45:04Z</time>
   </trkpt>
   <trkpt lat="40.7460300" lon="-74.0492810">
    <ele>39.6</ele>
    <time>2026-01-09T17:45:05Z</time>
   </trkpt>
   <trkpt lat="40.7460340" lon="-74.0492690">
    <ele>39.6</ele>
    <time>2026-01-09T17:45:06Z</time>
   </trkpt>
   <trkpt lat="40.7460280" lon="-74.0492790">
    <ele>39.5</ele>
    <time>2026-01-09T17:45:07Z</time>
   </trkpt>
   <trkpt lat="40.7460290" lon="-74.0492780">
    <ele>39.5</ele>
    <time>2026-01-09T17:45:08Z</time>
   </trkpt>
   <trkpt lat="40.7460240" lon="-74.0492760">
    <ele>39.5</ele>
    <time>2026-01-09T17:45:09Z</time>
   </trkpt>
   <trkpt lat="40.7460240" lon="-74.0492750">
    <ele>39.5</ele>
    <time>2026-01-09T17:45:10Z</time>
   </trkpt>
   <trkpt lat="40.7460240" lon="-74.0492750">
    <ele>39.5</ele>
    <time>2026-01-09T17:45:11Z</time>
   </trkpt>
   <trkpt lat="40.7460160" lon="-74.0492810">
    <ele>39.5</ele>
    <time>2026-01-09T17:45:12Z</time>
   </trkpt>
   <trkpt lat="40.7460170" lon="-74.0492800">
    <ele>39.5</ele>
    <time>2026-01-09T17:45:13Z</time>
   </trkpt>
   <trkpt lat="40.7460180" lon="-74.0492790">
    <ele>39.5</ele>
    <time>2026-01-09T17:45:14Z</time>
   </trkpt>
   <trkpt lat="40.7460180" lon="-74.0492790">
    <ele>39.5</ele>
    <time>2026-01-09T17:45:15Z</time>
   </trkpt>
   <trkpt lat="40.7460230" lon="-74.0492730">
    <ele>39.5</ele>
    <time>2026-01-09T17:45:16Z</time>
   </trkpt>
   <trkpt lat="40.7460230" lon="-74.0492760">
    <ele>39.5</ele>
    <time>2026-01-09T17:45:17Z</time>
   </trkpt>
   <trkpt lat="40.7460270" lon="-74.0492730">
    <ele>39.5</ele>
    <time>2026-01-09T17:45:18Z</time>
   </trkpt>
   <trkpt lat="40.7460270" lon="-74.0492720">
    <ele>39.5</ele>
    <time>2026-01-09T17:45:19Z</time>
   </trkpt>
   <trkpt lat="40.7460270" lon="-74.0492720">
    <ele>39.5</ele>
    <time>2026-01-09T17:45:20Z</time>
   </trkpt>
   <trkpt lat="40.7460270" lon="-74.0492720">
    <ele>39.5</ele>
    <time>2026-01-09T17:45:21Z</time>
   </trkpt>
   <trkpt lat="40.7460380" lon="-74.0492570">
    <ele>39.5</ele>
    <time>2026-01-09T17:45:22Z</time>
   </trkpt>
   <trkpt lat="40.7460410" lon="-74.0492560">
    <ele>39.5</ele>
    <time>2026-01-09T17:45:23Z</time>
   </trkpt>
   <trkpt lat="40.7460450" lon="-74.0492570">
    <ele>39.5</ele>
    <time>2026-01-09T17:45:24Z</time>
   </trkpt>
   <trkpt lat="40.7460500" lon="-74.0492570">
    <ele>39.5</ele>
    <time>2026-01-09T17:45:25Z</time>
   </trkpt>
   <trkpt lat="40.7460500" lon="-74.0492570">
    <ele>39.5</ele>
    <time>2026-01-09T17:45:26Z</time>
   </trkpt>
   <trkpt lat="40.7460500" lon="-74.0492570">
    <ele>39.5</ele>
    <time>2026-01-09T17:45:27Z</time>
   </trkpt>
   <trkpt lat="40.7460500" lon="-74.0492570">
    <ele>39.5</ele>
    <time>2026-01-09T17:45:28Z</time>
   </trkpt>
   <trkpt lat="40.7460500" lon="-74.0492570">
    <ele>39.5</ele>
    <time>2026-01-09T17:45:29Z</time>
   </trkpt>
   <trkpt lat="40.7460590" lon="-74.0492550">
    <ele>39.5</ele>
    <time>2026-01-09T17:45:30Z</time>
   </trkpt>
   <trkpt lat="40.7460600" lon="-74.0492570">
    <ele>39.5</ele>
    <time>2026-01-09T17:45:31Z</time>
   </trkpt>
   <trkpt lat="40.7460600" lon="-74.0492580">
    <ele>39.5</ele>
    <time>2026-01-09T17:45:32Z</time>
   </trkpt>
   <trkpt lat="40.7460610" lon="-74.0492610">
    <ele>39.5</ele>
    <time>2026-01-09T17:45:33Z</time>
   </trkpt>
   <trkpt lat="40.7460590" lon="-74.0492600">
    <ele>39.5</ele>
    <time>2026-01-09T17:45:34Z</time>
   </trkpt>
   <trkpt lat="40.7460590" lon="-74.0492570">
    <ele>39.5</ele>
    <time>2026-01-09T17:45:35Z</time>
   </trkpt>
   <trkpt lat="40.7460660" lon="-74.0492530">
    <ele>39.5</ele>
    <time>2026-01-09T17:45:36Z</time>
   </trkpt>
   <trkpt lat="40.7460660" lon="-74.0492720">
    <ele>39.5</ele>
    <time>2026-01-09T17:45:37Z</time>
   </trkpt>
   <trkpt lat="40.7460630" lon="-74.0492760">
    <ele>39.5</ele>
    <time>2026-01-09T17:45:38Z</time>
   </trkpt>
   <trkpt lat="40.7460600" lon="-74.0492810">
    <ele>39.5</ele>
    <time>2026-01-09T17:45:39Z</time>
   </trkpt>
   <trkpt lat="40.7460580" lon="-74.0492860">
    <ele>39.5</ele>
    <time>2026-01-09T17:45:40Z</time>
   </trkpt>
   <trkpt lat="40.7460550" lon="-74.0492910">
    <ele>39.5</ele>
    <time>2026-01-09T17:45:41Z</time>
   </trkpt>
   <trkpt lat="40.7460520" lon="-74.0492950">
    <ele>39.5</ele>
    <time>2026-01-09T17:45:42Z</time>
   </trkpt>
   <trkpt lat="40.7460490" lon="-74.0493000">
    <ele>39.5</ele>
    <time>2026-01-09T17:45:43Z</time>
   </trkpt>
   <trkpt lat="40.7460450" lon="-74.0492920">
    <ele>39.5</ele>
    <time>2026-01-09T17:45:44Z</time>
   </trkpt>
   <trkpt lat="40.7460400" lon="-74.0493020">
    <ele>39.5</ele>
    <time>2026-01-09T17:45:45Z</time>
   </trkpt>
   <trkpt lat="40.7460280" lon="-74.0493020">
    <ele>39.5</ele>
    <time>2026-01-09T17:45:46Z</time>
   </trkpt>
   <trkpt lat="40.7460250" lon="-74.0493150">
    <ele>39.5</ele>
    <time>2026-01-09T17:45:47Z</time>
   </trkpt>
   <trkpt lat="40.7460220" lon="-74.0493300">
    <ele>39.5</ele>
    <time>2026-01-09T17:45:48Z</time>
   </trkpt>
   <trkpt lat="40.7459970" lon="-74.0493380">
    <ele>39.4</ele>
    <time>2026-01-09T17:45:49Z</time>
   </trkpt>
   <trkpt lat="40.7459970" lon="-74.0493490">
    <ele>39.4</ele>
    <time>2026-01-09T17:45:50Z</time>
   </trkpt>
   <trkpt lat="40.7459970" lon="-74.0493600">
    <ele>39.4</ele>
    <time>2026-01-09T17:45:51Z</time>
   </trkpt>
   <trkpt lat="40.7459970" lon="-74.0493710">
    <ele>39.4</ele>
    <time>2026-01-09T17:45:52Z</time>
   </trkpt>
   <trkpt lat="40.7460030" lon="-74.0493610">
    <ele>39.4</ele>
    <time>2026-01-09T17:45:53Z</time>
   </trkpt>
   <trkpt lat="40.7460050" lon="-74.0493620">
    <ele>39.4</ele>
    <time>2026-01-09T17:45:54Z</time>
   </trkpt>
   <trkpt lat="40.7460070" lon="-74.0493630">
    <ele>39.4</ele>
    <time>2026-01-09T17:45:55Z</time>
   </trkpt>
   <trkpt lat="40.7460090" lon="-74.0493640">
    <ele>39.4</ele>
    <time>2026-01-09T17:45:56Z</time>
   </trkpt>
   <trkpt lat="40.7460110" lon="-74.0493640">
    <ele>39.4</ele>
    <time>2026-01-09T17:45:57Z</time>
   </trkpt>
   <trkpt lat="40.7460130" lon="-74.0493650">
    <ele>39.4</ele>
    <time>2026-01-09T17:45:58Z</time>
   </trkpt>
   <trkpt lat="40.7460150" lon="-74.0493660">
    <ele>39.4</ele>
    <time>2026-01-09T17:45:59Z</time>
   </trkpt>
   <trkpt lat="40.7460170" lon="-74.0493670">
    <ele>39.4</ele>
    <time>2026-01-09T17:46:00Z</time>
   </trkpt>
   <trkpt lat="40.7460190" lon="-74.0493680">
    <ele>39.4</ele>
    <time>2026-01-09T17:46:01Z</time>
   </trkpt>
   <trkpt lat="40.7460210" lon="-74.0493690">
    <ele>39.4</ele>
    <time>2026-01-09T17:46:02Z</time>
   </trkpt>
   <trkpt lat="40.7460230" lon="-74.0493700">
    <ele>39.4</ele>
    <time>2026-01-09T17:46:03Z</time>
   </trkpt>
   <trkpt lat="40.7460250" lon="-74.0493710">
    <ele>39.4</ele>
    <time>2026-01-09T17:46:04Z</time>
   </trkpt>
   <trkpt lat="40.7460270" lon="-74.0493720">
    <ele>39.4</ele>
    <time>2026-01-09T17:46:05Z</time>
   </trkpt>
   <trkpt lat="40.7460290" lon="-74.0493730">
    <ele>39.4</ele>
    <time>2026-01-09T17:46:06Z</time>
   </trkpt>
   <trkpt lat="40.7460310" lon="-74.0493730">
    <ele>39.3</ele>
    <time>2026-01-09T17:46:07Z</time>
   </trkpt>
   <trkpt lat="40.7460330" lon="-74.0493740">
    <ele>39.3</ele>
    <time>2026-01-09T17:46:08Z</time>
   </trkpt>
   <trkpt lat="40.7460350" lon="-74.0493750">
    <ele>39.3</ele>
    <time>2026-01-09T17:46:09Z</time>
   </trkpt>
   <trkpt lat="40.7460370" lon="-74.0493760">
    <ele>39.3</ele>
    <time>2026-01-09T17:46:10Z</time>
   </trkpt>
   <trkpt lat="40.7460390" lon="-74.0493770">
    <ele>39.3</ele>
    <time>2026-01-09T17:46:11Z</time>
   </trkpt>
   <trkpt lat="40.7460400" lon="-74.0493780">
    <ele>39.3</ele>
    <time>2026-01-09T17:46:12Z</time>
   </trkpt>
   <trkpt lat="40.7460420" lon="-74.0493790">
    <ele>39.3</ele>
    <time>2026-01-09T17:46:13Z</time>
   </trkpt>
   <trkpt lat="40.7460440" lon="-74.0493800">
    <ele>39.3</ele>
    <time>2026-01-09T17:46:14Z</time>
   </trkpt>
   <trkpt lat="40.7460460" lon="-74.0493810">
    <ele>39.3</ele>
    <time>2026-01-09T17:46:15Z</time>
   </trkpt>
   <trkpt lat="40.7460480" lon="-74.0493810">
    <ele>39.4</ele>
    <time>2026-01-09T17:46:16Z</time>
   </trkpt>
   <trkpt lat="40.7460500" lon="-74.0493820">
    <ele>39.4</ele>
    <time>2026-01-09T17:46:17Z</time>
   </trkpt>
   <trkpt lat="40.7460520" lon="-74.0493830">
    <ele>39.4</ele>
    <time>2026-01-09T17:46:18Z</time>
   </trkpt>
   <trkpt lat="40.7460540" lon="-74.0493840">
    <ele>39.4</ele>
    <time>2026-01-09T17:46:19Z</time>
   </trkpt>
   <trkpt lat="40.7460560" lon="-74.0493850">
    <ele>39.4</ele>
    <time>2026-01-09T17:46:20Z</time>
   </trkpt>
   <trkpt lat="40.7460580" lon="-74.0493860">
    <ele>39.4</ele>
    <time>2026-01-09T17:46:21Z</time>
   </trkpt>
   <trkpt lat="40.7460600" lon="-74.0493870">
    <ele>39.4</ele>
    <time>2026-01-09T17:46:22Z</time>
   </trkpt>
   <trkpt lat="40.7460620" lon="-74.0493880">
    <ele>39.4</ele>
    <time>2026-01-09T17:46:23Z</time>
   </trkpt>
   <trkpt lat="40.7460640" lon="-74.0493890">
    <ele>39.4</ele>
    <time>2026-01-09T17:46:24Z</time>
   </trkpt>
   <trkpt lat="40.7460660" lon="-74.0493900">
    <ele>39.4</ele>
    <time>2026-01-09T17:46:25Z</time>
   </trkpt>
   <trkpt lat="40.7460680" lon="-74.0493900">
    <ele>39.4</ele>
    <time>2026-01-09T17:46:26Z</time>
   </trkpt>
   <trkpt lat="40.7460700" lon="-74.0493910">
    <ele>39.4</ele>
    <time>2026-01-09T17:46:27Z</time>
   </trkpt>
   <trkpt lat="40.7460720" lon="-74.0493920">
    <ele>39.4</ele>
    <time>2026-01-09T17:46:28Z</time>
   </trkpt>
   <trkpt lat="40.7460740" lon="-74.0493930">
    <ele>39.4</ele>
    <time>2026-01-09T17:46:29Z</time>
   </trkpt>
   <trkpt lat="40.7460760" lon="-74.0493940">
    <ele>39.4</ele>
    <time>2026-01-09T17:46:30Z</time>
   </trkpt>
   <trkpt lat="40.7460640" lon="-74.0493790">
    <ele>39.5</ele>
    <time>2026-01-09T17:46:31Z</time>
   </trkpt>
   <trkpt lat="40.7460510" lon="-74.0493640">
    <ele>39.5</ele>
    <time>2026-01-09T17:46:32Z</time>
   </trkpt>
   <trkpt lat="40.7460390" lon="-74.0493490">
    <ele>39.6</ele>
    <time>2026-01-09T17:46:33Z</time>
   </trkpt>
   <trkpt lat="40.7460270" lon="-74.0493340">
    <ele>39.6</ele>
    <time>2026-01-09T17:46:34Z</time>
   </trkpt>
   <trkpt lat="40.7460140" lon="-74.0493190">
    <ele>39.6</ele>
    <time>2026-01-09T17:46:35Z</time>
   </trkpt>
   <trkpt lat="40.7460020" lon="-74.0493040">
    <ele>39.6</ele>
    <time>2026-01-09T17:46:36Z</time>
   </trkpt>
   <trkpt lat="40.7459900" lon="-74.0492890">
    <ele>39.6</ele>
    <time>2026-01-09T17:46:37Z</time>
   </trkpt>
   <trkpt lat="40.7459770" lon="-74.0492740">
    <ele>39.6</ele>
    <time>2026-01-09T17:46:38Z</time>
   </trkpt>
   <trkpt lat="40.7459650" lon="-74.0492590">
    <ele>39.6</ele>
    <time>2026-01-09T17:46:39Z</time>
   </trkpt>
   <trkpt lat="40.7459530" lon="-74.0492440">
    <ele>39.6</ele>
    <time>2026-01-09T17:46:40Z</time>
   </trkpt>
   <trkpt lat="40.7459400" lon="-74.0492290">
    <ele>39.6</ele>
    <time>2026-01-09T17:46:41Z</time>
   </trkpt>
   <trkpt lat="40.7459280" lon="-74.0492140">
    <ele>39.6</ele>
    <time>2026-01-09T17:46:42Z</time>
   </trkpt>
   <trkpt lat="40.7460190" lon="-74.0492890">
    <ele>39.5</ele>
    <time>2026-01-09T17:46:43Z</time>
   </trkpt>
   <trkpt lat="40.7460140" lon="-74.0492900">
    <ele>39.5</ele>
    <time>2026-01-09T17:46:44Z</time>
   </trkpt>
   <trkpt lat="40.7460110" lon="-74.0492910">
    <ele>39.5</ele>
    <time>2026-01-09T17:46:46Z</time>
   </trkpt>
   <trkpt lat="40.7460080" lon="-74.0492930">
    <ele>39.5</ele>
    <time>2026-01-09T17:46:47Z</time>
   </trkpt>
   <trkpt lat="40.7460050" lon="-74.0492950">
    <ele>39.5</ele>
    <time>2026-01-09T17:46:48Z</time>
   </trkpt>
   <trkpt lat="40.7460020" lon="-74.0492960">
    <ele>39.4</ele>
    <time>2026-01-09T17:46:49Z</time>
   </trkpt>
   <trkpt lat="40.7459990" lon="-74.0492980">
    <ele>39.4</ele>
    <time>2026-01-09T17:46:50Z</time>
   </trkpt>
   <trkpt lat="40.7459960" lon="-74.0492990">
    <ele>39.4</ele>
    <time>2026-01-09T17:46:51Z</time>
   </trkpt>
   <trkpt lat="40.7459930" lon="-74.0493010">
    <ele>39.4</ele>
    <time>2026-01-09T17:46:52Z</time>
   </trkpt>
   <trkpt lat="40.7459900" lon="-74.0493030">
    <ele>39.4</ele>
    <time>2026-01-09T17:46:53Z</time>
   </trkpt>
   <trkpt lat="40.7459870" lon="-74.0493040">
    <ele>39.4</ele>
    <time>2026-01-09T17:46:54Z</time>
   </trkpt>
   <trkpt lat="40.7459840" lon="-74.0493060">
    <ele>39.4</ele>
    <time>2026-01-09T17:46:55Z</time>
   </trkpt>
   <trkpt lat="40.7459810" lon="-74.0493080">
    <ele>39.4</ele>
    <time>2026-01-09T17:46:56Z</time>
   </trkpt>
   <trkpt lat="40.7459780" lon="-74.0493090">
    <ele>39.4</ele>
    <time>2026-01-09T17:46:57Z</time>
   </trkpt>
   <trkpt lat="40.7459750" lon="-74.0493110">
    <ele>39.4</ele>
    <time>2026-01-09T17:46:58Z</time>
   </trkpt>
   <trkpt lat="40.7459720" lon="-74.0493120">
    <ele>39.4</ele>
    <time>2026-01-09T17:46:59Z</time>
   </trkpt>
   <trkpt lat="40.7459690" lon="-74.0493140">
    <ele>39.4</ele>
    <time>2026-01-09T17:47:00Z</time>
   </trkpt>
   <trkpt lat="40.7459240" lon="-74.0493570">
    <ele>39.3</ele>
    <time>2026-01-09T17:47:01Z</time>
   </trkpt>
   <trkpt lat="40.7459060" lon="-74.0493230">
    <ele>39.2</ele>
    <time>2026-01-09T17:47:02Z</time>
   </trkpt>
   <trkpt lat="40.7459010" lon="-74.0493140">
    <ele>39.2</ele>
    <time>2026-01-09T17:47:03Z</time>
   </trkpt>
   <trkpt lat="40.7459310" lon="-74.0492920">
    <ele>39.3</ele>
    <time>2026-01-09T17:47:04Z</time>
   </trkpt>
   <trkpt lat="40.7459720" lon="-74.0492920">
    <ele>39.5</ele>
    <time>2026-01-09T17:47:05Z</time>
   </trkpt>
   <trkpt lat="40.7460130" lon="-74.0492920">
    <ele>39.6</ele>
    <time>2026-01-09T17:47:06Z</time>
   </trkpt>
   <trkpt lat="40.7460250" lon="-74.0493740">
    <ele>39.6</ele>
    <time>2026-01-09T17:47:07Z</time>
   </trkpt>
   <trkpt lat="40.7460330" lon="-74.0494090">
    <ele>39.6</ele>
    <time>2026-01-09T17:47:08Z</time>
   </trkpt>
   <trkpt lat="40.7460330" lon="-74.0494110">
    <ele>39.6</ele>
    <time>2026-01-09T17:47:09Z</time>
   </trkpt>
   <trkpt lat="40.7460320" lon="-74.0494130">
    <ele>39.6</ele>
    <time>2026-01-09T17:47:10Z</time>
   </trkpt>
   <trkpt lat="40.7460320" lon="-74.0494140">
    <ele>39.6</ele>
    <time>2026-01-09T17:47:11Z</time>
   </trkpt>
   <trkpt lat="40.7460310" lon="-74.0494150">
    <ele>39.6</ele>
    <time>2026-01-09T17:47:12Z</time>
   </trkpt>
   <trkpt lat="40.7460310" lon="-74.0494170">
    <ele>39.6</ele>
    <time>2026-01-09T17:47:13Z</time>
   </trkpt>
   <trkpt lat="40.7460300" lon="-74.0494180">
    <ele>39.6</ele>
    <time>2026-01-09T17:47:14Z</time>
   </trkpt>
   <trkpt lat="40.7460300" lon="-74.0494190">
    <ele>39.6</ele>
    <time>2026-01-09T17:47:15Z</time>
   </trkpt>
   <trkpt lat="40.7460290" lon="-74.0494210">
    <ele>39.6</ele>
    <time>2026-01-09T17:47:16Z</time>
   </trkpt>
   <trkpt lat="40.7460290" lon="-74.0494220">
    <ele>39.6</ele>
    <time>2026-01-09T17:47:17Z</time>
   </trkpt>
   <trkpt lat="40.7460280" lon="-74.0494230">
    <ele>39.6</ele>
    <time>2026-01-09T17:47:18Z</time>
   </trkpt>
   <trkpt lat="40.7460280" lon="-74.0494240">
    <ele>39.6</ele>
    <time>2026-01-09T17:47:19Z</time>
   </trkpt>
   <trkpt lat="40.7460270" lon="-74.0494260">
    <ele>39.6</ele>
    <time>2026-01-09T17:47:20Z</time>
   </trkpt>
   <trkpt lat="40.7460270" lon="-74.0494270">
    <ele>39.6</ele>
    <time>2026-01-09T17:47:21Z</time>
   </trkpt>
   <trkpt lat="40.7460260" lon="-74.0494280">
    <ele>39.6</ele>
    <time>2026-01-09T17:47:22Z</time>
   </trkpt>
   <trkpt lat="40.7460260" lon="-74.0494300">
    <ele>39.6</ele>
    <time>2026-01-09T17:47:23Z</time>
   </trkpt>
   <trkpt lat="40.7460250" lon="-74.0494310">
    <ele>39.6</ele>
    <time>2026-01-09T17:47:24Z</time>
   </trkpt>
   <trkpt lat="40.7460250" lon="-74.0494320">
    <ele>39.6</ele>
    <time>2026-01-09T17:47:25Z</time>
   </trkpt>
   <trkpt lat="40.7460240" lon="-74.0494340">
    <ele>39.6</ele>
    <time>2026-01-09T17:47:26Z</time>
   </trkpt>
   <trkpt lat="40.7460240" lon="-74.0494350">
    <ele>39.6</ele>
    <time>2026-01-09T17:47:27Z</time>
   </trkpt>
   <trkpt lat="40.7460230" lon="-74.0494360">
    <ele>39.6</ele>
    <time>2026-01-09T17:47:28Z</time>
   </trkpt>
   <trkpt lat="40.7460230" lon="-74.0494380">
    <ele>39.6</ele>
    <time>2026-01-09T17:47:29Z</time>
   </trkpt>
   <trkpt lat="40.7460220" lon="-74.0494390">
    <ele>39.6</ele>
    <time>2026-01-09T17:47:30Z</time>
   </trkpt>
   <trkpt lat="40.7460220" lon="-74.0494400">
    <ele>39.6</ele>
    <time>2026-01-09T17:47:31Z</time>
   </trkpt>
   <trkpt lat="40.7460210" lon="-74.0494420">
    <ele>39.6</ele>
    <time>2026-01-09T17:47:32Z</time>
   </trkpt>
   <trkpt lat="40.7460210" lon="-74.0494430">
    <ele>39.6</ele>
    <time>2026-01-09T17:47:33Z</time>
   </trkpt>
   <trkpt lat="40.7460200" lon="-74.0494440">
    <ele>39.6</ele>
    <time>2026-01-09T17:47:34Z</time>
   </trkpt>
   <trkpt lat="40.7460200" lon="-74.0494450">
    <ele>39.6</ele>
    <time>2026-01-09T17:47:35Z</time>
   </trkpt>
   <trkpt lat="40.7460190" lon="-74.0494470">
    <ele>39.5</ele>
    <time>2026-01-09T17:47:36Z</time>
   </trkpt>
   <trkpt lat="40.7460190" lon="-74.0494480">
    <ele>39.5</ele>
    <time>2026-01-09T17:47:37Z</time>
   </trkpt>
   <trkpt lat="40.7460180" lon="-74.0494490">
    <ele>39.5</ele>
    <time>2026-01-09T17:47:38Z</time>
   </trkpt>
   <trkpt lat="40.7460180" lon="-74.0494510">
    <ele>39.5</ele>
    <time>2026-01-09T17:47:39Z</time>
   </trkpt>
   <trkpt lat="40.7460170" lon="-74.0494520">
    <ele>39.5</ele>
    <time>2026-01-09T17:47:40Z</time>
   </trkpt>
   <trkpt lat="40.7460230" lon="-74.0494670">
    <ele>39.5</ele>
    <time>2026-01-09T17:47:41Z</time>
   </trkpt>
   <trkpt lat="40.7460320" lon="-74.0494770">
    <ele>39.5</ele>
    <time>2026-01-09T17:47:42Z</time>
   </trkpt>
   <trkpt lat="40.7460420" lon="-74.0494870">
    <ele>39.4</ele>
    <time>2026-01-09T17:47:43Z</time>
   </trkpt>
   <trkpt lat="40.7460160" lon="-74.0495120">
    <ele>39.4</ele>
    <time>2026-01-09T17:47:44Z</time>
   </trkpt>
   <trkpt lat="40.7460060" lon="-74.0495320">
    <ele>39.3</ele>
    <time>2026-01-09T17:47:45Z</time>
   </trkpt>
   <trkpt lat="40.7460150" lon="-74.0494990">
    <ele>39.4</ele>
    <time>2026-01-09T17:47:46Z</time>
   </trkpt>
   <trkpt lat="40.7460180" lon="-74.0494930">
    <ele>39.4</ele>
    <time>2026-01-09T17:47:47Z</time>
   </trkpt>
   <trkpt lat="40.7460220" lon="-74.0494760">
    <ele>39.4</ele>
    <time>2026-01-09T17:47:48Z</time>
   </trkpt>
   <trkpt lat="40.7460210" lon="-74.0494750">
    <ele>39.4</ele>
    <time>2026-01-09T17:47:49Z</time>
   </trkpt>
   <trkpt lat="40.7460200" lon="-74.0494750">
    <ele>39.4</ele>
    <time>2026-01-09T17:47:50Z</time>
   </trkpt>
   <trkpt lat="40.7460190" lon="-74.0494750">
    <ele>39.4</ele>
    <time>2026-01-09T17:47:51Z</time>
   </trkpt>
   <trkpt lat="40.7460180" lon="-74.0494750">
    <ele>39.4</ele>
    <time>2026-01-09T17:47:52Z</time>
   </trkpt>
   <trkpt lat="40.7460170" lon="-74.0494740">
    <ele>39.4</ele>
    <time>2026-01-09T17:47:53Z</time>
   </trkpt>
   <trkpt lat="40.7460160" lon="-74.0494740">
    <ele>39.4</ele>
    <time>2026-01-09T17:47:54Z</time>
   </trkpt>
   <trkpt lat="40.7460150" lon="-74.0494740">
    <ele>39.4</ele>
    <time>2026-01-09T17:47:55Z</time>
   </trkpt>
   <trkpt lat="40.7460140" lon="-74.0494730">
    <ele>39.4</ele>
    <time>2026-01-09T17:47:56Z</time>
   </trkpt>
   <trkpt lat="40.7460130" lon="-74.0494730">
    <ele>39.4</ele>
    <time>2026-01-09T17:47:57Z</time>
   </trkpt>
   <trkpt lat="40.7460120" lon="-74.0494730">
    <ele>39.4</ele>
    <time>2026-01-09T17:47:58Z</time>
   </trkpt>
   <trkpt lat="40.7460110" lon="-74.0494730">
    <ele>39.4</ele>
    <time>2026-01-09T17:47:59Z</time>
   </trkpt>
   <trkpt lat="40.7460100" lon="-74.0494720">
    <ele>39.4</ele>
    <time>2026-01-09T17:48:00Z</time>
   </trkpt>
   <trkpt lat="40.7460090" lon="-74.0494720">
    <ele>39.4</ele>
    <time>2026-01-09T17:48:01Z</time>
   </trkpt>
   <trkpt lat="40.7460080" lon="-74.0494720">
    <ele>39.4</ele>
    <time>2026-01-09T17:48:02Z</time>
   </trkpt>
   <trkpt lat="40.7460070" lon="-74.0494720">
    <ele>39.4</ele>
    <time>2026-01-09T17:48:03Z</time>
   </trkpt>
   <trkpt lat="40.7460060" lon="-74.0494710">
    <ele>39.4</ele>
    <time>2026-01-09T17:48:04Z</time>
   </trkpt>
   <trkpt lat="40.7460050" lon="-74.0494710">
    <ele>39.4</ele>
    <time>2026-01-09T17:48:05Z</time>
   </trkpt>
   <trkpt lat="40.7460040" lon="-74.0494710">
    <ele>39.4</ele>
    <time>2026-01-09T17:48:06Z</time>
   </trkpt>
   <trkpt lat="40.7460030" lon="-74.0494700">
    <ele>39.4</ele>
    <time>2026-01-09T17:48:07Z</time>
   </trkpt>
   <trkpt lat="40.7460020" lon="-74.0494700">
    <ele>39.4</ele>
    <time>2026-01-09T17:48:08Z</time>
   </trkpt>
   <trkpt lat="40.7460010" lon="-74.0494700">
    <ele>39.4</ele>
    <time>2026-01-09T17:48:09Z</time>
   </trkpt>
   <trkpt lat="40.7460000" lon="-74.0494700">
    <ele>39.4</ele>
    <time>2026-01-09T17:48:10Z</time>
   </trkpt>
   <trkpt lat="40.7459990" lon="-74.0494690">
    <ele>39.4</ele>
    <time>2026-01-09T17:48:11Z</time>
   </trkpt>
   <trkpt lat="40.7459990" lon="-74.0494690">
    <ele>39.4</ele>
    <time>2026-01-09T17:48:12Z</time>
   </trkpt>
   <trkpt lat="40.7459980" lon="-74.0494690">
    <ele>39.4</ele>
    <time>2026-01-09T17:48:13Z</time>
   </trkpt>
   <trkpt lat="40.7459970" lon="-74.0494680">
    <ele>39.4</ele>
    <time>2026-01-09T17:48:14Z</time>
   </trkpt>
   <trkpt lat="40.7459960" lon="-74.0494680">
    <ele>39.4</ele>
    <time>2026-01-09T17:48:15Z</time>
   </trkpt>
   <trkpt lat="40.7459950" lon="-74.0494680">
    <ele>39.4</ele>
    <time>2026-01-09T17:48:16Z</time>
   </trkpt>
   <trkpt lat="40.7459940" lon="-74.0494680">
    <ele>39.4</ele>
    <time>2026-01-09T17:48:17Z</time>
   </trkpt>
   <trkpt lat="40.7459930" lon="-74.0494670">
    <ele>39.4</ele>
    <time>2026-01-09T17:48:18Z</time>
   </trkpt>
   <trkpt lat="40.7459920" lon="-74.0494670">
    <ele>39.4</ele>
    <time>2026-01-09T17:48:19Z</time>
   </trkpt>
   <trkpt lat="40.7459910" lon="-74.0494670">
    <ele>39.4</ele>
    <time>2026-01-09T17:48:20Z</time>
   </trkpt>
   <trkpt lat="40.7459900" lon="-74.0494660">
    <ele>39.4</ele>
    <time>2026-01-09T17:48:21Z</time>
   </trkpt>
   <trkpt lat="40.7459890" lon="-74.0494660">
    <ele>39.4</ele>
    <time>2026-01-09T17:48:22Z</time>
   </trkpt>
   <trkpt lat="40.7459880" lon="-74.0494660">
    <ele>39.4</ele>
    <time>2026-01-09T17:48:23Z</time>
   </trkpt>
   <trkpt lat="40.7459870" lon="-74.0494660">
    <ele>39.4</ele>
    <time>2026-01-09T17:48:24Z</time>
   </trkpt>
   <trkpt lat="40.7459860" lon="-74.0494650">
    <ele>39.4</ele>
    <time>2026-01-09T17:48:25Z</time>
   </trkpt>
   <trkpt lat="40.7459850" lon="-74.0494650">
    <ele>39.4</ele>
    <time>2026-01-09T17:48:26Z</time>
   </trkpt>
   <trkpt lat="40.7459840" lon="-74.0494650">
    <ele>39.4</ele>
    <time>2026-01-09T17:48:27Z</time>
   </trkpt>
   <trkpt lat="40.7459830" lon="-74.0494650">
    <ele>39.4</ele>
    <time>2026-01-09T17:48:28Z</time>
   </trkpt>
   <trkpt lat="40.7459820" lon="-74.0494640">
    <ele>39.4</ele>
    <time>2026-01-09T17:48:29Z</time>
   </trkpt>
   <trkpt lat="40.7459810" lon="-74.0494640">
    <ele>39.4</ele>
    <time>2026-01-09T17:48:30Z</time>
   </trkpt>
   <trkpt lat="40.7459800" lon="-74.0494640">
    <ele>39.4</ele>
    <time>2026-01-09T17:48:31Z</time>
   </trkpt>
   <trkpt lat="40.7459790" lon="-74.0494630">
    <ele>39.4</ele>
    <time>2026-01-09T17:48:32Z</time>
   </trkpt>
   <trkpt lat="40.7459780" lon="-74.0494630">
    <ele>39.4</ele>
    <time>2026-01-09T17:48:33Z</time>
   </trkpt>
   <trkpt lat="40.7459770" lon="-74.0494630">
    <ele>39.4</ele>
    <time>2026-01-09T17:48:34Z</time>
   </trkpt>
   <trkpt lat="40.7459760" lon="-74.0494630">
    <ele>39.4</ele>
    <time>2026-01-09T17:48:35Z</time>
   </trkpt>
   <trkpt lat="40.7459750" lon="-74.0494620">
    <ele>39.4</ele>
    <time>2026-01-09T17:48:36Z</time>
   </trkpt>
   <trkpt lat="40.7459740" lon="-74.0494620">
    <ele>39.4</ele>
    <time>2026-01-09T17:48:37Z</time>
   </trkpt>
   <trkpt lat="40.7459830" lon="-74.0494410">
    <ele>39.4</ele>
    <time>2026-01-09T17:48:38Z</time>
   </trkpt>
   <trkpt lat="40.7459950" lon="-74.0494510">
    <ele>39.4</ele>
    <time>2026-01-09T17:48:39Z</time>
   </trkpt>
   <trkpt lat="40.7459990" lon="-74.0494410">
    <ele>39.5</ele>
    <time>2026-01-09T17:48:40Z</time>
   </trkpt>
   <trkpt lat="40.7460070" lon="-74.0494360">
    <ele>39.5</ele>
    <time>2026-01-09T17:48:41Z</time>
   </trkpt>
   <trkpt lat="40.7460170" lon="-74.0494310">
    <ele>39.5</ele>
    <time>2026-01-09T17:48:42Z</time>
   </trkpt>
   <trkpt lat="40.7460280" lon="-74.0494260">
    <ele>39.5</ele>
    <time>2026-01-09T17:48:43Z</time>
   </trkpt>
   <trkpt lat="40.7460380" lon="-74.0494210">
    <ele>39.5</ele>
    <time>2026-01-09T17:48:44Z</time>
   </trkpt>
   <trkpt lat="40.7460480" lon="-74.0494160">
    <ele>39.5</ele>
    <time>2026-01-09T17:48:45Z</time>
   </trkpt>
   <trkpt lat="40.7460580" lon="-74.0494110">
    <ele>39.6</ele>
    <time>2026-01-09T17:48:46Z</time>
   </trkpt>
   <trkpt lat="40.7460690" lon="-74.0494060">
    <ele>39.6</ele>
    <time>2026-01-09T17:48:47Z</time>
   </trkpt>
   <trkpt lat="40.7460790" lon="-74.0494010">
    <ele>39.6</ele>
    <time>2026-01-09T17:48:48Z</time>
   </trkpt>
   <trkpt lat="40.7460890" lon="-74.0493950">
    <ele>39.6</ele>
    <time>2026-01-09T17:48:49Z</time>
   </trkpt>
   <trkpt lat="40.7460990" lon="-74.0493900">
    <ele>39.6</ele>
    <time>2026-01-09T17:48:50Z</time>
   </trkpt>
   <trkpt lat="40.7461100" lon="-74.0493850">
    <ele>39.7</ele>
    <time>2026-01-09T17:48:52Z</time>
   </trkpt>
   <trkpt lat="40.7461200" lon="-74.0493800">
    <ele>39.7</ele>
    <time>2026-01-09T17:48:53Z</time>
   </trkpt>
   <trkpt lat="40.7461300" lon="-74.0493750">
    <ele>39.7</ele>
    <time>2026-01-09T17:48:54Z</time>
   </trkpt>
   <trkpt lat="40.7461400" lon="-74.0493700">
    <ele>39.7</ele>
    <time>2026-01-09T17:48:56Z</time>
   </trkpt>
   <trkpt lat="40.7461510" lon="-74.0493650">
    <ele>39.7</ele>
    <time>2026-01-09T17:48:58Z</time>
   </trkpt>
   <trkpt lat="40.7461610" lon="-74.0493600">
    <ele>39.7</ele>
    <time>2026-01-09T17:48:59Z</time>
   </trkpt>
   <trkpt lat="40.7461710" lon="-74.0493550">
    <ele>39.8</ele>
    <time>2026-01-09T17:49:01Z</time>
   </trkpt>
   <trkpt lat="40.7462060" lon="-74.0493500">
    <ele>39.8</ele>
    <time>2026-01-09T17:49:02Z</time>
   </trkpt>
   <trkpt lat="40.7462130" lon="-74.0493530">
    <ele>39.8</ele>
    <time>2026-01-09T17:49:04Z</time>
   </trkpt>
   <trkpt lat="40.7462110" lon="-74.0493540">
    <ele>39.8</ele>
    <time>2026-01-09T17:49:05Z</time>
   </trkpt>
   <trkpt lat="40.7462100" lon="-74.0493560">
    <ele>39.8</ele>
    <time>2026-01-09T17:49:06Z</time>
   </trkpt>
   <trkpt lat="40.7462080" lon="-74.0493570">
    <ele>39.8</ele>
    <time>2026-01-09T17:49:07Z</time>
   </trkpt>
   <trkpt lat="40.7462070" lon="-74.0493590">
    <ele>39.8</ele>
    <time>2026-01-09T17:49:08Z</time>
   </trkpt>
   <trkpt lat="40.7462050" lon="-74.0493600">
    <ele>39.8</ele>
    <time>2026-01-09T17:49:09Z</time>
   </trkpt>
   <trkpt lat="40.7462040" lon="-74.0493620">
    <ele>39.8</ele>
    <time>2026-01-09T17:49:10Z</time>
   </trkpt>
   <trkpt lat="40.7462030" lon="-74.0493630">
    <ele>39.8</ele>
    <time>2026-01-09T17:49:11Z</time>
   </trkpt>
   <trkpt lat="40.7462010" lon="-74.0493650">
    <ele>39.8</ele>
    <time>2026-01-09T17:49:12Z</time>
   </trkpt>
   <trkpt lat="40.7462000" lon="-74.0493660">
    <ele>39.8</ele>
    <time>2026-01-09T17:49:13Z</time>
   </trkpt>
   <trkpt lat="40.7461980" lon="-74.0493680">
    <ele>39.8</ele>
    <time>2026-01-09T17:49:14Z</time>
   </trkpt>
   <trkpt lat="40.7461970" lon="-74.0493690">
    <ele>39.8</ele>
    <time>2026-01-09T17:49:15Z</time>
   </trkpt>
   <trkpt lat="40.7461950" lon="-74.0493710">
    <ele>39.8</ele>
    <time>2026-01-09T17:49:16Z</time>
   </trkpt>
   <trkpt lat="40.7461940" lon="-74.0493730">
    <ele>39.8</ele>
    <time>2026-01-09T17:49:17Z</time>
   </trkpt>
   <trkpt lat="40.7461930" lon="-74.0493740">
    <ele>39.8</ele>
    <time>2026-01-09T17:49:18Z</time>
   </trkpt>
   <trkpt lat="40.7461910" lon="-74.0493760">
    <ele>39.8</ele>
    <time>2026-01-09T17:49:19Z</time>
   </trkpt>
   <trkpt lat="40.7461900" lon="-74.0493770">
    <ele>39.8</ele>
    <time>2026-01-09T17:49:20Z</time>
   </trkpt>
   <trkpt lat="40.7461880" lon="-74.0493790">
    <ele>39.8</ele>
    <time>2026-01-09T17:49:21Z</time>
   </trkpt>
   <trkpt lat="40.7461870" lon="-74.0493800">
    <ele>39.8</ele>
    <time>2026-01-09T17:49:22Z</time>
   </trkpt>
   <trkpt lat="40.7461850" lon="-74.0493820">
    <ele>39.8</ele>
    <time>2026-01-09T17:49:23Z</time>
   </trkpt>
   <trkpt lat="40.7461840" lon="-74.0493830">
    <ele>39.8</ele>
    <time>2026-01-09T17:49:24Z</time>
   </trkpt>
   <trkpt lat="40.7461830" lon="-74.0493850">
    <ele>39.7</ele>
    <time>2026-01-09T17:49:25Z</time>
   </trkpt>
   <trkpt lat="40.7461810" lon="-74.0493860">
    <ele>39.7</ele>
    <time>2026-01-09T17:49:26Z</time>
   </trkpt>
   <trkpt lat="40.7461800" lon="-74.0493880">
    <ele>39.7</ele>
    <time>2026-01-09T17:49:27Z</time>
   </trkpt>
   <trkpt lat="40.7461780" lon="-74.0493890">
    <ele>39.7</ele>
    <time>2026-01-09T17:49:28Z</time>
   </trkpt>
   <trkpt lat="40.7461770" lon="-74.0493910">
    <ele>39.7</ele>
    <time>2026-01-09T17:49:29Z</time>
   </trkpt>
   <trkpt lat="40.7461750" lon="-74.0493920">
    <ele>39.7</ele>
    <time>2026-01-09T17:49:30Z</time>
   </trkpt>
   <trkpt lat="40.7461740" lon="-74.0493940">
    <ele>39.7</ele>
    <time>2026-01-09T17:49:31Z</time>
   </trkpt>
   <trkpt lat="40.7461730" lon="-74.0493940">
    <ele>39.7</ele>
    <time>2026-01-09T17:49:32Z</time>
   </trkpt>
   <trkpt lat="40.7461720" lon="-74.0493940">
    <ele>39.7</ele>
    <time>2026-01-09T17:49:33Z</time>
   </trkpt>
   <trkpt lat="40.7461710" lon="-74.0493930">
    <ele>39.7</ele>
    <time>2026-01-09T17:49:34Z</time>
   </trkpt>
   <trkpt lat="40.7461690" lon="-74.0493930">
    <ele>39.7</ele>
    <time>2026-01-09T17:49:35Z</time>
   </trkpt>
   <trkpt lat="40.7461680" lon="-74.0493930">
    <ele>39.7</ele>
    <time>2026-01-09T17:49:36Z</time>
   </trkpt>
   <trkpt lat="40.7461670" lon="-74.0493930">
    <ele>39.7</ele>
    <time>2026-01-09T17:49:37Z</time>
   </trkpt>
   <trkpt lat="40.7461660" lon="-74.0493930">
    <ele>39.7</ele>
    <time>2026-01-09T17:49:38Z</time>
   </trkpt>
   <trkpt lat="40.7461650" lon="-74.0493920">
    <ele>39.7</ele>
    <time>2026-01-09T17:49:39Z</time>
   </trkpt>
   <trkpt lat="40.7461640" lon="-74.0493920">
    <ele>39.7</ele>
    <time>2026-01-09T17:49:40Z</time>
   </trkpt>
   <trkpt lat="40.7461630" lon="-74.0493920">
    <ele>39.7</ele>
    <time>2026-01-09T17:49:41Z</time>
   </trkpt>
   <trkpt lat="40.7461620" lon="-74.0493920">
    <ele>39.7</ele>
    <time>2026-01-09T17:49:42Z</time>
   </trkpt>
   <trkpt lat="40.7461600" lon="-74.0493920">
    <ele>39.7</ele>
    <time>2026-01-09T17:49:43Z</time>
   </trkpt>
   <trkpt lat="40.7461590" lon="-74.0493920">
    <ele>39.7</ele>
    <time>2026-01-09T17:49:44Z</time>
   </trkpt>
   <trkpt lat="40.7461580" lon="-74.0493910">
    <ele>39.7</ele>
    <time>2026-01-09T17:49:45Z</time>
   </trkpt>
   <trkpt lat="40.7461570" lon="-74.0493910">
    <ele>39.7</ele>
    <time>2026-01-09T17:49:46Z</time>
   </trkpt>
   <trkpt lat="40.7461560" lon="-74.0493910">
    <ele>39.7</ele>
    <time>2026-01-09T17:49:47Z</time>
   </trkpt>
   <trkpt lat="40.7461550" lon="-74.0493910">
    <ele>39.7</ele>
    <time>2026-01-09T17:49:48Z</time>
   </trkpt>
   <trkpt lat="40.7461540" lon="-74.0493910">
    <ele>39.7</ele>
    <time>2026-01-09T17:49:49Z</time>
   </trkpt>
   <trkpt lat="40.7461530" lon="-74.0493900">
    <ele>39.7</ele>
    <time>2026-01-09T17:49:50Z</time>
   </trkpt>
   <trkpt lat="40.7461510" lon="-74.0493900">
    <ele>39.7</ele>
    <time>2026-01-09T17:49:51Z</time>
   </trkpt>
   <trkpt lat="40.7461500" lon="-74.0493900">
    <ele>39.7</ele>
    <time>2026-01-09T17:49:52Z</time>
   </trkpt>
   <trkpt lat="40.7461490" lon="-74.0493900">
    <ele>39.7</ele>
    <time>2026-01-09T17:49:53Z</time>
   </trkpt>
   <trkpt lat="40.7461480" lon="-74.0493900">
    <ele>39.7</ele>
    <time>2026-01-09T17:49:54Z</time>
   </trkpt>
   <trkpt lat="40.7461470" lon="-74.0493890">
    <ele>39.7</ele>
    <time>2026-01-09T17:49:55Z</time>
   </trkpt>
   <trkpt lat="40.7461460" lon="-74.0493890">
    <ele>39.7</ele>
    <time>2026-01-09T17:49:56Z</time>
   </trkpt>
   <trkpt lat="40.7461450" lon="-74.0493890">
    <ele>39.7</ele>
    <time>2026-01-09T17:49:57Z</time>
   </trkpt>
   <trkpt lat="40.7461440" lon="-74.0493890">
    <ele>39.7</ele>
    <time>2026-01-09T17:49:58Z</time>
   </trkpt>
   <trkpt lat="40.7461420" lon="-74.0493890">
    <ele>39.7</ele>
    <time>2026-01-09T17:49:59Z</time>
   </trkpt>
   <trkpt lat="40.7461410" lon="-74.0493880">
    <ele>39.6</ele>
    <time>2026-01-09T17:50:00Z</time>
   </trkpt>
   <trkpt lat="40.7461400" lon="-74.0493880">
    <ele>39.6</ele>
    <time>2026-01-09T17:50:01Z</time>
   </trkpt>
   <trkpt lat="40.7461390" lon="-74.0493880">
    <ele>39.6</ele>
    <time>2026-01-09T17:50:02Z</time>
   </trkpt>
   <trkpt lat="40.7461380" lon="-74.0493880">
    <ele>39.6</ele>
    <time>2026-01-09T17:50:03Z</time>
   </trkpt>
   <trkpt lat="40.7461370" lon="-74.0493880">
    <ele>39.6</ele>
    <time>2026-01-09T17:50:04Z</time>
   </trkpt>
   <trkpt lat="40.7461360" lon="-74.0493880">
    <ele>39.6</ele>
    <time>2026-01-09T17:50:05Z</time>
   </trkpt>
   <trkpt lat="40.7461350" lon="-74.0493870">
    <ele>39.6</ele>
    <time>2026-01-09T17:50:06Z</time>
   </trkpt>
   <trkpt lat="40.7461330" lon="-74.0493870">
    <ele>39.6</ele>
    <time>2026-01-09T17:50:07Z</time>
   </trkpt>
   <trkpt lat="40.7461320" lon="-74.0493870">
    <ele>39.6</ele>
    <time>2026-01-09T17:50:08Z</time>
   </trkpt>
   <trkpt lat="40.7461310" lon="-74.0493870">
    <ele>39.6</ele>
    <time>2026-01-09T17:50:09Z</time>
   </trkpt>
   <trkpt lat="40.7461300" lon="-74.0493870">
    <ele>39.6</ele>
    <time>2026-01-09T17:50:10Z</time>
   </trkpt>
   <trkpt lat="40.7461290" lon="-74.0493860">
    <ele>39.6</ele>
    <time>2026-01-09T17:50:11Z</time>
   </trkpt>
   <trkpt lat="40.7461280" lon="-74.0493860">
    <ele>39.6</ele>
    <time>2026-01-09T17:50:12Z</time>
   </trkpt>
   <trkpt lat="40.7461270" lon="-74.0493860">
    <ele>39.6</ele>
    <time>2026-01-09T17:50:13Z</time>
   </trkpt>
   <trkpt lat="40.7461260" lon="-74.0493860">
    <ele>39.6</ele>
    <time>2026-01-09T17:50:14Z</time>
   </trkpt>
   <trkpt lat="40.7461240" lon="-74.0493860">
    <ele>39.6</ele>
    <time>2026-01-09T17:50:15Z</time>
   </trkpt>
   <trkpt lat="40.7461230" lon="-74.0493850">
    <ele>39.6</ele>
    <time>2026-01-09T17:50:16Z</time>
   </trkpt>
   <trkpt lat="40.7461220" lon="-74.0493850">
    <ele>39.6</ele>
    <time>2026-01-09T17:50:17Z</time>
   </trkpt>
   <trkpt lat="40.7461210" lon="-74.0493850">
    <ele>39.6</ele>
    <time>2026-01-09T17:50:18Z</time>
   </trkpt>
   <trkpt lat="40.7461200" lon="-74.0493850">
    <ele>39.6</ele>
    <time>2026-01-09T17:50:19Z</time>
   </trkpt>
   <trkpt lat="40.7461190" lon="-74.0493850">
    <ele>39.6</ele>
    <time>2026-01-09T17:50:20Z</time>
   </trkpt>
   <trkpt lat="40.7461180" lon="-74.0493840">
    <ele>39.6</ele>
    <time>2026-01-09T17:50:21Z</time>
   </trkpt>
   <trkpt lat="40.7461170" lon="-74.0493840">
    <ele>39.6</ele>
    <time>2026-01-09T17:50:22Z</time>
   </trkpt>
   <trkpt lat="40.7461150" lon="-74.0493840">
    <ele>39.6</ele>
    <time>2026-01-09T17:50:23Z</time>
   </trkpt>
   <trkpt lat="40.7461140" lon="-74.0493840">
    <ele>39.6</ele>
    <time>2026-01-09T17:50:24Z</time>
   </trkpt>
   <trkpt lat="40.7461130" lon="-74.0493840">
    <ele>39.6</ele>
    <time>2026-01-09T17:50:25Z</time>
   </trkpt>
   <trkpt lat="40.7461120" lon="-74.0493840">
    <ele>39.6</ele>
    <time>2026-01-09T17:50:26Z</time>
   </trkpt>
   <trkpt lat="40.7461110" lon="-74.0493830">
    <ele>39.6</ele>
    <time>2026-01-09T17:50:27Z</time>
   </trkpt>
   <trkpt lat="40.7461100" lon="-74.0493830">
    <ele>39.6</ele>
    <time>2026-01-09T17:50:28Z</time>
   </trkpt>
   <trkpt lat="40.7461090" lon="-74.0493830">
    <ele>39.6</ele>
    <time>2026-01-09T17:50:29Z</time>
   </trkpt>
   <trkpt lat="40.7461080" lon="-74.0493830">
    <ele>39.6</ele>
    <time>2026-01-09T17:50:30Z</time>
   </trkpt>
   <trkpt lat="40.7461060" lon="-74.0493830">
    <ele>39.6</ele>
    <time>2026-01-09T17:50:31Z</time>
   </trkpt>
   <trkpt lat="40.7461050" lon="-74.0493820">
    <ele>39.6</ele>
    <time>2026-01-09T17:50:32Z</time>
   </trkpt>
   <trkpt lat="40.7461040" lon="-74.0493820">
    <ele>39.6</ele>
    <time>2026-01-09T17:50:33Z</time>
   </trkpt>
   <trkpt lat="40.7461030" lon="-74.0493820">
    <ele>39.6</ele>
    <time>2026-01-09T17:50:34Z</time>
   </trkpt>
   <trkpt lat="40.7461070" lon="-74.0493910">
    <ele>39.6</ele>
    <time>2026-01-09T17:50:35Z</time>
   </trkpt>
   <trkpt lat="40.7461060" lon="-74.0493920">
    <ele>39.5</ele>
    <time>2026-01-09T17:50:36Z</time>
   </trkpt>
   <trkpt lat="40.7461050" lon="-74.0493920">
    <ele>39.5</ele>
    <time>2026-01-09T17:50:37Z</time>
   </trkpt>
   <trkpt lat="40.7460990" lon="-74.0493890">
    <ele>39.5</ele>
    <time>2026-01-09T17:50:38Z</time>
   </trkpt>
   <trkpt lat="40.7461020" lon="-74.0493900">
    <ele>39.5</ele>
    <time>2026-01-09T17:50:39Z</time>
   </trkpt>
   <trkpt lat="40.7461020" lon="-74.0493900">
    <ele>39.5</ele>
    <time>2026-01-09T17:50:40Z</time>
   </trkpt>
   <trkpt lat="40.7461020" lon="-74.0493900">
    <ele>39.5</ele>
    <time>2026-01-09T17:50:41Z</time>
   </trkpt>
   <trkpt lat="40.7461020" lon="-74.0493900">
    <ele>39.5</ele>
    <time>2026-01-09T17:50:42Z</time>
   </trkpt>
   <trkpt lat="40.7461010" lon="-74.0493890">
    <ele>39.5</ele>
    <time>2026-01-09T17:50:43Z</time>
   </trkpt>
   <trkpt lat="40.7461010" lon="-74.0493890">
    <ele>39.5</ele>
    <time>2026-01-09T17:50:44Z</time>
   </trkpt>
   <trkpt lat="40.7461010" lon="-74.0493890">
    <ele>39.5</ele>
    <time>2026-01-09T17:50:45Z</time>
   </trkpt>
   <trkpt lat="40.7461010" lon="-74.0493890">
    <ele>39.5</ele>
    <time>2026-01-09T17:50:46Z</time>
   </trkpt>
   <trkpt lat="40.7461000" lon="-74.0493890">
    <ele>39.5</ele>
    <time>2026-01-09T17:50:47Z</time>
   </trkpt>
   <trkpt lat="40.7461000" lon="-74.0493890">
    <ele>39.5</ele>
    <time>2026-01-09T17:50:48Z</time>
   </trkpt>
   <trkpt lat="40.7461000" lon="-74.0493890">
    <ele>39.5</ele>
    <time>2026-01-09T17:50:49Z</time>
   </trkpt>
   <trkpt lat="40.7461000" lon="-74.0493890">
    <ele>39.5</ele>
    <time>2026-01-09T17:50:50Z</time>
   </trkpt>
   <trkpt lat="40.7461000" lon="-74.0493890">
    <ele>39.5</ele>
    <time>2026-01-09T17:50:51Z</time>
   </trkpt>
   <trkpt lat="40.7460870" lon="-74.0493870">
    <ele>39.5</ele>
    <time>2026-01-09T17:50:52Z</time>
   </trkpt>
   <trkpt lat="40.7460870" lon="-74.0493870">
    <ele>39.5</ele>
    <time>2026-01-09T17:50:53Z</time>
   </trkpt>
   <trkpt lat="40.7460870" lon="-74.0493870">
    <ele>39.5</ele>
    <time>2026-01-09T17:50:54Z</time>
   </trkpt>
   <trkpt lat="40.7460860" lon="-74.0493870">
    <ele>39.5</ele>
    <time>2026-01-09T17:50:55Z</time>
   </trkpt>
   <trkpt lat="40.7460860" lon="-74.0493870">
    <ele>39.5</ele>
    <time>2026-01-09T17:50:56Z</time>
   </trkpt>
   <trkpt lat="40.7460860" lon="-74.0493870">
    <ele>39.5</ele>
    <time>2026-01-09T17:50:57Z</time>
   </trkpt>
   <trkpt lat="40.7460860" lon="-74.0493870">
    <ele>39.5</ele>
    <time>2026-01-09T17:50:58Z</time>
   </trkpt>
   <trkpt lat="40.7460860" lon="-74.0493870">
    <ele>39.5</ele>
    <time>2026-01-09T17:50:59Z</time>
   </trkpt>
   <trkpt lat="40.7460860" lon="-74.0493870">
    <ele>39.5</ele>
    <time>2026-01-09T17:51:00Z</time>
   </trkpt>
   <trkpt lat="40.7460520" lon="-74.0494000">
    <ele>39.4</ele>
    <time>2026-01-09T17:51:02Z</time>
   </trkpt>
   <trkpt lat="40.7460110" lon="-74.0494310">
    <ele>39.4</ele>
    <time>2026-01-09T17:51:03Z</time>
   </trkpt>
   <trkpt lat="40.7459730" lon="-74.0494590">
    <ele>39.4</ele>
    <time>2026-01-09T17:51:04Z</time>
   </trkpt>
   <trkpt lat="40.7459360" lon="-74.0494870">
    <ele>39.3</ele>
    <time>2026-01-09T17:51:05Z</time>
   </trkpt>
   <trkpt lat="40.7459810" lon="-74.0493990">
    <ele>39.3</ele>
    <time>2026-01-09T17:51:07Z</time>
   </trkpt>
   <trkpt lat="40.7460020" lon="-74.0493770">
    <ele>39.3</ele>
    <time>2026-01-09T17:51:08Z</time>
   </trkpt>
   <trkpt lat="40.7460020" lon="-74.0493570">
    <ele>39.3</ele>
    <time>2026-01-09T17:51:09Z</time>
   </trkpt>
   <trkpt lat="40.7460130" lon="-74.0493470">
    <ele>39.2</ele>
    <time>2026-01-09T17:51:11Z</time>
   </trkpt>
   <trkpt lat="40.7460170" lon="-74.0493310">
    <ele>39.2</ele>
    <time>2026-01-09T17:51:12Z</time>
   </trkpt>
   <trkpt lat="40.7460230" lon="-74.0493270">
    <ele>39.2</ele>
    <time>2026-01-09T17:51:13Z</time>
   </trkpt>
   <trkpt lat="40.7460210" lon="-74.0493180">
    <ele>39.2</ele>
    <time>2026-01-09T17:51:14Z</time>
   </trkpt>
   <trkpt lat="40.7460240" lon="-74.0493140">
    <ele>39.2</ele>
    <time>2026-01-09T17:51:15Z</time>
   </trkpt>
   <trkpt lat="40.7460210" lon="-74.0493120">
    <ele>39.2</ele>
    <time>2026-01-09T17:51:16Z</time>
   </trkpt>
   <trkpt lat="40.7460160" lon="-74.0493090">
    <ele>39.2</ele>
    <time>2026-01-09T17:51:17Z</time>
   </trkpt>
   <trkpt lat="40.7460290" lon="-74.0493040">
    <ele>39.2</ele>
    <time>2026-01-09T17:51:18Z</time>
   </trkpt>
   <trkpt lat="40.7460290" lon="-74.0493030">
    <ele>39.2</ele>
    <time>2026-01-09T17:51:19Z</time>
   </trkpt>
   <trkpt lat="40.7460290" lon="-74.0493030">
    <ele>39.2</ele>
    <time>2026-01-09T17:51:20Z</time>
   </trkpt>
   <trkpt lat="40.7460320" lon="-74.0492790">
    <ele>39.2</ele>
    <time>2026-01-09T17:51:21Z</time>
   </trkpt>
   <trkpt lat="40.7460390" lon="-74.0492810">
    <ele>39.2</ele>
    <time>2026-01-09T17:51:22Z</time>
   </trkpt>
   <trkpt lat="40.7460410" lon="-74.0492850">
    <ele>39.2</ele>
    <time>2026-01-09T17:51:23Z</time>
   </trkpt>
   <trkpt lat="40.7460420" lon="-74.0492790">
    <ele>39.2</ele>
    <time>2026-01-09T17:51:24Z</time>
   </trkpt>
   <trkpt lat="40.7460400" lon="-74.0492790">
    <ele>39.2</ele>
    <time>2026-01-09T17:51:25Z</time>
   </trkpt>
   <trkpt lat="40.7460400" lon="-74.0492790">
    <ele>39.2</ele>
    <time>2026-01-09T17:51:26Z</time>
   </trkpt>
   <trkpt lat="40.7460400" lon="-74.0492790">
    <ele>39.2</ele>
    <time>2026-01-09T17:51:27Z</time>
   </trkpt>
   <trkpt lat="40.7460360" lon="-74.0492680">
    <ele>39.2</ele>
    <time>2026-01-09T17:51:28Z</time>
   </trkpt>
   <trkpt lat="40.7460330" lon="-74.0492680">
    <ele>39.2</ele>
    <time>2026-01-09T17:51:29Z</time>
   </trkpt>
   <trkpt lat="40.7460350" lon="-74.0492670">
    <ele>39.2</ele>
    <time>2026-01-09T17:51:30Z</time>
   </trkpt>
   <trkpt lat="40.7460350" lon="-74.0492670">
    <ele>39.2</ele>
    <time>2026-01-09T17:51:31Z</time>
   </trkpt>
   <trkpt lat="40.7460350" lon="-74.0492670">
    <ele>39.2</ele>
    <time>2026-01-09T17:51:32Z</time>
   </trkpt>
   <trkpt lat="40.7460350" lon="-74.0492670">
    <ele>39.2</ele>
    <time>2026-01-09T17:51:33Z</time>
   </trkpt>
   <trkpt lat="40.7460350" lon="-74.0492670">
    <ele>39.2</ele>
    <time>2026-01-09T17:51:34Z</time>
   </trkpt>
   <trkpt lat="40.7460350" lon="-74.0492670">
    <ele>39.2</ele>
    <time>2026-01-09T17:51:35Z</time>
   </trkpt>
   <trkpt lat="40.7460470" lon="-74.0492740">
    <ele>39.2</ele>
    <time>2026-01-09T17:51:36Z</time>
   </trkpt>
   <trkpt lat="40.7460500" lon="-74.0492750">
    <ele>39.2</ele>
    <time>2026-01-09T17:51:37Z</time>
   </trkpt>
   <trkpt lat="40.7460470" lon="-74.0492730">
    <ele>39.2</ele>
    <time>2026-01-09T17:51:38Z</time>
   </trkpt>
   <trkpt lat="40.7460470" lon="-74.0492730">
    <ele>39.2</ele>
    <time>2026-01-09T17:51:39Z</time>
   </trkpt>
   <trkpt lat="40.7460470" lon="-74.0492730">
    <ele>39.2</ele>
    <time>2026-01-09T17:51:40Z</time>
   </trkpt>
   <trkpt lat="40.7460470" lon="-74.0492730">
    <ele>39.2</ele>
    <time>2026-01-09T17:51:41Z</time>
   </trkpt>
   <trkpt lat="40.7460470" lon="-74.0492730">
    <ele>39.2</ele>
    <time>2026-01-09T17:51:42Z</time>
   </trkpt>
   <trkpt lat="40.7460660" lon="-74.0492720">
    <ele>39.2</ele>
    <time>2026-01-09T17:51:43Z</time>
   </trkpt>
   <trkpt lat="40.7460670" lon="-74.0492710">
    <ele>39.1</ele>
    <time>2026-01-09T17:51:44Z</time>
   </trkpt>
   <trkpt lat="40.7460620" lon="-74.0492720">
    <ele>39.1</ele>
    <time>2026-01-09T17:51:45Z</time>
   </trkpt>
   <trkpt lat="40.7460600" lon="-74.0492680">
    <ele>39.1</ele>
    <time>2026-01-09T17:51:46Z</time>
   </trkpt>
   <trkpt lat="40.7460620" lon="-74.0492680">
    <ele>39.1</ele>
    <time>2026-01-09T17:51:47Z</time>
   </trkpt>
   <trkpt lat="40.7460580" lon="-74.0492780">
    <ele>39.1</ele>
    <time>2026-01-09T17:51:48Z</time>
   </trkpt>
   <trkpt lat="40.7460600" lon="-74.0492810">
    <ele>39.1</ele>
    <time>2026-01-09T17:51:49Z</time>
   </trkpt>
   <trkpt lat="40.7460540" lon="-74.0492860">
    <ele>39.1</ele>
    <time>2026-01-09T17:51:50Z</time>
   </trkpt>
   <trkpt lat="40.7460590" lon="-74.0492880">
    <ele>39.1</ele>
    <time>2026-01-09T17:51:51Z</time>
   </trkpt>
   <trkpt lat="40.7460570" lon="-74.0492940">
    <ele>39.1</ele>
    <time>2026-01-09T17:51:52Z</time>
   </trkpt>
   <trkpt lat="40.7460600" lon="-74.0492980">
    <ele>39.1</ele>
    <time>2026-01-09T17:51:53Z</time>
   </trkpt>
   <trkpt lat="40.7460600" lon="-74.0492980">
    <ele>39.1</ele>
    <time>2026-01-09T17:51:54Z</time>
   </trkpt>
   <trkpt lat="40.7460600" lon="-74.0492980">
    <ele>39.1</ele>
    <time>2026-01-09T17:51:55Z</time>
   </trkpt>
   <trkpt lat="40.7460600" lon="-74.0492980">
    <ele>39.1</ele>
    <time>2026-01-09T17:51:56Z</time>
   </trkpt>
   <trkpt lat="40.7460560" lon="-74.0493150">
    <ele>39.1</ele>
    <time>2026-01-09T17:51:57Z</time>
   </trkpt>
   <trkpt lat="40.7460580" lon="-74.0493160">
    <ele>39.1</ele>
    <time>2026-01-09T17:51:58Z</time>
   </trkpt>
   <trkpt lat="40.7460580" lon="-74.0493170">
    <ele>39.1</ele>
    <time>2026-01-09T17:51:59Z</time>
   </trkpt>
   <trkpt lat="40.7460590" lon="-74.0493180">
    <ele>39.1</ele>
    <time>2026-01-09T17:52:00Z</time>
   </trkpt>
   <trkpt lat="40.7460590" lon="-74.0493190">
    <ele>39.1</ele>
    <time>2026-01-09T17:52:01Z</time>
   </trkpt>
   <trkpt lat="40.7460590" lon="-74.0493210">
    <ele>39.1</ele>
    <time>2026-01-09T17:52:02Z</time>
   </trkpt>
   <trkpt lat="40.7460590" lon="-74.0493220">
    <ele>39.1</ele>
    <time>2026-01-09T17:52:03Z</time>
   </trkpt>
   <trkpt lat="40.7460590" lon="-74.0493230">
    <ele>39.1</ele>
    <time>2026-01-09T17:52:04Z</time>
   </trkpt>
   <trkpt lat="40.7460600" lon="-74.0493240">
    <ele>39.1</ele>
    <time>2026-01-09T17:52:05Z</time>
   </trkpt>
   <trkpt lat="40.7460600" lon="-74.0493250">
    <ele>39.1</ele>
    <time>2026-01-09T17:52:06Z</time>
   </trkpt>
   <trkpt lat="40.7460600" lon="-74.0493260">
    <ele>39.1</ele>
    <time>2026-01-09T17:52:07Z</time>
   </trkpt>
   <trkpt lat="40.7460600" lon="-74.0493270">
    <ele>39.1</ele>
    <time>2026-01-09T17:52:08Z</time>
   </trkpt>
   <trkpt lat="40.7460600" lon="-74.0493280">
    <ele>39.1</ele>
    <time>2026-01-09T17:52:09Z</time>
   </trkpt>
   <trkpt lat="40.7460610" lon="-74.0493290">
    <ele>39.1</ele>
    <time>2026-01-09T17:52:10Z</time>
   </trkpt>
   <trkpt lat="40.7460610" lon="-74.0493310">
    <ele>39.1</ele>
    <time>2026-01-09T17:52:11Z</time>
   </trkpt>
   <trkpt lat="40.7460610" lon="-74.0493320">
    <ele>39.1</ele>
    <time>2026-01-09T17:52:12Z</time>
   </trkpt>
   <trkpt lat="40.7460610" lon="-74.0493330">
    <ele>39.1</ele>
    <time>2026-01-09T17:52:13Z</time>
   </trkpt>
   <trkpt lat="40.7460620" lon="-74.0493340">
    <ele>39.1</ele>
    <time>2026-01-09T17:52:14Z</time>
   </trkpt>
   <trkpt lat="40.7460620" lon="-74.0493350">
    <ele>39.1</ele>
    <time>2026-01-09T17:52:15Z</time>
   </trkpt>
   <trkpt lat="40.7460620" lon="-74.0493360">
    <ele>39.1</ele>
    <time>2026-01-09T17:52:16Z</time>
   </trkpt>
   <trkpt lat="40.7460620" lon="-74.0493370">
    <ele>39.1</ele>
    <time>2026-01-09T17:52:17Z</time>
   </trkpt>
   <trkpt lat="40.7460620" lon="-74.0493380">
    <ele>39.1</ele>
    <time>2026-01-09T17:52:18Z</time>
   </trkpt>
   <trkpt lat="40.7460630" lon="-74.0493390">
    <ele>39.1</ele>
    <time>2026-01-09T17:52:19Z</time>
   </trkpt>
   <trkpt lat="40.7460630" lon="-74.0493410">
    <ele>39.1</ele>
    <time>2026-01-09T17:52:20Z</time>
   </trkpt>
   <trkpt lat="40.7460630" lon="-74.0493420">
    <ele>39.1</ele>
    <time>2026-01-09T17:52:21Z</time>
   </trkpt>
   <trkpt lat="40.7460630" lon="-74.0493430">
    <ele>39.1</ele>
    <time>2026-01-09T17:52:22Z</time>
   </trkpt>
   <trkpt lat="40.7460630" lon="-74.0493440">
    <ele>39.1</ele>
    <time>2026-01-09T17:52:23Z</time>
   </trkpt>
   <trkpt lat="40.7460640" lon="-74.0493450">
    <ele>39.1</ele>
    <time>2026-01-09T17:52:24Z</time>
   </trkpt>
   <trkpt lat="40.7460640" lon="-74.0493460">
    <ele>39.1</ele>
    <time>2026-01-09T17:52:25Z</time>
   </trkpt>
   <trkpt lat="40.7460640" lon="-74.0493470">
    <ele>39.1</ele>
    <time>2026-01-09T17:52:26Z</time>
   </trkpt>
   <trkpt lat="40.7460640" lon="-74.0493480">
    <ele>39.1</ele>
    <time>2026-01-09T17:52:27Z</time>
   </trkpt>
   <trkpt lat="40.7460640" lon="-74.0493500">
    <ele>39.1</ele>
    <time>2026-01-09T17:52:28Z</time>
   </trkpt>
   <trkpt lat="40.7460650" lon="-74.0493510">
    <ele>39.1</ele>
    <time>2026-01-09T17:52:29Z</time>
   </trkpt>
   <trkpt lat="40.7460650" lon="-74.0493520">
    <ele>39.1</ele>
    <time>2026-01-09T17:52:30Z</time>
   </trkpt>
   <trkpt lat="40.7460650" lon="-74.0493530">
    <ele>39.1</ele>
    <time>2026-01-09T17:52:31Z</time>
   </trkpt>
   <trkpt lat="40.7460650" lon="-74.0493540">
    <ele>39.1</ele>
    <time>2026-01-09T17:52:32Z</time>
   </trkpt>
   <trkpt lat="40.7460650" lon="-74.0493550">
    <ele>39.1</ele>
    <time>2026-01-09T17:52:33Z</time>
   </trkpt>
   <trkpt lat="40.7460660" lon="-74.0493560">
    <ele>39.1</ele>
    <time>2026-01-09T17:52:34Z</time>
   </trkpt>
   <trkpt lat="40.7460660" lon="-74.0493570">
    <ele>39.1</ele>
    <time>2026-01-09T17:52:35Z</time>
   </trkpt>
   <trkpt lat="40.7460660" lon="-74.0493580">
    <ele>39.1</ele>
    <time>2026-01-09T17:52:36Z</time>
   </trkpt>
   <trkpt lat="40.7460660" lon="-74.0493600">
    <ele>39.1</ele>
    <time>2026-01-09T17:52:37Z</time>
   </trkpt>
   <trkpt lat="40.7460670" lon="-74.0493610">
    <ele>39.1</ele>
    <time>2026-01-09T17:52:38Z</time>
   </trkpt>
   <trkpt lat="40.7460670" lon="-74.0493620">
    <ele>39.1</ele>
    <time>2026-01-09T17:52:39Z</time>
   </trkpt>
   <trkpt lat="40.7460670" lon="-74.0493630">
    <ele>39.1</ele>
    <time>2026-01-09T17:52:40Z</time>
   </trkpt>
   <trkpt lat="40.7460670" lon="-74.0493640">
    <ele>39.1</ele>
    <time>2026-01-09T17:52:41Z</time>
   </trkpt>
   <trkpt lat="40.7460670" lon="-74.0493650">
    <ele>39.1</ele>
    <time>2026-01-09T17:52:42Z</time>
   </trkpt>
   <trkpt lat="40.7460680" lon="-74.0493660">
    <ele>39.1</ele>
    <time>2026-01-09T17:52:43Z</time>
   </trkpt>
   <trkpt lat="40.7460680" lon="-74.0493670">
    <ele>39.1</ele>
    <time>2026-01-09T17:52:44Z</time>
   </trkpt>
   <trkpt lat="40.7460680" lon="-74.0493680">
    <ele>39.1</ele>
    <time>2026-01-09T17:52:45Z</time>
   </trkpt>
   <trkpt lat="40.7460680" lon="-74.0493700">
    <ele>39.1</ele>
    <time>2026-01-09T17:52:46Z</time>
   </trkpt>
   <trkpt lat="40.7460680" lon="-74.0493710">
    <ele>39.1</ele>
    <time>2026-01-09T17:52:47Z</time>
   </trkpt>
   <trkpt lat="40.7460690" lon="-74.0493720">
    <ele>39.1</ele>
    <time>2026-01-09T17:52:48Z</time>
   </trkpt>
   <trkpt lat="40.7460690" lon="-74.0493730">
    <ele>39.1</ele>
    <time>2026-01-09T17:52:49Z</time>
   </trkpt>
   <trkpt lat="40.7460690" lon="-74.0493740">
    <ele>39.1</ele>
    <time>2026-01-09T17:52:50Z</time>
   </trkpt>
   <trkpt lat="40.7460460" lon="-74.0494020">
    <ele>39.1</ele>
    <time>2026-01-09T17:52:51Z</time>
   </trkpt>
   <trkpt lat="40.7460340" lon="-74.0494110">
    <ele>39.0</ele>
    <time>2026-01-09T17:52:52Z</time>
   </trkpt>
   <trkpt lat="40.7459950" lon="-74.0494280">
    <ele>39.0</ele>
    <time>2026-01-09T17:52:53Z</time>
   </trkpt>
   <trkpt lat="40.7459600" lon="-74.0494400">
    <ele>39.0</ele>
    <time>2026-01-09T17:52:54Z</time>
   </trkpt>
   <trkpt lat="40.7459240" lon="-74.0494570">
    <ele>39.0</ele>
    <time>2026-01-09T17:52:55Z</time>
   </trkpt>
   <trkpt lat="40.7458870" lon="-74.0494750">
    <ele>38.9</ele>
    <time>2026-01-09T17:52:56Z</time>
   </trkpt>
   <trkpt lat="40.7458500" lon="-74.0494970">
    <ele>38.9</ele>
    <time>2026-01-09T17:52:57Z</time>
   </trkpt>
   <trkpt lat="40.7458120" lon="-74.0495220">
    <ele>38.9</ele>
    <time>2026-01-09T17:52:58Z</time>
   </trkpt>
   <trkpt lat="40.7457840" lon="-74.0495510">
    <ele>38.8</ele>
    <time>2026-01-09T17:52:59Z</time>
   </trkpt>
   <trkpt lat="40.7457480" lon="-74.0495800">
    <ele>38.8</ele>
    <time>2026-01-09T17:53:00Z</time>
   </trkpt>
   <trkpt lat="40.7457120" lon="-74.0496020">
    <ele>38.7</ele>
    <time>2026-01-09T17:53:01Z</time>
   </trkpt>
   <trkpt lat="40.7456740" lon="-74.0496280">
    <ele>38.6</ele>
    <time>2026-01-09T17:53:02Z</time>
   </trkpt>
   <trkpt lat="40.7456260" lon="-74.0496510">
    <ele>38.5</ele>
    <time>2026-01-09T17:53:03Z</time>
   </trkpt>
   <trkpt lat="40.7455800" lon="-74.0496750">
    <ele>38.4</ele>
    <time>2026-01-09T17:53:04Z</time>
   </trkpt>
   <trkpt lat="40.7455290" lon="-74.0497040">
    <ele>38.3</ele>
    <time>2026-01-09T17:53:05Z</time>
   </trkpt>
   <trkpt lat="40.7454820" lon="-74.0497440">
    <ele>38.2</ele>
    <time>2026-01-09T17:53:06Z</time>
   </trkpt>
   <trkpt lat="40.7454320" lon="-74.0497900">
    <ele>38.2</ele>
    <time>2026-01-09T17:53:07Z</time>
   </trkpt>
   <trkpt lat="40.7453820" lon="-74.0498240">
    <ele>38.1</ele>
    <time>2026-01-09T17:53:08Z</time>
   </trkpt>
   <trkpt lat="40.7453260" lon="-74.0498560">
    <ele>38.0</ele>
    <time>2026-01-09T17:53:09Z</time>
   </trkpt>
   <trkpt lat="40.7452750" lon="-74.0498860">
    <ele>37.9</ele>
    <time>2026-01-09T17:53:10Z</time>
   </trkpt>
   <trkpt lat="40.7452250" lon="-74.0499180">
    <ele>37.8</ele>
    <time>2026-01-09T17:53:11Z</time>
   </trkpt>
   <trkpt lat="40.7451770" lon="-74.0499500">
    <ele>37.8</ele>
    <time>2026-01-09T17:53:12Z</time>
   </trkpt>
   <trkpt lat="40.7451240" lon="-74.0499720">
    <ele>37.7</ele>
    <time>2026-01-09T17:53:13Z</time>
   </trkpt>
   <trkpt lat="40.7450800" lon="-74.0499980">
    <ele>37.6</ele>
    <time>2026-01-09T17:53:14Z</time>
   </trkpt>
   <trkpt lat="40.7450370" lon="-74.0500370">
    <ele>37.6</ele>
    <time>2026-01-09T17:53:15Z</time>
   </trkpt>
   <trkpt lat="40.7449980" lon="-74.0500710">
    <ele>37.5</ele>
    <time>2026-01-09T17:53:16Z</time>
   </trkpt>
   <trkpt lat="40.7449550" lon="-74.0501030">
    <ele>37.4</ele>
    <time>2026-01-09T17:53:17Z</time>
   </trkpt>
   <trkpt lat="40.7449100" lon="-74.0501340">
    <ele>37.3</ele>
    <time>2026-01-09T17:53:18Z</time>
   </trkpt>
   <trkpt lat="40.7448540" lon="-74.0501540">
    <ele>37.2</ele>
    <time>2026-01-09T17:53:19Z</time>
   </trkpt>
   <trkpt lat="40.7448060" lon="-74.0501880">
    <ele>37.2</ele>
    <time>2026-01-09T17:53:20Z</time>
   </trkpt>
   <trkpt lat="40.7447640" lon="-74.0502290">
    <ele>37.1</ele>
    <time>2026-01-09T17:53:21Z</time>
   </trkpt>
   <trkpt lat="40.7447130" lon="-74.0502790">
    <ele>37.1</ele>
    <time>2026-01-09T17:53:22Z</time>
   </trkpt>
   <trkpt lat="40.7446660" lon="-74.0503210">
    <ele>37.1</ele>
    <time>2026-01-09T17:53:23Z</time>
   </trkpt>
   <trkpt lat="40.7446130" lon="-74.0503500">
    <ele>37.1</ele>
    <time>2026-01-09T17:53:24Z</time>
   </trkpt>
   <trkpt lat="40.7445570" lon="-74.0503820">
    <ele>37.1</ele>
    <time>2026-01-09T17:53:25Z</time>
   </trkpt>
   <trkpt lat="40.7445020" lon="-74.0504140">
    <ele>37.2</ele>
    <time>2026-01-09T17:53:26Z</time>
   </trkpt>
   <trkpt lat="40.7444490" lon="-74.0504580">
    <ele>37.2</ele>
    <time>2026-01-09T17:53:27Z</time>
   </trkpt>
   <trkpt lat="40.7443900" lon="-74.0504860">
    <ele>37.2</ele>
    <time>2026-01-09T17:53:28Z</time>
   </trkpt>
   <trkpt lat="40.7443380" lon="-74.0505310">
    <ele>37.3</ele>
    <time>2026-01-09T17:53:29Z</time>
   </trkpt>
   <trkpt lat="40.7442840" lon="-74.0505710">
    <ele>37.3</ele>
    <time>2026-01-09T17:53:30Z</time>
   </trkpt>
   <trkpt lat="40.7442250" lon="-74.0506080">
    <ele>37.3</ele>
    <time>2026-01-09T17:53:31Z</time>
   </trkpt>
   <trkpt lat="40.7441670" lon="-74.0506540">
    <ele>37.3</ele>
    <time>2026-01-09T17:53:32Z</time>
   </trkpt>
   <trkpt lat="40.7441170" lon="-74.0506930">
    <ele>37.3</ele>
    <time>2026-01-09T17:53:33Z</time>
   </trkpt>
   <trkpt lat="40.7440670" lon="-74.0507230">
    <ele>37.3</ele>
    <time>2026-01-09T17:53:34Z</time>
   </trkpt>
   <trkpt lat="40.7440130" lon="-74.0507560">
    <ele>37.3</ele>
    <time>2026-01-09T17:53:35Z</time>
   </trkpt>
   <trkpt lat="40.7439650" lon="-74.0507930">
    <ele>37.3</ele>
    <time>2026-01-09T17:53:36Z</time>
   </trkpt>
   <trkpt lat="40.7439140" lon="-74.0508200">
    <ele>37.2</ele>
    <time>2026-01-09T17:53:37Z</time>
   </trkpt>
   <trkpt lat="40.7438630" lon="-74.0508630">
    <ele>37.2</ele>
    <time>2026-01-09T17:53:38Z</time>
   </trkpt>
   <trkpt lat="40.7438060" lon="-74.0508930">
    <ele>37.0</ele>
    <time>2026-01-09T17:53:39Z</time>
   </trkpt>
   <trkpt lat="40.7437590" lon="-74.0509260">
    <ele>37.0</ele>
    <time>2026-01-09T17:53:40Z</time>
   </trkpt>
   <trkpt lat="40.7437020" lon="-74.0509530">
    <ele>36.8</ele>
    <time>2026-01-09T17:53:41Z</time>
   </trkpt>
   <trkpt lat="40.7436450" lon="-74.0509780">
    <ele>36.7</ele>
    <time>2026-01-09T17:53:42Z</time>
   </trkpt>
   <trkpt lat="40.7435970" lon="-74.0510170">
    <ele>36.6</ele>
    <time>2026-01-09T17:53:43Z</time>
   </trkpt>
   <trkpt lat="40.7435490" lon="-74.0510510">
    <ele>36.5</ele>
    <time>2026-01-09T17:53:44Z</time>
   </trkpt>
   <trkpt lat="40.7435030" lon="-74.0510900">
    <ele>36.4</ele>
    <time>2026-01-09T17:53:45Z</time>
   </trkpt>
   <trkpt lat="40.7434550" lon="-74.0511200">
    <ele>36.3</ele>
    <time>2026-01-09T17:53:46Z</time>
   </trkpt>
   <trkpt lat="40.7434170" lon="-74.0511490">
    <ele>36.3</ele>
    <time>2026-01-09T17:53:47Z</time>
   </trkpt>
   <trkpt lat="40.7433820" lon="-74.0511620">
    <ele>36.2</ele>
    <time>2026-01-09T17:53:48Z</time>
   </trkpt>
   <trkpt lat="40.7433500" lon="-74.0511780">
    <ele>36.2</ele>
    <time>2026-01-09T17:53:49Z</time>
   </trkpt>
   <trkpt lat="40.7433230" lon="-74.0512160">
    <ele>36.1</ele>
    <time>2026-01-09T17:53:50Z</time>
   </trkpt>
   <trkpt lat="40.7433130" lon="-74.0512290">
    <ele>36.1</ele>
    <time>2026-01-09T17:53:51Z</time>
   </trkpt>
   <trkpt lat="40.7432790" lon="-74.0512370">
    <ele>36.1</ele>
    <time>2026-01-09T17:53:52Z</time>
   </trkpt>
   <trkpt lat="40.7432410" lon="-74.0512630">
    <ele>36.1</ele>
    <time>2026-01-09T17:53:53Z</time>
   </trkpt>
   <trkpt lat="40.7432020" lon="-74.0512920">
    <ele>36.1</ele>
    <time>2026-01-09T17:53:54Z</time>
   </trkpt>
   <trkpt lat="40.7431610" lon="-74.0513270">
    <ele>36.1</ele>
    <time>2026-01-09T17:53:55Z</time>
   </trkpt>
   <trkpt lat="40.7431210" lon="-74.0513570">
    <ele>36.1</ele>
    <time>2026-01-09T17:53:56Z</time>
   </trkpt>
   <trkpt lat="40.7430730" lon="-74.0513850">
    <ele>36.1</ele>
    <time>2026-01-09T17:53:57Z</time>
   </trkpt>
   <trkpt lat="40.7430430" lon="-74.0514160">
    <ele>36.2</ele>
    <time>2026-01-09T17:53:58Z</time>
   </trkpt>
   <trkpt lat="40.7430100" lon="-74.0514460">
    <ele>36.2</ele>
    <time>2026-01-09T17:53:59Z</time>
   </trkpt>
   <trkpt lat="40.7429860" lon="-74.0514730">
    <ele>36.2</ele>
    <time>2026-01-09T17:54:00Z</time>
   </trkpt>
   <trkpt lat="40.7429660" lon="-74.0514950">
    <ele>36.2</ele>
    <time>2026-01-09T17:54:01Z</time>
   </trkpt>
   <trkpt lat="40.7429560" lon="-74.0514970">
    <ele>36.2</ele>
    <time>2026-01-09T17:54:02Z</time>
   </trkpt>
   <trkpt lat="40.7429370" lon="-74.0515030">
    <ele>36.2</ele>
    <time>2026-01-09T17:54:03Z</time>
   </trkpt>
   <trkpt lat="40.7429350" lon="-74.0515000">
    <ele>36.2</ele>
    <time>2026-01-09T17:54:04Z</time>
   </trkpt>
   <trkpt lat="40.7429310" lon="-74.0514980">
    <ele>36.2</ele>
    <time>2026-01-09T17:54:05Z</time>
   </trkpt>
   <trkpt lat="40.7429340" lon="-74.0514960">
    <ele>36.2</ele>
    <time>2026-01-09T17:54:06Z</time>
   </trkpt>
   <trkpt lat="40.7429260" lon="-74.0514970">
    <ele>36.2</ele>
    <time>2026-01-09T17:54:07Z</time>
   </trkpt>
   <trkpt lat="40.7428990" lon="-74.0515140">
    <ele>36.3</ele>
    <time>2026-01-09T17:54:08Z</time>
   </trkpt>
   <trkpt lat="40.7428570" lon="-74.0515370">
    <ele>36.3</ele>
    <time>2026-01-09T17:54:09Z</time>
   </trkpt>
   <trkpt lat="40.7428370" lon="-74.0515460">
    <ele>36.3</ele>
    <time>2026-01-09T17:54:10Z</time>
   </trkpt>
   <trkpt lat="40.7428050" lon="-74.0515610">
    <ele>36.3</ele>
    <time>2026-01-09T17:54:11Z</time>
   </trkpt>
   <trkpt lat="40.7427640" lon="-74.0515830">
    <ele>36.3</ele>
    <time>2026-01-09T17:54:12Z</time>
   </trkpt>
   <trkpt lat="40.7427230" lon="-74.0516100">
    <ele>36.3</ele>
    <time>2026-01-09T17:54:13Z</time>
   </trkpt>
   <trkpt lat="40.7426790" lon="-74.0516410">
    <ele>36.3</ele>
    <time>2026-01-09T17:54:14Z</time>
   </trkpt>
   <trkpt lat="40.7426340" lon="-74.0516740">
    <ele>36.3</ele>
    <time>2026-01-09T17:54:15Z</time>
   </trkpt>
   <trkpt lat="40.7425900" lon="-74.0517120">
    <ele>36.3</ele>
    <time>2026-01-09T17:54:16Z</time>
   </trkpt>
   <trkpt lat="40.7425410" lon="-74.0517420">
    <ele>36.3</ele>
    <time>2026-01-09T17:54:17Z</time>
   </trkpt>
   <trkpt lat="40.7425000" lon="-74.0517770">
    <ele>36.4</ele>
    <time>2026-01-09T17:54:18Z</time>
   </trkpt>
   <trkpt lat="40.7424580" lon="-74.0518170">
    <ele>36.4</ele>
    <time>2026-01-09T17:54:19Z</time>
   </trkpt>
   <trkpt lat="40.7424120" lon="-74.0518510">
    <ele>36.4</ele>
    <time>2026-01-09T17:54:20Z</time>
   </trkpt>
   <trkpt lat="40.7423660" lon="-74.0518780">
    <ele>36.4</ele>
    <time>2026-01-09T17:54:21Z</time>
   </trkpt>
   <trkpt lat="40.7423230" lon="-74.0519140">
    <ele>36.5</ele>
    <time>2026-01-09T17:54:22Z</time>
   </trkpt>
   <trkpt lat="40.7422790" lon="-74.0519490">
    <ele>36.5</ele>
    <time>2026-01-09T17:54:23Z</time>
   </trkpt>
   <trkpt lat="40.7422310" lon="-74.0519800">
    <ele>36.5</ele>
    <time>2026-01-09T17:54:24Z</time>
   </trkpt>
   <trkpt lat="40.7421860" lon="-74.0520130">
    <ele>36.5</ele>
    <time>2026-01-09T17:54:25Z</time>
   </trkpt>
   <trkpt lat="40.7421460" lon="-74.0520500">
    <ele>36.6</ele>
    <time>2026-01-09T17:54:26Z</time>
   </trkpt>
   <trkpt lat="40.7420930" lon="-74.0520870">
    <ele>36.6</ele>
    <time>2026-01-09T17:54:27Z</time>
   </trkpt>
   <trkpt lat="40.7420490" lon="-74.0521210">
    <ele>36.6</ele>
    <time>2026-01-09T17:54:28Z</time>
   </trkpt>
   <trkpt lat="40.7419970" lon="-74.0521540">
    <ele>36.7</ele>
    <time>2026-01-09T17:54:29Z</time>
   </trkpt>
   <trkpt lat="40.7419470" lon="-74.0521880">
    <ele>36.7</ele>
    <time>2026-01-09T17:54:30Z</time>
   </trkpt>
   <trkpt lat="40.7419040" lon="-74.0522230">
    <ele>36.7</ele>
    <time>2026-01-09T17:54:31Z</time>
   </trkpt>
   <trkpt lat="40.7418500" lon="-74.0522540">
    <ele>36.8</ele>
    <time>2026-01-09T17:54:32Z</time>
   </trkpt>
   <trkpt lat="40.7418010" lon="-74.0522800">
    <ele>36.8</ele>
    <time>2026-01-09T17:54:33Z</time>
   </trkpt>
   <trkpt lat="40.7417680" lon="-74.0523230">
    <ele>36.8</ele>
    <time>2026-01-09T17:54:34Z</time>
   </trkpt>
   <trkpt lat="40.7417140" lon="-74.0523590">
    <ele>36.8</ele>
    <time>2026-01-09T17:54:35Z</time>
   </trkpt>
   <trkpt lat="40.7416610" lon="-74.0523980">
    <ele>36.7</ele>
    <time>2026-01-09T17:54:36Z</time>
   </trkpt>
   <trkpt lat="40.7416060" lon="-74.0524430">
    <ele>36.7</ele>
    <time>2026-01-09T17:54:37Z</time>
   </trkpt>
   <trkpt lat="40.7415610" lon="-74.0524640">
    <ele>36.7</ele>
    <time>2026-01-09T17:54:38Z</time>
   </trkpt>
   <trkpt lat="40.7415100" lon="-74.0525020">
    <ele>36.7</ele>
    <time>2026-01-09T17:54:39Z</time>
   </trkpt>
   <trkpt lat="40.7414630" lon="-74.0525310">
    <ele>36.6</ele>
    <time>2026-01-09T17:54:40Z</time>
   </trkpt>
   <trkpt lat="40.7414060" lon="-74.0525630">
    <ele>36.6</ele>
    <time>2026-01-09T17:54:41Z</time>
   </trkpt>
   <trkpt lat="40.7413550" lon="-74.0525940">
    <ele>36.6</ele>
    <time>2026-01-09T17:54:42Z</time>
   </trkpt>
   <trkpt lat="40.7413050" lon="-74.0526310">
    <ele>36.5</ele>
    <time>2026-01-09T17:54:43Z</time>
   </trkpt>
   <trkpt lat="40.7412530" lon="-74.0526730">
    <ele>36.5</ele>
    <time>2026-01-09T17:54:44Z</time>
   </trkpt>
   <trkpt lat="40.7412010" lon="-74.0527120">
    <ele>36.5</ele>
    <time>2026-01-09T17:54:45Z</time>
   </trkpt>
   <trkpt lat="40.7411420" lon="-74.0527540">
    <ele>36.4</ele>
    <time>2026-01-09T17:54:46Z</time>
   </trkpt>
   <trkpt lat="40.7410860" lon="-74.0527830">
    <ele>36.4</ele>
    <time>2026-01-09T17:54:47Z</time>
   </trkpt>
   <trkpt lat="40.7410400" lon="-74.0528210">
    <ele>36.3</ele>
    <time>2026-01-09T17:54:48Z</time>
   </trkpt>
   <trkpt lat="40.7409910" lon="-74.0528560">
    <ele>36.3</ele>
    <time>2026-01-09T17:54:49Z</time>
   </trkpt>
   <trkpt lat="40.7409480" lon="-74.0528830">
    <ele>36.3</ele>
    <time>2026-01-09T17:54:50Z</time>
   </trkpt>
   <trkpt lat="40.7409000" lon="-74.0529190">
    <ele>36.2</ele>
    <time>2026-01-09T17:54:51Z</time>
   </trkpt>
   <trkpt lat="40.7408480" lon="-74.0529520">
    <ele>36.2</ele>
    <time>2026-01-09T17:54:52Z</time>
   </trkpt>
   <trkpt lat="40.7408040" lon="-74.0529850">
    <ele>36.2</ele>
    <time>2026-01-09T17:54:53Z</time>
   </trkpt>
   <trkpt lat="40.7407620" lon="-74.0530090">
    <ele>36.1</ele>
    <time>2026-01-09T17:54:54Z</time>
   </trkpt>
   <trkpt lat="40.7407140" lon="-74.0530420">
    <ele>36.1</ele>
    <time>2026-01-09T17:54:55Z</time>
   </trkpt>
   <trkpt lat="40.7406710" lon="-74.0530680">
    <ele>36.1</ele>
    <time>2026-01-09T17:54:56Z</time>
   </trkpt>
   <trkpt lat="40.7406290" lon="-74.0531010">
    <ele>36.1</ele>
    <time>2026-01-09T17:54:57Z</time>
   </trkpt>
   <trkpt lat="40.7405780" lon="-74.0531320">
    <ele>36.0</ele>
    <time>2026-01-09T17:54:58Z</time>
   </trkpt>
   <trkpt lat="40.7405270" lon="-74.0531630">
    <ele>36.0</ele>
    <time>2026-01-09T17:54:59Z</time>
   </trkpt>
   <trkpt lat="40.7404800" lon="-74.0531980">
    <ele>35.9</ele>
    <time>2026-01-09T17:55:00Z</time>
   </trkpt>
   <trkpt lat="40.7404340" lon="-74.0532350">
    <ele>35.9</ele>
    <time>2026-01-09T17:55:01Z</time>
   </trkpt>
   <trkpt lat="40.7403880" lon="-74.0532690">
    <ele>35.8</ele>
    <time>2026-01-09T17:55:02Z</time>
   </trkpt>
   <trkpt lat="40.7403400" lon="-74.0532940">
    <ele>35.8</ele>
    <time>2026-01-09T17:55:03Z</time>
   </trkpt>
   <trkpt lat="40.7403110" lon="-74.0533230">
    <ele>35.8</ele>
    <time>2026-01-09T17:55:04Z</time>
   </trkpt>
   <trkpt lat="40.7402670" lon="-74.0533430">
    <ele>35.7</ele>
    <time>2026-01-09T17:55:05Z</time>
   </trkpt>
   <trkpt lat="40.7402320" lon="-74.0533640">
    <ele>35.7</ele>
    <time>2026-01-09T17:55:06Z</time>
   </trkpt>
   <trkpt lat="40.7401900" lon="-74.0533860">
    <ele>35.6</ele>
    <time>2026-01-09T17:55:07Z</time>
   </trkpt>
   <trkpt lat="40.7401530" lon="-74.0534170">
    <ele>35.6</ele>
    <time>2026-01-09T17:55:08Z</time>
   </trkpt>
   <trkpt lat="40.7401130" lon="-74.0534440">
    <ele>35.6</ele>
    <time>2026-01-09T17:55:09Z</time>
   </trkpt>
   <trkpt lat="40.7400690" lon="-74.0534670">
    <ele>35.5</ele>
    <time>2026-01-09T17:55:10Z</time>
   </trkpt>
   <trkpt lat="40.7400170" lon="-74.0534990">
    <ele>35.5</ele>
    <time>2026-01-09T17:55:11Z</time>
   </trkpt>
   <trkpt lat="40.7399720" lon="-74.0535270">
    <ele>35.4</ele>
    <time>2026-01-09T17:55:12Z</time>
   </trkpt>
   <trkpt lat="40.7399200" lon="-74.0535590">
    <ele>35.3</ele>
    <time>2026-01-09T17:55:13Z</time>
   </trkpt>
   <trkpt lat="40.7398680" lon="-74.0535950">
    <ele>35.3</ele>
    <time>2026-01-09T17:55:14Z</time>
   </trkpt>
   <trkpt lat="40.7398210" lon="-74.0536300">
    <ele>35.2</ele>
    <time>2026-01-09T17:55:15Z</time>
   </trkpt>
   <trkpt lat="40.7397840" lon="-74.0536490">
    <ele>35.2</ele>
    <time>2026-01-09T17:55:16Z</time>
   </trkpt>
   <trkpt lat="40.7397490" lon="-74.0536920">
    <ele>35.1</ele>
    <time>2026-01-09T17:55:17Z</time>
   </trkpt>
   <trkpt lat="40.7397000" lon="-74.0537160">
    <ele>35.1</ele>
    <time>2026-01-09T17:55:18Z</time>
   </trkpt>
   <trkpt lat="40.7396420" lon="-74.0537540">
    <ele>35.0</ele>
    <time>2026-01-09T17:55:19Z</time>
   </trkpt>
   <trkpt lat="40.7395860" lon="-74.0537880">
    <ele>34.9</ele>
    <time>2026-01-09T17:55:20Z</time>
   </trkpt>
   <trkpt lat="40.7395330" lon="-74.0538220">
    <ele>34.9</ele>
    <time>2026-01-09T17:55:21Z</time>
   </trkpt>
   <trkpt lat="40.7394810" lon="-74.0538450">
    <ele>34.8</ele>
    <time>2026-01-09T17:55:22Z</time>
   </trkpt>
   <trkpt lat="40.7394350" lon="-74.0538850">
    <ele>34.7</ele>
    <time>2026-01-09T17:55:23Z</time>
   </trkpt>
   <trkpt lat="40.7393960" lon="-74.0539160">
    <ele>34.7</ele>
    <time>2026-01-09T17:55:24Z</time>
   </trkpt>
   <trkpt lat="40.7393480" lon="-74.0539500">
    <ele>34.6</ele>
    <time>2026-01-09T17:55:25Z</time>
   </trkpt>
   <trkpt lat="40.7393060" lon="-74.0540080">
    <ele>34.5</ele>
    <time>2026-01-09T17:55:26Z</time>
   </trkpt>
   <trkpt lat="40.7392570" lon="-74.0540380">
    <ele>34.4</ele>
    <time>2026-01-09T17:55:27Z</time>
   </trkpt>
   <trkpt lat="40.7391920" lon="-74.0540620">
    <ele>34.4</ele>
    <time>2026-01-09T17:55:28Z</time>
   </trkpt>
   <trkpt lat="40.7391360" lon="-74.0540950">
    <ele>34.3</ele>
    <time>2026-01-09T17:55:29Z</time>
   </trkpt>
   <trkpt lat="40.7390820" lon="-74.0541230">
    <ele>34.2</ele>
    <time>2026-01-09T17:55:30Z</time>
   </trkpt>
   <trkpt lat="40.7390360" lon="-74.0541580">
    <ele>34.2</ele>
    <time>2026-01-09T17:55:31Z</time>
   </trkpt>
   <trkpt lat="40.7389810" lon="-74.0541930">
    <ele>34.1</ele>
    <time>2026-01-09T17:55:32Z</time>
   </trkpt>
   <trkpt lat="40.7389350" lon="-74.0542260">
    <ele>34.0</ele>
    <time>2026-01-09T17:55:33Z</time>
   </trkpt>
   <trkpt lat="40.7388750" lon="-74.0542660">
    <ele>33.9</ele>
    <time>2026-01-09T17:55:34Z</time>
   </trkpt>
   <trkpt lat="40.7388210" lon="-74.0542990">
    <ele>33.9</ele>
    <time>2026-01-09T17:55:35Z</time>
   </trkpt>
   <trkpt lat="40.7387640" lon="-74.0543370">
    <ele>33.8</ele>
    <time>2026-01-09T17:55:36Z</time>
   </trkpt>
   <trkpt lat="40.7387110" lon="-74.0543740">
    <ele>33.7</ele>
    <time>2026-01-09T17:55:37Z</time>
   </trkpt>
   <trkpt lat="40.7386550" lon="-74.0544080">
    <ele>33.6</ele>
    <time>2026-01-09T17:55:38Z</time>
   </trkpt>
   <trkpt lat="40.7386060" lon="-74.0544420">
    <ele>33.5</ele>
    <time>2026-01-09T17:55:39Z</time>
   </trkpt>
   <trkpt lat="40.7385620" lon="-74.0544760">
    <ele>33.4</ele>
    <time>2026-01-09T17:55:40Z</time>
   </trkpt>
   <trkpt lat="40.7385180" lon="-74.0545050">
    <ele>33.4</ele>
    <time>2026-01-09T17:55:41Z</time>
   </trkpt>
   <trkpt lat="40.7384640" lon="-74.0545340">
    <ele>33.3</ele>
    <time>2026-01-09T17:55:42Z</time>
   </trkpt>
   <trkpt lat="40.7384120" lon="-74.0545590">
    <ele>33.3</ele>
    <time>2026-01-09T17:55:43Z</time>
   </trkpt>
   <trkpt lat="40.7383630" lon="-74.0545970">
    <ele>33.2</ele>
    <time>2026-01-09T17:55:44Z</time>
   </trkpt>
   <trkpt lat="40.7383050" lon="-74.0546320">
    <ele>33.2</ele>
    <time>2026-01-09T17:55:45Z</time>
   </trkpt>
   <trkpt lat="40.7382510" lon="-74.0546710">
    <ele>33.1</ele>
    <time>2026-01-09T17:55:46Z</time>
   </trkpt>
   <trkpt lat="40.7382000" lon="-74.0547070">
    <ele>33.1</ele>
    <time>2026-01-09T17:55:47Z</time>
   </trkpt>
   <trkpt lat="40.7381490" lon="-74.0547390">
    <ele>33.1</ele>
    <time>2026-01-09T17:55:48Z</time>
   </trkpt>
   <trkpt lat="40.7380990" lon="-74.0547780">
    <ele>33.0</ele>
    <time>2026-01-09T17:55:49Z</time>
   </trkpt>
   <trkpt lat="40.7380450" lon="-74.0548080">
    <ele>32.9</ele>
    <time>2026-01-09T17:55:50Z</time>
   </trkpt>
   <trkpt lat="40.7379960" lon="-74.0548430">
    <ele>32.9</ele>
    <time>2026-01-09T17:55:51Z</time>
   </trkpt>
   <trkpt lat="40.7379390" lon="-74.0548840">
    <ele>32.8</ele>
    <time>2026-01-09T17:55:52Z</time>
   </trkpt>
   <trkpt lat="40.7378930" lon="-74.0549180">
    <ele>32.8</ele>
    <time>2026-01-09T17:55:53Z</time>
   </trkpt>
   <trkpt lat="40.7378400" lon="-74.0549550">
    <ele>32.7</ele>
    <time>2026-01-09T17:55:54Z</time>
   </trkpt>
   <trkpt lat="40.7377780" lon="-74.0549770">
    <ele>32.6</ele>
    <time>2026-01-09T17:55:55Z</time>
   </trkpt>
   <trkpt lat="40.7377260" lon="-74.0550140">
    <ele>32.5</ele>
    <time>2026-01-09T17:55:56Z</time>
   </trkpt>
   <trkpt lat="40.7376700" lon="-74.0550550">
    <ele>32.4</ele>
    <time>2026-01-09T17:55:57Z</time>
   </trkpt>
   <trkpt lat="40.7376090" lon="-74.0550970">
    <ele>32.4</ele>
    <time>2026-01-09T17:55:58Z</time>
   </trkpt>
   <trkpt lat="40.7375500" lon="-74.0551370">
    <ele>32.3</ele>
    <time>2026-01-09T17:55:59Z</time>
   </trkpt>
   <trkpt lat="40.7374940" lon="-74.0551710">
    <ele>32.2</ele>
    <time>2026-01-09T17:56:00Z</time>
   </trkpt>
   <trkpt lat="40.7374430" lon="-74.0552060">
    <ele>32.1</ele>
    <time>2026-01-09T17:56:01Z</time>
   </trkpt>
   <trkpt lat="40.7373840" lon="-74.0552460">
    <ele>32.0</ele>
    <time>2026-01-09T17:56:02Z</time>
   </trkpt>
   <trkpt lat="40.7373320" lon="-74.0552860">
    <ele>32.0</ele>
    <time>2026-01-09T17:56:03Z</time>
   </trkpt>
   <trkpt lat="40.7372740" lon="-74.0553300">
    <ele>31.9</ele>
    <time>2026-01-09T17:56:04Z</time>
   </trkpt>
   <trkpt lat="40.7372180" lon="-74.0553650">
    <ele>31.9</ele>
    <time>2026-01-09T17:56:05Z</time>
   </trkpt>
   <trkpt lat="40.7371640" lon="-74.0554030">
    <ele>31.9</ele>
    <time>2026-01-09T17:56:06Z</time>
   </trkpt>
   <trkpt lat="40.7371090" lon="-74.0554390">
    <ele>31.9</ele>
    <time>2026-01-09T17:56:07Z</time>
   </trkpt>
   <trkpt lat="40.7370540" lon="-74.0554710">
    <ele>32.0</ele>
    <time>2026-01-09T17:56:08Z</time>
   </trkpt>
   <trkpt lat="40.7370010" lon="-74.0555050">
    <ele>32.0</ele>
    <time>2026-01-09T17:56:09Z</time>
   </trkpt>
   <trkpt lat="40.7369540" lon="-74.0555440">
    <ele>32.0</ele>
    <time>2026-01-09T17:56:10Z</time>
   </trkpt>
   <trkpt lat="40.7369050" lon="-74.0555720">
    <ele>32.0</ele>
    <time>2026-01-09T17:56:11Z</time>
   </trkpt>
   <trkpt lat="40.7368490" lon="-74.0556000">
    <ele>32.0</ele>
    <time>2026-01-09T17:56:12Z</time>
   </trkpt>
   <trkpt lat="40.7367980" lon="-74.0556400">
    <ele>31.9</ele>
    <time>2026-01-09T17:56:13Z</time>
   </trkpt>
   <trkpt lat="40.7367430" lon="-74.0556780">
    <ele>31.9</ele>
    <time>2026-01-09T17:56:14Z</time>
   </trkpt>
   <trkpt lat="40.7366930" lon="-74.0557100">
    <ele>31.8</ele>
    <time>2026-01-09T17:56:15Z</time>
   </trkpt>
   <trkpt lat="40.7366420" lon="-74.0557470">
    <ele>31.8</ele>
    <time>2026-01-09T17:56:16Z</time>
   </trkpt>
   <trkpt lat="40.7365870" lon="-74.0557790">
    <ele>31.7</ele>
    <time>2026-01-09T17:56:17Z</time>
   </trkpt>
   <trkpt lat="40.7365390" lon="-74.0558110">
    <ele>31.7</ele>
    <time>2026-01-09T17:56:18Z</time>
   </trkpt>
   <trkpt lat="40.7364810" lon="-74.0558490">
    <ele>31.6</ele>
    <time>2026-01-09T17:56:19Z</time>
   </trkpt>
   <trkpt lat="40.7364300" lon="-74.0558830">
    <ele>31.5</ele>
    <time>2026-01-09T17:56:20Z</time>
   </trkpt>
   <trkpt lat="40.7363830" lon="-74.0559150">
    <ele>31.4</ele>
    <time>2026-01-09T17:56:21Z</time>
   </trkpt>
   <trkpt lat="40.7363320" lon="-74.0559410">
    <ele>31.4</ele>
    <time>2026-01-09T17:56:22Z</time>
   </trkpt>
   <trkpt lat="40.7362850" lon="-74.0559760">
    <ele>31.3</ele>
    <time>2026-01-09T17:56:23Z</time>
   </trkpt>
   <trkpt lat="40.7362390" lon="-74.0560040">
    <ele>31.2</ele>
    <time>2026-01-09T17:56:24Z</time>
   </trkpt>
   <trkpt lat="40.7361950" lon="-74.0560380">
    <ele>31.1</ele>
    <time>2026-01-09T17:56:25Z</time>
   </trkpt>
   <trkpt lat="40.7361510" lon="-74.0560710">
    <ele>31.1</ele>
    <time>2026-01-09T17:56:26Z</time>
   </trkpt>
   <trkpt lat="40.7361060" lon="-74.0561000">
    <ele>31.0</ele>
    <time>2026-01-09T17:56:27Z</time>
   </trkpt>
   <trkpt lat="40.7360640" lon="-74.0561240">
    <ele>31.0</ele>
    <time>2026-01-09T17:56:28Z</time>
   </trkpt>
   <trkpt lat="40.7360230" lon="-74.0561550">
    <ele>30.9</ele>
    <time>2026-01-09T17:56:29Z</time>
   </trkpt>
   <trkpt lat="40.7359840" lon="-74.0561870">
    <ele>30.8</ele>
    <time>2026-01-09T17:56:30Z</time>
   </trkpt>
   <trkpt lat="40.7359480" lon="-74.0562230">
    <ele>30.8</ele>
    <time>2026-01-09T17:56:31Z</time>
   </trkpt>
   <trkpt lat="40.7359120" lon="-74.0562410">
    <ele>30.7</ele>
    <time>2026-01-09T17:56:32Z</time>
   </trkpt>
   <trkpt lat="40.7358800" lon="-74.0562680">
    <ele>30.6</ele>
    <time>2026-01-09T17:56:33Z</time>
   </trkpt>
   <trkpt lat="40.7358670" lon="-74.0562760">
    <ele>30.6</ele>
    <time>2026-01-09T17:56:34Z</time>
   </trkpt>
   <trkpt lat="40.7358400" lon="-74.0563010">
    <ele>30.5</ele>
    <time>2026-01-09T17:56:35Z</time>
   </trkpt>
   <trkpt lat="40.7358030" lon="-74.0563180">
    <ele>30.5</ele>
    <time>2026-01-09T17:56:36Z</time>
   </trkpt>
   <trkpt lat="40.7357750" lon="-74.0563330">
    <ele>30.4</ele>
    <time>2026-01-09T17:56:37Z</time>
   </trkpt>
   <trkpt lat="40.7357490" lon="-74.0563460">
    <ele>30.4</ele>
    <time>2026-01-09T17:56:38Z</time>
   </trkpt>
   <trkpt lat="40.7357290" lon="-74.0563580">
    <ele>30.3</ele>
    <time>2026-01-09T17:56:39Z</time>
   </trkpt>
   <trkpt lat="40.7357190" lon="-74.0563690">
    <ele>30.3</ele>
    <time>2026-01-09T17:56:40Z</time>
   </trkpt>
   <trkpt lat="40.7356900" lon="-74.0563960">
    <ele>30.3</ele>
    <time>2026-01-09T17:56:41Z</time>
   </trkpt>
   <trkpt lat="40.7356800" lon="-74.0564040">
    <ele>30.2</ele>
    <time>2026-01-09T17:56:42Z</time>
   </trkpt>
   <trkpt lat="40.7356560" lon="-74.0564230">
    <ele>30.2</ele>
    <time>2026-01-09T17:56:43Z</time>
   </trkpt>
   <trkpt lat="40.7356360" lon="-74.0564310">
    <ele>30.2</ele>
    <time>2026-01-09T17:56:44Z</time>
   </trkpt>
   <trkpt lat="40.7356410" lon="-74.0564290">
    <ele>30.2</ele>
    <time>2026-01-09T17:56:45Z</time>
   </trkpt>
   <trkpt lat="40.7356470" lon="-74.0564300">
    <ele>30.2</ele>
    <time>2026-01-09T17:56:46Z</time>
   </trkpt>
   <trkpt lat="40.7356500" lon="-74.0564280">
    <ele>30.2</ele>
    <time>2026-01-09T17:56:47Z</time>
   </trkpt>
   <trkpt lat="40.7356530" lon="-74.0564290">
    <ele>30.2</ele>
    <time>2026-01-09T17:56:48Z</time>
   </trkpt>
   <trkpt lat="40.7356470" lon="-74.0564310">
    <ele>30.1</ele>
    <time>2026-01-09T17:56:49Z</time>
   </trkpt>
   <trkpt lat="40.7356290" lon="-74.0564350">
    <ele>30.1</ele>
    <time>2026-01-09T17:56:50Z</time>
   </trkpt>
   <trkpt lat="40.7355950" lon="-74.0564490">
    <ele>30.1</ele>
    <time>2026-01-09T17:56:51Z</time>
   </trkpt>
   <trkpt lat="40.7355820" lon="-74.0564540">
    <ele>30.0</ele>
    <time>2026-01-09T17:56:52Z</time>
   </trkpt>
   <trkpt lat="40.7355650" lon="-74.0564620">
    <ele>30.0</ele>
    <time>2026-01-09T17:56:53Z</time>
   </trkpt>
   <trkpt lat="40.7355500" lon="-74.0564720">
    <ele>30.0</ele>
    <time>2026-01-09T17:56:54Z</time>
   </trkpt>
   <trkpt lat="40.7355440" lon="-74.0564790">
    <ele>30.0</ele>
    <time>2026-01-09T17:56:55Z</time>
   </trkpt>
   <trkpt lat="40.7355430" lon="-74.0564800">
    <ele>30.0</ele>
    <time>2026-01-09T17:56:56Z</time>
   </trkpt>
   <trkpt lat="40.7355420" lon="-74.0564830">
    <ele>30.0</ele>
    <time>2026-01-09T17:56:57Z</time>
   </trkpt>
   <trkpt lat="40.7355220" lon="-74.0564900">
    <ele>29.9</ele>
    <time>2026-01-09T17:56:58Z</time>
   </trkpt>
   <trkpt lat="40.7354830" lon="-74.0564980">
    <ele>29.9</ele>
    <time>2026-01-09T17:56:59Z</time>
   </trkpt>
   <trkpt lat="40.7354650" lon="-74.0565030">
    <ele>29.8</ele>
    <time>2026-01-09T17:57:00Z</time>
   </trkpt>
   <trkpt lat="40.7354340" lon="-74.0565220">
    <ele>29.7</ele>
    <time>2026-01-09T17:57:01Z</time>
   </trkpt>
   <trkpt lat="40.7353880" lon="-74.0565440">
    <ele>29.6</ele>
    <time>2026-01-09T17:57:02Z</time>
   </trkpt>
   <trkpt lat="40.7353440" lon="-74.0565740">
    <ele>29.6</ele>
    <time>2026-01-09T17:57:03Z</time>
   </trkpt>
   <trkpt lat="40.7352940" lon="-74.0565960">
    <ele>29.5</ele>
    <time>2026-01-09T17:57:04Z</time>
   </trkpt>
   <trkpt lat="40.7352370" lon="-74.0566170">
    <ele>29.4</ele>
    <time>2026-01-09T17:57:05Z</time>
   </trkpt>
   <trkpt lat="40.7351830" lon="-74.0566380">
    <ele>29.3</ele>
    <time>2026-01-09T17:57:06Z</time>
   </trkpt>
   <trkpt lat="40.7351250" lon="-74.0566540">
    <ele>29.2</ele>
    <time>2026-01-09T17:57:07Z</time>
   </trkpt>
   <trkpt lat="40.7350610" lon="-74.0566790">
    <ele>29.1</ele>
    <time>2026-01-09T17:57:08Z</time>
   </trkpt>
   <trkpt lat="40.7350020" lon="-74.0566940">
    <ele>29.0</ele>
    <time>2026-01-09T17:57:09Z</time>
   </trkpt>
   <trkpt lat="40.7349470" lon="-74.0567230">
    <ele>29.0</ele>
    <time>2026-01-09T17:57:10Z</time>
   </trkpt>
   <trkpt lat="40.7348950" lon="-74.0567570">
    <ele>28.9</ele>
    <time>2026-01-09T17:57:11Z</time>
   </trkpt>
   <trkpt lat="40.7348420" lon="-74.0567850">
    <ele>28.9</ele>
    <time>2026-01-09T17:57:12Z</time>
   </trkpt>
   <trkpt lat="40.7347880" lon="-74.0567940">
    <ele>28.8</ele>
    <time>2026-01-09T17:57:13Z</time>
   </trkpt>
   <trkpt lat="40.7347380" lon="-74.0568130">
    <ele>28.8</ele>
    <time>2026-01-09T17:57:14Z</time>
   </trkpt>
   <trkpt lat="40.7346810" lon="-74.0568300">
    <ele>28.8</ele>
    <time>2026-01-09T17:57:15Z</time>
   </trkpt>
   <trkpt lat="40.7346310" lon="-74.0568530">
    <ele>28.8</ele>
    <time>2026-01-09T17:57:16Z</time>
   </trkpt>
   <trkpt lat="40.7345820" lon="-74.0568740">
    <ele>28.7</ele>
    <time>2026-01-09T17:57:17Z</time>
   </trkpt>
   <trkpt lat="40.7345360" lon="-74.0568970">
    <ele>28.7</ele>
    <time>2026-01-09T17:57:18Z</time>
   </trkpt>
   <trkpt lat="40.7344830" lon="-74.0569210">
    <ele>28.7</ele>
    <time>2026-01-09T17:57:19Z</time>
   </trkpt>
   <trkpt lat="40.7344400" lon="-74.0569390">
    <ele>28.7</ele>
    <time>2026-01-09T17:57:20Z</time>
   </trkpt>
   <trkpt lat="40.7344000" lon="-74.0569560">
    <ele>28.7</ele>
    <time>2026-01-09T17:57:21Z</time>
   </trkpt>
   <trkpt lat="40.7343570" lon="-74.0569720">
    <ele>28.7</ele>
    <time>2026-01-09T17:57:22Z</time>
   </trkpt>
   <trkpt lat="40.7343340" lon="-74.0569950">
    <ele>28.7</ele>
    <time>2026-01-09T17:57:23Z</time>
   </trkpt>
   <trkpt lat="40.7343000" lon="-74.0570220">
    <ele>28.8</ele>
    <time>2026-01-09T17:57:24Z</time>
   </trkpt>
   <trkpt lat="40.7342660" lon="-74.0570330">
    <ele>28.8</ele>
    <time>2026-01-09T17:57:25Z</time>
   </trkpt>
   <trkpt lat="40.7342390" lon="-74.0570330">
    <ele>28.8</ele>
    <time>2026-01-09T17:57:26Z</time>
   </trkpt>
   <trkpt lat="40.7342050" lon="-74.0570420">
    <ele>28.8</ele>
    <time>2026-01-09T17:57:27Z</time>
   </trkpt>
   <trkpt lat="40.7341700" lon="-74.0570620">
    <ele>28.9</ele>
    <time>2026-01-09T17:57:28Z</time>
   </trkpt>
   <trkpt lat="40.7341460" lon="-74.0570920">
    <ele>28.9</ele>
    <time>2026-01-09T17:57:29Z</time>
   </trkpt>
   <trkpt lat="40.7341170" lon="-74.0571320">
    <ele>29.0</ele>
    <time>2026-01-09T17:57:30Z</time>
   </trkpt>
   <trkpt lat="40.7340870" lon="-74.0571610">
    <ele>29.0</ele>
    <time>2026-01-09T17:57:31Z</time>
   </trkpt>
   <trkpt lat="40.7340570" lon="-74.0571830">
    <ele>29.1</ele>
    <time>2026-01-09T17:57:32Z</time>
   </trkpt>
   <trkpt lat="40.7340320" lon="-74.0572110">
    <ele>29.1</ele>
    <time>2026-01-09T17:57:33Z</time>
   </trkpt>
   <trkpt lat="40.7340080" lon="-74.0572390">
    <ele>29.2</ele>
    <time>2026-01-09T17:57:34Z</time>
   </trkpt>
   <trkpt lat="40.7339770" lon="-74.0572630">
    <ele>29.2</ele>
    <time>2026-01-09T17:57:35Z</time>
   </trkpt>
   <trkpt lat="40.7339480" lon="-74.0572910">
    <ele>29.2</ele>
    <time>2026-01-09T17:57:36Z</time>
   </trkpt>
   <trkpt lat="40.7339220" lon="-74.0573130">
    <ele>29.2</ele>
    <time>2026-01-09T17:57:37Z</time>
   </trkpt>
   <trkpt lat="40.7338920" lon="-74.0573420">
    <ele>29.3</ele>
    <time>2026-01-09T17:57:38Z</time>
   </trkpt>
   <trkpt lat="40.7338650" lon="-74.0573680">
    <ele>29.3</ele>
    <time>2026-01-09T17:57:39Z</time>
   </trkpt>
   <trkpt lat="40.7338430" lon="-74.0573990">
    <ele>29.3</ele>
    <time>2026-01-09T17:57:40Z</time>
   </trkpt>
   <trkpt lat="40.7338100" lon="-74.0574330">
    <ele>29.3</ele>
    <time>2026-01-09T17:57:41Z</time>
   </trkpt>
   <trkpt lat="40.7337890" lon="-74.0574420">
    <ele>29.3</ele>
    <time>2026-01-09T17:57:42Z</time>
   </trkpt>
   <trkpt lat="40.7337630" lon="-74.0574570">
    <ele>29.4</ele>
    <time>2026-01-09T17:57:43Z</time>
   </trkpt>
   <trkpt lat="40.7337550" lon="-74.0574670">
    <ele>29.4</ele>
    <time>2026-01-09T17:57:44Z</time>
   </trkpt>
   <trkpt lat="40.7337270" lon="-74.0575010">
    <ele>29.4</ele>
    <time>2026-01-09T17:57:45Z</time>
   </trkpt>
   <trkpt lat="40.7337150" lon="-74.0575090">
    <ele>29.4</ele>
    <time>2026-01-09T17:57:46Z</time>
   </trkpt>
   <trkpt lat="40.7336780" lon="-74.0575340">
    <ele>29.4</ele>
    <time>2026-01-09T17:57:47Z</time>
   </trkpt>
   <trkpt lat="40.7336640" lon="-74.0575460">
    <ele>29.4</ele>
    <time>2026-01-09T17:57:48Z</time>
   </trkpt>
   <trkpt lat="40.7336470" lon="-74.0575790">
    <ele>29.4</ele>
    <time>2026-01-09T17:57:49Z</time>
   </trkpt>
   <trkpt lat="40.7336240" lon="-74.0576090">
    <ele>29.4</ele>
    <time>2026-01-09T17:57:50Z</time>
   </trkpt>
   <trkpt lat="40.7335990" lon="-74.0576340">
    <ele>29.4</ele>
    <time>2026-01-09T17:57:51Z</time>
   </trkpt>
   <trkpt lat="40.7335700" lon="-74.0576600">
    <ele>29.4</ele>
    <time>2026-01-09T17:57:52Z</time>
   </trkpt>
   <trkpt lat="40.7335330" lon="-74.0576760">
    <ele>29.5</ele>
    <time>2026-01-09T17:57:53Z</time>
   </trkpt>
   <trkpt lat="40.7335200" lon="-74.0576790">
    <ele>29.5</ele>
    <time>2026-01-09T17:57:54Z</time>
   </trkpt>
   <trkpt lat="40.7335030" lon="-74.0577130">
    <ele>29.5</ele>
    <time>2026-01-09T17:57:55Z</time>
   </trkpt>
   <trkpt lat="40.7334970" lon="-74.0577200">
    <ele>29.5</ele>
    <time>2026-01-09T17:57:56Z</time>
   </trkpt>
   <trkpt lat="40.7334770" lon="-74.0577450">
    <ele>29.5</ele>
    <time>2026-01-09T17:57:57Z</time>
   </trkpt>
   <trkpt lat="40.7334720" lon="-74.0577570">
    <ele>29.5</ele>
    <time>2026-01-09T17:57:58Z</time>
   </trkpt>
   <trkpt lat="40.7334490" lon="-74.0577910">
    <ele>29.6</ele>
    <time>2026-01-09T17:57:59Z</time>
   </trkpt>
   <trkpt lat="40.7334160" lon="-74.0578180">
    <ele>29.6</ele>
    <time>2026-01-09T17:58:00Z</time>
   </trkpt>
   <trkpt lat="40.7334040" lon="-74.0578290">
    <ele>29.6</ele>
    <time>2026-01-09T17:58:01Z</time>
   </trkpt>
   <trkpt lat="40.7333810" lon="-74.0578690">
    <ele>29.6</ele>
    <time>2026-01-09T17:58:02Z</time>
   </trkpt>
   <trkpt lat="40.7333640" lon="-74.0579000">
    <ele>29.6</ele>
    <time>2026-01-09T17:58:03Z</time>
   </trkpt>
   <trkpt lat="40.7333350" lon="-74.0579500">
    <ele>29.7</ele>
    <time>2026-01-09T17:58:04Z</time>
   </trkpt>
   <trkpt lat="40.7333050" lon="-74.0579790">
    <ele>29.7</ele>
    <time>2026-01-09T17:58:05Z</time>
   </trkpt>
   <trkpt lat="40.7332630" lon="-74.0579840">
    <ele>29.7</ele>
    <time>2026-01-09T17:58:06Z</time>
   </trkpt>
   <trkpt lat="40.7332290" lon="-74.0579910">
    <ele>29.7</ele>
    <time>2026-01-09T17:58:07Z</time>
   </trkpt>
   <trkpt lat="40.7331960" lon="-74.0579680">
    <ele>29.7</ele>
    <time>2026-01-09T17:58:08Z</time>
   </trkpt>
   <trkpt lat="40.7331560" lon="-74.0579590">
    <ele>29.6</ele>
    <time>2026-01-09T17:58:09Z</time>
   </trkpt>
   <trkpt lat="40.7331420" lon="-74.0579590">
    <ele>29.6</ele>
    <time>2026-01-09T17:58:10Z</time>
   </trkpt>
   <trkpt lat="40.7331080" lon="-74.0579320">
    <ele>29.6</ele>
    <time>2026-01-09T17:58:11Z</time>
   </trkpt>
   <trkpt lat="40.7330930" lon="-74.0579150">
    <ele>29.6</ele>
    <time>2026-01-09T17:58:12Z</time>
   </trkpt>
   <trkpt lat="40.7330570" lon="-74.0578830">
    <ele>29.6</ele>
    <time>2026-01-09T17:58:13Z</time>
   </trkpt>
   <trkpt lat="40.7330210" lon="-74.0578410">
    <ele>29.6</ele>
    <time>2026-01-09T17:58:14Z</time>
   </trkpt>
   <trkpt lat="40.7329870" lon="-74.0578120">
    <ele>29.6</ele>
    <time>2026-01-09T17:58:15Z</time>
   </trkpt>
   <trkpt lat="40.7329440" lon="-74.0577740">
    <ele>29.6</ele>
    <time>2026-01-09T17:58:16Z</time>
   </trkpt>
   <trkpt lat="40.7329030" lon="-74.0577220">
    <ele>29.6</ele>
    <time>2026-01-09T17:58:17Z</time>
   </trkpt>
   <trkpt lat="40.7328590" lon="-74.0576850">
    <ele>29.5</ele>
    <time>2026-01-09T17:58:18Z</time>
   </trkpt>
   <trkpt lat="40.7328220" lon="-74.0576560">
    <ele>29.5</ele>
    <time>2026-01-09T17:58:19Z</time>
   </trkpt>
   <trkpt lat="40.7327910" lon="-74.0576320">
    <ele>29.5</ele>
    <time>2026-01-09T17:58:20Z</time>
   </trkpt>
   <trkpt lat="40.7327830" lon="-74.0576210">
    <ele>29.5</ele>
    <time>2026-01-09T17:58:21Z</time>
   </trkpt>
   <trkpt lat="40.7327510" lon="-74.0576050">
    <ele>29.5</ele>
    <time>2026-01-09T17:58:22Z</time>
   </trkpt>
   <trkpt lat="40.7327220" lon="-74.0575680">
    <ele>29.5</ele>
    <time>2026-01-09T17:58:23Z</time>
   </trkpt>
   <trkpt lat="40.7326930" lon="-74.0575410">
    <ele>29.4</ele>
    <time>2026-01-09T17:58:24Z</time>
   </trkpt>
   <trkpt lat="40.7326520" lon="-74.0575140">
    <ele>29.4</ele>
    <time>2026-01-09T17:58:25Z</time>
   </trkpt>
   <trkpt lat="40.7326210" lon="-74.0574890">
    <ele>29.4</ele>
    <time>2026-01-09T17:58:26Z</time>
   </trkpt>
   <trkpt lat="40.7325980" lon="-74.0574620">
    <ele>29.3</ele>
    <time>2026-01-09T17:58:27Z</time>
   </trkpt>
   <trkpt lat="40.7325910" lon="-74.0574600">
    <ele>29.3</ele>
    <time>2026-01-09T17:58:28Z</time>
   </trkpt>
   <trkpt lat="40.7325830" lon="-74.0574520">
    <ele>29.3</ele>
    <time>2026-01-09T17:58:29Z</time>
   </trkpt>
   <trkpt lat="40.7325840" lon="-74.0574510">
    <ele>29.3</ele>
    <time>2026-01-09T17:58:30Z</time>
   </trkpt>
   <trkpt lat="40.7325880" lon="-74.0574510">
    <ele>29.3</ele>
    <time>2026-01-09T17:58:31Z</time>
   </trkpt>
   <trkpt lat="40.7325880" lon="-74.0574510">
    <ele>29.3</ele>
    <time>2026-01-09T17:58:32Z</time>
   </trkpt>
   <trkpt lat="40.7325880" lon="-74.0574510">
    <ele>29.3</ele>
    <time>2026-01-09T17:58:33Z</time>
   </trkpt>
   <trkpt lat="40.7325840" lon="-74.0574490">
    <ele>29.3</ele>
    <time>2026-01-09T17:58:34Z</time>
   </trkpt>
   <trkpt lat="40.7325800" lon="-74.0574410">
    <ele>29.3</ele>
    <time>2026-01-09T17:58:35Z</time>
   </trkpt>
   <trkpt lat="40.7325670" lon="-74.0574300">
    <ele>29.3</ele>
    <time>2026-01-09T17:58:36Z</time>
   </trkpt>
   <trkpt lat="40.7325430" lon="-74.0574100">
    <ele>29.3</ele>
    <time>2026-01-09T17:58:37Z</time>
   </trkpt>
   <trkpt lat="40.7325190" lon="-74.0573700">
    <ele>29.3</ele>
    <time>2026-01-09T17:58:38Z</time>
   </trkpt>
   <trkpt lat="40.7324950" lon="-74.0573540">
    <ele>29.2</ele>
    <time>2026-01-09T17:58:39Z</time>
   </trkpt>
   <trkpt lat="40.7324640" lon="-74.0573260">
    <ele>29.2</ele>
    <time>2026-01-09T17:58:40Z</time>
   </trkpt>
   <trkpt lat="40.7324320" lon="-74.0573180">
    <ele>29.2</ele>
    <time>2026-01-09T17:58:41Z</time>
   </trkpt>
   <trkpt lat="40.7324000" lon="-74.0572880">
    <ele>29.1</ele>
    <time>2026-01-09T17:58:42Z</time>
   </trkpt>
   <trkpt lat="40.7323670" lon="-74.0572510">
    <ele>29.1</ele>
    <time>2026-01-09T17:58:43Z</time>
   </trkpt>
   <trkpt lat="40.7323260" lon="-74.0572120">
    <ele>29.1</ele>
    <time>2026-01-09T17:58:44Z</time>
   </trkpt>
   <trkpt lat="40.7322750" lon="-74.0571900">
    <ele>29.0</ele>
    <time>2026-01-09T17:58:45Z</time>
   </trkpt>
   <trkpt lat="40.7322370" lon="-74.0571520">
    <ele>28.9</ele>
    <time>2026-01-09T17:58:46Z</time>
   </trkpt>
   <trkpt lat="40.7321970" lon="-74.0571200">
    <ele>28.9</ele>
    <time>2026-01-09T17:58:47Z</time>
   </trkpt>
   <trkpt lat="40.7321580" lon="-74.0570860">
    <ele>28.8</ele>
    <time>2026-01-09T17:58:48Z</time>
   </trkpt>
   <trkpt lat="40.7321190" lon="-74.0570490">
    <ele>28.8</ele>
    <time>2026-01-09T17:58:49Z</time>
   </trkpt>
   <trkpt lat="40.7320810" lon="-74.0570200">
    <ele>28.7</ele>
    <time>2026-01-09T17:58:50Z</time>
   </trkpt>
   <trkpt lat="40.7320430" lon="-74.0569900">
    <ele>28.7</ele>
    <time>2026-01-09T17:58:51Z</time>
   </trkpt>
   <trkpt lat="40.7320090" lon="-74.0569510">
    <ele>28.6</ele>
    <time>2026-01-09T17:58:52Z</time>
   </trkpt>
   <trkpt lat="40.7319750" lon="-74.0569240">
    <ele>28.6</ele>
    <time>2026-01-09T17:58:53Z</time>
   </trkpt>
   <trkpt lat="40.7319350" lon="-74.0568950">
    <ele>28.5</ele>
    <time>2026-01-09T17:58:54Z</time>
   </trkpt>
   <trkpt lat="40.7318950" lon="-74.0568670">
    <ele>28.4</ele>
    <time>2026-01-09T17:58:55Z</time>
   </trkpt>
   <trkpt lat="40.7318480" lon="-74.0568300">
    <ele>28.3</ele>
    <time>2026-01-09T17:58:56Z</time>
   </trkpt>
   <trkpt lat="40.7318060" lon="-74.0567930">
    <ele>28.3</ele>
    <time>2026-01-09T17:58:57Z</time>
   </trkpt>
   <trkpt lat="40.7317630" lon="-74.0567620">
    <ele>28.2</ele>
    <time>2026-01-09T17:58:58Z</time>
   </trkpt>
   <trkpt lat="40.7317120" lon="-74.0567310">
    <ele>28.1</ele>
    <time>2026-01-09T17:58:59Z</time>
   </trkpt>
   <trkpt lat="40.7316550" lon="-74.0566940">
    <ele>28.0</ele>
    <time>2026-01-09T17:59:00Z</time>
   </trkpt>
   <trkpt lat="40.7316110" lon="-74.0566660">
    <ele>28.0</ele>
    <time>2026-01-09T17:59:01Z</time>
   </trkpt>
   <trkpt lat="40.7315630" lon="-74.0566210">
    <ele>27.8</ele>
    <time>2026-01-09T17:59:02Z</time>
   </trkpt>
   <trkpt lat="40.7315170" lon="-74.0565830">
    <ele>27.8</ele>
    <time>2026-01-09T17:59:03Z</time>
   </trkpt>
   <trkpt lat="40.7314770" lon="-74.0565480">
    <ele>27.7</ele>
    <time>2026-01-09T17:59:04Z</time>
   </trkpt>
   <trkpt lat="40.7314370" lon="-74.0565110">
    <ele>27.7</ele>
    <time>2026-01-09T17:59:05Z</time>
   </trkpt>
   <trkpt lat="40.7314010" lon="-74.0564730">
    <ele>27.6</ele>
    <time>2026-01-09T17:59:06Z</time>
   </trkpt>
   <trkpt lat="40.7313540" lon="-74.0564400">
    <ele>27.5</ele>
    <time>2026-01-09T17:59:07Z</time>
   </trkpt>
   <trkpt lat="40.7313100" lon="-74.0564110">
    <ele>27.5</ele>
    <time>2026-01-09T17:59:08Z</time>
   </trkpt>
   <trkpt lat="40.7312800" lon="-74.0563870">
    <ele>27.4</ele>
    <time>2026-01-09T17:59:09Z</time>
   </trkpt>
   <trkpt lat="40.7312560" lon="-74.0563650">
    <ele>27.4</ele>
    <time>2026-01-09T17:59:10Z</time>
   </trkpt>
   <trkpt lat="40.7312310" lon="-74.0563440">
    <ele>27.4</ele>
    <time>2026-01-09T17:59:11Z</time>
   </trkpt>
   <trkpt lat="40.7311960" lon="-74.0563230">
    <ele>27.3</ele>
    <time>2026-01-09T17:59:12Z</time>
   </trkpt>
   <trkpt lat="40.7311640" lon="-74.0562950">
    <ele>27.3</ele>
    <time>2026-01-09T17:59:13Z</time>
   </trkpt>
   <trkpt lat="40.7311230" lon="-74.0562620">
    <ele>27.2</ele>
    <time>2026-01-09T17:59:14Z</time>
   </trkpt>
   <trkpt lat="40.7310790" lon="-74.0562440">
    <ele>27.1</ele>
    <time>2026-01-09T17:59:15Z</time>
   </trkpt>
   <trkpt lat="40.7310320" lon="-74.0562190">
    <ele>27.1</ele>
    <time>2026-01-09T17:59:16Z</time>
   </trkpt>
   <trkpt lat="40.7309900" lon="-74.0561770">
    <ele>27.0</ele>
    <time>2026-01-09T17:59:17Z</time>
   </trkpt>
   <trkpt lat="40.7309550" lon="-74.0561450">
    <ele>26.9</ele>
    <time>2026-01-09T17:59:18Z</time>
   </trkpt>
   <trkpt lat="40.7309150" lon="-74.0561080">
    <ele>26.9</ele>
    <time>2026-01-09T17:59:19Z</time>
   </trkpt>
   <trkpt lat="40.7308800" lon="-74.0560700">
    <ele>26.8</ele>
    <time>2026-01-09T17:59:20Z</time>
   </trkpt>
   <trkpt lat="40.7308360" lon="-74.0560430">
    <ele>26.7</ele>
    <time>2026-01-09T17:59:21Z</time>
   </trkpt>
   <trkpt lat="40.7307930" lon="-74.0560110">
    <ele>26.7</ele>
    <time>2026-01-09T17:59:22Z</time>
   </trkpt>
   <trkpt lat="40.7307630" lon="-74.0559820">
    <ele>26.6</ele>
    <time>2026-01-09T17:59:23Z</time>
   </trkpt>
   <trkpt lat="40.7307190" lon="-74.0559500">
    <ele>26.6</ele>
    <time>2026-01-09T17:59:24Z</time>
   </trkpt>
   <trkpt lat="40.7306820" lon="-74.0559250">
    <ele>26.5</ele>
    <time>2026-01-09T17:59:25Z</time>
   </trkpt>
   <trkpt lat="40.7306670" lon="-74.0559140">
    <ele>26.5</ele>
    <time>2026-01-09T17:59:26Z</time>
   </trkpt>
   <trkpt lat="40.7306340" lon="-74.0558840">
    <ele>26.4</ele>
    <time>2026-01-09T17:59:27Z</time>
   </trkpt>
   <trkpt lat="40.7306170" lon="-74.0558690">
    <ele>26.4</ele>
    <time>2026-01-09T17:59:28Z</time>
   </trkpt>
   <trkpt lat="40.7305830" lon="-74.0558500">
    <ele>26.3</ele>
    <time>2026-01-09T17:59:29Z</time>
   </trkpt>
   <trkpt lat="40.7305540" lon="-74.0558100">
    <ele>26.3</ele>
    <time>2026-01-09T17:59:30Z</time>
   </trkpt>
   <trkpt lat="40.7305260" lon="-74.0557770">
    <ele>26.2</ele>
    <time>2026-01-09T17:59:31Z</time>
   </trkpt>
   <trkpt lat="40.7304780" lon="-74.0557460">
    <ele>26.1</ele>
    <time>2026-01-09T17:59:32Z</time>
   </trkpt>
   <trkpt lat="40.7304450" lon="-74.0557210">
    <ele>26.0</ele>
    <time>2026-01-09T17:59:33Z</time>
   </trkpt>
   <trkpt lat="40.7304230" lon="-74.0556940">
    <ele>26.0</ele>
    <time>2026-01-09T17:59:34Z</time>
   </trkpt>
   <trkpt lat="40.7303980" lon="-74.0556730">
    <ele>25.9</ele>
    <time>2026-01-09T17:59:35Z</time>
   </trkpt>
   <trkpt lat="40.7303840" lon="-74.0556650">
    <ele>25.9</ele>
    <time>2026-01-09T17:59:36Z</time>
   </trkpt>
   <trkpt lat="40.7303660" lon="-74.0556520">
    <ele>25.9</ele>
    <time>2026-01-09T17:59:37Z</time>
   </trkpt>
   <trkpt lat="40.7303270" lon="-74.0556260">
    <ele>25.8</ele>
    <time>2026-01-09T17:59:38Z</time>
   </trkpt>
   <trkpt lat="40.7303100" lon="-74.0556180">
    <ele>25.8</ele>
    <time>2026-01-09T17:59:39Z</time>
   </trkpt>
   <trkpt lat="40.7302790" lon="-74.0555990">
    <ele>25.7</ele>
    <time>2026-01-09T17:59:40Z</time>
   </trkpt>
   <trkpt lat="40.7302450" lon="-74.0555630">
    <ele>25.6</ele>
    <time>2026-01-09T17:59:41Z</time>
   </trkpt>
   <trkpt lat="40.7302030" lon="-74.0555350">
    <ele>25.5</ele>
    <time>2026-01-09T17:59:42Z</time>
   </trkpt>
   <trkpt lat="40.7301650" lon="-74.0555060">
    <ele>25.3</ele>
    <time>2026-01-09T17:59:43Z</time>
   </trkpt>
   <trkpt lat="40.7301390" lon="-74.0554830">
    <ele>25.3</ele>
    <time>2026-01-09T17:59:44Z</time>
   </trkpt>
   <trkpt lat="40.7301000" lon="-74.0554620">
    <ele>25.2</ele>
    <time>2026-01-09T17:59:45Z</time>
   </trkpt>
   <trkpt lat="40.7300840" lon="-74.0554510">
    <ele>25.1</ele>
    <time>2026-01-09T17:59:46Z</time>
   </trkpt>
   <trkpt lat="40.7300490" lon="-74.0554330">
    <ele>25.0</ele>
    <time>2026-01-09T17:59:47Z</time>
   </trkpt>
   <trkpt lat="40.7300120" lon="-74.0553970">
    <ele>24.9</ele>
    <time>2026-01-09T17:59:48Z</time>
   </trkpt>
   <trkpt lat="40.7299770" lon="-74.0553710">
    <ele>24.7</ele>
    <time>2026-01-09T17:59:49Z</time>
   </trkpt>
   <trkpt lat="40.7299260" lon="-74.0553290">
    <ele>24.5</ele>
    <time>2026-01-09T17:59:50Z</time>
   </trkpt>
   <trkpt lat="40.7298750" lon="-74.0553020">
    <ele>24.2</ele>
    <time>2026-01-09T17:59:51Z</time>
   </trkpt>
   <trkpt lat="40.7298180" lon="-74.0552760">
    <ele>23.8</ele>
    <time>2026-01-09T17:59:52Z</time>
   </trkpt>
   <trkpt lat="40.7297580" lon="-74.0552510">
    <ele>23.4</ele>
    <time>2026-01-09T17:59:53Z</time>
   </trkpt>
   <trkpt lat="40.7296900" lon="-74.0552200">
    <ele>22.9</ele>
    <time>2026-01-09T17:59:54Z</time>
   </trkpt>
   <trkpt lat="40.7296250" lon="-74.0551860">
    <ele>22.5</ele>
    <time>2026-01-09T17:59:55Z</time>
   </trkpt>
   <trkpt lat="40.7295590" lon="-74.0551570">
    <ele>22.2</ele>
    <time>2026-01-09T17:59:56Z</time>
   </trkpt>
   <trkpt lat="40.7294880" lon="-74.0551290">
    <ele>21.9</ele>
    <time>2026-01-09T17:59:57Z</time>
   </trkpt>
   <trkpt lat="40.7294220" lon="-74.0551100">
    <ele>21.6</ele>
    <time>2026-01-09T17:59:58Z</time>
   </trkpt>
   <trkpt lat="40.7293570" lon="-74.0550900">
    <ele>21.2</ele>
    <time>2026-01-09T17:59:59Z</time>
   </trkpt>
   <trkpt lat="40.7292860" lon="-74.0550850">
    <ele>20.8</ele>
    <time>2026-01-09T18:00:00Z</time>
   </trkpt>
   <trkpt lat="40.7292200" lon="-74.0550670">
    <ele>20.4</ele>
    <time>2026-01-09T18:00:01Z</time>
   </trkpt>
   <trkpt lat="40.7291560" lon="-74.0550360">
    <ele>20.0</ele>
    <time>2026-01-09T18:00:02Z</time>
   </trkpt>
   <trkpt lat="40.7290900" lon="-74.0550070">
    <ele>19.6</ele>
    <time>2026-01-09T18:00:03Z</time>
   </trkpt>
   <trkpt lat="40.7290220" lon="-74.0549780">
    <ele>19.2</ele>
    <time>2026-01-09T18:00:04Z</time>
   </trkpt>
   <trkpt lat="40.7289500" lon="-74.0549570">
    <ele>18.8</ele>
    <time>2026-01-09T18:00:05Z</time>
   </trkpt>
   <trkpt lat="40.7288880" lon="-74.0549260">
    <ele>18.5</ele>
    <time>2026-01-09T18:00:06Z</time>
   </trkpt>
   <trkpt lat="40.7288250" lon="-74.0549000">
    <ele>18.2</ele>
    <time>2026-01-09T18:00:07Z</time>
   </trkpt>
   <trkpt lat="40.7287560" lon="-74.0548780">
    <ele>17.8</ele>
    <time>2026-01-09T18:00:08Z</time>
   </trkpt>
   <trkpt lat="40.7286840" lon="-74.0548550">
    <ele>17.4</ele>
    <time>2026-01-09T18:00:09Z</time>
   </trkpt>
   <trkpt lat="40.7286180" lon="-74.0548410">
    <ele>17.1</ele>
    <time>2026-01-09T18:00:10Z</time>
   </trkpt>
   <trkpt lat="40.7285450" lon="-74.0548220">
    <ele>16.7</ele>
    <time>2026-01-09T18:00:11Z</time>
   </trkpt>
   <trkpt lat="40.7284830" lon="-74.0548140">
    <ele>16.4</ele>
    <time>2026-01-09T18:00:12Z</time>
   </trkpt>
   <trkpt lat="40.7284170" lon="-74.0547930">
    <ele>15.9</ele>
    <time>2026-01-09T18:00:13Z</time>
   </trkpt>
   <trkpt lat="40.7283520" lon="-74.0547580">
    <ele>15.3</ele>
    <time>2026-01-09T18:00:14Z</time>
   </trkpt>
   <trkpt lat="40.7282780" lon="-74.0547280">
    <ele>14.8</ele>
    <time>2026-01-09T18:00:15Z</time>
   </trkpt>
   <trkpt lat="40.7282050" lon="-74.0546990">
    <ele>14.3</ele>
    <time>2026-01-09T18:00:16Z</time>
   </trkpt>
   <trkpt lat="40.7281310" lon="-74.0546730">
    <ele>13.8</ele>
    <time>2026-01-09T18:00:17Z</time>
   </trkpt>
   <trkpt lat="40.7280550" lon="-74.0546390">
    <ele>13.3</ele>
    <time>2026-01-09T18:00:18Z</time>
   </trkpt>
   <trkpt lat="40.7279940" lon="-74.0545850">
    <ele>13.0</ele>
    <time>2026-01-09T18:00:19Z</time>
   </trkpt>
   <trkpt lat="40.7279430" lon="-74.0545250">
    <ele>12.6</ele>
    <time>2026-01-09T18:00:20Z</time>
   </trkpt>
   <trkpt lat="40.7278860" lon="-74.0544760">
    <ele>12.3</ele>
    <time>2026-01-09T18:00:21Z</time>
   </trkpt>
   <trkpt lat="40.7278280" lon="-74.0544160">
    <ele>11.9</ele>
    <time>2026-01-09T18:00:22Z</time>
   </trkpt>
   <trkpt lat="40.7277670" lon="-74.0543540">
    <ele>11.5</ele>
    <time>2026-01-09T18:00:23Z</time>
   </trkpt>
   <trkpt lat="40.7277140" lon="-74.0543050">
    <ele>11.2</ele>
    <time>2026-01-09T18:00:24Z</time>
   </trkpt>
   <trkpt lat="40.7276580" lon="-74.0542530">
    <ele>10.8</ele>
    <time>2026-01-09T18:00:25Z</time>
   </trkpt>
   <trkpt lat="40.7276060" lon="-74.0541940">
    <ele>10.3</ele>
    <time>2026-01-09T18:00:26Z</time>
   </trkpt>
   <trkpt lat="40.7275500" lon="-74.0541280">
    <ele>9.9</ele>
    <time>2026-01-09T18:00:27Z</time>
   </trkpt>
   <trkpt lat="40.7274880" lon="-74.0540720">
    <ele>9.6</ele>
    <time>2026-01-09T18:00:28Z</time>
   </trkpt>
   <trkpt lat="40.7274290" lon="-74.0540120">
    <ele>9.3</ele>
    <time>2026-01-09T18:00:29Z</time>
   </trkpt>
   <trkpt lat="40.7273650" lon="-74.0539400">
    <ele>8.8</ele>
    <time>2026-01-09T18:00:30Z</time>
   </trkpt>
   <trkpt lat="40.7273050" lon="-74.0538800">
    <ele>8.4</ele>
    <time>2026-01-09T18:00:31Z</time>
   </trkpt>
   <trkpt lat="40.7272440" lon="-74.0538180">
    <ele>7.9</ele>
    <time>2026-01-09T18:00:32Z</time>
   </trkpt>
   <trkpt lat="40.7271870" lon="-74.0537550">
    <ele>7.4</ele>
    <time>2026-01-09T18:00:33Z</time>
   </trkpt>
   <trkpt lat="40.7271330" lon="-74.0537020">
    <ele>7.0</ele>
    <time>2026-01-09T18:00:34Z</time>
   </trkpt>
   <trkpt lat="40.7270730" lon="-74.0536480">
    <ele>6.4</ele>
    <time>2026-01-09T18:00:35Z</time>
   </trkpt>
   <trkpt lat="40.7270170" lon="-74.0535880">
    <ele>5.9</ele>
    <time>2026-01-09T18:00:36Z</time>
   </trkpt>
   <trkpt lat="40.7269620" lon="-74.0535340">
    <ele>5.4</ele>
    <time>2026-01-09T18:00:37Z</time>
   </trkpt>
   <trkpt lat="40.7269090" lon="-74.0534780">
    <ele>4.9</ele>
    <time>2026-01-09T18:00:38Z</time>
   </trkpt>
   <trkpt lat="40.7268600" lon="-74.0534310">
    <ele>4.5</ele>
    <time>2026-01-09T18:00:39Z</time>
   </trkpt>
   <trkpt lat="40.7268170" lon="-74.0534090">
    <ele>4.2</ele>
    <time>2026-01-09T18:00:40Z</time>
   </trkpt>
   <trkpt lat="40.7267850" lon="-74.0533590">
    <ele>4.2</ele>
    <time>2026-01-09T18:00:41Z</time>
   </trkpt>
   <trkpt lat="40.7267610" lon="-74.0533310">
    <ele>4.2</ele>
    <time>2026-01-09T18:00:42Z</time>
   </trkpt>
   <trkpt lat="40.7267520" lon="-74.0533250">
    <ele>4.2</ele>
    <time>2026-01-09T18:00:43Z</time>
   </trkpt>
   <trkpt lat="40.7267540" lon="-74.0533220">
    <ele>4.2</ele>
    <time>2026-01-09T18:00:44Z</time>
   </trkpt>
   <trkpt lat="40.7267570" lon="-74.0533190">
    <ele>4.2</ele>
    <time>2026-01-09T18:00:45Z</time>
   </trkpt>
   <trkpt lat="40.7267590" lon="-74.0533170">
    <ele>4.2</ele>
    <time>2026-01-09T18:00:46Z</time>
   </trkpt>
   <trkpt lat="40.7267610" lon="-74.0533140">
    <ele>4.2</ele>
    <time>2026-01-09T18:00:47Z</time>
   </trkpt>
   <trkpt lat="40.7267630" lon="-74.0533110">
    <ele>4.2</ele>
    <time>2026-01-09T18:00:48Z</time>
   </trkpt>
   <trkpt lat="40.7267650" lon="-74.0533080">
    <ele>4.2</ele>
    <time>2026-01-09T18:00:49Z</time>
   </trkpt>
   <trkpt lat="40.7267680" lon="-74.0533050">
    <ele>4.2</ele>
    <time>2026-01-09T18:00:50Z</time>
   </trkpt>
   <trkpt lat="40.7267700" lon="-74.0533020">
    <ele>4.2</ele>
    <time>2026-01-09T18:00:51Z</time>
   </trkpt>
   <trkpt lat="40.7267720" lon="-74.0532990">
    <ele>4.1</ele>
    <time>2026-01-09T18:00:52Z</time>
   </trkpt>
   <trkpt lat="40.7267740" lon="-74.0532960">
    <ele>4.1</ele>
    <time>2026-01-09T18:00:53Z</time>
   </trkpt>
   <trkpt lat="40.7267760" lon="-74.0532940">
    <ele>4.1</ele>
    <time>2026-01-09T18:00:54Z</time>
   </trkpt>
   <trkpt lat="40.7267780" lon="-74.0532910">
    <ele>4.1</ele>
    <time>2026-01-09T18:00:55Z</time>
   </trkpt>
   <trkpt lat="40.7267810" lon="-74.0532880">
    <ele>4.1</ele>
    <time>2026-01-09T18:00:56Z</time>
   </trkpt>
   <trkpt lat="40.7267830" lon="-74.0532850">
    <ele>4.1</ele>
    <time>2026-01-09T18:00:57Z</time>
   </trkpt>
   <trkpt lat="40.7267850" lon="-74.0532820">
    <ele>4.1</ele>
    <time>2026-01-09T18:00:58Z</time>
   </trkpt>
   <trkpt lat="40.7267940" lon="-74.0532680">
    <ele>4.1</ele>
    <time>2026-01-09T18:00:59Z</time>
   </trkpt>
   <trkpt lat="40.7268070" lon="-74.0532540">
    <ele>4.1</ele>
    <time>2026-01-09T18:01:00Z</time>
   </trkpt>
   <trkpt lat="40.7268160" lon="-74.0532380">
    <ele>4.0</ele>
    <time>2026-01-09T18:01:01Z</time>
   </trkpt>
   <trkpt lat="40.7268300" lon="-74.0532300">
    <ele>4.0</ele>
    <time>2026-01-09T18:01:02Z</time>
   </trkpt>
   <trkpt lat="40.7268420" lon="-74.0532270">
    <ele>3.9</ele>
    <time>2026-01-09T18:01:03Z</time>
   </trkpt>
   <trkpt lat="40.7268460" lon="-74.0532170">
    <ele>3.9</ele>
    <time>2026-01-09T18:01:04Z</time>
   </trkpt>
   <trkpt lat="40.7268560" lon="-74.0532140">
    <ele>3.8</ele>
    <time>2026-01-09T18:01:05Z</time>
   </trkpt>
   <trkpt lat="40.7268680" lon="-74.0531780">
    <ele>3.7</ele>
    <time>2026-01-09T18:01:06Z</time>
   </trkpt>
   <trkpt lat="40.7268770" lon="-74.0531550">
    <ele>3.7</ele>
    <time>2026-01-09T18:01:07Z</time>
   </trkpt>
   <trkpt lat="40.7268810" lon="-74.0531010">
    <ele>3.5</ele>
    <time>2026-01-09T18:01:08Z</time>
   </trkpt>
   <trkpt lat="40.7268830" lon="-74.0530260">
    <ele>3.4</ele>
    <time>2026-01-09T18:01:09Z</time>
   </trkpt>
   <trkpt lat="40.7268750" lon="-74.0529600">
    <ele>3.2</ele>
    <time>2026-01-09T18:01:10Z</time>
   </trkpt>
   <trkpt lat="40.7268710" lon="-74.0528910">
    <ele>3.1</ele>
    <time>2026-01-09T18:01:11Z</time>
   </trkpt>
   <trkpt lat="40.7268710" lon="-74.0528270">
    <ele>3.0</ele>
    <time>2026-01-09T18:01:12Z</time>
   </trkpt>
   <trkpt lat="40.7268680" lon="-74.0527560">
    <ele>3.0</ele>
    <time>2026-01-09T18:01:13Z</time>
   </trkpt>
   <trkpt lat="40.7268660" lon="-74.0526830">
    <ele>2.9</ele>
    <time>2026-01-09T18:01:14Z</time>
   </trkpt>
   <trkpt lat="40.7268490" lon="-74.0526080">
    <ele>2.8</ele>
    <time>2026-01-09T18:01:15Z</time>
   </trkpt>
   <trkpt lat="40.7268470" lon="-74.0525370">
    <ele>2.7</ele>
    <time>2026-01-09T18:01:16Z</time>
   </trkpt>
   <trkpt lat="40.7268460" lon="-74.0524610">
    <ele>2.7</ele>
    <time>2026-01-09T18:01:17Z</time>
   </trkpt>
   <trkpt lat="40.7268350" lon="-74.0524010">
    <ele>2.6</ele>
    <time>2026-01-09T18:01:18Z</time>
   </trkpt>
   <trkpt lat="40.7268200" lon="-74.0523380">
    <ele>2.6</ele>
    <time>2026-01-09T18:01:19Z</time>
   </trkpt>
   <trkpt lat="40.7268080" lon="-74.0522640">
    <ele>2.5</ele>
    <time>2026-01-09T18:01:20Z</time>
   </trkpt>
   <trkpt lat="40.7268050" lon="-74.0521840">
    <ele>2.5</ele>
    <time>2026-01-09T18:01:21Z</time>
   </trkpt>
   <trkpt lat="40.7268010" lon="-74.0521060">
    <ele>2.4</ele>
    <time>2026-01-09T18:01:22Z</time>
   </trkpt>
   <trkpt lat="40.7268010" lon="-74.0520360">
    <ele>2.4</ele>
    <time>2026-01-09T18:01:23Z</time>
   </trkpt>
   <trkpt lat="40.7267870" lon="-74.0519770">
    <ele>2.3</ele>
    <time>2026-01-09T18:01:24Z</time>
   </trkpt>
   <trkpt lat="40.7267820" lon="-74.0519180">
    <ele>2.3</ele>
    <time>2026-01-09T18:01:25Z</time>
   </trkpt>
   <trkpt lat="40.7267740" lon="-74.0518470">
    <ele>2.2</ele>
    <time>2026-01-09T18:01:26Z</time>
   </trkpt>
   <trkpt lat="40.7267670" lon="-74.0517750">
    <ele>2.2</ele>
    <time>2026-01-09T18:01:27Z</time>
   </trkpt>
   <trkpt lat="40.7267690" lon="-74.0517080">
    <ele>2.2</ele>
    <time>2026-01-09T18:01:28Z</time>
   </trkpt>
   <trkpt lat="40.7267800" lon="-74.0516460">
    <ele>2.2</ele>
    <time>2026-01-09T18:01:29Z</time>
   </trkpt>
   <trkpt lat="40.7267860" lon="-74.0515830">
    <ele>2.2</ele>
    <time>2026-01-09T18:01:30Z</time>
   </trkpt>
   <trkpt lat="40.7267820" lon="-74.0515220">
    <ele>2.2</ele>
    <time>2026-01-09T18:01:31Z</time>
   </trkpt>
   <trkpt lat="40.7267620" lon="-74.0514460">
    <ele>2.2</ele>
    <time>2026-01-09T18:01:32Z</time>
   </trkpt>
   <trkpt lat="40.7267510" lon="-74.0513720">
    <ele>2.2</ele>
    <time>2026-01-09T18:01:33Z</time>
   </trkpt>
   <trkpt lat="40.7267410" lon="-74.0512990">
    <ele>2.2</ele>
    <time>2026-01-09T18:01:34Z</time>
   </trkpt>
   <trkpt lat="40.7267370" lon="-74.0512220">
    <ele>2.2</ele>
    <time>2026-01-09T18:01:35Z</time>
   </trkpt>
   <trkpt lat="40.7267380" lon="-74.0511460">
    <ele>2.3</ele>
    <time>2026-01-09T18:01:36Z</time>
   </trkpt>
   <trkpt lat="40.7267250" lon="-74.0510690">
    <ele>2.3</ele>
    <time>2026-01-09T18:01:37Z</time>
   </trkpt>
   <trkpt lat="40.7267160" lon="-74.0509860">
    <ele>2.3</ele>
    <time>2026-01-09T18:01:38Z</time>
   </trkpt>
   <trkpt lat="40.7267120" lon="-74.0508930">
    <ele>2.4</ele>
    <time>2026-01-09T18:01:39Z</time>
   </trkpt>
   <trkpt lat="40.7266950" lon="-74.0507940">
    <ele>2.4</ele>
    <time>2026-01-09T18:01:40Z</time>
   </trkpt>
   <trkpt lat="40.7266860" lon="-74.0506930">
    <ele>2.4</ele>
    <time>2026-01-09T18:01:41Z</time>
   </trkpt>
   <trkpt lat="40.7266780" lon="-74.0505910">
    <ele>2.4</ele>
    <time>2026-01-09T18:01:42Z</time>
   </trkpt>
   <trkpt lat="40.7266730" lon="-74.0504900">
    <ele>2.4</ele>
    <time>2026-01-09T18:01:43Z</time>
   </trkpt>
   <trkpt lat="40.7266730" lon="-74.0503940">
    <ele>2.4</ele>
    <time>2026-01-09T18:01:44Z</time>
   </trkpt>
   <trkpt lat="40.7266670" lon="-74.0502960">
    <ele>2.4</ele>
    <time>2026-01-09T18:01:45Z</time>
   </trkpt>
   <trkpt lat="40.7266570" lon="-74.0502040">
    <ele>2.3</ele>
    <time>2026-01-09T18:01:46Z</time>
   </trkpt>
   <trkpt lat="40.7266480" lon="-74.0501210">
    <ele>2.4</ele>
    <time>2026-01-09T18:01:47Z</time>
   </trkpt>
   <trkpt lat="40.7266460" lon="-74.0500330">
    <ele>2.4</ele>
    <time>2026-01-09T18:01:48Z</time>
   </trkpt>
   <trkpt lat="40.7266510" lon="-74.0499440">
    <ele>2.4</ele>
    <time>2026-01-09T18:01:49Z</time>
   </trkpt>
   <trkpt lat="40.7266460" lon="-74.0498590">
    <ele>2.5</ele>
    <time>2026-01-09T18:01:50Z</time>
   </trkpt>
   <trkpt lat="40.7266310" lon="-74.0497740">
    <ele>2.5</ele>
    <time>2026-01-09T18:01:51Z</time>
   </trkpt>
   <trkpt lat="40.7266260" lon="-74.0496930">
    <ele>2.6</ele>
    <time>2026-01-09T18:01:52Z</time>
   </trkpt>
   <trkpt lat="40.7266250" lon="-74.0496020">
    <ele>2.7</ele>
    <time>2026-01-09T18:01:53Z</time>
   </trkpt>
   <trkpt lat="40.7266240" lon="-74.0495230">
    <ele>2.7</ele>
    <time>2026-01-09T18:01:54Z</time>
   </trkpt>
   <trkpt lat="40.7266150" lon="-74.0494450">
    <ele>2.7</ele>
    <time>2026-01-09T18:01:55Z</time>
   </trkpt>
   <trkpt lat="40.7266110" lon="-74.0493680">
    <ele>2.8</ele>
    <time>2026-01-09T18:01:56Z</time>
   </trkpt>
   <trkpt lat="40.7266000" lon="-74.0492960">
    <ele>2.8</ele>
    <time>2026-01-09T18:01:57Z</time>
   </trkpt>
   <trkpt lat="40.7265960" lon="-74.0492240">
    <ele>2.8</ele>
    <time>2026-01-09T18:01:58Z</time>
   </trkpt>
   <trkpt lat="40.7265890" lon="-74.0491570">
    <ele>2.8</ele>
    <time>2026-01-09T18:01:59Z</time>
   </trkpt>
   <trkpt lat="40.7265820" lon="-74.0490950">
    <ele>2.8</ele>
    <time>2026-01-09T18:02:00Z</time>
   </trkpt>
   <trkpt lat="40.7265810" lon="-74.0490320">
    <ele>2.9</ele>
    <time>2026-01-09T18:02:01Z</time>
   </trkpt>
   <trkpt lat="40.7265730" lon="-74.0489700">
    <ele>2.9</ele>
    <time>2026-01-09T18:02:02Z</time>
   </trkpt>
   <trkpt lat="40.7265710" lon="-74.0489080">
    <ele>2.9</ele>
    <time>2026-01-09T18:02:03Z</time>
   </trkpt>
   <trkpt lat="40.7265660" lon="-74.0488520">
    <ele>2.9</ele>
    <time>2026-01-09T18:02:04Z</time>
   </trkpt>
   <trkpt lat="40.7265620" lon="-74.0488010">
    <ele>2.9</ele>
    <time>2026-01-09T18:02:05Z</time>
   </trkpt>
   <trkpt lat="40.7265570" lon="-74.0487410">
    <ele>2.9</ele>
    <time>2026-01-09T18:02:06Z</time>
   </trkpt>
   <trkpt lat="40.7265520" lon="-74.0486790">
    <ele>2.9</ele>
    <time>2026-01-09T18:02:07Z</time>
   </trkpt>
   <trkpt lat="40.7265460" lon="-74.0486120">
    <ele>2.9</ele>
    <time>2026-01-09T18:02:08Z</time>
   </trkpt>
   <trkpt lat="40.7265410" lon="-74.0485470">
    <ele>2.9</ele>
    <time>2026-01-09T18:02:09Z</time>
   </trkpt>
   <trkpt lat="40.7265320" lon="-74.0484840">
    <ele>2.9</ele>
    <time>2026-01-09T18:02:10Z</time>
   </trkpt>
   <trkpt lat="40.7265260" lon="-74.0484100">
    <ele>2.9</ele>
    <time>2026-01-09T18:02:11Z</time>
   </trkpt>
   <trkpt lat="40.7265250" lon="-74.0483350">
    <ele>2.9</ele>
    <time>2026-01-09T18:02:12Z</time>
   </trkpt>
   <trkpt lat="40.7265130" lon="-74.0482620">
    <ele>2.9</ele>
    <time>2026-01-09T18:02:13Z</time>
   </trkpt>
   <trkpt lat="40.7265150" lon="-74.0481860">
    <ele>2.9</ele>
    <time>2026-01-09T18:02:14Z</time>
   </trkpt>
   <trkpt lat="40.7264950" lon="-74.0481180">
    <ele>2.9</ele>
    <time>2026-01-09T18:02:15Z</time>
   </trkpt>
   <trkpt lat="40.7264830" lon="-74.0480440">
    <ele>2.9</ele>
    <time>2026-01-09T18:02:16Z</time>
   </trkpt>
   <trkpt lat="40.7264650" lon="-74.0479640">
    <ele>2.9</ele>
    <time>2026-01-09T18:02:17Z</time>
   </trkpt>
   <trkpt lat="40.7264620" lon="-74.0478920">
    <ele>2.9</ele>
    <time>2026-01-09T18:02:18Z</time>
   </trkpt>
   <trkpt lat="40.7264560" lon="-74.0478170">
    <ele>2.9</ele>
    <time>2026-01-09T18:02:19Z</time>
   </trkpt>
   <trkpt lat="40.7264510" lon="-74.0477420">
    <ele>2.8</ele>
    <time>2026-01-09T18:02:20Z</time>
   </trkpt>
   <trkpt lat="40.7264430" lon="-74.0476680">
    <ele>2.8</ele>
    <time>2026-01-09T18:02:21Z</time>
   </trkpt>
   <trkpt lat="40.7264290" lon="-74.0475990">
    <ele>2.8</ele>
    <time>2026-01-09T18:02:22Z</time>
   </trkpt>
   <trkpt lat="40.7264210" lon="-74.0475270">
    <ele>2.8</ele>
    <time>2026-01-09T18:02:23Z</time>
   </trkpt>
   <trkpt lat="40.7264160" lon="-74.0474510">
    <ele>2.8</ele>
    <time>2026-01-09T18:02:24Z</time>
   </trkpt>
   <trkpt lat="40.7264090" lon="-74.0473720">
    <ele>2.7</ele>
    <time>2026-01-09T18:02:25Z</time>
   </trkpt>
   <trkpt lat="40.7264090" lon="-74.0473010">
    <ele>2.7</ele>
    <time>2026-01-09T18:02:26Z</time>
   </trkpt>
   <trkpt lat="40.7264050" lon="-74.0472280">
    <ele>2.7</ele>
    <time>2026-01-09T18:02:27Z</time>
   </trkpt>
   <trkpt lat="40.7263990" lon="-74.0471590">
    <ele>2.7</ele>
    <time>2026-01-09T18:02:28Z</time>
   </trkpt>
   <trkpt lat="40.7263900" lon="-74.0470900">
    <ele>2.7</ele>
    <time>2026-01-09T18:02:29Z</time>
   </trkpt>
   <trkpt lat="40.7263820" lon="-74.0470500">
    <ele>2.7</ele>
    <time>2026-01-09T18:02:30Z</time>
   </trkpt>
   <trkpt lat="40.7263810" lon="-74.0470210">
    <ele>2.7</ele>
    <time>2026-01-09T18:02:31Z</time>
   </trkpt>
   <trkpt lat="40.7263830" lon="-74.0470030">
    <ele>2.7</ele>
    <time>2026-01-09T18:02:32Z</time>
   </trkpt>
   <trkpt lat="40.7263850" lon="-74.0469850">
    <ele>2.6</ele>
    <time>2026-01-09T18:02:33Z</time>
   </trkpt>
   <trkpt lat="40.7263820" lon="-74.0469380">
    <ele>2.5</ele>
    <time>2026-01-09T18:02:34Z</time>
   </trkpt>
   <trkpt lat="40.7263750" lon="-74.0468880">
    <ele>2.5</ele>
    <time>2026-01-09T18:02:35Z</time>
   </trkpt>
   <trkpt lat="40.7263650" lon="-74.0468360">
    <ele>2.5</ele>
    <time>2026-01-09T18:02:36Z</time>
   </trkpt>
   <trkpt lat="40.7263710" lon="-74.0467710">
    <ele>2.5</ele>
    <time>2026-01-09T18:02:37Z</time>
   </trkpt>
   <trkpt lat="40.7263650" lon="-74.0467080">
    <ele>2.5</ele>
    <time>2026-01-09T18:02:38Z</time>
   </trkpt>
   <trkpt lat="40.7263620" lon="-74.0466450">
    <ele>2.5</ele>
    <time>2026-01-09T18:02:39Z</time>
   </trkpt>
   <trkpt lat="40.7263570" lon="-74.0465770">
    <ele>2.6</ele>
    <time>2026-01-09T18:02:40Z</time>
   </trkpt>
   <trkpt lat="40.7263590" lon="-74.0465090">
    <ele>2.6</ele>
    <time>2026-01-09T18:02:41Z</time>
   </trkpt>
   <trkpt lat="40.7263560" lon="-74.0464410">
    <ele>2.6</ele>
    <time>2026-01-09T18:02:42Z</time>
   </trkpt>
   <trkpt lat="40.7263500" lon="-74.0463720">
    <ele>2.7</ele>
    <time>2026-01-09T18:02:43Z</time>
   </trkpt>
   <trkpt lat="40.7263450" lon="-74.0463030">
    <ele>2.7</ele>
    <time>2026-01-09T18:02:44Z</time>
   </trkpt>
   <trkpt lat="40.7263420" lon="-74.0462400">
    <ele>2.7</ele>
    <time>2026-01-09T18:02:45Z</time>
   </trkpt>
   <trkpt lat="40.7263340" lon="-74.0461630">
    <ele>2.7</ele>
    <time>2026-01-09T18:02:46Z</time>
   </trkpt>
   <trkpt lat="40.7263220" lon="-74.0460970">
    <ele>2.8</ele>
    <time>2026-01-09T18:02:47Z</time>
   </trkpt>
   <trkpt lat="40.7263130" lon="-74.0460250">
    <ele>2.8</ele>
    <time>2026-01-09T18:02:48Z</time>
   </trkpt>
   <trkpt lat="40.7263070" lon="-74.0459580">
    <ele>2.8</ele>
    <time>2026-01-09T18:02:49Z</time>
   </trkpt>
   <trkpt lat="40.7263040" lon="-74.0458870">
    <ele>2.8</ele>
    <time>2026-01-09T18:02:50Z</time>
   </trkpt>
   <trkpt lat="40.7262960" lon="-74.0458150">
    <ele>2.9</ele>
    <time>2026-01-09T18:02:51Z</time>
   </trkpt>
   <trkpt lat="40.7262890" lon="-74.0457420">
    <ele>2.9</ele>
    <time>2026-01-09T18:02:52Z</time>
   </trkpt>
   <trkpt lat="40.7262850" lon="-74.0456740">
    <ele>2.9</ele>
    <time>2026-01-09T18:02:53Z</time>
   </trkpt>
   <trkpt lat="40.7262780" lon="-74.0456080">
    <ele>2.9</ele>
    <time>2026-01-09T18:02:54Z</time>
   </trkpt>
   <trkpt lat="40.7262710" lon="-74.0455480">
    <ele>3.0</ele>
    <time>2026-01-09T18:02:55Z</time>
   </trkpt>
   <trkpt lat="40.7262670" lon="-74.0455040">
    <ele>3.0</ele>
    <time>2026-01-09T18:02:56Z</time>
   </trkpt>
   <trkpt lat="40.7262680" lon="-74.0454540">
    <ele>3.0</ele>
    <time>2026-01-09T18:02:57Z</time>
   </trkpt>
   <trkpt lat="40.7262660" lon="-74.0454360">
    <ele>3.0</ele>
    <time>2026-01-09T18:02:58Z</time>
   </trkpt>
   <trkpt lat="40.7262600" lon="-74.0453870">
    <ele>3.1</ele>
    <time>2026-01-09T18:02:59Z</time>
   </trkpt>
   <trkpt lat="40.7262590" lon="-74.0453710">
    <ele>3.1</ele>
    <time>2026-01-09T18:03:00Z</time>
   </trkpt>
   <trkpt lat="40.7262590" lon="-74.0453190">
    <ele>3.1</ele>
    <time>2026-01-09T18:03:01Z</time>
   </trkpt>
   <trkpt lat="40.7262580" lon="-74.0453000">
    <ele>3.1</ele>
    <time>2026-01-09T18:03:02Z</time>
   </trkpt>
   <trkpt lat="40.7262470" lon="-74.0452620">
    <ele>3.1</ele>
    <time>2026-01-09T18:03:03Z</time>
   </trkpt>
   <trkpt lat="40.7262420" lon="-74.0452070">
    <ele>3.1</ele>
    <time>2026-01-09T18:03:04Z</time>
   </trkpt>
   <trkpt lat="40.7262360" lon="-74.0451570">
    <ele>3.1</ele>
    <time>2026-01-09T18:03:05Z</time>
   </trkpt>
   <trkpt lat="40.7262240" lon="-74.0451030">
    <ele>3.2</ele>
    <time>2026-01-09T18:03:06Z</time>
   </trkpt>
   <trkpt lat="40.7262310" lon="-74.0450340">
    <ele>3.2</ele>
    <time>2026-01-09T18:03:07Z</time>
   </trkpt>
   <trkpt lat="40.7262280" lon="-74.0449570">
    <ele>3.2</ele>
    <time>2026-01-09T18:03:08Z</time>
   </trkpt>
   <trkpt lat="40.7262260" lon="-74.0448920">
    <ele>3.2</ele>
    <time>2026-01-09T18:03:09Z</time>
   </trkpt>
   <trkpt lat="40.7262170" lon="-74.0448270">
    <ele>3.3</ele>
    <time>2026-01-09T18:03:10Z</time>
   </trkpt>
   <trkpt lat="40.7262100" lon="-74.0447710">
    <ele>3.3</ele>
    <time>2026-01-09T18:03:11Z</time>
   </trkpt>
   <trkpt lat="40.7262030" lon="-74.0447000">
    <ele>3.3</ele>
    <time>2026-01-09T18:03:12Z</time>
   </trkpt>
   <trkpt lat="40.7262040" lon="-74.0446370">
    <ele>3.3</ele>
    <time>2026-01-09T18:03:13Z</time>
   </trkpt>
   <trkpt lat="40.7262050" lon="-74.0445750">
    <ele>3.4</ele>
    <time>2026-01-09T18:03:14Z</time>
   </trkpt>
   <trkpt lat="40.7262060" lon="-74.0445110">
    <ele>3.4</ele>
    <time>2026-01-09T18:03:15Z</time>
   </trkpt>
   <trkpt lat="40.7262030" lon="-74.0444340">
    <ele>3.4</ele>
    <time>2026-01-09T18:03:16Z</time>
   </trkpt>
   <trkpt lat="40.7261980" lon="-74.0443880">
    <ele>3.4</ele>
    <time>2026-01-09T18:03:17Z</time>
   </trkpt>
   <trkpt lat="40.7262030" lon="-74.0443130">
    <ele>3.5</ele>
    <time>2026-01-09T18:03:18Z</time>
   </trkpt>
   <trkpt lat="40.7262010" lon="-74.0442480">
    <ele>3.5</ele>
    <time>2026-01-09T18:03:19Z</time>
   </trkpt>
   <trkpt lat="40.7261960" lon="-74.0441830">
    <ele>3.5</ele>
    <time>2026-01-09T18:03:20Z</time>
   </trkpt>
   <trkpt lat="40.7261780" lon="-74.0441170">
    <ele>3.5</ele>
    <time>2026-01-09T18:03:21Z</time>
   </trkpt>
   <trkpt lat="40.7261790" lon="-74.0440530">
    <ele>3.6</ele>
    <time>2026-01-09T18:03:22Z</time>
   </trkpt>
   <trkpt lat="40.7261740" lon="-74.0439850">
    <ele>3.6</ele>
    <time>2026-01-09T18:03:23Z</time>
   </trkpt>
   <trkpt lat="40.7261670" lon="-74.0439190">
    <ele>3.6</ele>
    <time>2026-01-09T18:03:24Z</time>
   </trkpt>
   <trkpt lat="40.7261620" lon="-74.0438550">
    <ele>3.6</ele>
    <time>2026-01-09T18:03:25Z</time>
   </trkpt>
   <trkpt lat="40.7261600" lon="-74.0438170">
    <ele>3.6</ele>
    <time>2026-01-09T18:03:26Z</time>
   </trkpt>
   <trkpt lat="40.7261550" lon="-74.0437730">
    <ele>3.6</ele>
    <time>2026-01-09T18:03:27Z</time>
   </trkpt>
   <trkpt lat="40.7261570" lon="-74.0437590">
    <ele>3.6</ele>
    <time>2026-01-09T18:03:28Z</time>
   </trkpt>
   <trkpt lat="40.7261630" lon="-74.0437230">
    <ele>3.6</ele>
    <time>2026-01-09T18:03:29Z</time>
   </trkpt>
   <trkpt lat="40.7261640" lon="-74.0437080">
    <ele>3.6</ele>
    <time>2026-01-09T18:03:30Z</time>
   </trkpt>
   <trkpt lat="40.7261580" lon="-74.0436700">
    <ele>3.7</ele>
    <time>2026-01-09T18:03:31Z</time>
   </trkpt>
   <trkpt lat="40.7261570" lon="-74.0436540">
    <ele>3.7</ele>
    <time>2026-01-09T18:03:32Z</time>
   </trkpt>
   <trkpt lat="40.7261430" lon="-74.0436170">
    <ele>3.8</ele>
    <time>2026-01-09T18:03:33Z</time>
   </trkpt>
   <trkpt lat="40.7261250" lon="-74.0435800">
    <ele>3.8</ele>
    <time>2026-01-09T18:03:34Z</time>
   </trkpt>
   <trkpt lat="40.7261110" lon="-74.0435240">
    <ele>3.7</ele>
    <time>2026-01-09T18:03:35Z</time>
   </trkpt>
   <trkpt lat="40.7261020" lon="-74.0434760">
    <ele>3.8</ele>
    <time>2026-01-09T18:03:36Z</time>
   </trkpt>
   <trkpt lat="40.7260840" lon="-74.0434180">
    <ele>3.8</ele>
    <time>2026-01-09T18:03:37Z</time>
   </trkpt>
   <trkpt lat="40.7260680" lon="-74.0433600">
    <ele>3.8</ele>
    <time>2026-01-09T18:03:38Z</time>
   </trkpt>
   <trkpt lat="40.7260620" lon="-74.0432940">
    <ele>3.9</ele>
    <time>2026-01-09T18:03:39Z</time>
   </trkpt>
   <trkpt lat="40.7260580" lon="-74.0432260">
    <ele>3.9</ele>
    <time>2026-01-09T18:03:40Z</time>
   </trkpt>
   <trkpt lat="40.7260710" lon="-74.0431660">
    <ele>4.0</ele>
    <time>2026-01-09T18:03:41Z</time>
   </trkpt>
   <trkpt lat="40.7260630" lon="-74.0431040">
    <ele>4.0</ele>
    <time>2026-01-09T18:03:42Z</time>
   </trkpt>
   <trkpt lat="40.7260410" lon="-74.0430300">
    <ele>4.1</ele>
    <time>2026-01-09T18:03:43Z</time>
   </trkpt>
   <trkpt lat="40.7260350" lon="-74.0429710">
    <ele>4.1</ele>
    <time>2026-01-09T18:03:44Z</time>
   </trkpt>
   <trkpt lat="40.7260340" lon="-74.0428920">
    <ele>4.2</ele>
    <time>2026-01-09T18:03:45Z</time>
   </trkpt>
   <trkpt lat="40.7260380" lon="-74.0428230">
    <ele>4.2</ele>
    <time>2026-01-09T18:03:46Z</time>
   </trkpt>
   <trkpt lat="40.7260310" lon="-74.0427670">
    <ele>4.2</ele>
    <time>2026-01-09T18:03:47Z</time>
   </trkpt>
   <trkpt lat="40.7260340" lon="-74.0426930">
    <ele>4.3</ele>
    <time>2026-01-09T18:03:48Z</time>
   </trkpt>
   <trkpt lat="40.7260310" lon="-74.0426200">
    <ele>4.3</ele>
    <time>2026-01-09T18:03:49Z</time>
   </trkpt>
   <trkpt lat="40.7260340" lon="-74.0425440">
    <ele>4.4</ele>
    <time>2026-01-09T18:03:50Z</time>
   </trkpt>
   <trkpt lat="40.7260270" lon="-74.0424780">
    <ele>4.4</ele>
    <time>2026-01-09T18:03:51Z</time>
   </trkpt>
   <trkpt lat="40.7260340" lon="-74.0424120">
    <ele>4.4</ele>
    <time>2026-01-09T18:03:52Z</time>
   </trkpt>
   <trkpt lat="40.7260300" lon="-74.0423500">
    <ele>4.5</ele>
    <time>2026-01-09T18:03:53Z</time>
   </trkpt>
   <trkpt lat="40.7260230" lon="-74.0422920">
    <ele>4.5</ele>
    <time>2026-01-09T18:03:54Z</time>
   </trkpt>
   <trkpt lat="40.7260100" lon="-74.0422360">
    <ele>4.5</ele>
    <time>2026-01-09T18:03:55Z</time>
   </trkpt>
   <trkpt lat="40.7259980" lon="-74.0421810">
    <ele>4.6</ele>
    <time>2026-01-09T18:03:56Z</time>
   </trkpt>
   <trkpt lat="40.7259890" lon="-74.0421290">
    <ele>4.6</ele>
    <time>2026-01-09T18:03:57Z</time>
   </trkpt>
   <trkpt lat="40.7259760" lon="-74.0420800">
    <ele>4.6</ele>
    <time>2026-01-09T18:03:58Z</time>
   </trkpt>
   <trkpt lat="40.7259490" lon="-74.0420330">
    <ele>4.7</ele>
    <time>2026-01-09T18:03:59Z</time>
   </trkpt>
   <trkpt lat="40.7259090" lon="-74.0420040">
    <ele>4.6</ele>
    <time>2026-01-09T18:04:00Z</time>
   </trkpt>
   <trkpt lat="40.7258600" lon="-74.0419880">
    <ele>4.6</ele>
    <time>2026-01-09T18:04:01Z</time>
   </trkpt>
   <trkpt lat="40.7258040" lon="-74.0419980">
    <ele>4.6</ele>
    <time>2026-01-09T18:04:02Z</time>
   </trkpt>
   <trkpt lat="40.7257550" lon="-74.0420030">
    <ele>4.5</ele>
    <time>2026-01-09T18:04:03Z</time>
   </trkpt>
   <trkpt lat="40.7257060" lon="-74.0420100">
    <ele>4.5</ele>
    <time>2026-01-09T18:04:04Z</time>
   </trkpt>
   <trkpt lat="40.7256610" lon="-74.0420140">
    <ele>4.5</ele>
    <time>2026-01-09T18:04:05Z</time>
   </trkpt>
   <trkpt lat="40.7256170" lon="-74.0420170">
    <ele>4.4</ele>
    <time>2026-01-09T18:04:06Z</time>
   </trkpt>
   <trkpt lat="40.7255710" lon="-74.0420270">
    <ele>4.4</ele>
    <time>2026-01-09T18:04:07Z</time>
   </trkpt>
   <trkpt lat="40.7255260" lon="-74.0420360">
    <ele>4.3</ele>
    <time>2026-01-09T18:04:08Z</time>
   </trkpt>
   <trkpt lat="40.7254740" lon="-74.0420420">
    <ele>4.3</ele>
    <time>2026-01-09T18:04:09Z</time>
   </trkpt>
   <trkpt lat="40.7254250" lon="-74.0420540">
    <ele>4.2</ele>
    <time>2026-01-09T18:04:10Z</time>
   </trkpt>
   <trkpt lat="40.7253780" lon="-74.0420630">
    <ele>4.2</ele>
    <time>2026-01-09T18:04:11Z</time>
   </trkpt>
   <trkpt lat="40.7253310" lon="-74.0420670">
    <ele>4.1</ele>
    <time>2026-01-09T18:04:12Z</time>
   </trkpt>
   <trkpt lat="40.7252840" lon="-74.0420570">
    <ele>4.1</ele>
    <time>2026-01-09T18:04:13Z</time>
   </trkpt>
   <trkpt lat="40.7252370" lon="-74.0420320">
    <ele>4.3</ele>
    <time>2026-01-09T18:04:14Z</time>
   </trkpt>
   <trkpt lat="40.7252050" lon="-74.0419860">
    <ele>4.4</ele>
    <time>2026-01-09T18:04:15Z</time>
   </trkpt>
   <trkpt lat="40.7251860" lon="-74.0419280">
    <ele>4.4</ele>
    <time>2026-01-09T18:04:16Z</time>
   </trkpt>
   <trkpt lat="40.7251710" lon="-74.0418620">
    <ele>4.4</ele>
    <time>2026-01-09T18:04:17Z</time>
   </trkpt>
   <trkpt lat="40.7251580" lon="-74.0417960">
    <ele>4.4</ele>
    <time>2026-01-09T18:04:18Z</time>
   </trkpt>
   <trkpt lat="40.7251490" lon="-74.0417300">
    <ele>4.3</ele>
    <time>2026-01-09T18:04:19Z</time>
   </trkpt>
   <trkpt lat="40.7251390" lon="-74.0416560">
    <ele>4.3</ele>
    <time>2026-01-09T18:04:20Z</time>
   </trkpt>
   <trkpt lat="40.7251360" lon="-74.0415850">
    <ele>4.3</ele>
    <time>2026-01-09T18:04:21Z</time>
   </trkpt>
   <trkpt lat="40.7251290" lon="-74.0415110">
    <ele>4.2</ele>
    <time>2026-01-09T18:04:22Z</time>
   </trkpt>
   <trkpt lat="40.7251260" lon="-74.0414410">
    <ele>4.2</ele>
    <time>2026-01-09T18:04:23Z</time>
   </trkpt>
   <trkpt lat="40.7251190" lon="-74.0413710">
    <ele>4.1</ele>
    <time>2026-01-09T18:04:24Z</time>
   </trkpt>
   <trkpt lat="40.7251150" lon="-74.0413030">
    <ele>4.1</ele>
    <time>2026-01-09T18:04:25Z</time>
   </trkpt>
   <trkpt lat="40.7251080" lon="-74.0412390">
    <ele>4.1</ele>
    <time>2026-01-09T18:04:26Z</time>
   </trkpt>
   <trkpt lat="40.7251020" lon="-74.0411770">
    <ele>4.0</ele>
    <time>2026-01-09T18:04:27Z</time>
   </trkpt>
   <trkpt lat="40.7250980" lon="-74.0411150">
    <ele>4.0</ele>
    <time>2026-01-09T18:04:28Z</time>
   </trkpt>
   <trkpt lat="40.7250900" lon="-74.0410510">
    <ele>3.9</ele>
    <time>2026-01-09T18:04:29Z</time>
   </trkpt>
   <trkpt lat="40.7250840" lon="-74.0409900">
    <ele>3.9</ele>
    <time>2026-01-09T18:04:30Z</time>
   </trkpt>
   <trkpt lat="40.7250840" lon="-74.0409300">
    <ele>3.9</ele>
    <time>2026-01-09T18:04:31Z</time>
   </trkpt>
   <trkpt lat="40.7250770" lon="-74.0408710">
    <ele>3.8</ele>
    <time>2026-01-09T18:04:32Z</time>
   </trkpt>
   <trkpt lat="40.7250710" lon="-74.0408190">
    <ele>3.8</ele>
    <time>2026-01-09T18:04:33Z</time>
   </trkpt>
   <trkpt lat="40.7250640" lon="-74.0407790">
    <ele>3.8</ele>
    <time>2026-01-09T18:04:34Z</time>
   </trkpt>
   <trkpt lat="40.7250580" lon="-74.0407430">
    <ele>3.7</ele>
    <time>2026-01-09T18:04:35Z</time>
   </trkpt>
   <trkpt lat="40.7250600" lon="-74.0407140">
    <ele>3.7</ele>
    <time>2026-01-09T18:04:36Z</time>
   </trkpt>
   <trkpt lat="40.7250600" lon="-74.0406970">
    <ele>3.7</ele>
    <time>2026-01-09T18:04:37Z</time>
   </trkpt>
   <trkpt lat="40.7250600" lon="-74.0406880">
    <ele>3.7</ele>
    <time>2026-01-09T18:04:38Z</time>
   </trkpt>
   <trkpt lat="40.7250610" lon="-74.0406860">
    <ele>3.7</ele>
    <time>2026-01-09T18:04:39Z</time>
   </trkpt>
   <trkpt lat="40.7250620" lon="-74.0406830">
    <ele>3.7</ele>
    <time>2026-01-09T18:04:40Z</time>
   </trkpt>
   <trkpt lat="40.7250630" lon="-74.0406810">
    <ele>3.7</ele>
    <time>2026-01-09T18:04:41Z</time>
   </trkpt>
   <trkpt lat="40.7250640" lon="-74.0406780">
    <ele>3.7</ele>
    <time>2026-01-09T18:04:42Z</time>
   </trkpt>
   <trkpt lat="40.7250650" lon="-74.0406760">
    <ele>3.7</ele>
    <time>2026-01-09T18:04:43Z</time>
   </trkpt>
   <trkpt lat="40.7250660" lon="-74.0406730">
    <ele>3.7</ele>
    <time>2026-01-09T18:04:44Z</time>
   </trkpt>
   <trkpt lat="40.7250680" lon="-74.0406710">
    <ele>3.7</ele>
    <time>2026-01-09T18:04:45Z</time>
   </trkpt>
   <trkpt lat="40.7250690" lon="-74.0406680">
    <ele>3.7</ele>
    <time>2026-01-09T18:04:46Z</time>
   </trkpt>
   <trkpt lat="40.7250700" lon="-74.0406660">
    <ele>3.7</ele>
    <time>2026-01-09T18:04:47Z</time>
   </trkpt>
   <trkpt lat="40.7250710" lon="-74.0406630">
    <ele>3.7</ele>
    <time>2026-01-09T18:04:48Z</time>
   </trkpt>
   <trkpt lat="40.7250720" lon="-74.0406610">
    <ele>3.7</ele>
    <time>2026-01-09T18:04:49Z</time>
   </trkpt>
   <trkpt lat="40.7250730" lon="-74.0406580">
    <ele>3.7</ele>
    <time>2026-01-09T18:04:50Z</time>
   </trkpt>
   <trkpt lat="40.7250740" lon="-74.0406560">
    <ele>3.7</ele>
    <time>2026-01-09T18:04:51Z</time>
   </trkpt>
   <trkpt lat="40.7250750" lon="-74.0406530">
    <ele>3.7</ele>
    <time>2026-01-09T18:04:52Z</time>
   </trkpt>
   <trkpt lat="40.7250660" lon="-74.0406170">
    <ele>3.7</ele>
    <time>2026-01-09T18:04:53Z</time>
   </trkpt>
   <trkpt lat="40.7250630" lon="-74.0405700">
    <ele>3.7</ele>
    <time>2026-01-09T18:04:54Z</time>
   </trkpt>
   <trkpt lat="40.7250570" lon="-74.0405230">
    <ele>3.6</ele>
    <time>2026-01-09T18:04:55Z</time>
   </trkpt>
   <trkpt lat="40.7250470" lon="-74.0404730">
    <ele>3.5</ele>
    <time>2026-01-09T18:04:56Z</time>
   </trkpt>
   <trkpt lat="40.7250350" lon="-74.0404260">
    <ele>3.4</ele>
    <time>2026-01-09T18:04:57Z</time>
   </trkpt>
   <trkpt lat="40.7250290" lon="-74.0403730">
    <ele>3.2</ele>
    <time>2026-01-09T18:04:58Z</time>
   </trkpt>
   <trkpt lat="40.7250260" lon="-74.0403210">
    <ele>3.0</ele>
    <time>2026-01-09T18:04:59Z</time>
   </trkpt>
   <trkpt lat="40.7250160" lon="-74.0402550">
    <ele>3.0</ele>
    <time>2026-01-09T18:05:00Z</time>
   </trkpt>
   <trkpt lat="40.7250060" lon="-74.0401860">
    <ele>3.0</ele>
    <time>2026-01-09T18:05:01Z</time>
   </trkpt>
   <trkpt lat="40.7249960" lon="-74.0401200">
    <ele>3.0</ele>
    <time>2026-01-09T18:05:02Z</time>
   </trkpt>
   <trkpt lat="40.7249850" lon="-74.0400510">
    <ele>3.0</ele>
    <time>2026-01-09T18:05:03Z</time>
   </trkpt>
   <trkpt lat="40.7249620" lon="-74.0399830">
    <ele>3.0</ele>
    <time>2026-01-09T18:05:04Z</time>
   </trkpt>
   <trkpt lat="40.7249400" lon="-74.0399140">
    <ele>3.1</ele>
    <time>2026-01-09T18:05:05Z</time>
   </trkpt>
   <trkpt lat="40.7249160" lon="-74.0398470">
    <ele>3.1</ele>
    <time>2026-01-09T18:05:06Z</time>
   </trkpt>
   <trkpt lat="40.7248850" lon="-74.0397790">
    <ele>3.1</ele>
    <time>2026-01-09T18:05:07Z</time>
   </trkpt>
   <trkpt lat="40.7248580" lon="-74.0397080">
    <ele>3.2</ele>
    <time>2026-01-09T18:05:08Z</time>
   </trkpt>
   <trkpt lat="40.7248280" lon="-74.0396370">
    <ele>3.2</ele>
    <time>2026-01-09T18:05:09Z</time>
   </trkpt>
   <trkpt lat="40.7247990" lon="-74.0395690">
    <ele>3.2</ele>
    <time>2026-01-09T18:05:10Z</time>
   </trkpt>
   <trkpt lat="40.7247760" lon="-74.0395020">
    <ele>3.2</ele>
    <time>2026-01-09T18:05:11Z</time>
   </trkpt>
   <trkpt lat="40.7247510" lon="-74.0394340">
    <ele>3.3</ele>
    <time>2026-01-09T18:05:12Z</time>
   </trkpt>
   <trkpt lat="40.7247300" lon="-74.0393640">
    <ele>3.2</ele>
    <time>2026-01-09T18:05:13Z</time>
   </trkpt>
   <trkpt lat="40.7247120" lon="-74.0392970">
    <ele>3.2</ele>
    <time>2026-01-09T18:05:14Z</time>
   </trkpt>
   <trkpt lat="40.7246910" lon="-74.0392230">
    <ele>3.2</ele>
    <time>2026-01-09T18:05:15Z</time>
   </trkpt>
   <trkpt lat="40.7246840" lon="-74.0391530">
    <ele>3.2</ele>
    <time>2026-01-09T18:05:16Z</time>
   </trkpt>
   <trkpt lat="40.7246770" lon="-74.0390930">
    <ele>3.1</ele>
    <time>2026-01-09T18:05:17Z</time>
   </trkpt>
   <trkpt lat="40.7246650" lon="-74.0390270">
    <ele>3.1</ele>
    <time>2026-01-09T18:05:18Z</time>
   </trkpt>
   <trkpt lat="40.7246580" lon="-74.0389700">
    <ele>3.1</ele>
    <time>2026-01-09T18:05:19Z</time>
   </trkpt>
   <trkpt lat="40.7246540" lon="-74.0389050">
    <ele>3.1</ele>
    <time>2026-01-09T18:05:20Z</time>
   </trkpt>
   <trkpt lat="40.7246490" lon="-74.0388340">
    <ele>3.1</ele>
    <time>2026-01-09T18:05:21Z</time>
   </trkpt>
   <trkpt lat="40.7246380" lon="-74.0387650">
    <ele>3.0</ele>
    <time>2026-01-09T18:05:22Z</time>
   </trkpt>
   <trkpt lat="40.7246300" lon="-74.0386960">
    <ele>3.0</ele>
    <time>2026-01-09T18:05:23Z</time>
   </trkpt>
   <trkpt lat="40.7246280" lon="-74.0386250">
    <ele>3.0</ele>
    <time>2026-01-09T18:05:24Z</time>
   </trkpt>
   <trkpt lat="40.7246280" lon="-74.0385610">
    <ele>3.0</ele>
    <time>2026-01-09T18:05:25Z</time>
   </trkpt>
   <trkpt lat="40.7246210" lon="-74.0384960">
    <ele>3.0</ele>
    <time>2026-01-09T18:05:26Z</time>
   </trkpt>
   <trkpt lat="40.7246140" lon="-74.0384330">
    <ele>3.0</ele>
    <time>2026-01-09T18:05:27Z</time>
   </trkpt>
   <trkpt lat="40.7246100" lon="-74.0383750">
    <ele>3.0</ele>
    <time>2026-01-09T18:05:28Z</time>
   </trkpt>
   <trkpt lat="40.7246080" lon="-74.0383150">
    <ele>3.0</ele>
    <time>2026-01-09T18:05:29Z</time>
   </trkpt>
   <trkpt lat="40.7246050" lon="-74.0382590">
    <ele>3.0</ele>
    <time>2026-01-09T18:05:30Z</time>
   </trkpt>
   <trkpt lat="40.7246010" lon="-74.0382050">
    <ele>3.0</ele>
    <time>2026-01-09T18:05:31Z</time>
   </trkpt>
   <trkpt lat="40.7245960" lon="-74.0381590">
    <ele>3.0</ele>
    <time>2026-01-09T18:05:32Z</time>
   </trkpt>
   <trkpt lat="40.7245830" lon="-74.0381230">
    <ele>3.0</ele>
    <time>2026-01-09T18:05:33Z</time>
   </trkpt>
   <trkpt lat="40.7245560" lon="-74.0380870">
    <ele>3.0</ele>
    <time>2026-01-09T18:05:34Z</time>
   </trkpt>
   <trkpt lat="40.7245430" lon="-74.0380800">
    <ele>3.0</ele>
    <time>2026-01-09T18:05:35Z</time>
   </trkpt>
   <trkpt lat="40.7245050" lon="-74.0380800">
    <ele>3.0</ele>
    <time>2026-01-09T18:05:36Z</time>
   </trkpt>
   <trkpt lat="40.7244620" lon="-74.0381020">
    <ele>3.2</ele>
    <time>2026-01-09T18:05:37Z</time>
   </trkpt>
   <trkpt lat="40.7244240" lon="-74.0381140">
    <ele>3.3</ele>
    <time>2026-01-09T18:05:38Z</time>
   </trkpt>
   <trkpt lat="40.7243790" lon="-74.0380980">
    <ele>3.4</ele>
    <time>2026-01-09T18:05:39Z</time>
   </trkpt>
   <trkpt lat="40.7243430" lon="-74.0381070">
    <ele>3.5</ele>
    <time>2026-01-09T18:05:40Z</time>
   </trkpt>
   <trkpt lat="40.7242990" lon="-74.0381110">
    <ele>3.6</ele>
    <time>2026-01-09T18:05:41Z</time>
   </trkpt>
   <trkpt lat="40.7242510" lon="-74.0381070">
    <ele>3.6</ele>
    <time>2026-01-09T18:05:42Z</time>
   </trkpt>
   <trkpt lat="40.7242080" lon="-74.0381300">
    <ele>3.7</ele>
    <time>2026-01-09T18:05:43Z</time>
   </trkpt>
   <trkpt lat="40.7241670" lon="-74.0381330">
    <ele>3.7</ele>
    <time>2026-01-09T18:05:44Z</time>
   </trkpt>
   <trkpt lat="40.7241280" lon="-74.0381220">
    <ele>3.7</ele>
    <time>2026-01-09T18:05:45Z</time>
   </trkpt>
   <trkpt lat="40.7240860" lon="-74.0381160">
    <ele>3.8</ele>
    <time>2026-01-09T18:05:46Z</time>
   </trkpt>
   <trkpt lat="40.7240410" lon="-74.0381010">
    <ele>3.8</ele>
    <time>2026-01-09T18:05:47Z</time>
   </trkpt>
   <trkpt lat="40.7240110" lon="-74.0380880">
    <ele>3.7</ele>
    <time>2026-01-09T18:05:48Z</time>
   </trkpt>
   <trkpt lat="40.7239760" lon="-74.0380860">
    <ele>3.7</ele>
    <time>2026-01-09T18:05:49Z</time>
   </trkpt>
   <trkpt lat="40.7239380" lon="-74.0380920">
    <ele>3.7</ele>
    <time>2026-01-09T18:05:50Z</time>
   </trkpt>
   <trkpt lat="40.7239110" lon="-74.0380780">
    <ele>3.7</ele>
    <time>2026-01-09T18:05:51Z</time>
   </trkpt>
   <trkpt lat="40.7238730" lon="-74.0380650">
    <ele>3.7</ele>
    <time>2026-01-09T18:05:52Z</time>
   </trkpt>
   <trkpt lat="40.7238380" lon="-74.0380540">
    <ele>3.7</ele>
    <time>2026-01-09T18:05:53Z</time>
   </trkpt>
   <trkpt lat="40.7238130" lon="-74.0380370">
    <ele>3.7</ele>
    <time>2026-01-09T18:05:54Z</time>
   </trkpt>
   <trkpt lat="40.7237790" lon="-74.0380330">
    <ele>3.7</ele>
    <time>2026-01-09T18:05:55Z</time>
   </trkpt>
   <trkpt lat="40.7237370" lon="-74.0380270">
    <ele>3.7</ele>
    <time>2026-01-09T18:05:56Z</time>
   </trkpt>
   <trkpt lat="40.7237210" lon="-74.0380220">
    <ele>3.7</ele>
    <time>2026-01-09T18:05:57Z</time>
   </trkpt>
   <trkpt lat="40.7236930" lon="-74.0380180">
    <ele>3.6</ele>
    <time>2026-01-09T18:05:58Z</time>
   </trkpt>
   <trkpt lat="40.7236610" lon="-74.0379940">
    <ele>3.6</ele>
    <time>2026-01-09T18:05:59Z</time>
   </trkpt>
   <trkpt lat="40.7236520" lon="-74.0379840">
    <ele>3.6</ele>
    <time>2026-01-09T18:06:00Z</time>
   </trkpt>
   <trkpt lat="40.7236250" lon="-74.0379570">
    <ele>3.6</ele>
    <time>2026-01-09T18:06:01Z</time>
   </trkpt>
   <trkpt lat="40.7236050" lon="-74.0379310">
    <ele>3.6</ele>
    <time>2026-01-09T18:06:02Z</time>
   </trkpt>
   <trkpt lat="40.7235810" lon="-74.0379120">
    <ele>3.6</ele>
    <time>2026-01-09T18:06:03Z</time>
   </trkpt>
   <trkpt lat="40.7235570" lon="-74.0378820">
    <ele>3.6</ele>
    <time>2026-01-09T18:06:04Z</time>
   </trkpt>
   <trkpt lat="40.7235450" lon="-74.0378780">
    <ele>3.6</ele>
    <time>2026-01-09T18:06:05Z</time>
   </trkpt>
   <trkpt lat="40.7235140" lon="-74.0378770">
    <ele>3.6</ele>
    <time>2026-01-09T18:06:06Z</time>
   </trkpt>
   <trkpt lat="40.7235130" lon="-74.0378820">
    <ele>3.6</ele>
    <time>2026-01-09T18:06:07Z</time>
   </trkpt>
   <trkpt lat="40.7235100" lon="-74.0378770">
    <ele>3.6</ele>
    <time>2026-01-09T18:06:08Z</time>
   </trkpt>
   <trkpt lat="40.7235020" lon="-74.0378790">
    <ele>3.6</ele>
    <time>2026-01-09T18:06:09Z</time>
   </trkpt>
   <trkpt lat="40.7234950" lon="-74.0378760">
    <ele>3.6</ele>
    <time>2026-01-09T18:06:10Z</time>
   </trkpt>
   <trkpt lat="40.7234960" lon="-74.0378610">
    <ele>3.6</ele>
    <time>2026-01-09T18:06:11Z</time>
   </trkpt>
   <trkpt lat="40.7234910" lon="-74.0378550">
    <ele>3.6</ele>
    <time>2026-01-09T18:06:12Z</time>
   </trkpt>
   <trkpt lat="40.7234840" lon="-74.0378190">
    <ele>3.5</ele>
    <time>2026-01-09T18:06:13Z</time>
   </trkpt>
   <trkpt lat="40.7234860" lon="-74.0378030">
    <ele>3.5</ele>
    <time>2026-01-09T18:06:14Z</time>
   </trkpt>
   <trkpt lat="40.7234790" lon="-74.0377980">
    <ele>3.6</ele>
    <time>2026-01-09T18:06:15Z</time>
   </trkpt>
   <trkpt lat="40.7234700" lon="-74.0377990">
    <ele>3.6</ele>
    <time>2026-01-09T18:06:16Z</time>
   </trkpt>
   <trkpt lat="40.7234800" lon="-74.0377900">
    <ele>3.6</ele>
    <time>2026-01-09T18:06:17Z</time>
   </trkpt>
   <trkpt lat="40.7234860" lon="-74.0377890">
    <ele>3.6</ele>
    <time>2026-01-09T18:06:18Z</time>
   </trkpt>
   <trkpt lat="40.7234850" lon="-74.0377960">
    <ele>3.7</ele>
    <time>2026-01-09T18:06:19Z</time>
   </trkpt>
   <trkpt lat="40.7234890" lon="-74.0377890">
    <ele>3.7</ele>
    <time>2026-01-09T18:06:20Z</time>
   </trkpt>
   <trkpt lat="40.7234910" lon="-74.0377830">
    <ele>3.7</ele>
    <time>2026-01-09T18:06:21Z</time>
   </trkpt>
   <trkpt lat="40.7234960" lon="-74.0377600">
    <ele>3.7</ele>
    <time>2026-01-09T18:06:22Z</time>
   </trkpt>
   <trkpt lat="40.7235100" lon="-74.0377540">
    <ele>3.7</ele>
    <time>2026-01-09T18:06:23Z</time>
   </trkpt>
   <trkpt lat="40.7235200" lon="-74.0377610">
    <ele>3.7</ele>
    <time>2026-01-09T18:06:24Z</time>
   </trkpt>
   <trkpt lat="40.7235300" lon="-74.0377670">
    <ele>3.7</ele>
    <time>2026-01-09T18:06:25Z</time>
   </trkpt>
   <trkpt lat="40.7235400" lon="-74.0377740">
    <ele>3.7</ele>
    <time>2026-01-09T18:06:26Z</time>
   </trkpt>
   <trkpt lat="40.7235500" lon="-74.0377800">
    <ele>3.7</ele>
    <time>2026-01-09T18:06:27Z</time>
   </trkpt>
   <trkpt lat="40.7235600" lon="-74.0377870">
    <ele>3.7</ele>
    <time>2026-01-09T18:06:28Z</time>
   </trkpt>
   <trkpt lat="40.7235700" lon="-74.0377930">
    <ele>3.7</ele>
    <time>2026-01-09T18:06:29Z</time>
   </trkpt>
   <trkpt lat="40.7235700" lon="-74.0377870">
    <ele>3.7</ele>
    <time>2026-01-09T18:06:30Z</time>
   </trkpt>
   <trkpt lat="40.7235760" lon="-74.0377750">
    <ele>3.7</ele>
    <time>2026-01-09T18:06:31Z</time>
   </trkpt>
   <trkpt lat="40.7235740" lon="-74.0377730">
    <ele>3.7</ele>
    <time>2026-01-09T18:06:32Z</time>
   </trkpt>
   <trkpt lat="40.7235720" lon="-74.0377590">
    <ele>3.7</ele>
    <time>2026-01-09T18:06:33Z</time>
   </trkpt>
   <trkpt lat="40.7235720" lon="-74.0377610">
    <ele>3.7</ele>
    <time>2026-01-09T18:06:34Z</time>
   </trkpt>
   <trkpt lat="40.7235720" lon="-74.0377610">
    <ele>3.7</ele>
    <time>2026-01-09T18:06:35Z</time>
   </trkpt>
   <trkpt lat="40.7235720" lon="-74.0377610">
    <ele>3.7</ele>
    <time>2026-01-09T18:06:36Z</time>
   </trkpt>
   <trkpt lat="40.7235720" lon="-74.0377610">
    <ele>3.7</ele>
    <time>2026-01-09T18:06:37Z</time>
   </trkpt>
   <trkpt lat="40.7235770" lon="-74.0377540">
    <ele>3.7</ele>
    <time>2026-01-09T18:06:38Z</time>
   </trkpt>
   <trkpt lat="40.7235630" lon="-74.0377580">
    <ele>3.7</ele>
    <time>2026-01-09T18:06:39Z</time>
   </trkpt>
   <trkpt lat="40.7235530" lon="-74.0377490">
    <ele>3.7</ele>
    <time>2026-01-09T18:06:40Z</time>
   </trkpt>
   <trkpt lat="40.7235430" lon="-74.0377390">
    <ele>3.7</ele>
    <time>2026-01-09T18:06:41Z</time>
   </trkpt>
   <trkpt lat="40.7235330" lon="-74.0377300">
    <ele>3.7</ele>
    <time>2026-01-09T18:06:42Z</time>
   </trkpt>
   <trkpt lat="40.7235260" lon="-74.0377110">
    <ele>3.7</ele>
    <time>2026-01-09T18:06:43Z</time>
   </trkpt>
   <trkpt lat="40.7235260" lon="-74.0377190">
    <ele>3.6</ele>
    <time>2026-01-09T18:06:44Z</time>
   </trkpt>
   <trkpt lat="40.7235280" lon="-74.0377150">
    <ele>3.6</ele>
    <time>2026-01-09T18:06:45Z</time>
   </trkpt>
   <trkpt lat="40.7235290" lon="-74.0377130">
    <ele>3.6</ele>
    <time>2026-01-09T18:06:46Z</time>
   </trkpt>
   <trkpt lat="40.7235290" lon="-74.0377120">
    <ele>3.6</ele>
    <time>2026-01-09T18:06:47Z</time>
   </trkpt>
   <trkpt lat="40.7235330" lon="-74.0377120">
    <ele>3.6</ele>
    <time>2026-01-09T18:06:48Z</time>
   </trkpt>
   <trkpt lat="40.7235360" lon="-74.0377110">
    <ele>3.6</ele>
    <time>2026-01-09T18:06:49Z</time>
   </trkpt>
   <trkpt lat="40.7235230" lon="-74.0377400">
    <ele>3.6</ele>
    <time>2026-01-09T18:06:50Z</time>
   </trkpt>
   <trkpt lat="40.7235210" lon="-74.0377260">
    <ele>3.6</ele>
    <time>2026-01-09T18:06:51Z</time>
   </trkpt>
   <trkpt lat="40.7235060" lon="-74.0377430">
    <ele>3.6</ele>
    <time>2026-01-09T18:06:52Z</time>
   </trkpt>
   <trkpt lat="40.7235000" lon="-74.0377450">
    <ele>3.6</ele>
    <time>2026-01-09T18:06:53Z</time>
   </trkpt>
   <trkpt lat="40.7234940" lon="-74.0377460">
    <ele>3.6</ele>
    <time>2026-01-09T18:06:54Z</time>
   </trkpt>
   <trkpt lat="40.7234880" lon="-74.0377480">
    <ele>3.6</ele>
    <time>2026-01-09T18:06:55Z</time>
   </trkpt>
   <trkpt lat="40.7234820" lon="-74.0377500">
    <ele>3.6</ele>
    <time>2026-01-09T18:06:56Z</time>
   </trkpt>
   <trkpt lat="40.7234760" lon="-74.0377510">
    <ele>3.6</ele>
    <time>2026-01-09T18:06:57Z</time>
   </trkpt>
   <trkpt lat="40.7234700" lon="-74.0377530">
    <ele>3.6</ele>
    <time>2026-01-09T18:06:58Z</time>
   </trkpt>
   <trkpt lat="40.7234610" lon="-74.0377550">
    <ele>3.6</ele>
    <time>2026-01-09T18:06:59Z</time>
   </trkpt>
   <trkpt lat="40.7234590" lon="-74.0377600">
    <ele>3.6</ele>
    <time>2026-01-09T18:07:00Z</time>
   </trkpt>
   <trkpt lat="40.7234580" lon="-74.0377660">
    <ele>3.6</ele>
    <time>2026-01-09T18:07:01Z</time>
   </trkpt>
   <trkpt lat="40.7234560" lon="-74.0377710">
    <ele>3.6</ele>
    <time>2026-01-09T18:07:02Z</time>
   </trkpt>
   <trkpt lat="40.7234540" lon="-74.0377760">
    <ele>3.6</ele>
    <time>2026-01-09T18:07:03Z</time>
   </trkpt>
   <trkpt lat="40.7234520" lon="-74.0377810">
    <ele>3.6</ele>
    <time>2026-01-09T18:07:04Z</time>
   </trkpt>
   <trkpt lat="40.7234500" lon="-74.0377860">
    <ele>3.6</ele>
    <time>2026-01-09T18:07:05Z</time>
   </trkpt>
   <trkpt lat="40.7234480" lon="-74.0377910">
    <ele>3.6</ele>
    <time>2026-01-09T18:07:06Z</time>
   </trkpt>
   <trkpt lat="40.7234470" lon="-74.0377970">
    <ele>3.6</ele>
    <time>2026-01-09T18:07:07Z</time>
   </trkpt>
   <trkpt lat="40.7234450" lon="-74.0378020">
    <ele>3.6</ele>
    <time>2026-01-09T18:07:08Z</time>
   </trkpt>
   <trkpt lat="40.7234430" lon="-74.0378070">
    <ele>3.6</ele>
    <time>2026-01-09T18:07:09Z</time>
   </trkpt>
   <trkpt lat="40.7234410" lon="-74.0378120">
    <ele>3.6</ele>
    <time>2026-01-09T18:07:10Z</time>
   </trkpt>
   <trkpt lat="40.7234440" lon="-74.0377950">
    <ele>3.6</ele>
    <time>2026-01-09T18:07:11Z</time>
   </trkpt>
   <trkpt lat="40.7234460" lon="-74.0377730">
    <ele>3.6</ele>
    <time>2026-01-09T18:07:12Z</time>
   </trkpt>
   <trkpt lat="40.7234400" lon="-74.0378030">
    <ele>3.5</ele>
    <time>2026-01-09T18:07:13Z</time>
   </trkpt>
   <trkpt lat="40.7234350" lon="-74.0378260">
    <ele>3.5</ele>
    <time>2026-01-09T18:07:14Z</time>
   </trkpt>
   <trkpt lat="40.7234300" lon="-74.0378490">
    <ele>3.6</ele>
    <time>2026-01-09T18:07:15Z</time>
   </trkpt>
   <trkpt lat="40.7234250" lon="-74.0378720">
    <ele>3.6</ele>
    <time>2026-01-09T18:07:17Z</time>
   </trkpt>
   <trkpt lat="40.7234200" lon="-74.0378950">
    <ele>3.6</ele>
    <time>2026-01-09T18:07:18Z</time>
   </trkpt>
   <trkpt lat="40.7234150" lon="-74.0379180">
    <ele>3.5</ele>
    <time>2026-01-09T18:07:19Z</time>
   </trkpt>
   <trkpt lat="40.7234100" lon="-74.0379410">
    <ele>3.5</ele>
    <time>2026-01-09T18:07:20Z</time>
   </trkpt>
   <trkpt lat="40.7234050" lon="-74.0379640">
    <ele>3.5</ele>
    <time>2026-01-09T18:07:21Z</time>
   </trkpt>
   <trkpt lat="40.7234050" lon="-74.0380010">
    <ele>3.6</ele>
    <time>2026-01-09T18:07:22Z</time>
   </trkpt>
   <trkpt lat="40.7234050" lon="-74.0379410">
    <ele>3.7</ele>
    <time>2026-01-09T18:07:35Z</time>
   </trkpt>
   <trkpt lat="40.7234450" lon="-74.0379650">
    <ele>3.8</ele>
    <time>2026-01-09T18:07:41Z</time>
   </trkpt>
   <trkpt lat="40.7234610" lon="-74.0379590">
    <ele>3.8</ele>
    <time>2026-01-09T18:07:48Z</time>
   </trkpt>
   <trkpt lat="40.7234630" lon="-74.0379580">
    <ele>3.8</ele>
    <time>2026-01-09T18:07:52Z</time>
   </trkpt>
   <trkpt lat="40.7234590" lon="-74.0379630">
    <ele>3.8</ele>
    <time>2026-01-09T18:07:54Z</time>
   </trkpt>
   <trkpt lat="40.7234600" lon="-74.0379650">
    <ele>3.8</ele>
    <time>2026-01-09T18:07:58Z</time>
   </trkpt>
   <trkpt lat="40.7234600" lon="-74.0379650">
    <ele>3.8</ele>
    <time>2026-01-09T18:07:59Z</time>
   </trkpt>
   <trkpt lat="40.7234630" lon="-74.0379600">
    <ele>3.8</ele>
    <time>2026-01-09T18:08:00Z</time>
   </trkpt>
   <trkpt lat="40.7234610" lon="-74.0379600">
    <ele>3.8</ele>
    <time>2026-01-09T18:08:01Z</time>
   </trkpt>
   <trkpt lat="40.7234640" lon="-74.0379600">
    <ele>3.8</ele>
    <time>2026-01-09T18:08:03Z</time>
   </trkpt>
   <trkpt lat="40.7234640" lon="-74.0379600">
    <ele>3.8</ele>
    <time>2026-01-09T18:08:07Z</time>
   </trkpt>
   <trkpt lat="40.7234640" lon="-74.0379600">
    <ele>3.8</ele>
    <time>2026-01-09T18:08:12Z</time>
   </trkpt>
   <trkpt lat="40.7234750" lon="-74.0379340">
    <ele>3.9</ele>
    <time>2026-01-09T18:08:17Z</time>
   </trkpt>
   <trkpt lat="40.7234750" lon="-74.0379320">
    <ele>3.9</ele>
    <time>2026-01-09T18:08:19Z</time>
   </trkpt>
   <trkpt lat="40.7234460" lon="-74.0380500">
    <ele>3.7</ele>
    <time>2026-01-09T18:08:28Z</time>
   </trkpt>
   <trkpt lat="40.7233960" lon="-74.0379880">
    <ele>3.8</ele>
    <time>2026-01-09T18:08:34Z</time>
   </trkpt>
   <trkpt lat="40.7233970" lon="-74.0380110">
    <ele>3.8</ele>
    <time>2026-01-09T18:08:40Z</time>
   </trkpt>
   <trkpt lat="40.7233960" lon="-74.0380120">
    <ele>3.8</ele>
    <time>2026-01-09T18:08:57Z</time>
   </trkpt>
   <trkpt lat="40.7233930" lon="-74.0380230">
    <ele>3.8</ele>
    <time>2026-01-09T18:08:58Z</time>
   </trkpt>
   <trkpt lat="40.7233930" lon="-74.0380230">
    <ele>3.8</ele>
    <time>2026-01-09T18:08:59Z</time>
   </trkpt>
   <trkpt lat="40.7233930" lon="-74.0380230">
    <ele>3.8</ele>
    <time>2026-01-09T18:09:02Z</time>
   </trkpt>
   <trkpt lat="40.7233870" lon="-74.0380260">
    <ele>3.8</ele>
    <time>2026-01-09T18:09:09Z</time>
   </trkpt>
   <trkpt lat="40.7233870" lon="-74.0380260">
    <ele>3.8</ele>
    <time>2026-01-09T18:09:14Z</time>
   </trkpt>
   <trkpt lat="40.7234660" lon="-74.0381650">
    <ele>3.8</ele>
    <time>2026-01-09T18:09:30Z</time>
   </trkpt>
   <trkpt lat="40.7234680" lon="-74.0381820">
    <ele>3.8</ele>
    <time>2026-01-09T18:09:32Z</time>
   </trkpt>
   <trkpt lat="40.7236760" lon="-74.0382980">
    <ele>4.0</ele>
    <time>2026-01-09T18:09:38Z</time>
   </trkpt>
   <trkpt lat="40.7237750" lon="-74.0385150">
    <ele>3.8</ele>
    <time>2026-01-09T18:09:39Z</time>
   </trkpt>
   <trkpt lat="40.7237710" lon="-74.0385160">
    <ele>3.8</ele>
    <time>2026-01-09T18:09:40Z</time>
   </trkpt>
   <trkpt lat="40.7236220" lon="-74.0387140">
    <ele>3.8</ele>
    <time>2026-01-09T18:09:44Z</time>
   </trkpt>
   <trkpt lat="40.7238150" lon="-74.0387720">
    <ele>3.6</ele>
    <time>2026-01-09T18:09:50Z</time>
   </trkpt>
   <trkpt lat="40.7237420" lon="-74.0385120">
    <ele>3.8</ele>
    <time>2026-01-09T18:09:51Z</time>
   </trkpt>
   <trkpt lat="40.7237290" lon="-74.0384990">
    <ele>3.8</ele>
    <time>2026-01-09T18:09:52Z</time>
   </trkpt>
   <trkpt lat="40.7238400" lon="-74.0385340">
    <ele>3.8</ele>
    <time>2026-01-09T18:09:53Z</time>
   </trkpt>
   <trkpt lat="40.7236710" lon="-74.0379920">
    <ele>3.8</ele>
    <time>2026-01-09T18:09:54Z</time>
   </trkpt>
   <trkpt lat="40.7236840" lon="-74.0378120">
    <ele>3.9</ele>
    <time>2026-01-09T18:10:00Z</time>
   </trkpt>
   <trkpt lat="40.7237010" lon="-74.0376660">
    <ele>3.5</ele>
    <time>2026-01-09T18:10:01Z</time>
   </trkpt>
   <trkpt lat="40.7236910" lon="-74.0376650">
    <ele>3.5</ele>
    <time>2026-01-09T18:10:03Z</time>
   </trkpt>
   <trkpt lat="40.7236930" lon="-74.0376660">
    <ele>3.5</ele>
    <time>2026-01-09T18:10:06Z</time>
   </trkpt>
   <trkpt lat="40.7236580" lon="-74.0376800">
    <ele>3.6</ele>
    <time>2026-01-09T18:10:13Z</time>
   </trkpt>
   <trkpt lat="40.7236780" lon="-74.0376500">
    <ele>3.6</ele>
    <time>2026-01-09T18:10:15Z</time>
   </trkpt>
   <trkpt lat="40.7236770" lon="-74.0376520">
    <ele>3.6</ele>
    <time>2026-01-09T18:10:16Z</time>
   </trkpt>
   <trkpt lat="40.7235520" lon="-74.0376580">
    <ele>4.0</ele>
    <time>2026-01-09T18:10:21Z</time>
   </trkpt>
   <trkpt lat="40.7236260" lon="-74.0376740">
    <ele>3.8</ele>
    <time>2026-01-09T18:10:27Z</time>
   </trkpt>
   <trkpt lat="40.7236620" lon="-74.0376840">
    <ele>3.6</ele>
    <time>2026-01-09T18:10:33Z</time>
   </trkpt>
   <trkpt lat="40.7236660" lon="-74.0376800">
    <ele>3.6</ele>
    <time>2026-01-09T18:10:40Z</time>
   </trkpt>
   <trkpt lat="40.7236680" lon="-74.0376700">
    <ele>3.6</ele>
    <time>2026-01-09T18:10:42Z</time>
   </trkpt>
   <trkpt lat="40.7236810" lon="-74.0376500">
    <ele>3.6</ele>
    <time>2026-01-09T18:10:46Z</time>
   </trkpt>
   <trkpt lat="40.7236760" lon="-74.0376490">
    <ele>3.6</ele>
    <time>2026-01-09T18:10:52Z</time>
   </trkpt>
   <trkpt lat="40.7236690" lon="-74.0376570">
    <ele>3.6</ele>
    <time>2026-01-09T18:10:59Z</time>
   </trkpt>
   <trkpt lat="40.7236630" lon="-74.0376600">
    <ele>3.6</ele>
    <time>2026-01-09T18:11:06Z</time>
   </trkpt>
   <trkpt lat="40.7236530" lon="-74.0376740">
    <ele>3.6</ele>
    <time>2026-01-09T18:11:12Z</time>
   </trkpt>
   <trkpt lat="40.7236530" lon="-74.0376740">
    <ele>3.6</ele>
    <time>2026-01-09T18:11:13Z</time>
   </trkpt>
   <trkpt lat="40.7236540" lon="-74.0376720">
    <ele>3.6</ele>
    <time>2026-01-09T18:11:14Z</time>
   </trkpt>
   <trkpt lat="40.7236540" lon="-74.0376720">
    <ele>3.6</ele>
    <time>2026-01-09T18:11:16Z</time>
   </trkpt>
   <trkpt lat="40.7235960" lon="-74.0376550">
    <ele>3.9</ele>
    <time>2026-01-09T18:11:18Z</time>
   </trkpt>
   <trkpt lat="40.7235570" lon="-74.0376380">
    <ele>4.0</ele>
    <time>2026-01-09T18:11:19Z</time>
   </trkpt>
   <trkpt lat="40.7235500" lon="-74.0376330">
    <ele>3.9</ele>
    <time>2026-01-09T18:11:22Z</time>
   </trkpt>
   <trkpt lat="40.7235500" lon="-74.0376330">
    <ele>3.9</ele>
    <time>2026-01-09T18:11:23Z</time>
   </trkpt>
   <trkpt lat="40.7235410" lon="-74.0376220">
    <ele>3.9</ele>
    <time>2026-01-09T18:11:25Z</time>
   </trkpt>
   <trkpt lat="40.7235540" lon="-74.0376300">
    <ele>3.9</ele>
    <time>2026-01-09T18:11:26Z</time>
   </trkpt>
   <trkpt lat="40.7236690" lon="-74.0376780">
    <ele>3.5</ele>
    <time>2026-01-09T18:11:32Z</time>
   </trkpt>
   <trkpt lat="40.7235990" lon="-74.0377330">
    <ele>3.8</ele>
    <time>2026-01-09T18:11:38Z</time>
   </trkpt>
   <trkpt lat="40.7235980" lon="-74.0377300">
    <ele>3.8</ele>
    <time>2026-01-09T18:11:40Z</time>
   </trkpt>
   <trkpt lat="40.7235720" lon="-74.0376840">
    <ele>3.9</ele>
    <time>2026-01-09T18:11:44Z</time>
   </trkpt>
   <trkpt lat="40.7235760" lon="-74.0376920">
    <ele>3.9</ele>
    <time>2026-01-09T18:11:45Z</time>
   </trkpt>
   <trkpt lat="40.7234720" lon="-74.0371290">
    <ele>3.9</ele>
    <time>2026-01-09T18:11:52Z</time>
   </trkpt>
   <trkpt lat="40.7234560" lon="-74.0376130">
    <ele>3.8</ele>
    <time>2026-01-09T18:11:58Z</time>
   </trkpt>
   <trkpt lat="40.7234570" lon="-74.0376490">
    <ele>3.9</ele>
    <time>2026-01-09T18:12:05Z</time>
   </trkpt>
   <trkpt lat="40.7234590" lon="-74.0376840">
    <ele>3.9</ele>
    <time>2026-01-09T18:12:11Z</time>
   </trkpt>
   <trkpt lat="40.7234610" lon="-74.0377190">
    <ele>3.9</ele>
    <time>2026-01-09T18:12:22Z</time>
   </trkpt>
   <trkpt lat="40.7234620" lon="-74.0377540">
    <ele>3.9</ele>
    <time>2026-01-09T18:12:23Z</time>
   </trkpt>
   <trkpt lat="40.7234640" lon="-74.0377900">
    <ele>3.9</ele>
    <time>2026-01-09T18:12:24Z</time>
   </trkpt>
   <trkpt lat="40.7234650" lon="-74.0378250">
    <ele>3.8</ele>
    <time>2026-01-09T18:12:25Z</time>
   </trkpt>
   <trkpt lat="40.7234670" lon="-74.0378600">
    <ele>3.7</ele>
    <time>2026-01-09T18:12:27Z</time>
   </trkpt>
   <trkpt lat="40.7234690" lon="-74.0378950">
    <ele>3.7</ele>
    <time>2026-01-09T18:12:33Z</time>
   </trkpt>
   <trkpt lat="40.7234700" lon="-74.0379310">
    <ele>3.6</ele>
    <time>2026-01-09T18:12:39Z</time>
   </trkpt>
   <trkpt lat="40.7234720" lon="-74.0379660">
    <ele>3.6</ele>
    <time>2026-01-09T18:12:40Z</time>
   </trkpt>
   <trkpt lat="40.7234700" lon="-74.0379390">
    <ele>3.6</ele>
    <time>2026-01-09T18:12:41Z</time>
   </trkpt>
   <trkpt lat="40.7234620" lon="-74.0379300">
    <ele>3.6</ele>
    <time>2026-01-09T18:12:42Z</time>
   </trkpt>
   <trkpt lat="40.7234550" lon="-74.0379390">
    <ele>3.6</ele>
    <time>2026-01-09T18:12:43Z</time>
   </trkpt>
   <trkpt lat="40.7234620" lon="-74.0378840">
    <ele>3.6</ele>
    <time>2026-01-09T18:12:44Z</time>
   </trkpt>
   <trkpt lat="40.7234610" lon="-74.0379080">
    <ele>3.6</ele>
    <time>2026-01-09T18:12:46Z</time>
   </trkpt>
   <trkpt lat="40.7234610" lon="-74.0379200">
    <ele>3.6</ele>
    <time>2026-01-09T18:12:47Z</time>
   </trkpt>
   <trkpt lat="40.7234660" lon="-74.0379140">
    <ele>3.6</ele>
    <time>2026-01-09T18:12:48Z</time>
   </trkpt>
   <trkpt lat="40.7234670" lon="-74.0378930">
    <ele>3.6</ele>
    <time>2026-01-09T18:12:49Z</time>
   </trkpt>
   <trkpt lat="40.7234840" lon="-74.0378730">
    <ele>3.6</ele>
    <time>2026-01-09T18:12:50Z</time>
   </trkpt>
   <trkpt lat="40.7234790" lon="-74.0378780">
    <ele>3.6</ele>
    <time>2026-01-09T18:12:51Z</time>
   </trkpt>
   <trkpt lat="40.7234820" lon="-74.0378840">
    <ele>3.6</ele>
    <time>2026-01-09T18:12:52Z</time>
   </trkpt>
   <trkpt lat="40.7234730" lon="-74.0379300">
    <ele>3.5</ele>
    <time>2026-01-09T18:12:53Z</time>
   </trkpt>
   <trkpt lat="40.7234710" lon="-74.0379490">
    <ele>3.5</ele>
    <time>2026-01-09T18:12:54Z</time>
   </trkpt>
   <trkpt lat="40.7234680" lon="-74.0379690">
    <ele>3.5</ele>
    <time>2026-01-09T18:12:55Z</time>
   </trkpt>
   <trkpt lat="40.7234680" lon="-74.0379050">
    <ele>3.5</ele>
    <time>2026-01-09T18:12:56Z</time>
   </trkpt>
   <trkpt lat="40.7234670" lon="-74.0377680">
    <ele>3.5</ele>
    <time>2026-01-09T18:12:57Z</time>
   </trkpt>
   <trkpt lat="40.7234620" lon="-74.0377490">
    <ele>3.6</ele>
    <time>2026-01-09T18:12:58Z</time>
   </trkpt>
   <trkpt lat="40.7234620" lon="-74.0377400">
    <ele>3.6</ele>
    <time>2026-01-09T18:12:59Z</time>
   </trkpt>
   <trkpt lat="40.7234630" lon="-74.0377320">
    <ele>3.6</ele>
    <time>2026-01-09T18:13:00Z</time>
   </trkpt>
   <trkpt lat="40.7234630" lon="-74.0377230">
    <ele>3.6</ele>
    <time>2026-01-09T18:13:01Z</time>
   </trkpt>
   <trkpt lat="40.7234630" lon="-74.0377140">
    <ele>3.6</ele>
    <time>2026-01-09T18:13:02Z</time>
   </trkpt>
   <trkpt lat="40.7234610" lon="-74.0377210">
    <ele>3.6</ele>
    <time>2026-01-09T18:13:03Z</time>
   </trkpt>
   <trkpt lat="40.7234660" lon="-74.0377030">
    <ele>3.7</ele>
    <time>2026-01-09T18:13:04Z</time>
   </trkpt>
   <trkpt lat="40.7234700" lon="-74.0376910">
    <ele>3.7</ele>
    <time>2026-01-09T18:13:05Z</time>
   </trkpt>
   <trkpt lat="40.7234710" lon="-74.0376840">
    <ele>3.7</ele>
    <time>2026-01-09T18:13:06Z</time>
   </trkpt>
   <trkpt lat="40.7234740" lon="-74.0376720">
    <ele>3.7</ele>
    <time>2026-01-09T18:13:07Z</time>
   </trkpt>
   <trkpt lat="40.7234730" lon="-74.0376690">
    <ele>3.7</ele>
    <time>2026-01-09T18:13:08Z</time>
   </trkpt>
   <trkpt lat="40.7234730" lon="-74.0376680">
    <ele>3.7</ele>
    <time>2026-01-09T18:13:09Z</time>
   </trkpt>
   <trkpt lat="40.7234710" lon="-74.0376740">
    <ele>3.7</ele>
    <time>2026-01-09T18:13:10Z</time>
   </trkpt>
   <trkpt lat="40.7234630" lon="-74.0376830">
    <ele>3.7</ele>
    <time>2026-01-09T18:13:11Z</time>
   </trkpt>
   <trkpt lat="40.7234620" lon="-74.0376850">
    <ele>3.7</ele>
    <time>2026-01-09T18:13:12Z</time>
   </trkpt>
   <trkpt lat="40.7234600" lon="-74.0376940">
    <ele>3.7</ele>
    <time>2026-01-09T18:13:13Z</time>
   </trkpt>
   <trkpt lat="40.7234590" lon="-74.0377050">
    <ele>3.7</ele>
    <time>2026-01-09T18:13:14Z</time>
   </trkpt>
   <trkpt lat="40.7234580" lon="-74.0377080">
    <ele>3.7</ele>
    <time>2026-01-09T18:13:15Z</time>
   </trkpt>
   <trkpt lat="40.7234580" lon="-74.0377080">
    <ele>3.7</ele>
    <time>2026-01-09T18:13:16Z</time>
   </trkpt>
   <trkpt lat="40.7234630" lon="-74.0376970">
    <ele>3.7</ele>
    <time>2026-01-09T18:13:17Z</time>
   </trkpt>
   <trkpt lat="40.7234660" lon="-74.0376990">
    <ele>3.7</ele>
    <time>2026-01-09T18:13:18Z</time>
   </trkpt>
   <trkpt lat="40.7234660" lon="-74.0376980">
    <ele>3.7</ele>
    <time>2026-01-09T18:13:19Z</time>
   </trkpt>
   <trkpt lat="40.7234660" lon="-74.0376980">
    <ele>3.7</ele>
    <time>2026-01-09T18:13:20Z</time>
   </trkpt>
   <trkpt lat="40.7234660" lon="-74.0376980">
    <ele>3.7</ele>
    <time>2026-01-09T18:13:21Z</time>
   </trkpt>
   <trkpt lat="40.7234770" lon="-74.0376970">
    <ele>3.6</ele>
    <time>2026-01-09T18:13:22Z</time>
   </trkpt>
   <trkpt lat="40.7234820" lon="-74.0377250">
    <ele>3.6</ele>
    <time>2026-01-09T18:13:23Z</time>
   </trkpt>
   <trkpt lat="40.7235010" lon="-74.0377470">
    <ele>3.6</ele>
    <time>2026-01-09T18:13:24Z</time>
   </trkpt>
   <trkpt lat="40.7235160" lon="-74.0377660">
    <ele>3.5</ele>
    <time>2026-01-09T18:13:25Z</time>
   </trkpt>
   <trkpt lat="40.7234880" lon="-74.0377870">
    <ele>3.6</ele>
    <time>2026-01-09T18:13:26Z</time>
   </trkpt>
   <trkpt lat="40.7235230" lon="-74.0377390">
    <ele>3.6</ele>
    <time>2026-01-09T18:13:27Z</time>
   </trkpt>
   <trkpt lat="40.7235010" lon="-74.0377590">
    <ele>3.6</ele>
    <time>2026-01-09T18:13:28Z</time>
   </trkpt>
   <trkpt lat="40.7235010" lon="-74.0377550">
    <ele>3.6</ele>
    <time>2026-01-09T18:13:29Z</time>
   </trkpt>
   <trkpt lat="40.7235060" lon="-74.0377370">
    <ele>3.6</ele>
    <time>2026-01-09T18:13:30Z</time>
   </trkpt>
   <trkpt lat="40.7235060" lon="-74.0377280">
    <ele>3.6</ele>
    <time>2026-01-09T18:13:31Z</time>
   </trkpt>
   <trkpt lat="40.7235080" lon="-74.0377230">
    <ele>3.6</ele>
    <time>2026-01-09T18:13:32Z</time>
   </trkpt>
   <trkpt lat="40.7235190" lon="-74.0377160">
    <ele>3.6</ele>
    <time>2026-01-09T18:13:33Z</time>
   </trkpt>
   <trkpt lat="40.7235240" lon="-74.0376970">
    <ele>3.6</ele>
    <time>2026-01-09T18:13:34Z</time>
   </trkpt>
   <trkpt lat="40.7235340" lon="-74.0377020">
    <ele>3.6</ele>
    <time>2026-01-09T18:13:35Z</time>
   </trkpt>
   <trkpt lat="40.7235420" lon="-74.0377340">
    <ele>3.6</ele>
    <time>2026-01-09T18:13:36Z</time>
   </trkpt>
   <trkpt lat="40.7235580" lon="-74.0377710">
    <ele>3.6</ele>
    <time>2026-01-09T18:13:37Z</time>
   </trkpt>
   <trkpt lat="40.7235600" lon="-74.0377820">
    <ele>3.6</ele>
    <time>2026-01-09T18:13:38Z</time>
   </trkpt>
   <trkpt lat="40.7235750" lon="-74.0378170">
    <ele>3.6</ele>
    <time>2026-01-09T18:13:39Z</time>
   </trkpt>
   <trkpt lat="40.7235850" lon="-74.0378460">
    <ele>3.6</ele>
    <time>2026-01-09T18:13:40Z</time>
   </trkpt>
   <trkpt lat="40.7236170" lon="-74.0378830">
    <ele>3.6</ele>
    <time>2026-01-09T18:13:41Z</time>
   </trkpt>
   <trkpt lat="40.7236610" lon="-74.0379130">
    <ele>3.6</ele>
    <time>2026-01-09T18:13:42Z</time>
   </trkpt>
   <trkpt lat="40.7237050" lon="-74.0379320">
    <ele>3.6</ele>
    <time>2026-01-09T18:13:43Z</time>
   </trkpt>
   <trkpt lat="40.7237460" lon="-74.0379490">
    <ele>3.7</ele>
    <time>2026-01-09T18:13:44Z</time>
   </trkpt>
   <trkpt lat="40.7237850" lon="-74.0379710">
    <ele>3.7</ele>
    <time>2026-01-09T18:13:45Z</time>
   </trkpt>
   <trkpt lat="40.7238170" lon="-74.0380060">
    <ele>3.7</ele>
    <time>2026-01-09T18:13:46Z</time>
   </trkpt>
   <trkpt lat="40.7238530" lon="-74.0380340">
    <ele>3.7</ele>
    <time>2026-01-09T18:13:47Z</time>
   </trkpt>
   <trkpt lat="40.7238930" lon="-74.0380470">
    <ele>3.7</ele>
    <time>2026-01-09T18:13:48Z</time>
   </trkpt>
   <trkpt lat="40.7239330" lon="-74.0380630">
    <ele>3.7</ele>
    <time>2026-01-09T18:13:49Z</time>
   </trkpt>
   <trkpt lat="40.7239660" lon="-74.0380850">
    <ele>3.7</ele>
    <time>2026-01-09T18:13:50Z</time>
   </trkpt>
   <trkpt lat="40.7240070" lon="-74.0380940">
    <ele>3.7</ele>
    <time>2026-01-09T18:13:51Z</time>
   </trkpt>
   <trkpt lat="40.7240540" lon="-74.0381030">
    <ele>3.8</ele>
    <time>2026-01-09T18:13:52Z</time>
   </trkpt>
   <trkpt lat="40.7240910" lon="-74.0381180">
    <ele>3.8</ele>
    <time>2026-01-09T18:13:53Z</time>
   </trkpt>
   <trkpt lat="40.7241280" lon="-74.0381240">
    <ele>3.7</ele>
    <time>2026-01-09T18:13:54Z</time>
   </trkpt>
   <trkpt lat="40.7241770" lon="-74.0381380">
    <ele>3.7</ele>
    <time>2026-01-09T18:13:55Z</time>
   </trkpt>
   <trkpt lat="40.7242260" lon="-74.0381300">
    <ele>3.7</ele>
    <time>2026-01-09T18:13:56Z</time>
   </trkpt>
   <trkpt lat="40.7242560" lon="-74.0381080">
    <ele>3.6</ele>
    <time>2026-01-09T18:13:57Z</time>
   </trkpt>
   <trkpt lat="40.7242870" lon="-74.0381100">
    <ele>3.6</ele>
    <time>2026-01-09T18:13:58Z</time>
   </trkpt>
   <trkpt lat="40.7243020" lon="-74.0381180">
    <ele>3.6</ele>
    <time>2026-01-09T18:13:59Z</time>
   </trkpt>
   <trkpt lat="40.7243500" lon="-74.0381040">
    <ele>3.5</ele>
    <time>2026-01-09T18:14:00Z</time>
   </trkpt>
   <trkpt lat="40.7243810" lon="-74.0380940">
    <ele>3.4</ele>
    <time>2026-01-09T18:14:01Z</time>
   </trkpt>
   <trkpt lat="40.7244360" lon="-74.0380810">
    <ele>3.3</ele>
    <time>2026-01-09T18:14:02Z</time>
   </trkpt>
   <trkpt lat="40.7244830" lon="-74.0380640">
    <ele>3.1</ele>
    <time>2026-01-09T18:14:03Z</time>
   </trkpt>
   <trkpt lat="40.7245180" lon="-74.0380600">
    <ele>3.0</ele>
    <time>2026-01-09T18:14:04Z</time>
   </trkpt>
   <trkpt lat="40.7245520" lon="-74.0380410">
    <ele>3.0</ele>
    <time>2026-01-09T18:14:05Z</time>
   </trkpt>
   <trkpt lat="40.7245820" lon="-74.0380270">
    <ele>3.0</ele>
    <time>2026-01-09T18:14:06Z</time>
   </trkpt>
   <trkpt lat="40.7246010" lon="-74.0379740">
    <ele>3.0</ele>
    <time>2026-01-09T18:14:07Z</time>
   </trkpt>
   <trkpt lat="40.7246090" lon="-74.0379510">
    <ele>3.0</ele>
    <time>2026-01-09T18:14:08Z</time>
   </trkpt>
   <trkpt lat="40.7246070" lon="-74.0379020">
    <ele>3.0</ele>
    <time>2026-01-09T18:14:09Z</time>
   </trkpt>
   <trkpt lat="40.7245960" lon="-74.0378390">
    <ele>3.0</ele>
    <time>2026-01-09T18:14:10Z</time>
   </trkpt>
   <trkpt lat="40.7245870" lon="-74.0377850">
    <ele>3.0</ele>
    <time>2026-01-09T18:14:11Z</time>
   </trkpt>
   <trkpt lat="40.7245780" lon="-74.0377270">
    <ele>3.0</ele>
    <time>2026-01-09T18:14:12Z</time>
   </trkpt>
   <trkpt lat="40.7245690" lon="-74.0376610">
    <ele>3.0</ele>
    <time>2026-01-09T18:14:13Z</time>
   </trkpt>
   <trkpt lat="40.7245620" lon="-74.0375970">
    <ele>3.0</ele>
    <time>2026-01-09T18:14:14Z</time>
   </trkpt>
   <trkpt lat="40.7245550" lon="-74.0375260">
    <ele>3.0</ele>
    <time>2026-01-09T18:14:15Z</time>
   </trkpt>
   <trkpt lat="40.7245470" lon="-74.0374590">
    <ele>3.1</ele>
    <time>2026-01-09T18:14:16Z</time>
   </trkpt>
   <trkpt lat="40.7245340" lon="-74.0373950">
    <ele>3.1</ele>
    <time>2026-01-09T18:14:17Z</time>
   </trkpt>
   <trkpt lat="40.7245200" lon="-74.0373300">
    <ele>3.1</ele>
    <time>2026-01-09T18:14:18Z</time>
   </trkpt>
   <trkpt lat="40.7245070" lon="-74.0372600">
    <ele>3.1</ele>
    <time>2026-01-09T18:14:19Z</time>
   </trkpt>
   <trkpt lat="40.7245120" lon="-74.0371910">
    <ele>3.1</ele>
    <time>2026-01-09T18:14:20Z</time>
   </trkpt>
   <trkpt lat="40.7245090" lon="-74.0371230">
    <ele>3.2</ele>
    <time>2026-01-09T18:14:21Z</time>
   </trkpt>
   <trkpt lat="40.7245090" lon="-74.0370580">
    <ele>3.2</ele>
    <time>2026-01-09T18:14:22Z</time>
   </trkpt>
   <trkpt lat="40.7245030" lon="-74.0370090">
    <ele>3.2</ele>
    <time>2026-01-09T18:14:23Z</time>
   </trkpt>
   <trkpt lat="40.7244970" lon="-74.0369680">
    <ele>3.2</ele>
    <time>2026-01-09T18:14:24Z</time>
   </trkpt>
   <trkpt lat="40.7244860" lon="-74.0369310">
    <ele>3.3</ele>
    <time>2026-01-09T18:14:25Z</time>
   </trkpt>
   <trkpt lat="40.7244840" lon="-74.0368840">
    <ele>3.3</ele>
    <time>2026-01-09T18:14:26Z</time>
   </trkpt>
   <trkpt lat="40.7244900" lon="-74.0368450">
    <ele>3.3</ele>
    <time>2026-01-09T18:14:27Z</time>
   </trkpt>
   <trkpt lat="40.7244870" lon="-74.0368050">
    <ele>3.3</ele>
    <time>2026-01-09T18:14:28Z</time>
   </trkpt>
   <trkpt lat="40.7244800" lon="-74.0367360">
    <ele>3.3</ele>
    <time>2026-01-09T18:14:29Z</time>
   </trkpt>
   <trkpt lat="40.7244700" lon="-74.0366720">
    <ele>3.3</ele>
    <time>2026-01-09T18:14:30Z</time>
   </trkpt>
   <trkpt lat="40.7244630" lon="-74.0366130">
    <ele>3.4</ele>
    <time>2026-01-09T18:14:31Z</time>
   </trkpt>
   <trkpt lat="40.7244610" lon="-74.0365500">
    <ele>3.4</ele>
    <time>2026-01-09T18:14:32Z</time>
   </trkpt>
   <trkpt lat="40.7244590" lon="-74.0364870">
    <ele>3.4</ele>
    <time>2026-01-09T18:14:33Z</time>
   </trkpt>
   <trkpt lat="40.7244500" lon="-74.0364230">
    <ele>3.4</ele>
    <time>2026-01-09T18:14:34Z</time>
   </trkpt>
   <trkpt lat="40.7244470" lon="-74.0363600">
    <ele>3.5</ele>
    <time>2026-01-09T18:14:35Z</time>
   </trkpt>
   <trkpt lat="40.7244410" lon="-74.0363040">
    <ele>3.5</ele>
    <time>2026-01-09T18:14:36Z</time>
   </trkpt>
   <trkpt lat="40.7244360" lon="-74.0362500">
    <ele>3.5</ele>
    <time>2026-01-09T18:14:37Z</time>
   </trkpt>
   <trkpt lat="40.7244310" lon="-74.0362000">
    <ele>3.5</ele>
    <time>2026-01-09T18:14:38Z</time>
   </trkpt>
   <trkpt lat="40.7244270" lon="-74.0361530">
    <ele>3.5</ele>
    <time>2026-01-09T18:14:39Z</time>
   </trkpt>
   <trkpt lat="40.7244240" lon="-74.0361050">
    <ele>3.5</ele>
    <time>2026-01-09T18:14:40Z</time>
   </trkpt>
   <trkpt lat="40.7244390" lon="-74.0360650">
    <ele>3.6</ele>
    <time>2026-01-09T18:14:41Z</time>
   </trkpt>
   <trkpt lat="40.7244570" lon="-74.0360260">
    <ele>3.6</ele>
    <time>2026-01-09T18:14:42Z</time>
   </trkpt>
   <trkpt lat="40.7244790" lon="-74.0359990">
    <ele>3.5</ele>
    <time>2026-01-09T18:14:43Z</time>
   </trkpt>
   <trkpt lat="40.7245070" lon="-74.0359830">
    <ele>3.5</ele>
    <time>2026-01-09T18:14:44Z</time>
   </trkpt>
   <trkpt lat="40.7245420" lon="-74.0359720">
    <ele>3.5</ele>
    <time>2026-01-09T18:14:45Z</time>
   </trkpt>
   <trkpt lat="40.7245530" lon="-74.0359680">
    <ele>3.5</ele>
    <time>2026-01-09T18:14:46Z</time>
   </trkpt>
   <trkpt lat="40.7245860" lon="-74.0359590">
    <ele>3.5</ele>
    <time>2026-01-09T18:14:47Z</time>
   </trkpt>
   <trkpt lat="40.7245970" lon="-74.0359530">
    <ele>3.5</ele>
    <time>2026-01-09T18:14:48Z</time>
   </trkpt>
   <trkpt lat="40.7246030" lon="-74.0359430">
    <ele>3.4</ele>
    <time>2026-01-09T18:14:49Z</time>
   </trkpt>
   <trkpt lat="40.7246070" lon="-74.0359360">
    <ele>3.4</ele>
    <time>2026-01-09T18:14:50Z</time>
   </trkpt>
   <trkpt lat="40.7246090" lon="-74.0359300">
    <ele>3.4</ele>
    <time>2026-01-09T18:14:52Z</time>
   </trkpt>
   <trkpt lat="40.7246030" lon="-74.0359340">
    <ele>3.4</ele>
    <time>2026-01-09T18:14:53Z</time>
   </trkpt>
   <trkpt lat="40.7246030" lon="-74.0359330">
    <ele>3.4</ele>
    <time>2026-01-09T18:14:54Z</time>
   </trkpt>
   <trkpt lat="40.7246000" lon="-74.0359340">
    <ele>3.4</ele>
    <time>2026-01-09T18:14:55Z</time>
   </trkpt>
   <trkpt lat="40.7246000" lon="-74.0359340">
    <ele>3.4</ele>
    <time>2026-01-09T18:14:56Z</time>
   </trkpt>
   <trkpt lat="40.7246000" lon="-74.0359340">
    <ele>3.4</ele>
    <time>2026-01-09T18:14:57Z</time>
   </trkpt>
   <trkpt lat="40.7245990" lon="-74.0359360">
    <ele>3.4</ele>
    <time>2026-01-09T18:14:58Z</time>
   </trkpt>
   <trkpt lat="40.7245990" lon="-74.0359360">
    <ele>3.4</ele>
    <time>2026-01-09T18:14:59Z</time>
   </trkpt>
   <trkpt lat="40.7245990" lon="-74.0359360">
    <ele>3.4</ele>
    <time>2026-01-09T18:15:00Z</time>
   </trkpt>
   <trkpt lat="40.7245990" lon="-74.0359360">
    <ele>3.4</ele>
    <time>2026-01-09T18:15:01Z</time>
   </trkpt>
   <trkpt lat="40.7245990" lon="-74.0359360">
    <ele>3.4</ele>
    <time>2026-01-09T18:15:02Z</time>
   </trkpt>
   <trkpt lat="40.7245880" lon="-74.0359370">
    <ele>3.5</ele>
    <time>2026-01-09T18:15:03Z</time>
   </trkpt>
   <trkpt lat="40.7245880" lon="-74.0359370">
    <ele>3.5</ele>
    <time>2026-01-09T18:15:04Z</time>
   </trkpt>
   <trkpt lat="40.7245860" lon="-74.0359330">
    <ele>3.5</ele>
    <time>2026-01-09T18:15:05Z</time>
   </trkpt>
   <trkpt lat="40.7245860" lon="-74.0359320">
    <ele>3.5</ele>
    <time>2026-01-09T18:15:06Z</time>
   </trkpt>
   <trkpt lat="40.7245860" lon="-74.0359320">
    <ele>3.5</ele>
    <time>2026-01-09T18:15:07Z</time>
   </trkpt>
   <trkpt lat="40.7245860" lon="-74.0359320">
    <ele>3.5</ele>
    <time>2026-01-09T18:15:08Z</time>
   </trkpt>
   <trkpt lat="40.7245860" lon="-74.0359240">
    <ele>3.5</ele>
    <time>2026-01-09T18:15:09Z</time>
   </trkpt>
   <trkpt lat="40.7245860" lon="-74.0359240">
    <ele>3.5</ele>
    <time>2026-01-09T18:15:10Z</time>
   </trkpt>
   <trkpt lat="40.7245860" lon="-74.0359230">
    <ele>3.5</ele>
    <time>2026-01-09T18:15:11Z</time>
   </trkpt>
   <trkpt lat="40.7245930" lon="-74.0359120">
    <ele>3.5</ele>
    <time>2026-01-09T18:15:12Z</time>
   </trkpt>
   <trkpt lat="40.7245840" lon="-74.0358880">
    <ele>3.5</ele>
    <time>2026-01-09T18:15:13Z</time>
   </trkpt>
   <trkpt lat="40.7245780" lon="-74.0358780">
    <ele>3.6</ele>
    <time>2026-01-09T18:15:14Z</time>
   </trkpt>
   <trkpt lat="40.7245710" lon="-74.0358670">
    <ele>3.6</ele>
    <time>2026-01-09T18:15:15Z</time>
   </trkpt>
   <trkpt lat="40.7245620" lon="-74.0358220">
    <ele>3.6</ele>
    <time>2026-01-09T18:15:16Z</time>
   </trkpt>
   <trkpt lat="40.7245580" lon="-74.0358040">
    <ele>3.7</ele>
    <time>2026-01-09T18:15:17Z</time>
   </trkpt>
   <trkpt lat="40.7245490" lon="-74.0357460">
    <ele>3.8</ele>
    <time>2026-01-09T18:15:18Z</time>
   </trkpt>
   <trkpt lat="40.7245460" lon="-74.0356930">
    <ele>3.8</ele>
    <time>2026-01-09T18:15:19Z</time>
   </trkpt>
   <trkpt lat="40.7245450" lon="-74.0356400">
    <ele>3.8</ele>
    <time>2026-01-09T18:15:20Z</time>
   </trkpt>
   <trkpt lat="40.7245550" lon="-74.0355950">
    <ele>3.8</ele>
    <time>2026-01-09T18:15:21Z</time>
   </trkpt>
   <trkpt lat="40.7245770" lon="-74.0355570">
    <ele>3.8</ele>
    <time>2026-01-09T18:15:22Z</time>
   </trkpt>
   <trkpt lat="40.7246360" lon="-74.0355620">
    <ele>3.8</ele>
    <time>2026-01-09T18:15:23Z</time>
   </trkpt>
   <trkpt lat="40.7246680" lon="-74.0355500">
    <ele>3.8</ele>
    <time>2026-01-09T18:15:24Z</time>
   </trkpt>
   <trkpt lat="40.7247120" lon="-74.0355410">
    <ele>3.8</ele>
    <time>2026-01-09T18:15:25Z</time>
   </trkpt>
   <trkpt lat="40.7247570" lon="-74.0355290">
    <ele>3.8</ele>
    <time>2026-01-09T18:15:26Z</time>
   </trkpt>
   <trkpt lat="40.7247980" lon="-74.0355470">
    <ele>3.8</ele>
    <time>2026-01-09T18:15:27Z</time>
   </trkpt>
   <trkpt lat="40.7248280" lon="-74.0355420">
    <ele>3.8</ele>
    <time>2026-01-09T18:15:28Z</time>
   </trkpt>
   <trkpt lat="40.7248790" lon="-74.0355350">
    <ele>3.8</ele>
    <time>2026-01-09T18:15:29Z</time>
   </trkpt>
   <trkpt lat="40.7249410" lon="-74.0355240">
    <ele>3.8</ele>
    <time>2026-01-09T18:15:30Z</time>
   </trkpt>
   <trkpt lat="40.7249900" lon="-74.0355150">
    <ele>3.8</ele>
    <time>2026-01-09T18:15:31Z</time>
   </trkpt>
   <trkpt lat="40.7250400" lon="-74.0355070">
    <ele>3.8</ele>
    <time>2026-01-09T18:15:32Z</time>
   </trkpt>
   <trkpt lat="40.7250850" lon="-74.0354920">
    <ele>3.8</ele>
    <time>2026-01-09T18:15:33Z</time>
   </trkpt>
   <trkpt lat="40.7251570" lon="-74.0354820">
    <ele>3.7</ele>
    <time>2026-01-09T18:15:34Z</time>
   </trkpt>
   <trkpt lat="40.7252210" lon="-74.0354770">
    <ele>3.7</ele>
    <time>2026-01-09T18:15:35Z</time>
   </trkpt>
   <trkpt lat="40.7252770" lon="-74.0354810">
    <ele>3.8</ele>
    <time>2026-01-09T18:15:36Z</time>
   </trkpt>
   <trkpt lat="40.7253320" lon="-74.0354670">
    <ele>3.8</ele>
    <time>2026-01-09T18:15:37Z</time>
   </trkpt>
   <trkpt lat="40.7253750" lon="-74.0354270">
    <ele>3.8</ele>
    <time>2026-01-09T18:15:38Z</time>
   </trkpt>
   <trkpt lat="40.7254220" lon="-74.0353980">
    <ele>3.7</ele>
    <time>2026-01-09T18:15:39Z</time>
   </trkpt>
   <trkpt lat="40.7254600" lon="-74.0353970">
    <ele>3.7</ele>
    <time>2026-01-09T18:15:40Z</time>
   </trkpt>
   <trkpt lat="40.7255170" lon="-74.0353950">
    <ele>3.7</ele>
    <time>2026-01-09T18:15:41Z</time>
   </trkpt>
   <trkpt lat="40.7255690" lon="-74.0353830">
    <ele>3.6</ele>
    <time>2026-01-09T18:15:42Z</time>
   </trkpt>
   <trkpt lat="40.7256280" lon="-74.0353590">
    <ele>3.6</ele>
    <time>2026-01-09T18:15:43Z</time>
   </trkpt>
   <trkpt lat="40.7256850" lon="-74.0353260">
    <ele>3.5</ele>
    <time>2026-01-09T18:15:44Z</time>
   </trkpt>
   <trkpt lat="40.7257410" lon="-74.0352890">
    <ele>3.5</ele>
    <time>2026-01-09T18:15:45Z</time>
   </trkpt>
   <trkpt lat="40.7257940" lon="-74.0352570">
    <ele>3.4</ele>
    <time>2026-01-09T18:15:46Z</time>
   </trkpt>
   <trkpt lat="40.7258510" lon="-74.0352270">
    <ele>3.3</ele>
    <time>2026-01-09T18:15:47Z</time>
   </trkpt>
   <trkpt lat="40.7259160" lon="-74.0352030">
    <ele>3.2</ele>
    <time>2026-01-09T18:15:48Z</time>
   </trkpt>
   <trkpt lat="40.7259730" lon="-74.0351720">
    <ele>3.2</ele>
    <time>2026-01-09T18:15:49Z</time>
   </trkpt>
   <trkpt lat="40.7260240" lon="-74.0351460">
    <ele>3.2</ele>
    <time>2026-01-09T18:15:50Z</time>
   </trkpt>
   <trkpt lat="40.7260810" lon="-74.0351070">
    <ele>3.1</ele>
    <time>2026-01-09T18:15:51Z</time>
   </trkpt>
   <trkpt lat="40.7261320" lon="-74.0350710">
    <ele>3.1</ele>
    <time>2026-01-09T18:15:52Z</time>
   </trkpt>
   <trkpt lat="40.7261830" lon="-74.0350390">
    <ele>3.1</ele>
    <time>2026-01-09T18:15:53Z</time>
   </trkpt>
   <trkpt lat="40.7262350" lon="-74.0350040">
    <ele>3.1</ele>
    <time>2026-01-09T18:15:54Z</time>
   </trkpt>
   <trkpt lat="40.7262820" lon="-74.0349720">
    <ele>3.1</ele>
    <time>2026-01-09T18:15:55Z</time>
   </trkpt>
   <trkpt lat="40.7263260" lon="-74.0349400">
    <ele>3.1</ele>
    <time>2026-01-09T18:15:56Z</time>
   </trkpt>
   <trkpt lat="40.7263630" lon="-74.0349200">
    <ele>3.1</ele>
    <time>2026-01-09T18:15:57Z</time>
   </trkpt>
   <trkpt lat="40.7264040" lon="-74.0348940">
    <ele>3.1</ele>
    <time>2026-01-09T18:15:58Z</time>
   </trkpt>
   <trkpt lat="40.7264460" lon="-74.0348680">
    <ele>3.2</ele>
    <time>2026-01-09T18:15:59Z</time>
   </trkpt>
   <trkpt lat="40.7264850" lon="-74.0348400">
    <ele>3.2</ele>
    <time>2026-01-09T18:16:00Z</time>
   </trkpt>
   <trkpt lat="40.7265260" lon="-74.0348080">
    <ele>3.2</ele>
    <time>2026-01-09T18:16:01Z</time>
   </trkpt>
   <trkpt lat="40.7265610" lon="-74.0347800">
    <ele>3.2</ele>
    <time>2026-01-09T18:16:02Z</time>
   </trkpt>
   <trkpt lat="40.7265900" lon="-74.0347670">
    <ele>3.2</ele>
    <time>2026-01-09T18:16:03Z</time>
   </trkpt>
   <trkpt lat="40.7266250" lon="-74.0347450">
    <ele>3.2</ele>
    <time>2026-01-09T18:16:04Z</time>
   </trkpt>
   <trkpt lat="40.7266380" lon="-74.0347410">
    <ele>3.2</ele>
    <time>2026-01-09T18:16:05Z</time>
   </trkpt>
   <trkpt lat="40.7266630" lon="-74.0347250">
    <ele>3.3</ele>
    <time>2026-01-09T18:16:06Z</time>
   </trkpt>
   <trkpt lat="40.7266920" lon="-74.0347070">
    <ele>3.4</ele>
    <time>2026-01-09T18:16:07Z</time>
   </trkpt>
   <trkpt lat="40.7267240" lon="-74.0346880">
    <ele>3.4</ele>
    <time>2026-01-09T18:16:08Z</time>
   </trkpt>
   <trkpt lat="40.7267580" lon="-74.0346630">
    <ele>3.5</ele>
    <time>2026-01-09T18:16:09Z</time>
   </trkpt>
   <trkpt lat="40.7267980" lon="-74.0346330">
    <ele>3.6</ele>
    <time>2026-01-09T18:16:10Z</time>
   </trkpt>
   <trkpt lat="40.7268350" lon="-74.0346080">
    <ele>3.6</ele>
    <time>2026-01-09T18:16:11Z</time>
   </trkpt>
   <trkpt lat="40.7268760" lon="-74.0345720">
    <ele>3.7</ele>
    <time>2026-01-09T18:16:12Z</time>
   </trkpt>
   <trkpt lat="40.7269190" lon="-74.0345390">
    <ele>3.7</ele>
    <time>2026-01-09T18:16:13Z</time>
   </trkpt>
   <trkpt lat="40.7269670" lon="-74.0345040">
    <ele>3.8</ele>
    <time>2026-01-09T18:16:14Z</time>
   </trkpt>
   <trkpt lat="40.7270200" lon="-74.0344860">
    <ele>3.8</ele>
    <time>2026-01-09T18:16:15Z</time>
   </trkpt>
   <trkpt lat="40.7270830" lon="-74.0344650">
    <ele>3.9</ele>
    <time>2026-01-09T18:16:16Z</time>
   </trkpt>
   <trkpt lat="40.7271340" lon="-74.0344360">
    <ele>4.0</ele>
    <time>2026-01-09T18:16:17Z</time>
   </trkpt>
   <trkpt lat="40.7271870" lon="-74.0344140">
    <ele>4.0</ele>
    <time>2026-01-09T18:16:18Z</time>
   </trkpt>
   <trkpt lat="40.7272400" lon="-74.0344070">
    <ele>3.7</ele>
    <time>2026-01-09T18:16:19Z</time>
   </trkpt>
   <trkpt lat="40.7272980" lon="-74.0343870">
    <ele>3.7</ele>
    <time>2026-01-09T18:16:20Z</time>
   </trkpt>
   <trkpt lat="40.7273530" lon="-74.0343680">
    <ele>3.7</ele>
    <time>2026-01-09T18:16:21Z</time>
   </trkpt>
   <trkpt lat="40.7274040" lon="-74.0343540">
    <ele>3.8</ele>
    <time>2026-01-09T18:16:22Z</time>
   </trkpt>
   <trkpt lat="40.7274680" lon="-74.0343390">
    <ele>3.8</ele>
    <time>2026-01-09T18:16:23Z</time>
   </trkpt>
   <trkpt lat="40.7275230" lon="-74.0343340">
    <ele>3.8</ele>
    <time>2026-01-09T18:16:24Z</time>
   </trkpt>
   <trkpt lat="40.7275800" lon="-74.0343230">
    <ele>3.8</ele>
    <time>2026-01-09T18:16:25Z</time>
   </trkpt>
   <trkpt lat="40.7276280" lon="-74.0343200">
    <ele>3.8</ele>
    <time>2026-01-09T18:16:26Z</time>
   </trkpt>
   <trkpt lat="40.7276800" lon="-74.0343140">
    <ele>3.7</ele>
    <time>2026-01-09T18:16:27Z</time>
   </trkpt>
   <trkpt lat="40.7277320" lon="-74.0343110">
    <ele>3.7</ele>
    <time>2026-01-09T18:16:28Z</time>
   </trkpt>
   <trkpt lat="40.7277820" lon="-74.0343190">
    <ele>3.7</ele>
    <time>2026-01-09T18:16:29Z</time>
   </trkpt>
   <trkpt lat="40.7278380" lon="-74.0343180">
    <ele>3.6</ele>
    <time>2026-01-09T18:16:30Z</time>
   </trkpt>
   <trkpt lat="40.7278950" lon="-74.0343210">
    <ele>3.6</ele>
    <time>2026-01-09T18:16:31Z</time>
   </trkpt>
   <trkpt lat="40.7279490" lon="-74.0343270">
    <ele>3.5</ele>
    <time>2026-01-09T18:16:32Z</time>
   </trkpt>
   <trkpt lat="40.7280060" lon="-74.0343420">
    <ele>3.5</ele>
    <time>2026-01-09T18:16:33Z</time>
   </trkpt>
   <trkpt lat="40.7280610" lon="-74.0343590">
    <ele>3.5</ele>
    <time>2026-01-09T18:16:34Z</time>
   </trkpt>
   <trkpt lat="40.7281180" lon="-74.0343700">
    <ele>3.6</ele>
    <time>2026-01-09T18:16:35Z</time>
   </trkpt>
   <trkpt lat="40.7281710" lon="-74.0343830">
    <ele>3.6</ele>
    <time>2026-01-09T18:16:36Z</time>
   </trkpt>
   <trkpt lat="40.7282320" lon="-74.0343880">
    <ele>3.6</ele>
    <time>2026-01-09T18:16:37Z</time>
   </trkpt>
   <trkpt lat="40.7282870" lon="-74.0343930">
    <ele>3.7</ele>
    <time>2026-01-09T18:16:38Z</time>
   </trkpt>
   <trkpt lat="40.7283440" lon="-74.0344000">
    <ele>3.7</ele>
    <time>2026-01-09T18:16:39Z</time>
   </trkpt>
   <trkpt lat="40.7284030" lon="-74.0344120">
    <ele>3.7</ele>
    <time>2026-01-09T18:16:40Z</time>
   </trkpt>
   <trkpt lat="40.7284580" lon="-74.0344240">
    <ele>3.8</ele>
    <time>2026-01-09T18:16:41Z</time>
   </trkpt>
   <trkpt lat="40.7285140" lon="-74.0344480">
    <ele>3.8</ele>
    <time>2026-01-09T18:16:42Z</time>
   </trkpt>
   <trkpt lat="40.7285680" lon="-74.0344680">
    <ele>3.9</ele>
    <time>2026-01-09T18:16:43Z</time>
   </trkpt>
   <trkpt lat="40.7286220" lon="-74.0344840">
    <ele>3.9</ele>
    <time>2026-01-09T18:16:44Z</time>
   </trkpt>
   <trkpt lat="40.7286760" lon="-74.0344990">
    <ele>3.9</ele>
    <time>2026-01-09T18:16:45Z</time>
   </trkpt>
   <trkpt lat="40.7287240" lon="-74.0345180">
    <ele>3.9</ele>
    <time>2026-01-09T18:16:46Z</time>
   </trkpt>
   <trkpt lat="40.7287740" lon="-74.0345350">
    <ele>3.9</ele>
    <time>2026-01-09T18:16:47Z</time>
   </trkpt>
   <trkpt lat="40.7288230" lon="-74.0345290">
    <ele>3.9</ele>
    <time>2026-01-09T18:16:48Z</time>
   </trkpt>
   <trkpt lat="40.7288630" lon="-74.0345170">
    <ele>3.9</ele>
    <time>2026-01-09T18:16:49Z</time>
   </trkpt>
   <trkpt lat="40.7289070" lon="-74.0345290">
    <ele>3.9</ele>
    <time>2026-01-09T18:16:50Z</time>
   </trkpt>
   <trkpt lat="40.7289440" lon="-74.0345350">
    <ele>3.9</ele>
    <time>2026-01-09T18:16:51Z</time>
   </trkpt>
   <trkpt lat="40.7289900" lon="-74.0345210">
    <ele>3.9</ele>
    <time>2026-01-09T18:16:52Z</time>
   </trkpt>
   <trkpt lat="40.7290350" lon="-74.0345190">
    <ele>3.9</ele>
    <time>2026-01-09T18:16:53Z</time>
   </trkpt>
   <trkpt lat="40.7290780" lon="-74.0345210">
    <ele>3.9</ele>
    <time>2026-01-09T18:16:54Z</time>
   </trkpt>
   <trkpt lat="40.7291220" lon="-74.0345160">
    <ele>3.9</ele>
    <time>2026-01-09T18:16:55Z</time>
   </trkpt>
   <trkpt lat="40.7291630" lon="-74.0345020">
    <ele>3.9</ele>
    <time>2026-01-09T18:16:56Z</time>
   </trkpt>
   <trkpt lat="40.7291980" lon="-74.0344740">
    <ele>3.8</ele>
    <time>2026-01-09T18:16:58Z</time>
   </trkpt>
   <trkpt lat="40.7292240" lon="-74.0344330">
    <ele>3.8</ele>
    <time>2026-01-09T18:16:59Z</time>
   </trkpt>
   <trkpt lat="40.7292390" lon="-74.0343770">
    <ele>3.7</ele>
    <time>2026-01-09T18:17:00Z</time>
   </trkpt>
   <trkpt lat="40.7292410" lon="-74.0343070">
    <ele>3.7</ele>
    <time>2026-01-09T18:17:01Z</time>
   </trkpt>
   <trkpt lat="40.7292300" lon="-74.0342330">
    <ele>3.6</ele>
    <time>2026-01-09T18:17:02Z</time>
   </trkpt>
   <trkpt lat="40.7292190" lon="-74.0341600">
    <ele>3.6</ele>
    <time>2026-01-09T18:17:03Z</time>
   </trkpt>
   <trkpt lat="40.7292070" lon="-74.0340880">
    <ele>3.5</ele>
    <time>2026-01-09T18:17:04Z</time>
   </trkpt>
   <trkpt lat="40.7292020" lon="-74.0340150">
    <ele>3.5</ele>
    <time>2026-01-09T18:17:05Z</time>
   </trkpt>
   <trkpt lat="40.7291940" lon="-74.0339400">
    <ele>3.4</ele>
    <time>2026-01-09T18:17:06Z</time>
   </trkpt>
   <trkpt lat="40.7291930" lon="-74.0338590">
    <ele>3.4</ele>
    <time>2026-01-09T18:17:07Z</time>
   </trkpt>
   <trkpt lat="40.7291880" lon="-74.0337810">
    <ele>3.4</ele>
    <time>2026-01-09T18:17:08Z</time>
   </trkpt>
   <trkpt lat="40.7291860" lon="-74.0337000">
    <ele>3.4</ele>
    <time>2026-01-09T18:17:09Z</time>
   </trkpt>
   <trkpt lat="40.7291810" lon="-74.0336220">
    <ele>3.3</ele>
    <time>2026-01-09T18:17:10Z</time>
   </trkpt>
   <trkpt lat="40.7291760" lon="-74.0335430">
    <ele>3.3</ele>
    <time>2026-01-09T18:17:11Z</time>
   </trkpt>
   <trkpt lat="40.7291450" lon="-74.0334690">
    <ele>3.3</ele>
    <time>2026-01-09T18:17:12Z</time>
   </trkpt>
   <trkpt lat="40.7291330" lon="-74.0333910">
    <ele>3.3</ele>
    <time>2026-01-09T18:17:13Z</time>
   </trkpt>
   <trkpt lat="40.7291260" lon="-74.0333180">
    <ele>3.3</ele>
    <time>2026-01-09T18:17:14Z</time>
   </trkpt>
   <trkpt lat="40.7291280" lon="-74.0332440">
    <ele>3.3</ele>
    <time>2026-01-09T18:17:15Z</time>
   </trkpt>
   <trkpt lat="40.7291350" lon="-74.0331800">
    <ele>3.3</ele>
    <time>2026-01-09T18:17:16Z</time>
   </trkpt>
   <trkpt lat="40.7291450" lon="-74.0331240">
    <ele>3.2</ele>
    <time>2026-01-09T18:17:17Z</time>
   </trkpt>
   <trkpt lat="40.7291680" lon="-74.0330250">
    <ele>3.2</ele>
    <time>2026-01-09T18:17:18Z</time>
   </trkpt>
   <trkpt lat="40.7291770" lon="-74.0329830">
    <ele>3.2</ele>
    <time>2026-01-09T18:17:19Z</time>
   </trkpt>
   <trkpt lat="40.7291890" lon="-74.0329380">
    <ele>3.2</ele>
    <time>2026-01-09T18:17:20Z</time>
   </trkpt>
   <trkpt lat="40.7291970" lon="-74.0328910">
    <ele>3.2</ele>
    <time>2026-01-09T18:17:21Z</time>
   </trkpt>
   <trkpt lat="40.7291900" lon="-74.0328560">
    <ele>3.2</ele>
    <time>2026-01-09T18:17:22Z</time>
   </trkpt>
   <trkpt lat="40.7291840" lon="-74.0328140">
    <ele>3.2</ele>
    <time>2026-01-09T18:17:23Z</time>
   </trkpt>
   <trkpt lat="40.7291790" lon="-74.0327700">
    <ele>3.2</ele>
    <time>2026-01-09T18:17:24Z</time>
   </trkpt>
   <trkpt lat="40.7291720" lon="-74.0327290">
    <ele>3.2</ele>
    <time>2026-01-09T18:17:25Z</time>
   </trkpt>
   <trkpt lat="40.7291720" lon="-74.0327120">
    <ele>3.2</ele>
    <time>2026-01-09T18:17:26Z</time>
   </trkpt>
   <trkpt lat="40.7291680" lon="-74.0326900">
    <ele>3.2</ele>
    <time>2026-01-09T18:17:27Z</time>
   </trkpt>
   <trkpt lat="40.7291580" lon="-74.0326780">
    <ele>3.2</ele>
    <time>2026-01-09T18:17:28Z</time>
   </trkpt>
   <trkpt lat="40.7291640" lon="-74.0326710">
    <ele>3.2</ele>
    <time>2026-01-09T18:17:29Z</time>
   </trkpt>
   <trkpt lat="40.7291670" lon="-74.0326690">
    <ele>3.2</ele>
    <time>2026-01-09T18:17:30Z</time>
   </trkpt>
   <trkpt lat="40.7291690" lon="-74.0326670">
    <ele>3.2</ele>
    <time>2026-01-09T18:17:31Z</time>
   </trkpt>
   <trkpt lat="40.7291710" lon="-74.0326650">
    <ele>3.2</ele>
    <time>2026-01-09T18:17:32Z</time>
   </trkpt>
   <trkpt lat="40.7291740" lon="-74.0326620">
    <ele>3.2</ele>
    <time>2026-01-09T18:17:33Z</time>
   </trkpt>
   <trkpt lat="40.7291760" lon="-74.0326600">
    <ele>3.2</ele>
    <time>2026-01-09T18:17:34Z</time>
   </trkpt>
   <trkpt lat="40.7291780" lon="-74.0326580">
    <ele>3.3</ele>
    <time>2026-01-09T18:17:35Z</time>
   </trkpt>
   <trkpt lat="40.7291810" lon="-74.0326560">
    <ele>3.3</ele>
    <time>2026-01-09T18:17:36Z</time>
   </trkpt>
   <trkpt lat="40.7291830" lon="-74.0326540">
    <ele>3.3</ele>
    <time>2026-01-09T18:17:37Z</time>
   </trkpt>
   <trkpt lat="40.7291850" lon="-74.0326520">
    <ele>3.3</ele>
    <time>2026-01-09T18:17:38Z</time>
   </trkpt>
   <trkpt lat="40.7291880" lon="-74.0326500">
    <ele>3.3</ele>
    <time>2026-01-09T18:17:39Z</time>
   </trkpt>
   <trkpt lat="40.7291900" lon="-74.0326480">
    <ele>3.3</ele>
    <time>2026-01-09T18:17:40Z</time>
   </trkpt>
   <trkpt lat="40.7291920" lon="-74.0326460">
    <ele>3.3</ele>
    <time>2026-01-09T18:17:41Z</time>
   </trkpt>
   <trkpt lat="40.7291950" lon="-74.0326430">
    <ele>3.3</ele>
    <time>2026-01-09T18:17:42Z</time>
   </trkpt>
   <trkpt lat="40.7291970" lon="-74.0326410">
    <ele>3.3</ele>
    <time>2026-01-09T18:17:43Z</time>
   </trkpt>
   <trkpt lat="40.7291990" lon="-74.0326390">
    <ele>3.3</ele>
    <time>2026-01-09T18:17:44Z</time>
   </trkpt>
   <trkpt lat="40.7292020" lon="-74.0326370">
    <ele>3.3</ele>
    <time>2026-01-09T18:17:45Z</time>
   </trkpt>
   <trkpt lat="40.7292040" lon="-74.0326350">
    <ele>3.3</ele>
    <time>2026-01-09T18:17:46Z</time>
   </trkpt>
   <trkpt lat="40.7292120" lon="-74.0326300">
    <ele>3.3</ele>
    <time>2026-01-09T18:17:47Z</time>
   </trkpt>
   <trkpt lat="40.7292130" lon="-74.0326260">
    <ele>3.3</ele>
    <time>2026-01-09T18:17:48Z</time>
   </trkpt>
   <trkpt lat="40.7292130" lon="-74.0326260">
    <ele>3.3</ele>
    <time>2026-01-09T18:17:49Z</time>
   </trkpt>
   <trkpt lat="40.7292180" lon="-74.0326170">
    <ele>3.3</ele>
    <time>2026-01-09T18:17:50Z</time>
   </trkpt>
   <trkpt lat="40.7292200" lon="-74.0326190">
    <ele>3.3</ele>
    <time>2026-01-09T18:17:51Z</time>
   </trkpt>
   <trkpt lat="40.7292200" lon="-74.0326130">
    <ele>3.3</ele>
    <time>2026-01-09T18:17:52Z</time>
   </trkpt>
   <trkpt lat="40.7292150" lon="-74.0326070">
    <ele>3.3</ele>
    <time>2026-01-09T18:17:53Z</time>
   </trkpt>
   <trkpt lat="40.7292140" lon="-74.0326080">
    <ele>3.3</ele>
    <time>2026-01-09T18:17:54Z</time>
   </trkpt>
   <trkpt lat="40.7292120" lon="-74.0325960">
    <ele>3.3</ele>
    <time>2026-01-09T18:17:55Z</time>
   </trkpt>
   <trkpt lat="40.7292060" lon="-74.0325830">
    <ele>3.3</ele>
    <time>2026-01-09T18:17:56Z</time>
   </trkpt>
   <trkpt lat="40.7292070" lon="-74.0325580">
    <ele>3.3</ele>
    <time>2026-01-09T18:17:57Z</time>
   </trkpt>
   <trkpt lat="40.7292280" lon="-74.0325440">
    <ele>3.3</ele>
    <time>2026-01-09T18:17:58Z</time>
   </trkpt>
   <trkpt lat="40.7292350" lon="-74.0325420">
    <ele>3.3</ele>
    <time>2026-01-09T18:17:59Z</time>
   </trkpt>
   <trkpt lat="40.7292430" lon="-74.0325400">
    <ele>3.3</ele>
    <time>2026-01-09T18:18:00Z</time>
   </trkpt>
   <trkpt lat="40.7292460" lon="-74.0325380">
    <ele>3.3</ele>
    <time>2026-01-09T18:18:01Z</time>
   </trkpt>
   <trkpt lat="40.7292450" lon="-74.0325320">
    <ele>3.3</ele>
    <time>2026-01-09T18:18:02Z</time>
   </trkpt>
   <trkpt lat="40.7292510" lon="-74.0325240">
    <ele>3.3</ele>
    <time>2026-01-09T18:18:03Z</time>
   </trkpt>
   <trkpt lat="40.7292650" lon="-74.0325130">
    <ele>3.3</ele>
    <time>2026-01-09T18:18:04Z</time>
   </trkpt>
   <trkpt lat="40.7292640" lon="-74.0325220">
    <ele>3.3</ele>
    <time>2026-01-09T18:18:05Z</time>
   </trkpt>
   <trkpt lat="40.7292650" lon="-74.0325220">
    <ele>3.3</ele>
    <time>2026-01-09T18:18:06Z</time>
   </trkpt>
   <trkpt lat="40.7292660" lon="-74.0325150">
    <ele>3.3</ele>
    <time>2026-01-09T18:18:07Z</time>
   </trkpt>
   <trkpt lat="40.7292650" lon="-74.0325180">
    <ele>3.3</ele>
    <time>2026-01-09T18:18:08Z</time>
   </trkpt>
   <trkpt lat="40.7292650" lon="-74.0325180">
    <ele>3.3</ele>
    <time>2026-01-09T18:18:09Z</time>
   </trkpt>
   <trkpt lat="40.7292650" lon="-74.0325180">
    <ele>3.3</ele>
    <time>2026-01-09T18:18:10Z</time>
   </trkpt>
   <trkpt lat="40.7292510" lon="-74.0325320">
    <ele>3.3</ele>
    <time>2026-01-09T18:18:11Z</time>
   </trkpt>
   <trkpt lat="40.7292490" lon="-74.0325370">
    <ele>3.3</ele>
    <time>2026-01-09T18:18:12Z</time>
   </trkpt>
   <trkpt lat="40.7292490" lon="-74.0325350">
    <ele>3.3</ele>
    <time>2026-01-09T18:18:13Z</time>
   </trkpt>
   <trkpt lat="40.7292510" lon="-74.0325360">
    <ele>3.3</ele>
    <time>2026-01-09T18:18:14Z</time>
   </trkpt>
   <trkpt lat="40.7292470" lon="-74.0325390">
    <ele>3.3</ele>
    <time>2026-01-09T18:18:15Z</time>
   </trkpt>
   <trkpt lat="40.7292470" lon="-74.0325370">
    <ele>3.3</ele>
    <time>2026-01-09T18:18:16Z</time>
   </trkpt>
   <trkpt lat="40.7292500" lon="-74.0325330">
    <ele>3.3</ele>
    <time>2026-01-09T18:18:17Z</time>
   </trkpt>
   <trkpt lat="40.7292450" lon="-74.0325360">
    <ele>3.3</ele>
    <time>2026-01-09T18:18:18Z</time>
   </trkpt>
   <trkpt lat="40.7292450" lon="-74.0325360">
    <ele>3.3</ele>
    <time>2026-01-09T18:18:19Z</time>
   </trkpt>
   <trkpt lat="40.7292450" lon="-74.0325360">
    <ele>3.3</ele>
    <time>2026-01-09T18:18:20Z</time>
   </trkpt>
   <trkpt lat="40.7292380" lon="-74.0325430">
    <ele>3.3</ele>
    <time>2026-01-09T18:18:21Z</time>
   </trkpt>
   <trkpt lat="40.7292390" lon="-74.0325450">
    <ele>3.3</ele>
    <time>2026-01-09T18:18:22Z</time>
   </trkpt>
   <trkpt lat="40.7292360" lon="-74.0325470">
    <ele>3.3</ele>
    <time>2026-01-09T18:18:23Z</time>
   </trkpt>
   <trkpt lat="40.7292330" lon="-74.0325550">
    <ele>3.3</ele>
    <time>2026-01-09T18:18:24Z</time>
   </trkpt>
   <trkpt lat="40.7292240" lon="-74.0325660">
    <ele>3.3</ele>
    <time>2026-01-09T18:18:25Z</time>
   </trkpt>
   <trkpt lat="40.7292200" lon="-74.0325740">
    <ele>3.3</ele>
    <time>2026-01-09T18:18:26Z</time>
   </trkpt>
   <trkpt lat="40.7292200" lon="-74.0325740">
    <ele>3.3</ele>
    <time>2026-01-09T18:18:27Z</time>
   </trkpt>
   <trkpt lat="40.7292230" lon="-74.0325730">
    <ele>3.3</ele>
    <time>2026-01-09T18:18:28Z</time>
   </trkpt>
   <trkpt lat="40.7292380" lon="-74.0325630">
    <ele>3.3</ele>
    <time>2026-01-09T18:18:29Z</time>
   </trkpt>
   <trkpt lat="40.7292380" lon="-74.0325610">
    <ele>3.3</ele>
    <time>2026-01-09T18:18:30Z</time>
   </trkpt>
   <trkpt lat="40.7292420" lon="-74.0325600">
    <ele>3.3</ele>
    <time>2026-01-09T18:18:31Z</time>
   </trkpt>
   <trkpt lat="40.7292400" lon="-74.0325620">
    <ele>3.3</ele>
    <time>2026-01-09T18:18:32Z</time>
   </trkpt>
   <trkpt lat="40.7292430" lon="-74.0325610">
    <ele>3.3</ele>
    <time>2026-01-09T18:18:33Z</time>
   </trkpt>
   <trkpt lat="40.7292470" lon="-74.0325580">
    <ele>3.3</ele>
    <time>2026-01-09T18:18:34Z</time>
   </trkpt>
   <trkpt lat="40.7292460" lon="-74.0325660">
    <ele>3.3</ele>
    <time>2026-01-09T18:18:35Z</time>
   </trkpt>
   <trkpt lat="40.7292460" lon="-74.0325660">
    <ele>3.3</ele>
    <time>2026-01-09T18:18:36Z</time>
   </trkpt>
   <trkpt lat="40.7292530" lon="-74.0325670">
    <ele>3.3</ele>
    <time>2026-01-09T18:18:37Z</time>
   </trkpt>
   <trkpt lat="40.7292500" lon="-74.0325660">
    <ele>3.3</ele>
    <time>2026-01-09T18:18:38Z</time>
   </trkpt>
   <trkpt lat="40.7292560" lon="-74.0325580">
    <ele>3.3</ele>
    <time>2026-01-09T18:18:39Z</time>
   </trkpt>
   <trkpt lat="40.7292570" lon="-74.0325640">
    <ele>3.3</ele>
    <time>2026-01-09T18:18:40Z</time>
   </trkpt>
   <trkpt lat="40.7292500" lon="-74.0325630">
    <ele>3.3</ele>
    <time>2026-01-09T18:18:41Z</time>
   </trkpt>
   <trkpt lat="40.7292440" lon="-74.0325520">
    <ele>3.3</ele>
    <time>2026-01-09T18:18:42Z</time>
   </trkpt>
   <trkpt lat="40.7292460" lon="-74.0325550">
    <ele>3.3</ele>
    <time>2026-01-09T18:18:43Z</time>
   </trkpt>
   <trkpt lat="40.7292270" lon="-74.0325670">
    <ele>3.3</ele>
    <time>2026-01-09T18:18:44Z</time>
   </trkpt>
   <trkpt lat="40.7292210" lon="-74.0325620">
    <ele>3.3</ele>
    <time>2026-01-09T18:18:45Z</time>
   </trkpt>
   <trkpt lat="40.7292180" lon="-74.0325550">
    <ele>3.3</ele>
    <time>2026-01-09T18:18:46Z</time>
   </trkpt>
   <trkpt lat="40.7292040" lon="-74.0325580">
    <ele>3.3</ele>
    <time>2026-01-09T18:18:47Z</time>
   </trkpt>
   <trkpt lat="40.7291900" lon="-74.0325680">
    <ele>3.3</ele>
    <time>2026-01-09T18:18:48Z</time>
   </trkpt>
   <trkpt lat="40.7291870" lon="-74.0325670">
    <ele>3.3</ele>
    <time>2026-01-09T18:18:49Z</time>
   </trkpt>
   <trkpt lat="40.7291690" lon="-74.0325700">
    <ele>3.2</ele>
    <time>2026-01-09T18:18:50Z</time>
   </trkpt>
   <trkpt lat="40.7291700" lon="-74.0325670">
    <ele>3.2</ele>
    <time>2026-01-09T18:18:51Z</time>
   </trkpt>
   <trkpt lat="40.7291760" lon="-74.0325680">
    <ele>3.2</ele>
    <time>2026-01-09T18:18:52Z</time>
   </trkpt>
   <trkpt lat="40.7291930" lon="-74.0325580">
    <ele>3.3</ele>
    <time>2026-01-09T18:18:53Z</time>
   </trkpt>
   <trkpt lat="40.7291920" lon="-74.0325530">
    <ele>3.3</ele>
    <time>2026-01-09T18:18:54Z</time>
   </trkpt>
   <trkpt lat="40.7291820" lon="-74.0325420">
    <ele>3.3</ele>
    <time>2026-01-09T18:18:55Z</time>
   </trkpt>
   <trkpt lat="40.7291880" lon="-74.0325320">
    <ele>3.3</ele>
    <time>2026-01-09T18:18:56Z</time>
   </trkpt>
   <trkpt lat="40.7291830" lon="-74.0325350">
    <ele>3.3</ele>
    <time>2026-01-09T18:18:57Z</time>
   </trkpt>
   <trkpt lat="40.7291720" lon="-74.0325490">
    <ele>3.2</ele>
    <time>2026-01-09T18:18:58Z</time>
   </trkpt>
   <trkpt lat="40.7291610" lon="-74.0325640">
    <ele>3.2</ele>
    <time>2026-01-09T18:18:59Z</time>
   </trkpt>
   <trkpt lat="40.7291500" lon="-74.0325780">
    <ele>3.3</ele>
    <time>2026-01-09T18:19:00Z</time>
   </trkpt>
   <trkpt lat="40.7291390" lon="-74.0325930">
    <ele>3.2</ele>
    <time>2026-01-09T18:19:01Z</time>
   </trkpt>
   <trkpt lat="40.7291280" lon="-74.0326070">
    <ele>3.2</ele>
    <time>2026-01-09T18:19:02Z</time>
   </trkpt>
   <trkpt lat="40.7291200" lon="-74.0326160">
    <ele>3.2</ele>
    <time>2026-01-09T18:19:04Z</time>
   </trkpt>
   <trkpt lat="40.7291120" lon="-74.0326240">
    <ele>3.5</ele>
    <time>2026-01-09T18:19:05Z</time>
   </trkpt>
   <trkpt lat="40.7291040" lon="-74.0326330">
    <ele>3.5</ele>
    <time>2026-01-09T18:19:06Z</time>
   </trkpt>
   <trkpt lat="40.7290960" lon="-74.0326410">
    <ele>3.5</ele>
    <time>2026-01-09T18:19:07Z</time>
   </trkpt>
   <trkpt lat="40.7290870" lon="-74.0326500">
    <ele>3.5</ele>
    <time>2026-01-09T18:19:08Z</time>
   </trkpt>
   <trkpt lat="40.7290790" lon="-74.0326580">
    <ele>3.6</ele>
    <time>2026-01-09T18:19:09Z</time>
   </trkpt>
   <trkpt lat="40.7290710" lon="-74.0326670">
    <ele>3.7</ele>
    <time>2026-01-09T18:19:10Z</time>
   </trkpt>
   <trkpt lat="40.7290630" lon="-74.0326750">
    <ele>3.7</ele>
    <time>2026-01-09T18:19:11Z</time>
   </trkpt>
   <trkpt lat="40.7290550" lon="-74.0326840">
    <ele>3.7</ele>
    <time>2026-01-09T18:19:12Z</time>
   </trkpt>
   <trkpt lat="40.7290400" lon="-74.0327010">
    <ele>3.7</ele>
    <time>2026-01-09T18:19:13Z</time>
   </trkpt>
   <trkpt lat="40.7290260" lon="-74.0327190">
    <ele>3.6</ele>
    <time>2026-01-09T18:19:14Z</time>
   </trkpt>
   <trkpt lat="40.7290120" lon="-74.0327380">
    <ele>3.4</ele>
    <time>2026-01-09T18:19:15Z</time>
   </trkpt>
   <trkpt lat="40.7289980" lon="-74.0327560">
    <ele>3.4</ele>
    <time>2026-01-09T18:19:16Z</time>
   </trkpt>
   <trkpt lat="40.7290130" lon="-74.0327030">
    <ele>3.4</ele>
    <time>2026-01-09T18:19:17Z</time>
   </trkpt>
   <trkpt lat="40.7290020" lon="-74.0326560">
    <ele>3.5</ele>
    <time>2026-01-09T18:19:18Z</time>
   </trkpt>
   <trkpt lat="40.7289900" lon="-74.0326090">
    <ele>3.6</ele>
    <time>2026-01-09T18:19:19Z</time>
   </trkpt>
   <trkpt lat="40.7287860" lon="-74.0326900">
    <ele>3.4</ele>
    <time>2026-01-09T18:19:20Z</time>
   </trkpt>
   <trkpt lat="40.7287910" lon="-74.0326920">
    <ele>3.4</ele>
    <time>2026-01-09T18:19:21Z</time>
   </trkpt>
   <trkpt lat="40.7287210" lon="-74.0326540">
    <ele>3.4</ele>
    <time>2026-01-09T18:19:22Z</time>
   </trkpt>
   <trkpt lat="40.7287330" lon="-74.0326580">
    <ele>3.4</ele>
    <time>2026-01-09T18:19:23Z</time>
   </trkpt>
   <trkpt lat="40.7286900" lon="-74.0326370">
    <ele>3.4</ele>
    <time>2026-01-09T18:19:24Z</time>
   </trkpt>
   <trkpt lat="40.7288800" lon="-74.0326730">
    <ele>3.5</ele>
    <time>2026-01-09T18:19:26Z</time>
   </trkpt>
   <trkpt lat="40.7288290" lon="-74.0328270">
    <ele>3.4</ele>
    <time>2026-01-09T18:19:31Z</time>
   </trkpt>
   <trkpt lat="40.7288280" lon="-74.0327900">
    <ele>3.4</ele>
    <time>2026-01-09T18:19:32Z</time>
   </trkpt>
   <trkpt lat="40.7288270" lon="-74.0327540">
    <ele>3.4</ele>
    <time>2026-01-09T18:19:33Z</time>
   </trkpt>
   <trkpt lat="40.7288250" lon="-74.0327170">
    <ele>3.4</ele>
    <time>2026-01-09T18:19:34Z</time>
   </trkpt>
   <trkpt lat="40.7288240" lon="-74.0326800">
    <ele>3.5</ele>
    <time>2026-01-09T18:19:35Z</time>
   </trkpt>
   <trkpt lat="40.7288230" lon="-74.0326430">
    <ele>3.5</ele>
    <time>2026-01-09T18:19:36Z</time>
   </trkpt>
   <trkpt lat="40.7288220" lon="-74.0326070">
    <ele>3.5</ele>
    <time>2026-01-09T18:19:37Z</time>
   </trkpt>
   <trkpt lat="40.7288210" lon="-74.0325700">
    <ele>3.4</ele>
    <time>2026-01-09T18:19:38Z</time>
   </trkpt>
   <trkpt lat="40.7288200" lon="-74.0325330">
    <ele>3.4</ele>
    <time>2026-01-09T18:19:39Z</time>
   </trkpt>
   <trkpt lat="40.7288180" lon="-74.0324960">
    <ele>3.4</ele>
    <time>2026-01-09T18:19:40Z</time>
   </trkpt>
   <trkpt lat="40.7288170" lon="-74.0324600">
    <ele>3.4</ele>
    <time>2026-01-09T18:19:41Z</time>
   </trkpt>
   <trkpt lat="40.7288160" lon="-74.0324230">
    <ele>3.4</ele>
    <time>2026-01-09T18:19:42Z</time>
   </trkpt>
   <trkpt lat="40.7288290" lon="-74.0324350">
    <ele>3.3</ele>
    <time>2026-01-09T18:19:43Z</time>
   </trkpt>
   <trkpt lat="40.7288390" lon="-74.0324380">
    <ele>3.3</ele>
    <time>2026-01-09T18:19:44Z</time>
   </trkpt>
   <trkpt lat="40.7288490" lon="-74.0324420">
    <ele>3.3</ele>
    <time>2026-01-09T18:19:45Z</time>
   </trkpt>
   <trkpt lat="40.7288580" lon="-74.0324460">
    <ele>3.3</ele>
    <time>2026-01-09T18:19:46Z</time>
   </trkpt>
   <trkpt lat="40.7288680" lon="-74.0324500">
    <ele>3.3</ele>
    <time>2026-01-09T18:19:47Z</time>
   </trkpt>
   <trkpt lat="40.7288780" lon="-74.0324530">
    <ele>3.3</ele>
    <time>2026-01-09T18:19:48Z</time>
   </trkpt>
   <trkpt lat="40.7288880" lon="-74.0324570">
    <ele>3.4</ele>
    <time>2026-01-09T18:19:49Z</time>
   </trkpt>
   <trkpt lat="40.7288980" lon="-74.0324610">
    <ele>3.4</ele>
    <time>2026-01-09T18:19:50Z</time>
   </trkpt>
   <trkpt lat="40.7289080" lon="-74.0324640">
    <ele>3.4</ele>
    <time>2026-01-09T18:19:51Z</time>
   </trkpt>
   <trkpt lat="40.7289180" lon="-74.0324680">
    <ele>3.6</ele>
    <time>2026-01-09T18:19:52Z</time>
   </trkpt>
   <trkpt lat="40.7289270" lon="-74.0324720">
    <ele>3.6</ele>
    <time>2026-01-09T18:19:53Z</time>
   </trkpt>
   <trkpt lat="40.7289370" lon="-74.0324760">
    <ele>3.6</ele>
    <time>2026-01-09T18:19:54Z</time>
   </trkpt>
   <trkpt lat="40.7289470" lon="-74.0324790">
    <ele>3.6</ele>
    <time>2026-01-09T18:19:55Z</time>
   </trkpt>
   <trkpt lat="40.7289570" lon="-74.0324830">
    <ele>3.7</ele>
    <time>2026-01-09T18:19:56Z</time>
   </trkpt>
   <trkpt lat="40.7289670" lon="-74.0324870">
    <ele>3.7</ele>
    <time>2026-01-09T18:19:57Z</time>
   </trkpt>
   <trkpt lat="40.7289770" lon="-74.0324900">
    <ele>3.6</ele>
    <time>2026-01-09T18:19:58Z</time>
   </trkpt>
   <trkpt lat="40.7289870" lon="-74.0324940">
    <ele>3.7</ele>
    <time>2026-01-09T18:19:59Z</time>
   </trkpt>
   <trkpt lat="40.7289960" lon="-74.0324980">
    <ele>3.7</ele>
    <time>2026-01-09T18:20:00Z</time>
   </trkpt>
   <trkpt lat="40.7290060" lon="-74.0325020">
    <ele>3.7</ele>
    <time>2026-01-09T18:20:01Z</time>
   </trkpt>
   <trkpt lat="40.7290160" lon="-74.0325050">
    <ele>3.5</ele>
    <time>2026-01-09T18:20:02Z</time>
   </trkpt>
   <trkpt lat="40.7290260" lon="-74.0325090">
    <ele>3.5</ele>
    <time>2026-01-09T18:20:03Z</time>
   </trkpt>
   <trkpt lat="40.7289890" lon="-74.0325440">
    <ele>3.7</ele>
    <time>2026-01-09T18:20:04Z</time>
   </trkpt>
   <trkpt lat="40.7289600" lon="-74.0325870">
    <ele>3.4</ele>
    <time>2026-01-09T18:20:05Z</time>
   </trkpt>
   <trkpt lat="40.7289320" lon="-74.0326290">
    <ele>3.3</ele>
    <time>2026-01-09T18:20:06Z</time>
   </trkpt>
   <trkpt lat="40.7289040" lon="-74.0326720">
    <ele>3.4</ele>
    <time>2026-01-09T18:20:07Z</time>
   </trkpt>
   <trkpt lat="40.7288760" lon="-74.0327140">
    <ele>3.5</ele>
    <time>2026-01-09T18:20:08Z</time>
   </trkpt>
   <trkpt lat="40.7288470" lon="-74.0327570">
    <ele>3.4</ele>
    <time>2026-01-09T18:20:09Z</time>
   </trkpt>
   <trkpt lat="40.7288190" lon="-74.0327990">
    <ele>3.4</ele>
    <time>2026-01-09T18:20:10Z</time>
   </trkpt>
   <trkpt lat="40.7288660" lon="-74.0327730">
    <ele>3.4</ele>
    <time>2026-01-09T18:20:11Z</time>
   </trkpt>
   <trkpt lat="40.7289010" lon="-74.0327600">
    <ele>3.5</ele>
    <time>2026-01-09T18:20:12Z</time>
   </trkpt>
   <trkpt lat="40.7289350" lon="-74.0327470">
    <ele>3.4</ele>
    <time>2026-01-09T18:20:13Z</time>
   </trkpt>
   <trkpt lat="40.7289700" lon="-74.0327340">
    <ele>3.3</ele>
    <time>2026-01-09T18:20:14Z</time>
   </trkpt>
   <trkpt lat="40.7290050" lon="-74.0327200">
    <ele>3.4</ele>
    <time>2026-01-09T18:20:15Z</time>
   </trkpt>
   <trkpt lat="40.7290400" lon="-74.0327070">
    <ele>3.6</ele>
    <time>2026-01-09T18:20:16Z</time>
   </trkpt>
   <trkpt lat="40.7290740" lon="-74.0326940">
    <ele>3.7</ele>
    <time>2026-01-09T18:20:17Z</time>
   </trkpt>
   <trkpt lat="40.7291090" lon="-74.0326810">
    <ele>3.5</ele>
    <time>2026-01-09T18:20:18Z</time>
   </trkpt>
   <trkpt lat="40.7291260" lon="-74.0326890">
    <ele>3.4</ele>
    <time>2026-01-09T18:20:19Z</time>
   </trkpt>
   <trkpt lat="40.7291440" lon="-74.0326970">
    <ele>3.4</ele>
    <time>2026-01-09T18:20:20Z</time>
   </trkpt>
   <trkpt lat="40.7291610" lon="-74.0327050">
    <ele>3.2</ele>
    <time>2026-01-09T18:20:21Z</time>
   </trkpt>
   <trkpt lat="40.7291780" lon="-74.0327130">
    <ele>3.2</ele>
    <time>2026-01-09T18:20:22Z</time>
   </trkpt>
   <trkpt lat="40.7291950" lon="-74.0327210">
    <ele>3.2</ele>
    <time>2026-01-09T18:20:23Z</time>
   </trkpt>
   <trkpt lat="40.7292130" lon="-74.0327290">
    <ele>3.2</ele>
    <time>2026-01-09T18:20:24Z</time>
   </trkpt>
   <trkpt lat="40.7292300" lon="-74.0327370">
    <ele>3.2</ele>
    <time>2026-01-09T18:20:25Z</time>
   </trkpt>
   <trkpt lat="40.7292470" lon="-74.0327450">
    <ele>3.2</ele>
    <time>2026-01-09T18:20:26Z</time>
   </trkpt>
   <trkpt lat="40.7292650" lon="-74.0327530">
    <ele>3.2</ele>
    <time>2026-01-09T18:20:27Z</time>
   </trkpt>
   <trkpt lat="40.7292820" lon="-74.0327610">
    <ele>3.2</ele>
    <time>2026-01-09T18:20:28Z</time>
   </trkpt>
   <trkpt lat="40.7292990" lon="-74.0327690">
    <ele>3.2</ele>
    <time>2026-01-09T18:20:29Z</time>
   </trkpt>
   <trkpt lat="40.7293170" lon="-74.0327770">
    <ele>3.3</ele>
    <time>2026-01-09T18:20:30Z</time>
   </trkpt>
   <trkpt lat="40.7293340" lon="-74.0327850">
    <ele>3.3</ele>
    <time>2026-01-09T18:20:31Z</time>
   </trkpt>
   <trkpt lat="40.7293510" lon="-74.0327930">
    <ele>3.3</ele>
    <time>2026-01-09T18:20:32Z</time>
   </trkpt>
   <trkpt lat="40.7293680" lon="-74.0328010">
    <ele>3.3</ele>
    <time>2026-01-09T18:20:33Z</time>
   </trkpt>
   <trkpt lat="40.7293860" lon="-74.0328090">
    <ele>3.3</ele>
    <time>2026-01-09T18:20:34Z</time>
   </trkpt>
   <trkpt lat="40.7294030" lon="-74.0328170">
    <ele>3.3</ele>
    <time>2026-01-09T18:20:35Z</time>
   </trkpt>
   <trkpt lat="40.7294720" lon="-74.0327760">
    <ele>3.3</ele>
    <time>2026-01-09T18:20:36Z</time>
   </trkpt>
   <trkpt lat="40.7295610" lon="-74.0327280">
    <ele>3.4</ele>
    <time>2026-01-09T18:20:37Z</time>
   </trkpt>
   <trkpt lat="40.7302630" lon="-74.0314140">
    <ele>3.5</ele>
    <time>2026-01-09T18:20:38Z</time>
   </trkpt>
   <trkpt lat="40.7302780" lon="-74.0313770">
    <ele>3.5</ele>
    <time>2026-01-09T18:20:39Z</time>
   </trkpt>
   <trkpt lat="40.7302920" lon="-74.0313400">
    <ele>3.4</ele>
    <time>2026-01-09T18:20:40Z</time>
   </trkpt>
   <trkpt lat="40.7303070" lon="-74.0313030">
    <ele>3.3</ele>
    <time>2026-01-09T18:20:41Z</time>
   </trkpt>
   <trkpt lat="40.7303170" lon="-74.0313250">
    <ele>3.3</ele>
    <time>2026-01-09T18:20:42Z</time>
   </trkpt>
   <trkpt lat="40.7303380" lon="-74.0312960">
    <ele>3.3</ele>
    <time>2026-01-09T18:20:43Z</time>
   </trkpt>
   <trkpt lat="40.7303690" lon="-74.0312780">
    <ele>3.2</ele>
    <time>2026-01-09T18:20:44Z</time>
   </trkpt>
   <trkpt lat="40.7303780" lon="-74.0312720">
    <ele>3.2</ele>
    <time>2026-01-09T18:20:45Z</time>
   </trkpt>
   <trkpt lat="40.7304020" lon="-74.0312490">
    <ele>3.2</ele>
    <time>2026-01-09T18:20:46Z</time>
   </trkpt>
   <trkpt lat="40.7303960" lon="-74.0312340">
    <ele>3.1</ele>
    <time>2026-01-09T18:20:47Z</time>
   </trkpt>
   <trkpt lat="40.7303950" lon="-74.0312090">
    <ele>3.1</ele>
    <time>2026-01-09T18:20:48Z</time>
   </trkpt>
   <trkpt lat="40.7303840" lon="-74.0311660">
    <ele>3.1</ele>
    <time>2026-01-09T18:20:49Z</time>
   </trkpt>
   <trkpt lat="40.7303800" lon="-74.0311190">
    <ele>3.1</ele>
    <time>2026-01-09T18:20:50Z</time>
   </trkpt>
   <trkpt lat="40.7301650" lon="-74.0312210">
    <ele>2.9</ele>
    <time>2026-01-09T18:20:51Z</time>
   </trkpt>
   <trkpt lat="40.7301540" lon="-74.0312320">
    <ele>2.9</ele>
    <time>2026-01-09T18:20:52Z</time>
   </trkpt>
   <trkpt lat="40.7301390" lon="-74.0311970">
    <ele>2.4</ele>
    <time>2026-01-09T18:20:53Z</time>
   </trkpt>
   <trkpt lat="40.7301350" lon="-74.0311840">
    <ele>2.4</ele>
    <time>2026-01-09T18:20:54Z</time>
   </trkpt>
   <trkpt lat="40.7301510" lon="-74.0311730">
    <ele>2.4</ele>
    <time>2026-01-09T18:20:55Z</time>
   </trkpt>
   <trkpt lat="40.7301680" lon="-74.0311610">
    <ele>2.5</ele>
    <time>2026-01-09T18:20:56Z</time>
   </trkpt>
   <trkpt lat="40.7301840" lon="-74.0311500">
    <ele>2.1</ele>
    <time>2026-01-09T18:20:57Z</time>
   </trkpt>
   <trkpt lat="40.7301810" lon="-74.0311820">
    <ele>2.5</ele>
    <time>2026-01-09T18:20:58Z</time>
   </trkpt>
   <trkpt lat="40.7301810" lon="-74.0311820">
    <ele>2.5</ele>
    <time>2026-01-09T18:20:59Z</time>
   </trkpt>
   <trkpt lat="40.7301810" lon="-74.0311820">
    <ele>2.5</ele>
    <time>2026-01-09T18:21:00Z</time>
   </trkpt>
   <trkpt lat="40.7303020" lon="-74.0310860">
    <ele>2.9</ele>
    <time>2026-01-09T18:21:01Z</time>
   </trkpt>
   <trkpt lat="40.7303020" lon="-74.0310860">
    <ele>2.9</ele>
    <time>2026-01-09T18:21:03Z</time>
   </trkpt>
   <trkpt lat="40.7291280" lon="-74.0326830">
    <ele>3.4</ele>
    <time>2026-01-09T18:21:13Z</time>
   </trkpt>
   <trkpt lat="40.7291350" lon="-74.0327340">
    <ele>3.4</ele>
    <time>2026-01-09T18:21:16Z</time>
   </trkpt>
   <trkpt lat="40.7291350" lon="-74.0327290">
    <ele>3.4</ele>
    <time>2026-01-09T18:21:23Z</time>
   </trkpt>
   <trkpt lat="40.7291340" lon="-74.0327240">
    <ele>3.4</ele>
    <time>2026-01-09T18:21:29Z</time>
   </trkpt>
   <trkpt lat="40.7291330" lon="-74.0327190">
    <ele>3.4</ele>
    <time>2026-01-09T18:21:33Z</time>
   </trkpt>
   <trkpt lat="40.7291330" lon="-74.0327130">
    <ele>3.4</ele>
    <time>2026-01-09T18:21:39Z</time>
   </trkpt>
   <trkpt lat="40.7291320" lon="-74.0327080">
    <ele>3.4</ele>
    <time>2026-01-09T18:21:46Z</time>
   </trkpt>
   <trkpt lat="40.7291310" lon="-74.0327030">
    <ele>3.4</ele>
    <time>2026-01-09T18:21:49Z</time>
   </trkpt>
   <trkpt lat="40.7291310" lon="-74.0326980">
    <ele>3.4</ele>
    <time>2026-01-09T18:21:50Z</time>
   </trkpt>
   <trkpt lat="40.7291300" lon="-74.0326930">
    <ele>3.4</ele>
    <time>2026-01-09T18:21:51Z</time>
   </trkpt>
   <trkpt lat="40.7291230" lon="-74.0327370">
    <ele>3.4</ele>
    <time>2026-01-09T18:21:52Z</time>
   </trkpt>
   <trkpt lat="40.7291240" lon="-74.0327410">
    <ele>3.4</ele>
    <time>2026-01-09T18:21:53Z</time>
   </trkpt>
   <trkpt lat="40.7291240" lon="-74.0327460">
    <ele>3.4</ele>
    <time>2026-01-09T18:21:54Z</time>
   </trkpt>
   <trkpt lat="40.7291250" lon="-74.0327500">
    <ele>3.4</ele>
    <time>2026-01-09T18:21:55Z</time>
   </trkpt>
   <trkpt lat="40.7291260" lon="-74.0327540">
    <ele>3.4</ele>
    <time>2026-01-09T18:21:56Z</time>
   </trkpt>
   <trkpt lat="40.7291260" lon="-74.0327580">
    <ele>3.4</ele>
    <time>2026-01-09T18:21:57Z</time>
   </trkpt>
   <trkpt lat="40.7291270" lon="-74.0327630">
    <ele>3.4</ele>
    <time>2026-01-09T18:21:58Z</time>
   </trkpt>
   <trkpt lat="40.7291270" lon="-74.0327670">
    <ele>3.4</ele>
    <time>2026-01-09T18:21:59Z</time>
   </trkpt>
   <trkpt lat="40.7291280" lon="-74.0327710">
    <ele>3.4</ele>
    <time>2026-01-09T18:22:00Z</time>
   </trkpt>
   <trkpt lat="40.7291290" lon="-74.0327750">
    <ele>3.4</ele>
    <time>2026-01-09T18:22:01Z</time>
   </trkpt>
   <trkpt lat="40.7291290" lon="-74.0327800">
    <ele>3.4</ele>
    <time>2026-01-09T18:22:02Z</time>
   </trkpt>
   <trkpt lat="40.7291300" lon="-74.0327840">
    <ele>3.4</ele>
    <time>2026-01-09T18:22:03Z</time>
   </trkpt>
   <trkpt lat="40.7291310" lon="-74.0327880">
    <ele>3.4</ele>
    <time>2026-01-09T18:22:04Z</time>
   </trkpt>
   <trkpt lat="40.7291310" lon="-74.0327920">
    <ele>3.5</ele>
    <time>2026-01-09T18:22:05Z</time>
   </trkpt>
   <trkpt lat="40.7291320" lon="-74.0327970">
    <ele>3.5</ele>
    <time>2026-01-09T18:22:06Z</time>
   </trkpt>
   <trkpt lat="40.7291330" lon="-74.0328010">
    <ele>3.5</ele>
    <time>2026-01-09T18:22:07Z</time>
   </trkpt>
   <trkpt lat="40.7291330" lon="-74.0328050">
    <ele>3.5</ele>
    <time>2026-01-09T18:22:08Z</time>
   </trkpt>
   <trkpt lat="40.7291340" lon="-74.0328100">
    <ele>3.5</ele>
    <time>2026-01-09T18:22:09Z</time>
   </trkpt>
   <trkpt lat="40.7291340" lon="-74.0328140">
    <ele>3.5</ele>
    <time>2026-01-09T18:22:10Z</time>
   </trkpt>
   <trkpt lat="40.7291350" lon="-74.0328180">
    <ele>3.5</ele>
    <time>2026-01-09T18:22:11Z</time>
   </trkpt>
   <trkpt lat="40.7291360" lon="-74.0328220">
    <ele>3.5</ele>
    <time>2026-01-09T18:22:12Z</time>
   </trkpt>
   <trkpt lat="40.7291360" lon="-74.0328270">
    <ele>3.5</ele>
    <time>2026-01-09T18:22:13Z</time>
   </trkpt>
   <trkpt lat="40.7291370" lon="-74.0328310">
    <ele>3.5</ele>
    <time>2026-01-09T18:22:14Z</time>
   </trkpt>
   <trkpt lat="40.7291380" lon="-74.0328350">
    <ele>3.5</ele>
    <time>2026-01-09T18:22:15Z</time>
   </trkpt>
   <trkpt lat="40.7291380" lon="-74.0328390">
    <ele>3.5</ele>
    <time>2026-01-09T18:22:16Z</time>
   </trkpt>
   <trkpt lat="40.7291390" lon="-74.0328440">
    <ele>3.5</ele>
    <time>2026-01-09T18:22:17Z</time>
   </trkpt>
   <trkpt lat="40.7291390" lon="-74.0328480">
    <ele>3.5</ele>
    <time>2026-01-09T18:22:18Z</time>
   </trkpt>
   <trkpt lat="40.7291400" lon="-74.0328520">
    <ele>3.5</ele>
    <time>2026-01-09T18:22:19Z</time>
   </trkpt>
   <trkpt lat="40.7291410" lon="-74.0328570">
    <ele>3.5</ele>
    <time>2026-01-09T18:22:20Z</time>
   </trkpt>
   <trkpt lat="40.7291410" lon="-74.0328610">
    <ele>3.5</ele>
    <time>2026-01-09T18:22:21Z</time>
   </trkpt>
   <trkpt lat="40.7291420" lon="-74.0328650">
    <ele>3.5</ele>
    <time>2026-01-09T18:22:22Z</time>
   </trkpt>
   <trkpt lat="40.7291430" lon="-74.0328690">
    <ele>3.5</ele>
    <time>2026-01-09T18:22:23Z</time>
   </trkpt>
   <trkpt lat="40.7291430" lon="-74.0328740">
    <ele>3.5</ele>
    <time>2026-01-09T18:22:24Z</time>
   </trkpt>
   <trkpt lat="40.7291440" lon="-74.0328780">
    <ele>3.5</ele>
    <time>2026-01-09T18:22:25Z</time>
   </trkpt>
   <trkpt lat="40.7291450" lon="-74.0328820">
    <ele>3.5</ele>
    <time>2026-01-09T18:22:26Z</time>
   </trkpt>
   <trkpt lat="40.7291450" lon="-74.0328860">
    <ele>3.5</ele>
    <time>2026-01-09T18:22:27Z</time>
   </trkpt>
   <trkpt lat="40.7291460" lon="-74.0328910">
    <ele>3.3</ele>
    <time>2026-01-09T18:22:28Z</time>
   </trkpt>
   <trkpt lat="40.7291460" lon="-74.0328950">
    <ele>3.3</ele>
    <time>2026-01-09T18:22:29Z</time>
   </trkpt>
   <trkpt lat="40.7291470" lon="-74.0328990">
    <ele>3.3</ele>
    <time>2026-01-09T18:22:30Z</time>
   </trkpt>
   <trkpt lat="40.7291480" lon="-74.0329030">
    <ele>3.3</ele>
    <time>2026-01-09T18:22:31Z</time>
   </trkpt>
   <trkpt lat="40.7291480" lon="-74.0329080">
    <ele>3.3</ele>
    <time>2026-01-09T18:22:32Z</time>
   </trkpt>
   <trkpt lat="40.7291490" lon="-74.0329120">
    <ele>3.3</ele>
    <time>2026-01-09T18:22:33Z</time>
   </trkpt>
   <trkpt lat="40.7291500" lon="-74.0329000">
    <ele>3.3</ele>
    <time>2026-01-09T18:22:34Z</time>
   </trkpt>
   <trkpt lat="40.7291500" lon="-74.0329050">
    <ele>3.3</ele>
    <time>2026-01-09T18:22:35Z</time>
   </trkpt>
   <trkpt lat="40.7291500" lon="-74.0329100">
    <ele>3.3</ele>
    <time>2026-01-09T18:22:36Z</time>
   </trkpt>
   <trkpt lat="40.7291500" lon="-74.0329150">
    <ele>3.3</ele>
    <time>2026-01-09T18:22:37Z</time>
   </trkpt>
   <trkpt lat="40.7291500" lon="-74.0329210">
    <ele>3.4</ele>
    <time>2026-01-09T18:22:38Z</time>
   </trkpt>
   <trkpt lat="40.7291500" lon="-74.0329260">
    <ele>3.4</ele>
    <time>2026-01-09T18:22:39Z</time>
   </trkpt>
   <trkpt lat="40.7291500" lon="-74.0329310">
    <ele>3.4</ele>
    <time>2026-01-09T18:22:40Z</time>
   </trkpt>
   <trkpt lat="40.7291500" lon="-74.0329360">
    <ele>3.4</ele>
    <time>2026-01-09T18:22:41Z</time>
   </trkpt>
   <trkpt lat="40.7291500" lon="-74.0329410">
    <ele>3.4</ele>
    <time>2026-01-09T18:22:42Z</time>
   </trkpt>
   <trkpt lat="40.7291500" lon="-74.0329460">
    <ele>3.4</ele>
    <time>2026-01-09T18:22:43Z</time>
   </trkpt>
   <trkpt lat="40.7291500" lon="-74.0329510">
    <ele>3.4</ele>
    <time>2026-01-09T18:22:44Z</time>
   </trkpt>
   <trkpt lat="40.7291500" lon="-74.0329560">
    <ele>3.4</ele>
    <time>2026-01-09T18:22:45Z</time>
   </trkpt>
   <trkpt lat="40.7291500" lon="-74.0329620">
    <ele>3.5</ele>
    <time>2026-01-09T18:22:46Z</time>
   </trkpt>
   <trkpt lat="40.7291500" lon="-74.0329670">
    <ele>3.5</ele>
    <time>2026-01-09T18:22:47Z</time>
   </trkpt>
   <trkpt lat="40.7291500" lon="-74.0329720">
    <ele>3.5</ele>
    <time>2026-01-09T18:22:48Z</time>
   </trkpt>
   <trkpt lat="40.7291500" lon="-74.0329770">
    <ele>3.5</ele>
    <time>2026-01-09T18:22:49Z</time>
   </trkpt>
   <trkpt lat="40.7291500" lon="-74.0329820">
    <ele>3.5</ele>
    <time>2026-01-09T18:22:50Z</time>
   </trkpt>
   <trkpt lat="40.7291490" lon="-74.0329710">
    <ele>3.5</ele>
    <time>2026-01-09T18:22:51Z</time>
   </trkpt>
   <trkpt lat="40.7291480" lon="-74.0329620">
    <ele>3.5</ele>
    <time>2026-01-09T18:22:52Z</time>
   </trkpt>
   <trkpt lat="40.7291470" lon="-74.0329520">
    <ele>3.4</ele>
    <time>2026-01-09T18:22:53Z</time>
   </trkpt>
   <trkpt lat="40.7291460" lon="-74.0329430">
    <ele>3.4</ele>
    <time>2026-01-09T18:22:54Z</time>
   </trkpt>
   <trkpt lat="40.7291450" lon="-74.0329330">
    <ele>3.5</ele>
    <time>2026-01-09T18:22:55Z</time>
   </trkpt>
   <trkpt lat="40.7291430" lon="-74.0329310">
    <ele>3.5</ele>
    <time>2026-01-09T18:22:56Z</time>
   </trkpt>
   <trkpt lat="40.7291410" lon="-74.0329310">
    <ele>3.5</ele>
    <time>2026-01-09T18:22:57Z</time>
   </trkpt>
   <trkpt lat="40.7291400" lon="-74.0329230">
    <ele>3.5</ele>
    <time>2026-01-09T18:22:58Z</time>
   </trkpt>
   <trkpt lat="40.7291310" lon="-74.0329130">
    <ele>3.5</ele>
    <time>2026-01-09T18:22:59Z</time>
   </trkpt>
   <trkpt lat="40.7291280" lon="-74.0329140">
    <ele>3.5</ele>
    <time>2026-01-09T18:23:00Z</time>
   </trkpt>
   <trkpt lat="40.7291280" lon="-74.0329150">
    <ele>3.5</ele>
    <time>2026-01-09T18:23:01Z</time>
   </trkpt>
   <trkpt lat="40.7291250" lon="-74.0329160">
    <ele>3.5</ele>
    <time>2026-01-09T18:23:02Z</time>
   </trkpt>
   <trkpt lat="40.7291250" lon="-74.0329160">
    <ele>3.5</ele>
    <time>2026-01-09T18:23:03Z</time>
   </trkpt>
   <trkpt lat="40.7291200" lon="-74.0329240">
    <ele>3.5</ele>
    <time>2026-01-09T18:23:04Z</time>
   </trkpt>
   <trkpt lat="40.7291190" lon="-74.0329250">
    <ele>3.5</ele>
    <time>2026-01-09T18:23:05Z</time>
   </trkpt>
   <trkpt lat="40.7291180" lon="-74.0329260">
    <ele>3.5</ele>
    <time>2026-01-09T18:23:06Z</time>
   </trkpt>
   <trkpt lat="40.7291140" lon="-74.0329320">
    <ele>3.5</ele>
    <time>2026-01-09T18:23:07Z</time>
   </trkpt>
   <trkpt lat="40.7291140" lon="-74.0329330">
    <ele>3.5</ele>
    <time>2026-01-09T18:23:08Z</time>
   </trkpt>
   <trkpt lat="40.7291120" lon="-74.0329380">
    <ele>3.5</ele>
    <time>2026-01-09T18:23:09Z</time>
   </trkpt>
   <trkpt lat="40.7291110" lon="-74.0329240">
    <ele>3.5</ele>
    <time>2026-01-09T18:23:10Z</time>
   </trkpt>
   <trkpt lat="40.7291120" lon="-74.0329400">
    <ele>3.5</ele>
    <time>2026-01-09T18:23:11Z</time>
   </trkpt>
   <trkpt lat="40.7291090" lon="-74.0329520">
    <ele>3.5</ele>
    <time>2026-01-09T18:23:12Z</time>
   </trkpt>
   <trkpt lat="40.7291110" lon="-74.0329510">
    <ele>3.5</ele>
    <time>2026-01-09T18:23:13Z</time>
   </trkpt>
   <trkpt lat="40.7291140" lon="-74.0329410">
    <ele>3.5</ele>
    <time>2026-01-09T18:23:14Z</time>
   </trkpt>
   <trkpt lat="40.7291160" lon="-74.0329460">
    <ele>3.5</ele>
    <time>2026-01-09T18:23:15Z</time>
   </trkpt>
   <trkpt lat="40.7291130" lon="-74.0329400">
    <ele>3.5</ele>
    <time>2026-01-09T18:23:16Z</time>
   </trkpt>
   <trkpt lat="40.7291130" lon="-74.0329140">
    <ele>3.5</ele>
    <time>2026-01-09T18:23:17Z</time>
   </trkpt>
   <trkpt lat="40.7291100" lon="-74.0329160">
    <ele>3.5</ele>
    <time>2026-01-09T18:23:18Z</time>
   </trkpt>
   <trkpt lat="40.7291090" lon="-74.0329150">
    <ele>3.5</ele>
    <time>2026-01-09T18:23:19Z</time>
   </trkpt>
   <trkpt lat="40.7291070" lon="-74.0329160">
    <ele>3.5</ele>
    <time>2026-01-09T18:23:20Z</time>
   </trkpt>
   <trkpt lat="40.7291090" lon="-74.0329130">
    <ele>3.5</ele>
    <time>2026-01-09T18:23:21Z</time>
   </trkpt>
   <trkpt lat="40.7291110" lon="-74.0329000">
    <ele>3.5</ele>
    <time>2026-01-09T18:23:22Z</time>
   </trkpt>
   <trkpt lat="40.7291230" lon="-74.0328570">
    <ele>3.5</ele>
    <time>2026-01-09T18:23:24Z</time>
   </trkpt>
   <trkpt lat="40.7291280" lon="-74.0328390">
    <ele>3.5</ele>
    <time>2026-01-09T18:23:25Z</time>
   </trkpt>
   <trkpt lat="40.7291560" lon="-74.0327270">
    <ele>3.2</ele>
    <time>2026-01-09T18:23:33Z</time>
   </trkpt>
   <trkpt lat="40.7291540" lon="-74.0326790">
    <ele>3.2</ele>
    <time>2026-01-09T18:23:34Z</time>
   </trkpt>
   <trkpt lat="40.7291410" lon="-74.0326960">
    <ele>3.4</ele>
    <time>2026-01-09T18:23:35Z</time>
   </trkpt>
   <trkpt lat="40.7291370" lon="-74.0326910">
    <ele>3.4</ele>
    <time>2026-01-09T18:23:36Z</time>
   </trkpt>
   <trkpt lat="40.7291320" lon="-74.0326880">
    <ele>3.4</ele>
    <time>2026-01-09T18:23:37Z</time>
   </trkpt>
   <trkpt lat="40.7291270" lon="-74.0326900">
    <ele>3.4</ele>
    <time>2026-01-09T18:23:38Z</time>
   </trkpt>
   <trkpt lat="40.7291220" lon="-74.0326960">
    <ele>3.4</ele>
    <time>2026-01-09T18:23:39Z</time>
   </trkpt>
   <trkpt lat="40.7291120" lon="-74.0326760">
    <ele>3.6</ele>
    <time>2026-01-09T18:23:40Z</time>
   </trkpt>
   <trkpt lat="40.7291140" lon="-74.0326680">
    <ele>3.4</ele>
    <time>2026-01-09T18:23:41Z</time>
   </trkpt>
   <trkpt lat="40.7291080" lon="-74.0326590">
    <ele>3.5</ele>
    <time>2026-01-09T18:23:42Z</time>
   </trkpt>
   <trkpt lat="40.7291120" lon="-74.0326490">
    <ele>3.5</ele>
    <time>2026-01-09T18:23:43Z</time>
   </trkpt>
   <trkpt lat="40.7291180" lon="-74.0326440">
    <ele>3.3</ele>
    <time>2026-01-09T18:23:44Z</time>
   </trkpt>
   <trkpt lat="40.7291250" lon="-74.0326390">
    <ele>3.3</ele>
    <time>2026-01-09T18:23:45Z</time>
   </trkpt>
   <trkpt lat="40.7291310" lon="-74.0326340">
    <ele>3.3</ele>
    <time>2026-01-09T18:23:46Z</time>
   </trkpt>
   <trkpt lat="40.7291370" lon="-74.0326290">
    <ele>3.3</ele>
    <time>2026-01-09T18:23:47Z</time>
   </trkpt>
   <trkpt lat="40.7291430" lon="-74.0326240">
    <ele>3.3</ele>
    <time>2026-01-09T18:23:48Z</time>
   </trkpt>
   <trkpt lat="40.7291890" lon="-74.0326050">
    <ele>3.3</ele>
    <time>2026-01-09T18:23:49Z</time>
   </trkpt>
   <trkpt lat="40.7292010" lon="-74.0326090">
    <ele>3.3</ele>
    <time>2026-01-09T18:23:50Z</time>
   </trkpt>
   <trkpt lat="40.7292150" lon="-74.0326080">
    <ele>3.3</ele>
    <time>2026-01-09T18:23:51Z</time>
   </trkpt>
   <trkpt lat="40.7292250" lon="-74.0326060">
    <ele>3.3</ele>
    <time>2026-01-09T18:23:52Z</time>
   </trkpt>
   <trkpt lat="40.7292220" lon="-74.0325840">
    <ele>3.3</ele>
    <time>2026-01-09T18:23:53Z</time>
   </trkpt>
   <trkpt lat="40.7292180" lon="-74.0325860">
    <ele>3.3</ele>
    <time>2026-01-09T18:23:54Z</time>
   </trkpt>
   <trkpt lat="40.7292110" lon="-74.0325690">
    <ele>3.3</ele>
    <time>2026-01-09T18:23:55Z</time>
   </trkpt>
   <trkpt lat="40.7292110" lon="-74.0325690">
    <ele>3.3</ele>
    <time>2026-01-09T18:23:56Z</time>
   </trkpt>
   <trkpt lat="40.7292060" lon="-74.0325500">
    <ele>3.3</ele>
    <time>2026-01-09T18:23:57Z</time>
   </trkpt>
   <trkpt lat="40.7292020" lon="-74.0325490">
    <ele>3.3</ele>
    <time>2026-01-09T18:23:58Z</time>
   </trkpt>
   <trkpt lat="40.7292020" lon="-74.0325490">
    <ele>3.3</ele>
    <time>2026-01-09T18:23:59Z</time>
   </trkpt>
   <trkpt lat="40.7292060" lon="-74.0325410">
    <ele>3.3</ele>
    <time>2026-01-09T18:24:00Z</time>
   </trkpt>
   <trkpt lat="40.7292080" lon="-74.0325400">
    <ele>3.3</ele>
    <time>2026-01-09T18:24:01Z</time>
   </trkpt>
   <trkpt lat="40.7292130" lon="-74.0325340">
    <ele>3.3</ele>
    <time>2026-01-09T18:24:02Z</time>
   </trkpt>
   <trkpt lat="40.7292160" lon="-74.0325250">
    <ele>3.3</ele>
    <time>2026-01-09T18:24:03Z</time>
   </trkpt>
   <trkpt lat="40.7292160" lon="-74.0325230">
    <ele>3.3</ele>
    <time>2026-01-09T18:24:04Z</time>
   </trkpt>
   <trkpt lat="40.7292120" lon="-74.0325330">
    <ele>3.3</ele>
    <time>2026-01-09T18:24:05Z</time>
   </trkpt>
   <trkpt lat="40.7292280" lon="-74.0325280">
    <ele>3.3</ele>
    <time>2026-01-09T18:24:06Z</time>
   </trkpt>
   <trkpt lat="40.7292280" lon="-74.0325290">
    <ele>3.3</ele>
    <time>2026-01-09T18:24:07Z</time>
   </trkpt>
   <trkpt lat="40.7292280" lon="-74.0325290">
    <ele>3.3</ele>
    <time>2026-01-09T18:24:08Z</time>
   </trkpt>
   <trkpt lat="40.7292280" lon="-74.0325290">
    <ele>3.3</ele>
    <time>2026-01-09T18:24:09Z</time>
   </trkpt>
   <trkpt lat="40.7292510" lon="-74.0325240">
    <ele>3.3</ele>
    <time>2026-01-09T18:24:10Z</time>
   </trkpt>
   <trkpt lat="40.7292530" lon="-74.0325250">
    <ele>3.3</ele>
    <time>2026-01-09T18:24:11Z</time>
   </trkpt>
   <trkpt lat="40.7292670" lon="-74.0325180">
    <ele>3.3</ele>
    <time>2026-01-09T18:24:12Z</time>
   </trkpt>
   <trkpt lat="40.7292720" lon="-74.0325160">
    <ele>3.3</ele>
    <time>2026-01-09T18:24:13Z</time>
   </trkpt>
   <trkpt lat="40.7292770" lon="-74.0325120">
    <ele>3.3</ele>
    <time>2026-01-09T18:24:14Z</time>
   </trkpt>
   <trkpt lat="40.7292820" lon="-74.0325080">
    <ele>3.3</ele>
    <time>2026-01-09T18:24:15Z</time>
   </trkpt>
   <trkpt lat="40.7292870" lon="-74.0325060">
    <ele>3.3</ele>
    <time>2026-01-09T18:24:16Z</time>
   </trkpt>
   <trkpt lat="40.7292680" lon="-74.0325130">
    <ele>3.3</ele>
    <time>2026-01-09T18:24:17Z</time>
   </trkpt>
   <trkpt lat="40.7292730" lon="-74.0325100">
    <ele>3.3</ele>
    <time>2026-01-09T18:24:18Z</time>
   </trkpt>
   <trkpt lat="40.7292810" lon="-74.0325070">
    <ele>3.3</ele>
    <time>2026-01-09T18:24:19Z</time>
   </trkpt>
   <trkpt lat="40.7292820" lon="-74.0325060">
    <ele>3.3</ele>
    <time>2026-01-09T18:24:20Z</time>
   </trkpt>
   <trkpt lat="40.7292880" lon="-74.0325010">
    <ele>3.3</ele>
    <time>2026-01-09T18:24:21Z</time>
   </trkpt>
   <trkpt lat="40.7292950" lon="-74.0325040">
    <ele>3.3</ele>
    <time>2026-01-09T18:24:22Z</time>
   </trkpt>
   <trkpt lat="40.7293000" lon="-74.0325080">
    <ele>3.3</ele>
    <time>2026-01-09T18:24:23Z</time>
   </trkpt>
   <trkpt lat="40.7293020" lon="-74.0325030">
    <ele>3.3</ele>
    <time>2026-01-09T18:24:24Z</time>
   </trkpt>
   <trkpt lat="40.7293030" lon="-74.0325020">
    <ele>3.3</ele>
    <time>2026-01-09T18:24:25Z</time>
   </trkpt>
   <trkpt lat="40.7293030" lon="-74.0325000">
    <ele>3.3</ele>
    <time>2026-01-09T18:24:26Z</time>
   </trkpt>
   <trkpt lat="40.7292920" lon="-74.0325010">
    <ele>3.3</ele>
    <time>2026-01-09T18:24:27Z</time>
   </trkpt>
   <trkpt lat="40.7292860" lon="-74.0325020">
    <ele>3.3</ele>
    <time>2026-01-09T18:24:28Z</time>
   </trkpt>
   <trkpt lat="40.7292800" lon="-74.0325040">
    <ele>3.3</ele>
    <time>2026-01-09T18:24:29Z</time>
   </trkpt>
   <trkpt lat="40.7292740" lon="-74.0325060">
    <ele>3.3</ele>
    <time>2026-01-09T18:24:30Z</time>
   </trkpt>
   <trkpt lat="40.7292670" lon="-74.0325070">
    <ele>3.3</ele>
    <time>2026-01-09T18:24:31Z</time>
   </trkpt>
   <trkpt lat="40.7292610" lon="-74.0325090">
    <ele>3.3</ele>
    <time>2026-01-09T18:24:32Z</time>
   </trkpt>
   <trkpt lat="40.7292550" lon="-74.0325100">
    <ele>3.3</ele>
    <time>2026-01-09T18:24:33Z</time>
   </trkpt>
   <trkpt lat="40.7292490" lon="-74.0325120">
    <ele>3.3</ele>
    <time>2026-01-09T18:24:34Z</time>
   </trkpt>
   <trkpt lat="40.7292490" lon="-74.0325180">
    <ele>3.3</ele>
    <time>2026-01-09T18:24:35Z</time>
   </trkpt>
   <trkpt lat="40.7292560" lon="-74.0325160">
    <ele>3.3</ele>
    <time>2026-01-09T18:24:36Z</time>
   </trkpt>
   <trkpt lat="40.7292690" lon="-74.0325170">
    <ele>3.3</ele>
    <time>2026-01-09T18:24:37Z</time>
   </trkpt>
   <trkpt lat="40.7292670" lon="-74.0325170">
    <ele>3.3</ele>
    <time>2026-01-09T18:24:38Z</time>
   </trkpt>
   <trkpt lat="40.7292650" lon="-74.0325280">
    <ele>3.3</ele>
    <time>2026-01-09T18:24:39Z</time>
   </trkpt>
   <trkpt lat="40.7292540" lon="-74.0325380">
    <ele>3.3</ele>
    <time>2026-01-09T18:24:40Z</time>
   </trkpt>
   <trkpt lat="40.7292440" lon="-74.0325110">
    <ele>3.3</ele>
    <time>2026-01-09T18:24:41Z</time>
   </trkpt>
   <trkpt lat="40.7292490" lon="-74.0325050">
    <ele>3.3</ele>
    <time>2026-01-09T18:24:42Z</time>
   </trkpt>
   <trkpt lat="40.7292530" lon="-74.0325310">
    <ele>3.3</ele>
    <time>2026-01-09T18:24:43Z</time>
   </trkpt>
   <trkpt lat="40.7292530" lon="-74.0325310">
    <ele>3.3</ele>
    <time>2026-01-09T18:24:44Z</time>
   </trkpt>
   <trkpt lat="40.7292350" lon="-74.0325460">
    <ele>3.3</ele>
    <time>2026-01-09T18:24:45Z</time>
   </trkpt>
   <trkpt lat="40.7292270" lon="-74.0325660">
    <ele>3.3</ele>
    <time>2026-01-09T18:24:46Z</time>
   </trkpt>
   <trkpt lat="40.7292270" lon="-74.0325660">
    <ele>3.3</ele>
    <time>2026-01-09T18:24:47Z</time>
   </trkpt>
   <trkpt lat="40.7292270" lon="-74.0325660">
    <ele>3.3</ele>
    <time>2026-01-09T18:24:48Z</time>
   </trkpt>
   <trkpt lat="40.7292090" lon="-74.0325780">
    <ele>3.3</ele>
    <time>2026-01-09T18:24:49Z</time>
   </trkpt>
   <trkpt lat="40.7291920" lon="-74.0325960">
    <ele>3.3</ele>
    <time>2026-01-09T18:24:50Z</time>
   </trkpt>
   <trkpt lat="40.7291820" lon="-74.0326000">
    <ele>3.3</ele>
    <time>2026-01-09T18:24:51Z</time>
   </trkpt>
   <trkpt lat="40.7291790" lon="-74.0326100">
    <ele>3.3</ele>
    <time>2026-01-09T18:24:52Z</time>
   </trkpt>
   <trkpt lat="40.7291760" lon="-74.0326160">
    <ele>3.3</ele>
    <time>2026-01-09T18:24:53Z</time>
   </trkpt>
   <trkpt lat="40.7291740" lon="-74.0326210">
    <ele>3.3</ele>
    <time>2026-01-09T18:24:54Z</time>
   </trkpt>
   <trkpt lat="40.7291720" lon="-74.0326270">
    <ele>3.3</ele>
    <time>2026-01-09T18:24:55Z</time>
   </trkpt>
   <trkpt lat="40.7291690" lon="-74.0326320">
    <ele>3.3</ele>
    <time>2026-01-09T18:24:56Z</time>
   </trkpt>
   <trkpt lat="40.7291670" lon="-74.0326380">
    <ele>3.3</ele>
    <time>2026-01-09T18:24:57Z</time>
   </trkpt>
   <trkpt lat="40.7291650" lon="-74.0326430">
    <ele>3.3</ele>
    <time>2026-01-09T18:24:58Z</time>
   </trkpt>
   <trkpt lat="40.7291620" lon="-74.0326490">
    <ele>3.3</ele>
    <time>2026-01-09T18:24:59Z</time>
   </trkpt>
   <trkpt lat="40.7291600" lon="-74.0326540">
    <ele>3.3</ele>
    <time>2026-01-09T18:25:00Z</time>
   </trkpt>
   <trkpt lat="40.7291720" lon="-74.0326690">
    <ele>3.2</ele>
    <time>2026-01-09T18:25:01Z</time>
   </trkpt>
   <trkpt lat="40.7291660" lon="-74.0326960">
    <ele>3.2</ele>
    <time>2026-01-09T18:25:02Z</time>
   </trkpt>
   <trkpt lat="40.7291640" lon="-74.0327320">
    <ele>3.2</ele>
    <time>2026-01-09T18:25:03Z</time>
   </trkpt>
   <trkpt lat="40.7291610" lon="-74.0327740">
    <ele>3.2</ele>
    <time>2026-01-09T18:25:04Z</time>
   </trkpt>
   <trkpt lat="40.7291620" lon="-74.0327850">
    <ele>3.2</ele>
    <time>2026-01-09T18:25:05Z</time>
   </trkpt>
   <trkpt lat="40.7291690" lon="-74.0328250">
    <ele>3.2</ele>
    <time>2026-01-09T18:25:06Z</time>
   </trkpt>
   <trkpt lat="40.7291670" lon="-74.0328380">
    <ele>3.2</ele>
    <time>2026-01-09T18:25:07Z</time>
   </trkpt>
   <trkpt lat="40.7291690" lon="-74.0328790">
    <ele>3.2</ele>
    <time>2026-01-09T18:25:08Z</time>
   </trkpt>
   <trkpt lat="40.7291870" lon="-74.0329150">
    <ele>3.2</ele>
    <time>2026-01-09T18:25:09Z</time>
   </trkpt>
   <trkpt lat="40.7291920" lon="-74.0329320">
    <ele>3.2</ele>
    <time>2026-01-09T18:25:10Z</time>
   </trkpt>
   <trkpt lat="40.7291990" lon="-74.0329680">
    <ele>3.2</ele>
    <time>2026-01-09T18:25:11Z</time>
   </trkpt>
   <trkpt lat="40.7292210" lon="-74.0329980">
    <ele>3.2</ele>
    <time>2026-01-09T18:25:12Z</time>
   </trkpt>
   <trkpt lat="40.7292290" lon="-74.0330280">
    <ele>3.2</ele>
    <time>2026-01-09T18:25:13Z</time>
   </trkpt>
   <trkpt lat="40.7292320" lon="-74.0330310">
    <ele>3.2</ele>
    <time>2026-01-09T18:25:14Z</time>
   </trkpt>
   <trkpt lat="40.7292360" lon="-74.0330340">
    <ele>3.2</ele>
    <time>2026-01-09T18:25:15Z</time>
   </trkpt>
   <trkpt lat="40.7292390" lon="-74.0330370">
    <ele>3.2</ele>
    <time>2026-01-09T18:25:16Z</time>
   </trkpt>
   <trkpt lat="40.7292420" lon="-74.0330400">
    <ele>3.2</ele>
    <time>2026-01-09T18:25:17Z</time>
   </trkpt>
   <trkpt lat="40.7292450" lon="-74.0330770">
    <ele>3.2</ele>
    <time>2026-01-09T18:25:18Z</time>
   </trkpt>
   <trkpt lat="40.7292320" lon="-74.0331310">
    <ele>3.2</ele>
    <time>2026-01-09T18:25:19Z</time>
   </trkpt>
   <trkpt lat="40.7292250" lon="-74.0331870">
    <ele>3.3</ele>
    <time>2026-01-09T18:25:20Z</time>
   </trkpt>
   <trkpt lat="40.7292240" lon="-74.0332380">
    <ele>3.3</ele>
    <time>2026-01-09T18:25:21Z</time>
   </trkpt>
   <trkpt lat="40.7292220" lon="-74.0333020">
    <ele>3.3</ele>
    <time>2026-01-09T18:25:22Z</time>
   </trkpt>
   <trkpt lat="40.7292130" lon="-74.0333530">
    <ele>3.3</ele>
    <time>2026-01-09T18:25:23Z</time>
   </trkpt>
   <trkpt lat="40.7292080" lon="-74.0334140">
    <ele>3.4</ele>
    <time>2026-01-09T18:25:24Z</time>
   </trkpt>
   <trkpt lat="40.7292260" lon="-74.0334630">
    <ele>3.4</ele>
    <time>2026-01-09T18:25:25Z</time>
   </trkpt>
   <trkpt lat="40.7292350" lon="-74.0335190">
    <ele>3.4</ele>
    <time>2026-01-09T18:25:26Z</time>
   </trkpt>
   <trkpt lat="40.7292480" lon="-74.0335740">
    <ele>3.4</ele>
    <time>2026-01-09T18:25:27Z</time>
   </trkpt>
   <trkpt lat="40.7292520" lon="-74.0336370">
    <ele>3.5</ele>
    <time>2026-01-09T18:25:28Z</time>
   </trkpt>
   <trkpt lat="40.7292600" lon="-74.0337000">
    <ele>3.5</ele>
    <time>2026-01-09T18:25:29Z</time>
   </trkpt>
   <trkpt lat="40.7292700" lon="-74.0337530">
    <ele>3.5</ele>
    <time>2026-01-09T18:25:30Z</time>
   </trkpt>
   <trkpt lat="40.7292780" lon="-74.0338060">
    <ele>3.5</ele>
    <time>2026-01-09T18:25:31Z</time>
   </trkpt>
   <trkpt lat="40.7292870" lon="-74.0338550">
    <ele>3.5</ele>
    <time>2026-01-09T18:25:32Z</time>
   </trkpt>
   <trkpt lat="40.7292910" lon="-74.0339060">
    <ele>3.5</ele>
    <time>2026-01-09T18:25:33Z</time>
   </trkpt>
   <trkpt lat="40.7293010" lon="-74.0339470">
    <ele>3.5</ele>
    <time>2026-01-09T18:25:34Z</time>
   </trkpt>
   <trkpt lat="40.7293160" lon="-74.0339800">
    <ele>3.6</ele>
    <time>2026-01-09T18:25:35Z</time>
   </trkpt>
   <trkpt lat="40.7293270" lon="-74.0340320">
    <ele>3.6</ele>
    <time>2026-01-09T18:25:36Z</time>
   </trkpt>
   <trkpt lat="40.7293300" lon="-74.0340510">
    <ele>3.6</ele>
    <time>2026-01-09T18:25:37Z</time>
   </trkpt>
   <trkpt lat="40.7293370" lon="-74.0340900">
    <ele>3.6</ele>
    <time>2026-01-09T18:25:38Z</time>
   </trkpt>
   <trkpt lat="40.7293370" lon="-74.0341320">
    <ele>3.6</ele>
    <time>2026-01-09T18:25:39Z</time>
   </trkpt>
   <trkpt lat="40.7293380" lon="-74.0341680">
    <ele>3.6</ele>
    <time>2026-01-09T18:25:40Z</time>
   </trkpt>
   <trkpt lat="40.7293580" lon="-74.0342090">
    <ele>3.6</ele>
    <time>2026-01-09T18:25:41Z</time>
   </trkpt>
   <trkpt lat="40.7293590" lon="-74.0342330">
    <ele>3.6</ele>
    <time>2026-01-09T18:25:42Z</time>
   </trkpt>
   <trkpt lat="40.7293610" lon="-74.0342810">
    <ele>3.7</ele>
    <time>2026-01-09T18:25:43Z</time>
   </trkpt>
   <trkpt lat="40.7293600" lon="-74.0343020">
    <ele>3.7</ele>
    <time>2026-01-09T18:25:44Z</time>
   </trkpt>
   <trkpt lat="40.7293620" lon="-74.0343370">
    <ele>3.7</ele>
    <time>2026-01-09T18:25:45Z</time>
   </trkpt>
   <trkpt lat="40.7293380" lon="-74.0343580">
    <ele>3.7</ele>
    <time>2026-01-09T18:25:46Z</time>
   </trkpt>
   <trkpt lat="40.7293280" lon="-74.0343990">
    <ele>3.7</ele>
    <time>2026-01-09T18:25:47Z</time>
   </trkpt>
   <trkpt lat="40.7293350" lon="-74.0344140">
    <ele>3.7</ele>
    <time>2026-01-09T18:25:48Z</time>
   </trkpt>
   <trkpt lat="40.7293490" lon="-74.0344660">
    <ele>3.8</ele>
    <time>2026-01-09T18:25:49Z</time>
   </trkpt>
   <trkpt lat="40.7293650" lon="-74.0345240">
    <ele>3.9</ele>
    <time>2026-01-09T18:25:50Z</time>
   </trkpt>
   <trkpt lat="40.7293740" lon="-74.0345770">
    <ele>4.0</ele>
    <time>2026-01-09T18:25:51Z</time>
   </trkpt>
   <trkpt lat="40.7293790" lon="-74.0346250">
    <ele>4.0</ele>
    <time>2026-01-09T18:25:52Z</time>
   </trkpt>
   <trkpt lat="40.7293880" lon="-74.0346670">
    <ele>3.9</ele>
    <time>2026-01-09T18:25:53Z</time>
   </trkpt>
   <trkpt lat="40.7293990" lon="-74.0347230">
    <ele>3.9</ele>
    <time>2026-01-09T18:25:54Z</time>
   </trkpt>
   <trkpt lat="40.7294100" lon="-74.0347460">
    <ele>3.8</ele>
    <time>2026-01-09T18:25:55Z</time>
   </trkpt>
   <trkpt lat="40.7294270" lon="-74.0347850">
    <ele>3.8</ele>
    <time>2026-01-09T18:25:56Z</time>
   </trkpt>
   <trkpt lat="40.7294420" lon="-74.0348210">
    <ele>3.8</ele>
    <time>2026-01-09T18:25:57Z</time>
   </trkpt>
   <trkpt lat="40.7294490" lon="-74.0348560">
    <ele>3.7</ele>
    <time>2026-01-09T18:25:58Z</time>
   </trkpt>
   <trkpt lat="40.7294400" lon="-74.0348740">
    <ele>3.8</ele>
    <time>2026-01-09T18:25:59Z</time>
   </trkpt>
   <trkpt lat="40.7294270" lon="-74.0348840">
    <ele>3.8</ele>
    <time>2026-01-09T18:26:00Z</time>
   </trkpt>
   <trkpt lat="40.7294030" lon="-74.0349020">
    <ele>3.8</ele>
    <time>2026-01-09T18:26:01Z</time>
   </trkpt>
   <trkpt lat="40.7293770" lon="-74.0349090">
    <ele>3.8</ele>
    <time>2026-01-09T18:26:02Z</time>
   </trkpt>
   <trkpt lat="40.7293530" lon="-74.0349040">
    <ele>3.9</ele>
    <time>2026-01-09T18:26:03Z</time>
   </trkpt>
   <trkpt lat="40.7293440" lon="-74.0348960">
    <ele>3.9</ele>
    <time>2026-01-09T18:26:04Z</time>
   </trkpt>
   <trkpt lat="40.7293430" lon="-74.0348930">
    <ele>3.9</ele>
    <time>2026-01-09T18:26:05Z</time>
   </trkpt>
   <trkpt lat="40.7293340" lon="-74.0348940">
    <ele>3.9</ele>
    <time>2026-01-09T18:26:06Z</time>
   </trkpt>
   <trkpt lat="40.7293250" lon="-74.0348950">
    <ele>3.9</ele>
    <time>2026-01-09T18:26:07Z</time>
   </trkpt>
   <trkpt lat="40.7293160" lon="-74.0348950">
    <ele>3.9</ele>
    <time>2026-01-09T18:26:08Z</time>
   </trkpt>
   <trkpt lat="40.7293070" lon="-74.0348960">
    <ele>3.9</ele>
    <time>2026-01-09T18:26:09Z</time>
   </trkpt>
   <trkpt lat="40.7292980" lon="-74.0348970">
    <ele>4.0</ele>
    <time>2026-01-09T18:26:10Z</time>
   </trkpt>
   <trkpt lat="40.7292890" lon="-74.0348980">
    <ele>4.0</ele>
    <time>2026-01-09T18:26:11Z</time>
   </trkpt>
   <trkpt lat="40.7292530" lon="-74.0348900">
    <ele>4.0</ele>
    <time>2026-01-09T18:26:12Z</time>
   </trkpt>
   <trkpt lat="40.7292180" lon="-74.0348830">
    <ele>4.1</ele>
    <time>2026-01-09T18:26:13Z</time>
   </trkpt>
   <trkpt lat="40.7291810" lon="-74.0348890">
    <ele>4.1</ele>
    <time>2026-01-09T18:26:14Z</time>
   </trkpt>
   <trkpt lat="40.7291360" lon="-74.0348880">
    <ele>4.1</ele>
    <time>2026-01-09T18:26:15Z</time>
   </trkpt>
   <trkpt lat="40.7291040" lon="-74.0348900">
    <ele>4.1</ele>
    <time>2026-01-09T18:26:16Z</time>
   </trkpt>
   <trkpt lat="40.7290650" lon="-74.0349000">
    <ele>4.1</ele>
    <time>2026-01-09T18:26:17Z</time>
   </trkpt>
   <trkpt lat="40.7290220" lon="-74.0349060">
    <ele>4.2</ele>
    <time>2026-01-09T18:26:18Z</time>
   </trkpt>
   <trkpt lat="40.7289730" lon="-74.0349080">
    <ele>4.2</ele>
    <time>2026-01-09T18:26:19Z</time>
   </trkpt>
   <trkpt lat="40.7289310" lon="-74.0348960">
    <ele>4.2</ele>
    <time>2026-01-09T18:26:20Z</time>
   </trkpt>
   <trkpt lat="40.7288840" lon="-74.0348890">
    <ele>4.2</ele>
    <time>2026-01-09T18:26:21Z</time>
   </trkpt>
   <trkpt lat="40.7288510" lon="-74.0348670">
    <ele>4.1</ele>
    <time>2026-01-09T18:26:22Z</time>
   </trkpt>
   <trkpt lat="40.7288010" lon="-74.0348470">
    <ele>4.1</ele>
    <time>2026-01-09T18:26:23Z</time>
   </trkpt>
   <trkpt lat="40.7287570" lon="-74.0348370">
    <ele>4.1</ele>
    <time>2026-01-09T18:26:24Z</time>
   </trkpt>
   <trkpt lat="40.7287090" lon="-74.0348170">
    <ele>4.1</ele>
    <time>2026-01-09T18:26:25Z</time>
   </trkpt>
   <trkpt lat="40.7286730" lon="-74.0348260">
    <ele>4.1</ele>
    <time>2026-01-09T18:26:26Z</time>
   </trkpt>
   <trkpt lat="40.7286160" lon="-74.0348080">
    <ele>4.1</ele>
    <time>2026-01-09T18:26:27Z</time>
   </trkpt>
   <trkpt lat="40.7285600" lon="-74.0347990">
    <ele>4.0</ele>
    <time>2026-01-09T18:26:28Z</time>
   </trkpt>
   <trkpt lat="40.7285140" lon="-74.0347840">
    <ele>4.0</ele>
    <time>2026-01-09T18:26:29Z</time>
   </trkpt>
   <trkpt lat="40.7284610" lon="-74.0347810">
    <ele>4.0</ele>
    <time>2026-01-09T18:26:30Z</time>
   </trkpt>
   <trkpt lat="40.7284090" lon="-74.0347670">
    <ele>3.9</ele>
    <time>2026-01-09T18:26:31Z</time>
   </trkpt>
   <trkpt lat="40.7283540" lon="-74.0347500">
    <ele>3.9</ele>
    <time>2026-01-09T18:26:32Z</time>
   </trkpt>
   <trkpt lat="40.7283110" lon="-74.0347390">
    <ele>3.9</ele>
    <time>2026-01-09T18:26:33Z</time>
   </trkpt>
   <trkpt lat="40.7282650" lon="-74.0347380">
    <ele>3.9</ele>
    <time>2026-01-09T18:26:34Z</time>
   </trkpt>
   <trkpt lat="40.7282280" lon="-74.0347230">
    <ele>3.9</ele>
    <time>2026-01-09T18:26:35Z</time>
   </trkpt>
   <trkpt lat="40.7281840" lon="-74.0347040">
    <ele>3.9</ele>
    <time>2026-01-09T18:26:36Z</time>
   </trkpt>
   <trkpt lat="40.7281370" lon="-74.0346890">
    <ele>3.9</ele>
    <time>2026-01-09T18:26:37Z</time>
   </trkpt>
   <trkpt lat="40.7280940" lon="-74.0346790">
    <ele>3.9</ele>
    <time>2026-01-09T18:26:38Z</time>
   </trkpt>
   <trkpt lat="40.7280500" lon="-74.0346730">
    <ele>3.9</ele>
    <time>2026-01-09T18:26:39Z</time>
   </trkpt>
   <trkpt lat="40.7279960" lon="-74.0346640">
    <ele>3.9</ele>
    <time>2026-01-09T18:26:40Z</time>
   </trkpt>
   <trkpt lat="40.7279520" lon="-74.0346610">
    <ele>3.9</ele>
    <time>2026-01-09T18:26:41Z</time>
   </trkpt>
   <trkpt lat="40.7279060" lon="-74.0346350">
    <ele>3.9</ele>
    <time>2026-01-09T18:26:42Z</time>
   </trkpt>
   <trkpt lat="40.7278600" lon="-74.0346200">
    <ele>3.9</ele>
    <time>2026-01-09T18:26:43Z</time>
   </trkpt>
   <trkpt lat="40.7278210" lon="-74.0346490">
    <ele>3.9</ele>
    <time>2026-01-09T18:26:44Z</time>
   </trkpt>
   <trkpt lat="40.7277650" lon="-74.0346220">
    <ele>3.9</ele>
    <time>2026-01-09T18:26:45Z</time>
   </trkpt>
   <trkpt lat="40.7277120" lon="-74.0346090">
    <ele>3.9</ele>
    <time>2026-01-09T18:26:46Z</time>
   </trkpt>
   <trkpt lat="40.7276600" lon="-74.0346040">
    <ele>3.9</ele>
    <time>2026-01-09T18:26:47Z</time>
   </trkpt>
   <trkpt lat="40.7276180" lon="-74.0346190">
    <ele>3.9</ele>
    <time>2026-01-09T18:26:48Z</time>
   </trkpt>
   <trkpt lat="40.7275760" lon="-74.0346310">
    <ele>3.9</ele>
    <time>2026-01-09T18:26:49Z</time>
   </trkpt>
   <trkpt lat="40.7275280" lon="-74.0346410">
    <ele>3.9</ele>
    <time>2026-01-09T18:26:50Z</time>
   </trkpt>
   <trkpt lat="40.7274850" lon="-74.0346570">
    <ele>3.9</ele>
    <time>2026-01-09T18:26:51Z</time>
   </trkpt>
   <trkpt lat="40.7274290" lon="-74.0346620">
    <ele>3.9</ele>
    <time>2026-01-09T18:26:52Z</time>
   </trkpt>
   <trkpt lat="40.7273750" lon="-74.0346750">
    <ele>3.9</ele>
    <time>2026-01-09T18:26:53Z</time>
   </trkpt>
   <trkpt lat="40.7273270" lon="-74.0346920">
    <ele>3.9</ele>
    <time>2026-01-09T18:26:54Z</time>
   </trkpt>
   <trkpt lat="40.7272770" lon="-74.0347180">
    <ele>3.9</ele>
    <time>2026-01-09T18:26:55Z</time>
   </trkpt>
   <trkpt lat="40.7272230" lon="-74.0347150">
    <ele>3.8</ele>
    <time>2026-01-09T18:26:56Z</time>
   </trkpt>
   <trkpt lat="40.7271810" lon="-74.0347430">
    <ele>3.8</ele>
    <time>2026-01-09T18:26:57Z</time>
   </trkpt>
   <trkpt lat="40.7271360" lon="-74.0347670">
    <ele>3.7</ele>
    <time>2026-01-09T18:26:58Z</time>
   </trkpt>
   <trkpt lat="40.7270830" lon="-74.0347910">
    <ele>3.7</ele>
    <time>2026-01-09T18:26:59Z</time>
   </trkpt>
   <trkpt lat="40.7270390" lon="-74.0347960">
    <ele>3.6</ele>
    <time>2026-01-09T18:27:00Z</time>
   </trkpt>
   <trkpt lat="40.7269890" lon="-74.0347980">
    <ele>3.6</ele>
    <time>2026-01-09T18:27:01Z</time>
   </trkpt>
   <trkpt lat="40.7269500" lon="-74.0348170">
    <ele>3.5</ele>
    <time>2026-01-09T18:27:02Z</time>
   </trkpt>
   <trkpt lat="40.7269190" lon="-74.0348510">
    <ele>3.5</ele>
    <time>2026-01-09T18:27:03Z</time>
   </trkpt>
   <trkpt lat="40.7268870" lon="-74.0348760">
    <ele>3.4</ele>
    <time>2026-01-09T18:27:04Z</time>
   </trkpt>
   <trkpt lat="40.7268410" lon="-74.0348940">
    <ele>3.4</ele>
    <time>2026-01-09T18:27:05Z</time>
   </trkpt>
   <trkpt lat="40.7268050" lon="-74.0349130">
    <ele>3.3</ele>
    <time>2026-01-09T18:27:06Z</time>
   </trkpt>
   <trkpt lat="40.7267690" lon="-74.0349400">
    <ele>3.3</ele>
    <time>2026-01-09T18:27:07Z</time>
   </trkpt>
   <trkpt lat="40.7267360" lon="-74.0349670">
    <ele>3.2</ele>
    <time>2026-01-09T18:27:08Z</time>
   </trkpt>
   <trkpt lat="40.7267040" lon="-74.0350100">
    <ele>3.2</ele>
    <time>2026-01-09T18:27:09Z</time>
   </trkpt>
   <trkpt lat="40.7266880" lon="-74.0350690">
    <ele>3.1</ele>
    <time>2026-01-09T18:27:10Z</time>
   </trkpt>
   <trkpt lat="40.7266670" lon="-74.0351420">
    <ele>3.1</ele>
    <time>2026-01-09T18:27:11Z</time>
   </trkpt>
   <trkpt lat="40.7266320" lon="-74.0351590">
    <ele>3.1</ele>
    <time>2026-01-09T18:27:12Z</time>
   </trkpt>
   <trkpt lat="40.7265790" lon="-74.0351510">
    <ele>3.1</ele>
    <time>2026-01-09T18:27:13Z</time>
   </trkpt>
   <trkpt lat="40.7265330" lon="-74.0351730">
    <ele>3.2</ele>
    <time>2026-01-09T18:27:14Z</time>
   </trkpt>
   <trkpt lat="40.7264910" lon="-74.0352050">
    <ele>3.2</ele>
    <time>2026-01-09T18:27:15Z</time>
   </trkpt>
   <trkpt lat="40.7264530" lon="-74.0352410">
    <ele>3.2</ele>
    <time>2026-01-09T18:27:16Z</time>
   </trkpt>
   <trkpt lat="40.7264090" lon="-74.0352710">
    <ele>3.2</ele>
    <time>2026-01-09T18:27:17Z</time>
   </trkpt>
   <trkpt lat="40.7263560" lon="-74.0352510">
    <ele>3.2</ele>
    <time>2026-01-09T18:27:18Z</time>
   </trkpt>
   <trkpt lat="40.7263100" lon="-74.0352730">
    <ele>3.2</ele>
    <time>2026-01-09T18:27:19Z</time>
   </trkpt>
   <trkpt lat="40.7262640" lon="-74.0353000">
    <ele>3.2</ele>
    <time>2026-01-09T18:27:20Z</time>
   </trkpt>
   <trkpt lat="40.7262200" lon="-74.0353210">
    <ele>3.2</ele>
    <time>2026-01-09T18:27:21Z</time>
   </trkpt>
   <trkpt lat="40.7261720" lon="-74.0353460">
    <ele>3.2</ele>
    <time>2026-01-09T18:27:22Z</time>
   </trkpt>
   <trkpt lat="40.7261290" lon="-74.0353620">
    <ele>3.2</ele>
    <time>2026-01-09T18:27:23Z</time>
   </trkpt>
   <trkpt lat="40.7260830" lon="-74.0353850">
    <ele>3.2</ele>
    <time>2026-01-09T18:27:24Z</time>
   </trkpt>
   <trkpt lat="40.7260360" lon="-74.0354050">
    <ele>3.2</ele>
    <time>2026-01-09T18:27:25Z</time>
   </trkpt>
   <trkpt lat="40.7259890" lon="-74.0354330">
    <ele>3.2</ele>
    <time>2026-01-09T18:27:26Z</time>
   </trkpt>
   <trkpt lat="40.7259510" lon="-74.0354610">
    <ele>3.2</ele>
    <time>2026-01-09T18:27:27Z</time>
   </trkpt>
   <trkpt lat="40.7258950" lon="-74.0354760">
    <ele>3.2</ele>
    <time>2026-01-09T18:27:28Z</time>
   </trkpt>
   <trkpt lat="40.7258530" lon="-74.0355070">
    <ele>3.3</ele>
    <time>2026-01-09T18:27:29Z</time>
   </trkpt>
   <trkpt lat="40.7258130" lon="-74.0355350">
    <ele>3.3</ele>
    <time>2026-01-09T18:27:30Z</time>
   </trkpt>
   <trkpt lat="40.7257780" lon="-74.0355510">
    <ele>3.3</ele>
    <time>2026-01-09T18:27:31Z</time>
   </trkpt>
   <trkpt lat="40.7257370" lon="-74.0355700">
    <ele>3.3</ele>
    <time>2026-01-09T18:27:32Z</time>
   </trkpt>
   <trkpt lat="40.7256740" lon="-74.0355800">
    <ele>3.4</ele>
    <time>2026-01-09T18:27:33Z</time>
   </trkpt>
   <trkpt lat="40.7256200" lon="-74.0355880">
    <ele>3.4</ele>
    <time>2026-01-09T18:27:34Z</time>
   </trkpt>
   <trkpt lat="40.7255730" lon="-74.0356020">
    <ele>3.4</ele>
    <time>2026-01-09T18:27:35Z</time>
   </trkpt>
   <trkpt lat="40.7255190" lon="-74.0356110">
    <ele>3.4</ele>
    <time>2026-01-09T18:27:36Z</time>
   </trkpt>
   <trkpt lat="40.7254740" lon="-74.0356370">
    <ele>3.4</ele>
    <time>2026-01-09T18:27:37Z</time>
   </trkpt>
   <trkpt lat="40.7254250" lon="-74.0356670">
    <ele>3.5</ele>
    <time>2026-01-09T18:27:38Z</time>
   </trkpt>
   <trkpt lat="40.7253780" lon="-74.0356820">
    <ele>3.5</ele>
    <time>2026-01-09T18:27:39Z</time>
   </trkpt>
   <trkpt lat="40.7253270" lon="-74.0356920">
    <ele>3.5</ele>
    <time>2026-01-09T18:27:40Z</time>
   </trkpt>
   <trkpt lat="40.7252800" lon="-74.0357000">
    <ele>3.5</ele>
    <time>2026-01-09T18:27:41Z</time>
   </trkpt>
   <trkpt lat="40.7252310" lon="-74.0357070">
    <ele>3.6</ele>
    <time>2026-01-09T18:27:42Z</time>
   </trkpt>
   <trkpt lat="40.7251850" lon="-74.0357190">
    <ele>3.6</ele>
    <time>2026-01-09T18:27:43Z</time>
   </trkpt>
   <trkpt lat="40.7251380" lon="-74.0357320">
    <ele>3.6</ele>
    <time>2026-01-09T18:27:44Z</time>
   </trkpt>
   <trkpt lat="40.7250880" lon="-74.0357400">
    <ele>3.6</ele>
    <time>2026-01-09T18:27:45Z</time>
   </trkpt>
   <trkpt lat="40.7250380" lon="-74.0357410">
    <ele>3.6</ele>
    <time>2026-01-09T18:27:46Z</time>
   </trkpt>
   <trkpt lat="40.7249920" lon="-74.0357530">
    <ele>3.6</ele>
    <time>2026-01-09T18:27:47Z</time>
   </trkpt>
   <trkpt lat="40.7249470" lon="-74.0357710">
    <ele>3.6</ele>
    <time>2026-01-09T18:27:48Z</time>
   </trkpt>
   <trkpt lat="40.7249090" lon="-74.0357780">
    <ele>3.7</ele>
    <time>2026-01-09T18:27:49Z</time>
   </trkpt>
   <trkpt lat="40.7248560" lon="-74.0357900">
    <ele>3.7</ele>
    <time>2026-01-09T18:27:50Z</time>
   </trkpt>
   <trkpt lat="40.7248090" lon="-74.0357970">
    <ele>3.7</ele>
    <time>2026-01-09T18:27:51Z</time>
   </trkpt>
   <trkpt lat="40.7247730" lon="-74.0358090">
    <ele>3.7</ele>
    <time>2026-01-09T18:27:52Z</time>
   </trkpt>
   <trkpt lat="40.7247400" lon="-74.0358100">
    <ele>3.7</ele>
    <time>2026-01-09T18:27:53Z</time>
   </trkpt>
   <trkpt lat="40.7247000" lon="-74.0358260">
    <ele>3.7</ele>
    <time>2026-01-09T18:27:54Z</time>
   </trkpt>
   <trkpt lat="40.7246630" lon="-74.0358390">
    <ele>3.7</ele>
    <time>2026-01-09T18:27:55Z</time>
   </trkpt>
   <trkpt lat="40.7246200" lon="-74.0358520">
    <ele>3.8</ele>
    <time>2026-01-09T18:27:56Z</time>
   </trkpt>
   <trkpt lat="40.7245720" lon="-74.0358700">
    <ele>3.8</ele>
    <time>2026-01-09T18:27:57Z</time>
   </trkpt>
   <trkpt lat="40.7245250" lon="-74.0358740">
    <ele>3.8</ele>
    <time>2026-01-09T18:27:58Z</time>
   </trkpt>
   <trkpt lat="40.7244800" lon="-74.0359040">
    <ele>3.8</ele>
    <time>2026-01-09T18:27:59Z</time>
   </trkpt>
   <trkpt lat="40.7244540" lon="-74.0359370">
    <ele>3.8</ele>
    <time>2026-01-09T18:28:00Z</time>
   </trkpt>
   <trkpt lat="40.7244040" lon="-74.0359620">
    <ele>3.8</ele>
    <time>2026-01-09T18:28:01Z</time>
   </trkpt>
   <trkpt lat="40.7243520" lon="-74.0359780">
    <ele>3.8</ele>
    <time>2026-01-09T18:28:02Z</time>
   </trkpt>
   <trkpt lat="40.7243010" lon="-74.0360060">
    <ele>3.8</ele>
    <time>2026-01-09T18:28:03Z</time>
   </trkpt>
   <trkpt lat="40.7242480" lon="-74.0360220">
    <ele>3.8</ele>
    <time>2026-01-09T18:28:04Z</time>
   </trkpt>
   <trkpt lat="40.7241930" lon="-74.0360490">
    <ele>3.8</ele>
    <time>2026-01-09T18:28:05Z</time>
   </trkpt>
   <trkpt lat="40.7241430" lon="-74.0360660">
    <ele>3.7</ele>
    <time>2026-01-09T18:28:06Z</time>
   </trkpt>
   <trkpt lat="40.7241140" lon="-74.0360850">
    <ele>3.7</ele>
    <time>2026-01-09T18:28:07Z</time>
   </trkpt>
   <trkpt lat="40.7240550" lon="-74.0361110">
    <ele>3.6</ele>
    <time>2026-01-09T18:28:08Z</time>
   </trkpt>
   <trkpt lat="40.7240040" lon="-74.0361330">
    <ele>3.6</ele>
    <time>2026-01-09T18:28:09Z</time>
   </trkpt>
   <trkpt lat="40.7239540" lon="-74.0361520">
    <ele>3.5</ele>
    <time>2026-01-09T18:28:10Z</time>
   </trkpt>
   <trkpt lat="40.7238990" lon="-74.0361650">
    <ele>3.5</ele>
    <time>2026-01-09T18:28:11Z</time>
   </trkpt>
   <trkpt lat="40.7238380" lon="-74.0361750">
    <ele>3.4</ele>
    <time>2026-01-09T18:28:12Z</time>
   </trkpt>
   <trkpt lat="40.7237920" lon="-74.0362010">
    <ele>3.4</ele>
    <time>2026-01-09T18:28:13Z</time>
   </trkpt>
   <trkpt lat="40.7237320" lon="-74.0362100">
    <ele>3.3</ele>
    <time>2026-01-09T18:28:14Z</time>
   </trkpt>
   <trkpt lat="40.7236730" lon="-74.0362110">
    <ele>3.3</ele>
    <time>2026-01-09T18:28:15Z</time>
   </trkpt>
   <trkpt lat="40.7236200" lon="-74.0362220">
    <ele>3.3</ele>
    <time>2026-01-09T18:28:16Z</time>
   </trkpt>
   <trkpt lat="40.7235770" lon="-74.0362400">
    <ele>3.3</ele>
    <time>2026-01-09T18:28:17Z</time>
   </trkpt>
   <trkpt lat="40.7235150" lon="-74.0362470">
    <ele>3.3</ele>
    <time>2026-01-09T18:28:18Z</time>
   </trkpt>
   <trkpt lat="40.7234620" lon="-74.0362560">
    <ele>3.3</ele>
    <time>2026-01-09T18:28:19Z</time>
   </trkpt>
   <trkpt lat="40.7234070" lon="-74.0362670">
    <ele>3.3</ele>
    <time>2026-01-09T18:28:20Z</time>
   </trkpt>
   <trkpt lat="40.7233520" lon="-74.0362460">
    <ele>3.3</ele>
    <time>2026-01-09T18:28:21Z</time>
   </trkpt>
   <trkpt lat="40.7232970" lon="-74.0362510">
    <ele>3.3</ele>
    <time>2026-01-09T18:28:22Z</time>
   </trkpt>
   <trkpt lat="40.7232440" lon="-74.0362530">
    <ele>3.3</ele>
    <time>2026-01-09T18:28:23Z</time>
   </trkpt>
   <trkpt lat="40.7231860" lon="-74.0362580">
    <ele>3.3</ele>
    <time>2026-01-09T18:28:24Z</time>
   </trkpt>
   <trkpt lat="40.7231330" lon="-74.0362670">
    <ele>3.2</ele>
    <time>2026-01-09T18:28:25Z</time>
   </trkpt>
   <trkpt lat="40.7230810" lon="-74.0362740">
    <ele>3.2</ele>
    <time>2026-01-09T18:28:26Z</time>
   </trkpt>
   <trkpt lat="40.7230260" lon="-74.0362840">
    <ele>3.2</ele>
    <time>2026-01-09T18:28:27Z</time>
   </trkpt>
   <trkpt lat="40.7229710" lon="-74.0362940">
    <ele>3.2</ele>
    <time>2026-01-09T18:28:28Z</time>
   </trkpt>
   <trkpt lat="40.7229140" lon="-74.0363030">
    <ele>3.2</ele>
    <time>2026-01-09T18:28:29Z</time>
   </trkpt>
   <trkpt lat="40.7228610" lon="-74.0363100">
    <ele>3.3</ele>
    <time>2026-01-09T18:28:30Z</time>
   </trkpt>
   <trkpt lat="40.7228030" lon="-74.0363290">
    <ele>3.3</ele>
    <time>2026-01-09T18:28:31Z</time>
   </trkpt>
   <trkpt lat="40.7227530" lon="-74.0363430">
    <ele>3.3</ele>
    <time>2026-01-09T18:28:32Z</time>
   </trkpt>
   <trkpt lat="40.7227010" lon="-74.0363520">
    <ele>3.3</ele>
    <time>2026-01-09T18:28:33Z</time>
   </trkpt>
   <trkpt lat="40.7226520" lon="-74.0363820">
    <ele>3.3</ele>
    <time>2026-01-09T18:28:34Z</time>
   </trkpt>
   <trkpt lat="40.7225950" lon="-74.0363690">
    <ele>3.3</ele>
    <time>2026-01-09T18:28:35Z</time>
   </trkpt>
   <trkpt lat="40.7225380" lon="-74.0363590">
    <ele>3.3</ele>
    <time>2026-01-09T18:28:36Z</time>
   </trkpt>
   <trkpt lat="40.7224890" lon="-74.0363720">
    <ele>3.3</ele>
    <time>2026-01-09T18:28:37Z</time>
   </trkpt>
   <trkpt lat="40.7224320" lon="-74.0363810">
    <ele>3.4</ele>
    <time>2026-01-09T18:28:38Z</time>
   </trkpt>
   <trkpt lat="40.7223880" lon="-74.0363920">
    <ele>3.4</ele>
    <time>2026-01-09T18:28:39Z</time>
   </trkpt>
   <trkpt lat="40.7223370" lon="-74.0363910">
    <ele>3.4</ele>
    <time>2026-01-09T18:28:40Z</time>
   </trkpt>
   <trkpt lat="40.7222850" lon="-74.0363900">
    <ele>3.4</ele>
    <time>2026-01-09T18:28:41Z</time>
   </trkpt>
   <trkpt lat="40.7222370" lon="-74.0364010">
    <ele>3.4</ele>
    <time>2026-01-09T18:28:42Z</time>
   </trkpt>
   <trkpt lat="40.7221920" lon="-74.0364050">
    <ele>3.5</ele>
    <time>2026-01-09T18:28:43Z</time>
   </trkpt>
   <trkpt lat="40.7221500" lon="-74.0364050">
    <ele>3.5</ele>
    <time>2026-01-09T18:28:44Z</time>
   </trkpt>
   <trkpt lat="40.7221120" lon="-74.0364030">
    <ele>3.5</ele>
    <time>2026-01-09T18:28:45Z</time>
   </trkpt>
   <trkpt lat="40.7220700" lon="-74.0364030">
    <ele>3.5</ele>
    <time>2026-01-09T18:28:46Z</time>
   </trkpt>
   <trkpt lat="40.7220310" lon="-74.0364000">
    <ele>3.5</ele>
    <time>2026-01-09T18:28:47Z</time>
   </trkpt>
   <trkpt lat="40.7219920" lon="-74.0364100">
    <ele>3.5</ele>
    <time>2026-01-09T18:28:48Z</time>
   </trkpt>
   <trkpt lat="40.7219760" lon="-74.0364140">
    <ele>3.5</ele>
    <time>2026-01-09T18:28:49Z</time>
   </trkpt>
   <trkpt lat="40.7219430" lon="-74.0364330">
    <ele>3.6</ele>
    <time>2026-01-09T18:28:50Z</time>
   </trkpt>
   <trkpt lat="40.7219320" lon="-74.0364420">
    <ele>3.6</ele>
    <time>2026-01-09T18:28:51Z</time>
   </trkpt>
   <trkpt lat="40.7218960" lon="-74.0364540">
    <ele>3.6</ele>
    <time>2026-01-09T18:28:52Z</time>
   </trkpt>
   <trkpt lat="40.7218590" lon="-74.0364630">
    <ele>3.7</ele>
    <time>2026-01-09T18:28:53Z</time>
   </trkpt>
   <trkpt lat="40.7218260" lon="-74.0364840">
    <ele>3.7</ele>
    <time>2026-01-09T18:28:54Z</time>
   </trkpt>
   <trkpt lat="40.7218160" lon="-74.0364900">
    <ele>3.7</ele>
    <time>2026-01-09T18:28:55Z</time>
   </trkpt>
   <trkpt lat="40.7217950" lon="-74.0365320">
    <ele>3.7</ele>
    <time>2026-01-09T18:28:56Z</time>
   </trkpt>
   <trkpt lat="40.7217860" lon="-74.0365470">
    <ele>3.7</ele>
    <time>2026-01-09T18:28:57Z</time>
   </trkpt>
   <trkpt lat="40.7217550" lon="-74.0365400">
    <ele>3.7</ele>
    <time>2026-01-09T18:28:58Z</time>
   </trkpt>
   <trkpt lat="40.7217390" lon="-74.0365320">
    <ele>3.7</ele>
    <time>2026-01-09T18:28:59Z</time>
   </trkpt>
   <trkpt lat="40.7217000" lon="-74.0365150">
    <ele>3.7</ele>
    <time>2026-01-09T18:29:00Z</time>
   </trkpt>
   <trkpt lat="40.7216680" lon="-74.0364950">
    <ele>3.7</ele>
    <time>2026-01-09T18:29:01Z</time>
   </trkpt>
   <trkpt lat="40.7216400" lon="-74.0365140">
    <ele>3.7</ele>
    <time>2026-01-09T18:29:02Z</time>
   </trkpt>
   <trkpt lat="40.7216120" lon="-74.0365320">
    <ele>3.7</ele>
    <time>2026-01-09T18:29:03Z</time>
   </trkpt>
   <trkpt lat="40.7215800" lon="-74.0365340">
    <ele>3.7</ele>
    <time>2026-01-09T18:29:04Z</time>
   </trkpt>
   <trkpt lat="40.7215480" lon="-74.0365470">
    <ele>3.6</ele>
    <time>2026-01-09T18:29:05Z</time>
   </trkpt>
   <trkpt lat="40.7215100" lon="-74.0365620">
    <ele>3.6</ele>
    <time>2026-01-09T18:29:06Z</time>
   </trkpt>
   <trkpt lat="40.7214670" lon="-74.0365790">
    <ele>3.6</ele>
    <time>2026-01-09T18:29:07Z</time>
   </trkpt>
   <trkpt lat="40.7214470" lon="-74.0365790">
    <ele>3.6</ele>
    <time>2026-01-09T18:29:08Z</time>
   </trkpt>
   <trkpt lat="40.7214130" lon="-74.0365800">
    <ele>3.6</ele>
    <time>2026-01-09T18:29:09Z</time>
   </trkpt>
   <trkpt lat="40.7213790" lon="-74.0365290">
    <ele>3.6</ele>
    <time>2026-01-09T18:29:10Z</time>
   </trkpt>
   <trkpt lat="40.7213400" lon="-74.0365240">
    <ele>3.6</ele>
    <time>2026-01-09T18:29:11Z</time>
   </trkpt>
   <trkpt lat="40.7212950" lon="-74.0365120">
    <ele>3.7</ele>
    <time>2026-01-09T18:29:12Z</time>
   </trkpt>
   <trkpt lat="40.7212570" lon="-74.0365260">
    <ele>3.7</ele>
    <time>2026-01-09T18:29:13Z</time>
   </trkpt>
   <trkpt lat="40.7212400" lon="-74.0365280">
    <ele>3.7</ele>
    <time>2026-01-09T18:29:14Z</time>
   </trkpt>
   <trkpt lat="40.7212050" lon="-74.0365320">
    <ele>3.7</ele>
    <time>2026-01-09T18:29:15Z</time>
   </trkpt>
   <trkpt lat="40.7211740" lon="-74.0365470">
    <ele>3.7</ele>
    <time>2026-01-09T18:29:16Z</time>
   </trkpt>
   <trkpt lat="40.7211460" lon="-74.0365390">
    <ele>3.7</ele>
    <time>2026-01-09T18:29:17Z</time>
   </trkpt>
   <trkpt lat="40.7211150" lon="-74.0365430">
    <ele>3.7</ele>
    <time>2026-01-09T18:29:18Z</time>
   </trkpt>
   <trkpt lat="40.7210860" lon="-74.0365440">
    <ele>3.6</ele>
    <time>2026-01-09T18:29:19Z</time>
   </trkpt>
   <trkpt lat="40.7210760" lon="-74.0365440">
    <ele>3.6</ele>
    <time>2026-01-09T18:29:20Z</time>
   </trkpt>
   <trkpt lat="40.7210400" lon="-74.0365450">
    <ele>3.6</ele>
    <time>2026-01-09T18:29:21Z</time>
   </trkpt>
   <trkpt lat="40.7210300" lon="-74.0365470">
    <ele>3.5</ele>
    <time>2026-01-09T18:29:22Z</time>
   </trkpt>
   <trkpt lat="40.7209930" lon="-74.0365490">
    <ele>3.5</ele>
    <time>2026-01-09T18:29:23Z</time>
   </trkpt>
   <trkpt lat="40.7209630" lon="-74.0365600">
    <ele>3.5</ele>
    <time>2026-01-09T18:29:24Z</time>
   </trkpt>
   <trkpt lat="40.7209550" lon="-74.0365630">
    <ele>3.5</ele>
    <time>2026-01-09T18:29:25Z</time>
   </trkpt>
   <trkpt lat="40.7209310" lon="-74.0365530">
    <ele>3.4</ele>
    <time>2026-01-09T18:29:26Z</time>
   </trkpt>
   <trkpt lat="40.7209240" lon="-74.0365510">
    <ele>3.4</ele>
    <time>2026-01-09T18:29:27Z</time>
   </trkpt>
   <trkpt lat="40.7208810" lon="-74.0365580">
    <ele>3.4</ele>
    <time>2026-01-09T18:29:28Z</time>
   </trkpt>
   <trkpt lat="40.7208640" lon="-74.0365610">
    <ele>3.4</ele>
    <time>2026-01-09T18:29:29Z</time>
   </trkpt>
   <trkpt lat="40.7208240" lon="-74.0365730">
    <ele>3.3</ele>
    <time>2026-01-09T18:29:30Z</time>
   </trkpt>
   <trkpt lat="40.7208050" lon="-74.0365760">
    <ele>3.3</ele>
    <time>2026-01-09T18:29:31Z</time>
   </trkpt>
   <trkpt lat="40.7207680" lon="-74.0365850">
    <ele>3.2</ele>
    <time>2026-01-09T18:29:32Z</time>
   </trkpt>
   <trkpt lat="40.7207400" lon="-74.0365950">
    <ele>3.2</ele>
    <time>2026-01-09T18:29:33Z</time>
   </trkpt>
   <trkpt lat="40.7207100" lon="-74.0366020">
    <ele>3.2</ele>
    <time>2026-01-09T18:29:34Z</time>
   </trkpt>
   <trkpt lat="40.7206710" lon="-74.0366090">
    <ele>3.1</ele>
    <time>2026-01-09T18:29:35Z</time>
   </trkpt>
   <trkpt lat="40.7206390" lon="-74.0366200">
    <ele>3.1</ele>
    <time>2026-01-09T18:29:36Z</time>
   </trkpt>
   <trkpt lat="40.7205950" lon="-74.0366270">
    <ele>3.0</ele>
    <time>2026-01-09T18:29:37Z</time>
   </trkpt>
   <trkpt lat="40.7205590" lon="-74.0366420">
    <ele>3.0</ele>
    <time>2026-01-09T18:29:38Z</time>
   </trkpt>
   <trkpt lat="40.7205430" lon="-74.0366450">
    <ele>2.9</ele>
    <time>2026-01-09T18:29:39Z</time>
   </trkpt>
   <trkpt lat="40.7205010" lon="-74.0366560">
    <ele>2.9</ele>
    <time>2026-01-09T18:29:40Z</time>
   </trkpt>
   <trkpt lat="40.7204640" lon="-74.0366640">
    <ele>2.9</ele>
    <time>2026-01-09T18:29:41Z</time>
   </trkpt>
   <trkpt lat="40.7204330" lon="-74.0366730">
    <ele>2.8</ele>
    <time>2026-01-09T18:29:42Z</time>
   </trkpt>
   <trkpt lat="40.7203920" lon="-74.0366790">
    <ele>2.8</ele>
    <time>2026-01-09T18:29:43Z</time>
   </trkpt>
   <trkpt lat="40.7203770" lon="-74.0366880">
    <ele>2.8</ele>
    <time>2026-01-09T18:29:44Z</time>
   </trkpt>
   <trkpt lat="40.7203460" lon="-74.0366950">
    <ele>2.7</ele>
    <time>2026-01-09T18:29:45Z</time>
   </trkpt>
   <trkpt lat="40.7203190" lon="-74.0367120">
    <ele>2.7</ele>
    <time>2026-01-09T18:29:46Z</time>
   </trkpt>
   <trkpt lat="40.7202840" lon="-74.0367260">
    <ele>2.7</ele>
    <time>2026-01-09T18:29:47Z</time>
   </trkpt>
   <trkpt lat="40.7202530" lon="-74.0367160">
    <ele>2.7</ele>
    <time>2026-01-09T18:29:48Z</time>
   </trkpt>
   <trkpt lat="40.7202140" lon="-74.0367100">
    <ele>2.7</ele>
    <time>2026-01-09T18:29:49Z</time>
   </trkpt>
   <trkpt lat="40.7201860" lon="-74.0367170">
    <ele>2.7</ele>
    <time>2026-01-09T18:29:50Z</time>
   </trkpt>
   <trkpt lat="40.7201450" lon="-74.0367410">
    <ele>2.7</ele>
    <time>2026-01-09T18:29:51Z</time>
   </trkpt>
   <trkpt lat="40.7200960" lon="-74.0367310">
    <ele>2.7</ele>
    <time>2026-01-09T18:29:52Z</time>
   </trkpt>
   <trkpt lat="40.7200560" lon="-74.0367290">
    <ele>2.7</ele>
    <time>2026-01-09T18:29:53Z</time>
   </trkpt>
   <trkpt lat="40.7200010" lon="-74.0367450">
    <ele>2.8</ele>
    <time>2026-01-09T18:29:54Z</time>
   </trkpt>
   <trkpt lat="40.7199620" lon="-74.0367640">
    <ele>2.8</ele>
    <time>2026-01-09T18:29:55Z</time>
   </trkpt>
   <trkpt lat="40.7199210" lon="-74.0367750">
    <ele>2.8</ele>
    <time>2026-01-09T18:29:56Z</time>
   </trkpt>
   <trkpt lat="40.7198830" lon="-74.0367810">
    <ele>2.8</ele>
    <time>2026-01-09T18:29:57Z</time>
   </trkpt>
   <trkpt lat="40.7198500" lon="-74.0367910">
    <ele>2.8</ele>
    <time>2026-01-09T18:29:58Z</time>
   </trkpt>
   <trkpt lat="40.7198230" lon="-74.0368040">
    <ele>2.8</ele>
    <time>2026-01-09T18:29:59Z</time>
   </trkpt>
   <trkpt lat="40.7197870" lon="-74.0368160">
    <ele>2.8</ele>
    <time>2026-01-09T18:30:00Z</time>
   </trkpt>
   <trkpt lat="40.7197560" lon="-74.0368290">
    <ele>2.8</ele>
    <time>2026-01-09T18:30:01Z</time>
   </trkpt>
   <trkpt lat="40.7197230" lon="-74.0368250">
    <ele>2.9</ele>
    <time>2026-01-09T18:30:02Z</time>
   </trkpt>
   <trkpt lat="40.7197130" lon="-74.0368260">
    <ele>2.9</ele>
    <time>2026-01-09T18:30:03Z</time>
   </trkpt>
   <trkpt lat="40.7196890" lon="-74.0368100">
    <ele>2.9</ele>
    <time>2026-01-09T18:30:04Z</time>
   </trkpt>
   <trkpt lat="40.7196830" lon="-74.0367900">
    <ele>2.9</ele>
    <time>2026-01-09T18:30:05Z</time>
   </trkpt>
   <trkpt lat="40.7196310" lon="-74.0367820">
    <ele>2.9</ele>
    <time>2026-01-09T18:30:06Z</time>
   </trkpt>
   <trkpt lat="40.7196060" lon="-74.0367750">
    <ele>2.9</ele>
    <time>2026-01-09T18:30:07Z</time>
   </trkpt>
   <trkpt lat="40.7195660" lon="-74.0367880">
    <ele>2.9</ele>
    <time>2026-01-09T18:30:08Z</time>
   </trkpt>
   <trkpt lat="40.7195300" lon="-74.0367910">
    <ele>2.9</ele>
    <time>2026-01-09T18:30:09Z</time>
   </trkpt>
   <trkpt lat="40.7195020" lon="-74.0368110">
    <ele>3.0</ele>
    <time>2026-01-09T18:30:10Z</time>
   </trkpt>
   <trkpt lat="40.7194610" lon="-74.0368080">
    <ele>3.0</ele>
    <time>2026-01-09T18:30:11Z</time>
   </trkpt>
   <trkpt lat="40.7194250" lon="-74.0368470">
    <ele>3.0</ele>
    <time>2026-01-09T18:30:12Z</time>
   </trkpt>
   <trkpt lat="40.7194080" lon="-74.0368630">
    <ele>3.0</ele>
    <time>2026-01-09T18:30:13Z</time>
   </trkpt>
   <trkpt lat="40.7193660" lon="-74.0368780">
    <ele>3.0</ele>
    <time>2026-01-09T18:30:14Z</time>
   </trkpt>
   <trkpt lat="40.7193190" lon="-74.0368930">
    <ele>3.0</ele>
    <time>2026-01-09T18:30:15Z</time>
   </trkpt>
   <trkpt lat="40.7192740" lon="-74.0369030">
    <ele>3.0</ele>
    <time>2026-01-09T18:30:16Z</time>
   </trkpt>
   <trkpt lat="40.7192290" lon="-74.0369190">
    <ele>3.1</ele>
    <time>2026-01-09T18:30:17Z</time>
   </trkpt>
   <trkpt lat="40.7191850" lon="-74.0369270">
    <ele>3.1</ele>
    <time>2026-01-09T18:30:18Z</time>
   </trkpt>
   <trkpt lat="40.7191390" lon="-74.0369360">
    <ele>3.1</ele>
    <time>2026-01-09T18:30:19Z</time>
   </trkpt>
   <trkpt lat="40.7191020" lon="-74.0369520">
    <ele>3.1</ele>
    <time>2026-01-09T18:30:20Z</time>
   </trkpt>
   <trkpt lat="40.7190540" lon="-74.0369600">
    <ele>3.1</ele>
    <time>2026-01-09T18:30:21Z</time>
   </trkpt>
   <trkpt lat="40.7190190" lon="-74.0369780">
    <ele>3.1</ele>
    <time>2026-01-09T18:30:22Z</time>
   </trkpt>
   <trkpt lat="40.7190020" lon="-74.0369860">
    <ele>3.1</ele>
    <time>2026-01-09T18:30:23Z</time>
   </trkpt>
   <trkpt lat="40.7189740" lon="-74.0370060">
    <ele>3.1</ele>
    <time>2026-01-09T18:30:24Z</time>
   </trkpt>
   <trkpt lat="40.7189350" lon="-74.0370170">
    <ele>3.1</ele>
    <time>2026-01-09T18:30:25Z</time>
   </trkpt>
   <trkpt lat="40.7189080" lon="-74.0370320">
    <ele>3.1</ele>
    <time>2026-01-09T18:30:26Z</time>
   </trkpt>
   <trkpt lat="40.7188760" lon="-74.0370500">
    <ele>3.2</ele>
    <time>2026-01-09T18:30:27Z</time>
   </trkpt>
   <trkpt lat="40.7188340" lon="-74.0370590">
    <ele>3.2</ele>
    <time>2026-01-09T18:30:28Z</time>
   </trkpt>
   <trkpt lat="40.7188170" lon="-74.0370610">
    <ele>3.2</ele>
    <time>2026-01-09T18:30:29Z</time>
   </trkpt>
   <trkpt lat="40.7187830" lon="-74.0370720">
    <ele>3.2</ele>
    <time>2026-01-09T18:30:30Z</time>
   </trkpt>
   <trkpt lat="40.7187130" lon="-74.0370970">
    <ele>3.2</ele>
    <time>2026-01-09T18:30:31Z</time>
   </trkpt>
   <trkpt lat="40.7186680" lon="-74.0371080">
    <ele>3.2</ele>
    <time>2026-01-09T18:30:32Z</time>
   </trkpt>
   <trkpt lat="40.7186250" lon="-74.0371210">
    <ele>3.2</ele>
    <time>2026-01-09T18:30:33Z</time>
   </trkpt>
   <trkpt lat="40.7185780" lon="-74.0371290">
    <ele>3.2</ele>
    <time>2026-01-09T18:30:34Z</time>
   </trkpt>
   <trkpt lat="40.7185380" lon="-74.0371340">
    <ele>3.2</ele>
    <time>2026-01-09T18:30:35Z</time>
   </trkpt>
   <trkpt lat="40.7184950" lon="-74.0371570">
    <ele>3.2</ele>
    <time>2026-01-09T18:30:36Z</time>
   </trkpt>
   <trkpt lat="40.7184600" lon="-74.0371580">
    <ele>3.2</ele>
    <time>2026-01-09T18:30:37Z</time>
   </trkpt>
   <trkpt lat="40.7184200" lon="-74.0371560">
    <ele>3.2</ele>
    <time>2026-01-09T18:30:38Z</time>
   </trkpt>
   <trkpt lat="40.7183830" lon="-74.0371570">
    <ele>3.2</ele>
    <time>2026-01-09T18:30:39Z</time>
   </trkpt>
   <trkpt lat="40.7183490" lon="-74.0371750">
    <ele>3.2</ele>
    <time>2026-01-09T18:30:40Z</time>
   </trkpt>
   <trkpt lat="40.7183130" lon="-74.0371940">
    <ele>3.2</ele>
    <time>2026-01-09T18:30:41Z</time>
   </trkpt>
   <trkpt lat="40.7182610" lon="-74.0371840">
    <ele>3.2</ele>
    <time>2026-01-09T18:30:42Z</time>
   </trkpt>
   <trkpt lat="40.7182200" lon="-74.0371920">
    <ele>3.2</ele>
    <time>2026-01-09T18:30:43Z</time>
   </trkpt>
   <trkpt lat="40.7181850" lon="-74.0372050">
    <ele>3.1</ele>
    <time>2026-01-09T18:30:44Z</time>
   </trkpt>
   <trkpt lat="40.7181560" lon="-74.0372340">
    <ele>3.1</ele>
    <time>2026-01-09T18:30:45Z</time>
   </trkpt>
   <trkpt lat="40.7181160" lon="-74.0372240">
    <ele>3.1</ele>
    <time>2026-01-09T18:30:46Z</time>
   </trkpt>
   <trkpt lat="40.7180800" lon="-74.0372320">
    <ele>3.0</ele>
    <time>2026-01-09T18:30:47Z</time>
   </trkpt>
   <trkpt lat="40.7180460" lon="-74.0372250">
    <ele>3.0</ele>
    <time>2026-01-09T18:30:48Z</time>
   </trkpt>
   <trkpt lat="40.7180160" lon="-74.0372260">
    <ele>3.0</ele>
    <time>2026-01-09T18:30:49Z</time>
   </trkpt>
   <trkpt lat="40.7179880" lon="-74.0372370">
    <ele>3.0</ele>
    <time>2026-01-09T18:30:50Z</time>
   </trkpt>
   <trkpt lat="40.7179540" lon="-74.0372500">
    <ele>3.0</ele>
    <time>2026-01-09T18:30:51Z</time>
   </trkpt>
   <trkpt lat="40.7179400" lon="-74.0372530">
    <ele>3.0</ele>
    <time>2026-01-09T18:30:52Z</time>
   </trkpt>
   <trkpt lat="40.7179250" lon="-74.0372420">
    <ele>3.0</ele>
    <time>2026-01-09T18:30:53Z</time>
   </trkpt>
   <trkpt lat="40.7179150" lon="-74.0372260">
    <ele>2.9</ele>
    <time>2026-01-09T18:30:54Z</time>
   </trkpt>
   <trkpt lat="40.7178890" lon="-74.0372110">
    <ele>2.9</ele>
    <time>2026-01-09T18:30:55Z</time>
   </trkpt>
   <trkpt lat="40.7178830" lon="-74.0372080">
    <ele>2.9</ele>
    <time>2026-01-09T18:30:56Z</time>
   </trkpt>
   <trkpt lat="40.7178760" lon="-74.0372050">
    <ele>2.9</ele>
    <time>2026-01-09T18:30:57Z</time>
   </trkpt>
   <trkpt lat="40.7178560" lon="-74.0371500">
    <ele>2.9</ele>
    <time>2026-01-09T18:30:58Z</time>
   </trkpt>
   <trkpt lat="40.7178300" lon="-74.0371220">
    <ele>2.8</ele>
    <time>2026-01-09T18:30:59Z</time>
   </trkpt>
   <trkpt lat="40.7178160" lon="-74.0370980">
    <ele>2.8</ele>
    <time>2026-01-09T18:31:00Z</time>
   </trkpt>
   <trkpt lat="40.7178020" lon="-74.0370930">
    <ele>2.8</ele>
    <time>2026-01-09T18:31:01Z</time>
   </trkpt>
   <trkpt lat="40.7177910" lon="-74.0370800">
    <ele>2.8</ele>
    <time>2026-01-09T18:31:02Z</time>
   </trkpt>
   <trkpt lat="40.7177920" lon="-74.0370820">
    <ele>2.8</ele>
    <time>2026-01-09T18:31:03Z</time>
   </trkpt>
   <trkpt lat="40.7178000" lon="-74.0370870">
    <ele>2.8</ele>
    <time>2026-01-09T18:31:04Z</time>
   </trkpt>
   <trkpt lat="40.7178000" lon="-74.0370880">
    <ele>2.8</ele>
    <time>2026-01-09T18:31:05Z</time>
   </trkpt>
   <trkpt lat="40.7178000" lon="-74.0370880">
    <ele>2.8</ele>
    <time>2026-01-09T18:31:06Z</time>
   </trkpt>
   <trkpt lat="40.7178000" lon="-74.0370880">
    <ele>2.8</ele>
    <time>2026-01-09T18:31:07Z</time>
   </trkpt>
   <trkpt lat="40.7178000" lon="-74.0370880">
    <ele>2.8</ele>
    <time>2026-01-09T18:31:08Z</time>
   </trkpt>
   <trkpt lat="40.7178030" lon="-74.0370970">
    <ele>2.8</ele>
    <time>2026-01-09T18:31:09Z</time>
   </trkpt>
   <trkpt lat="40.7178010" lon="-74.0370920">
    <ele>2.8</ele>
    <time>2026-01-09T18:31:10Z</time>
   </trkpt>
   <trkpt lat="40.7178000" lon="-74.0370700">
    <ele>2.8</ele>
    <time>2026-01-09T18:31:11Z</time>
   </trkpt>
   <trkpt lat="40.7178060" lon="-74.0370540">
    <ele>2.8</ele>
    <time>2026-01-09T18:31:12Z</time>
   </trkpt>
   <trkpt lat="40.7178030" lon="-74.0370380">
    <ele>2.8</ele>
    <time>2026-01-09T18:31:13Z</time>
   </trkpt>
   <trkpt lat="40.7178040" lon="-74.0370170">
    <ele>2.8</ele>
    <time>2026-01-09T18:31:14Z</time>
   </trkpt>
   <trkpt lat="40.7177900" lon="-74.0370070">
    <ele>2.8</ele>
    <time>2026-01-09T18:31:15Z</time>
   </trkpt>
   <trkpt lat="40.7177850" lon="-74.0369880">
    <ele>2.7</ele>
    <time>2026-01-09T18:31:16Z</time>
   </trkpt>
   <trkpt lat="40.7177810" lon="-74.0369700">
    <ele>2.7</ele>
    <time>2026-01-09T18:31:17Z</time>
   </trkpt>
   <trkpt lat="40.7177760" lon="-74.0369310">
    <ele>2.7</ele>
    <time>2026-01-09T18:31:18Z</time>
   </trkpt>
   <trkpt lat="40.7177750" lon="-74.0369160">
    <ele>2.7</ele>
    <time>2026-01-09T18:31:19Z</time>
   </trkpt>
   <trkpt lat="40.7177680" lon="-74.0368870">
    <ele>2.7</ele>
    <time>2026-01-09T18:31:20Z</time>
   </trkpt>
   <trkpt lat="40.7177660" lon="-74.0368780">
    <ele>2.7</ele>
    <time>2026-01-09T18:31:21Z</time>
   </trkpt>
   <trkpt lat="40.7177630" lon="-74.0368680">
    <ele>2.7</ele>
    <time>2026-01-09T18:31:22Z</time>
   </trkpt>
   <trkpt lat="40.7177570" lon="-74.0368550">
    <ele>2.7</ele>
    <time>2026-01-09T18:31:23Z</time>
   </trkpt>
   <trkpt lat="40.7177500" lon="-74.0368390">
    <ele>2.7</ele>
    <time>2026-01-09T18:31:24Z</time>
   </trkpt>
   <trkpt lat="40.7177510" lon="-74.0368260">
    <ele>2.7</ele>
    <time>2026-01-09T18:31:25Z</time>
   </trkpt>
   <trkpt lat="40.7177480" lon="-74.0368060">
    <ele>2.7</ele>
    <time>2026-01-09T18:31:26Z</time>
   </trkpt>
   <trkpt lat="40.7177340" lon="-74.0367890">
    <ele>2.7</ele>
    <time>2026-01-09T18:31:27Z</time>
   </trkpt>
   <trkpt lat="40.7177290" lon="-74.0367550">
    <ele>2.7</ele>
    <time>2026-01-09T18:31:28Z</time>
   </trkpt>
   <trkpt lat="40.7177280" lon="-74.0367410">
    <ele>2.7</ele>
    <time>2026-01-09T18:31:29Z</time>
   </trkpt>
   <trkpt lat="40.7177240" lon="-74.0367200">
    <ele>2.7</ele>
    <time>2026-01-09T18:31:30Z</time>
   </trkpt>
   <trkpt lat="40.7177160" lon="-74.0366980">
    <ele>2.7</ele>
    <time>2026-01-09T18:31:31Z</time>
   </trkpt>
   <trkpt lat="40.7177110" lon="-74.0366860">
    <ele>2.7</ele>
    <time>2026-01-09T18:31:32Z</time>
   </trkpt>
   <trkpt lat="40.7176960" lon="-74.0366680">
    <ele>2.7</ele>
    <time>2026-01-09T18:31:33Z</time>
   </trkpt>
   <trkpt lat="40.7176770" lon="-74.0366530">
    <ele>2.6</ele>
    <time>2026-01-09T18:31:34Z</time>
   </trkpt>
   <trkpt lat="40.7176820" lon="-74.0366310">
    <ele>2.6</ele>
    <time>2026-01-09T18:31:35Z</time>
   </trkpt>
   <trkpt lat="40.7176710" lon="-74.0365930">
    <ele>2.6</ele>
    <time>2026-01-09T18:31:36Z</time>
   </trkpt>
   <trkpt lat="40.7176680" lon="-74.0365810">
    <ele>2.6</ele>
    <time>2026-01-09T18:31:37Z</time>
   </trkpt>
   <trkpt lat="40.7176630" lon="-74.0365610">
    <ele>2.6</ele>
    <time>2026-01-09T18:31:38Z</time>
   </trkpt>
   <trkpt lat="40.7176530" lon="-74.0365420">
    <ele>2.6</ele>
    <time>2026-01-09T18:31:39Z</time>
   </trkpt>
   <trkpt lat="40.7176450" lon="-74.0365250">
    <ele>2.6</ele>
    <time>2026-01-09T18:31:40Z</time>
   </trkpt>
   <trkpt lat="40.7176360" lon="-74.0365070">
    <ele>2.6</ele>
    <time>2026-01-09T18:31:41Z</time>
   </trkpt>
   <trkpt lat="40.7176330" lon="-74.0364840">
    <ele>2.6</ele>
    <time>2026-01-09T18:31:42Z</time>
   </trkpt>
   <trkpt lat="40.7176330" lon="-74.0364630">
    <ele>2.6</ele>
    <time>2026-01-09T18:31:43Z</time>
   </trkpt>
   <trkpt lat="40.7176160" lon="-74.0364320">
    <ele>2.6</ele>
    <time>2026-01-09T18:31:44Z</time>
   </trkpt>
   <trkpt lat="40.7176090" lon="-74.0364190">
    <ele>2.6</ele>
    <time>2026-01-09T18:31:45Z</time>
   </trkpt>
   <trkpt lat="40.7176010" lon="-74.0364050">
    <ele>2.6</ele>
    <time>2026-01-09T18:31:46Z</time>
   </trkpt>
   <trkpt lat="40.7175780" lon="-74.0363870">
    <ele>2.6</ele>
    <time>2026-01-09T18:31:47Z</time>
   </trkpt>
   <trkpt lat="40.7175920" lon="-74.0363800">
    <ele>2.6</ele>
    <time>2026-01-09T18:31:48Z</time>
   </trkpt>
   <trkpt lat="40.7175940" lon="-74.0363670">
    <ele>2.6</ele>
    <time>2026-01-09T18:31:49Z</time>
   </trkpt>
   <trkpt lat="40.7176010" lon="-74.0363650">
    <ele>2.6</ele>
    <time>2026-01-09T18:31:50Z</time>
   </trkpt>
   <trkpt lat="40.7175840" lon="-74.0363250">
    <ele>2.6</ele>
    <time>2026-01-09T18:31:51Z</time>
   </trkpt>
   <trkpt lat="40.7175730" lon="-74.0363130">
    <ele>2.5</ele>
    <time>2026-01-09T18:31:52Z</time>
   </trkpt>
   <trkpt lat="40.7175660" lon="-74.0362930">
    <ele>2.5</ele>
    <time>2026-01-09T18:31:53Z</time>
   </trkpt>
   <trkpt lat="40.7175250" lon="-74.0362780">
    <ele>2.5</ele>
    <time>2026-01-09T18:31:54Z</time>
   </trkpt>
   <trkpt lat="40.7175060" lon="-74.0362740">
    <ele>2.5</ele>
    <time>2026-01-09T18:31:55Z</time>
   </trkpt>
   <trkpt lat="40.7174910" lon="-74.0362320">
    <ele>2.6</ele>
    <time>2026-01-09T18:31:56Z</time>
   </trkpt>
   <trkpt lat="40.7174960" lon="-74.0361870">
    <ele>2.6</ele>
    <time>2026-01-09T18:31:57Z</time>
   </trkpt>
   <trkpt lat="40.7174870" lon="-74.0361350">
    <ele>2.6</ele>
    <time>2026-01-09T18:31:58Z</time>
   </trkpt>
   <trkpt lat="40.7174860" lon="-74.0361140">
    <ele>2.6</ele>
    <time>2026-01-09T18:31:59Z</time>
   </trkpt>
   <trkpt lat="40.7174500" lon="-74.0360950">
    <ele>2.6</ele>
    <time>2026-01-09T18:32:00Z</time>
   </trkpt>
   <trkpt lat="40.7174440" lon="-74.0360550">
    <ele>2.6</ele>
    <time>2026-01-09T18:32:01Z</time>
   </trkpt>
   <trkpt lat="40.7174250" lon="-74.0360190">
    <ele>2.7</ele>
    <time>2026-01-09T18:32:02Z</time>
   </trkpt>
   <trkpt lat="40.7174070" lon="-74.0359790">
    <ele>2.7</ele>
    <time>2026-01-09T18:32:03Z</time>
   </trkpt>
   <trkpt lat="40.7173970" lon="-74.0359670">
    <ele>2.7</ele>
    <time>2026-01-09T18:32:04Z</time>
   </trkpt>
   <trkpt lat="40.7173650" lon="-74.0359550">
    <ele>2.8</ele>
    <time>2026-01-09T18:32:05Z</time>
   </trkpt>
   <trkpt lat="40.7173510" lon="-74.0359360">
    <ele>2.8</ele>
    <time>2026-01-09T18:32:06Z</time>
   </trkpt>
   <trkpt lat="40.7173570" lon="-74.0359160">
    <ele>2.8</ele>
    <time>2026-01-09T18:32:07Z</time>
   </trkpt>
   <trkpt lat="40.7173640" lon="-74.0358860">
    <ele>2.8</ele>
    <time>2026-01-09T18:32:08Z</time>
   </trkpt>
   <trkpt lat="40.7173670" lon="-74.0358640">
    <ele>2.9</ele>
    <time>2026-01-09T18:32:09Z</time>
   </trkpt>
   <trkpt lat="40.7173710" lon="-74.0358410">
    <ele>2.9</ele>
    <time>2026-01-09T18:32:10Z</time>
   </trkpt>
   <trkpt lat="40.7173890" lon="-74.0357980">
    <ele>2.9</ele>
    <time>2026-01-09T18:32:11Z</time>
   </trkpt>
   <trkpt lat="40.7173970" lon="-74.0357800">
    <ele>3.0</ele>
    <time>2026-01-09T18:32:12Z</time>
   </trkpt>
   <trkpt lat="40.7174060" lon="-74.0357520">
    <ele>3.0</ele>
    <time>2026-01-09T18:32:13Z</time>
   </trkpt>
   <trkpt lat="40.7174070" lon="-74.0357340">
    <ele>3.0</ele>
    <time>2026-01-09T18:32:14Z</time>
   </trkpt>
   <trkpt lat="40.7173810" lon="-74.0357270">
    <ele>3.0</ele>
    <time>2026-01-09T18:32:15Z</time>
   </trkpt>
   <trkpt lat="40.7173720" lon="-74.0357190">
    <ele>3.0</ele>
    <time>2026-01-09T18:32:16Z</time>
   </trkpt>
   <trkpt lat="40.7173430" lon="-74.0357270">
    <ele>3.0</ele>
    <time>2026-01-09T18:32:17Z</time>
   </trkpt>
   <trkpt lat="40.7173340" lon="-74.0357230">
    <ele>3.0</ele>
    <time>2026-01-09T18:32:18Z</time>
   </trkpt>
   <trkpt lat="40.7173140" lon="-74.0357250">
    <ele>3.0</ele>
    <time>2026-01-09T18:32:19Z</time>
   </trkpt>
   <trkpt lat="40.7172980" lon="-74.0357290">
    <ele>3.0</ele>
    <time>2026-01-09T18:32:20Z</time>
   </trkpt>
   <trkpt lat="40.7172870" lon="-74.0357250">
    <ele>3.0</ele>
    <time>2026-01-09T18:32:21Z</time>
   </trkpt>
   <trkpt lat="40.7172800" lon="-74.0357300">
    <ele>3.0</ele>
    <time>2026-01-09T18:32:22Z</time>
   </trkpt>
   <trkpt lat="40.7172770" lon="-74.0357360">
    <ele>3.0</ele>
    <time>2026-01-09T18:32:23Z</time>
   </trkpt>
   <trkpt lat="40.7172700" lon="-74.0357350">
    <ele>3.0</ele>
    <time>2026-01-09T18:32:24Z</time>
   </trkpt>
   <trkpt lat="40.7172710" lon="-74.0357210">
    <ele>3.0</ele>
    <time>2026-01-09T18:32:25Z</time>
   </trkpt>
   <trkpt lat="40.7172630" lon="-74.0357090">
    <ele>3.0</ele>
    <time>2026-01-09T18:32:26Z</time>
   </trkpt>
   <trkpt lat="40.7172540" lon="-74.0356980">
    <ele>3.0</ele>
    <time>2026-01-09T18:32:27Z</time>
   </trkpt>
   <trkpt lat="40.7172450" lon="-74.0356860">
    <ele>3.0</ele>
    <time>2026-01-09T18:32:28Z</time>
   </trkpt>
   <trkpt lat="40.7172280" lon="-74.0356570">
    <ele>3.1</ele>
    <time>2026-01-09T18:32:29Z</time>
   </trkpt>
   <trkpt lat="40.7172250" lon="-74.0356130">
    <ele>3.0</ele>
    <time>2026-01-09T18:32:30Z</time>
   </trkpt>
   <trkpt lat="40.7172430" lon="-74.0355630">
    <ele>3.0</ele>
    <time>2026-01-09T18:32:31Z</time>
   </trkpt>
   <trkpt lat="40.7172640" lon="-74.0355070">
    <ele>2.9</ele>
    <time>2026-01-09T18:32:32Z</time>
   </trkpt>
   <trkpt lat="40.7172690" lon="-74.0354790">
    <ele>2.9</ele>
    <time>2026-01-09T18:32:33Z</time>
   </trkpt>
   <trkpt lat="40.7172590" lon="-74.0354290">
    <ele>2.9</ele>
    <time>2026-01-09T18:32:34Z</time>
   </trkpt>
   <trkpt lat="40.7172440" lon="-74.0353570">
    <ele>2.8</ele>
    <time>2026-01-09T18:32:35Z</time>
   </trkpt>
   <trkpt lat="40.7172400" lon="-74.0352980">
    <ele>2.8</ele>
    <time>2026-01-09T18:32:36Z</time>
   </trkpt>
   <trkpt lat="40.7172380" lon="-74.0352350">
    <ele>2.8</ele>
    <time>2026-01-09T18:32:37Z</time>
   </trkpt>
   <trkpt lat="40.7172150" lon="-74.0351540">
    <ele>2.8</ele>
    <time>2026-01-09T18:32:38Z</time>
   </trkpt>
   <trkpt lat="40.7172230" lon="-74.0350720">
    <ele>2.8</ele>
    <time>2026-01-09T18:32:39Z</time>
   </trkpt>
   <trkpt lat="40.7172090" lon="-74.0350030">
    <ele>2.7</ele>
    <time>2026-01-09T18:32:40Z</time>
   </trkpt>
   <trkpt lat="40.7171960" lon="-74.0349320">
    <ele>2.7</ele>
    <time>2026-01-09T18:32:41Z</time>
   </trkpt>
   <trkpt lat="40.7171860" lon="-74.0348720">
    <ele>2.7</ele>
    <time>2026-01-09T18:32:42Z</time>
   </trkpt>
   <trkpt lat="40.7171850" lon="-74.0348000">
    <ele>2.7</ele>
    <time>2026-01-09T18:32:43Z</time>
   </trkpt>
   <trkpt lat="40.7171840" lon="-74.0347400">
    <ele>2.6</ele>
    <time>2026-01-09T18:32:44Z</time>
   </trkpt>
   <trkpt lat="40.7171820" lon="-74.0346710">
    <ele>2.6</ele>
    <time>2026-01-09T18:32:45Z</time>
   </trkpt>
   <trkpt lat="40.7171890" lon="-74.0346060">
    <ele>2.7</ele>
    <time>2026-01-09T18:32:46Z</time>
   </trkpt>
   <trkpt lat="40.7172030" lon="-74.0345440">
    <ele>2.7</ele>
    <time>2026-01-09T18:32:47Z</time>
   </trkpt>
   <trkpt lat="40.7172220" lon="-74.0344720">
    <ele>2.7</ele>
    <time>2026-01-09T18:32:48Z</time>
   </trkpt>
   <trkpt lat="40.7172380" lon="-74.0344210">
    <ele>2.7</ele>
    <time>2026-01-09T18:32:49Z</time>
   </trkpt>
   <trkpt lat="40.7172580" lon="-74.0343690">
    <ele>2.7</ele>
    <time>2026-01-09T18:32:50Z</time>
   </trkpt>
   <trkpt lat="40.7172710" lon="-74.0343200">
    <ele>2.8</ele>
    <time>2026-01-09T18:32:51Z</time>
   </trkpt>
   <trkpt lat="40.7172790" lon="-74.0342690">
    <ele>2.8</ele>
    <time>2026-01-09T18:32:52Z</time>
   </trkpt>
   <trkpt lat="40.7172970" lon="-74.0342370">
    <ele>2.8</ele>
    <time>2026-01-09T18:32:53Z</time>
   </trkpt>
   <trkpt lat="40.7172980" lon="-74.0342260">
    <ele>2.8</ele>
    <time>2026-01-09T18:32:54Z</time>
   </trkpt>
   <trkpt lat="40.7173140" lon="-74.0342050">
    <ele>2.8</ele>
    <time>2026-01-09T18:32:55Z</time>
   </trkpt>
   <trkpt lat="40.7173240" lon="-74.0341950">
    <ele>2.8</ele>
    <time>2026-01-09T18:32:56Z</time>
   </trkpt>
   <trkpt lat="40.7173510" lon="-74.0342110">
    <ele>2.7</ele>
    <time>2026-01-09T18:32:57Z</time>
   </trkpt>
   <trkpt lat="40.7173630" lon="-74.0342200">
    <ele>2.7</ele>
    <time>2026-01-09T18:32:58Z</time>
   </trkpt>
   <trkpt lat="40.7174070" lon="-74.0342370">
    <ele>2.7</ele>
    <time>2026-01-09T18:32:59Z</time>
   </trkpt>
   <trkpt lat="40.7174570" lon="-74.0342550">
    <ele>2.7</ele>
    <time>2026-01-09T18:33:00Z</time>
   </trkpt>
   <trkpt lat="40.7174970" lon="-74.0342500">
    <ele>2.6</ele>
    <time>2026-01-09T18:33:01Z</time>
   </trkpt>
   <trkpt lat="40.7175470" lon="-74.0342050">
    <ele>2.6</ele>
    <time>2026-01-09T18:33:02Z</time>
   </trkpt>
   <trkpt lat="40.7175780" lon="-74.0341880">
    <ele>2.6</ele>
    <time>2026-01-09T18:33:03Z</time>
   </trkpt>
   <trkpt lat="40.7176060" lon="-74.0341630">
    <ele>2.6</ele>
    <time>2026-01-09T18:33:04Z</time>
   </trkpt>
   <trkpt lat="40.7176170" lon="-74.0341510">
    <ele>2.6</ele>
    <time>2026-01-09T18:33:05Z</time>
   </trkpt>
   <trkpt lat="40.7176430" lon="-74.0341430">
    <ele>2.6</ele>
    <time>2026-01-09T18:33:06Z</time>
   </trkpt>
   <trkpt lat="40.7176800" lon="-74.0341360">
    <ele>2.6</ele>
    <time>2026-01-09T18:33:07Z</time>
   </trkpt>
   <trkpt lat="40.7176990" lon="-74.0341350">
    <ele>2.6</ele>
    <time>2026-01-09T18:33:08Z</time>
   </trkpt>
   <trkpt lat="40.7177310" lon="-74.0341260">
    <ele>2.6</ele>
    <time>2026-01-09T18:33:09Z</time>
   </trkpt>
   <trkpt lat="40.7177610" lon="-74.0341060">
    <ele>2.6</ele>
    <time>2026-01-09T18:33:10Z</time>
   </trkpt>
   <trkpt lat="40.7177810" lon="-74.0341030">
    <ele>2.6</ele>
    <time>2026-01-09T18:33:11Z</time>
   </trkpt>
   <trkpt lat="40.7178010" lon="-74.0340930">
    <ele>2.6</ele>
    <time>2026-01-09T18:33:12Z</time>
   </trkpt>
   <trkpt lat="40.7178220" lon="-74.0340950">
    <ele>2.6</ele>
    <time>2026-01-09T18:33:13Z</time>
   </trkpt>
   <trkpt lat="40.7178540" lon="-74.0341100">
    <ele>2.6</ele>
    <time>2026-01-09T18:33:14Z</time>
   </trkpt>
   <trkpt lat="40.7178710" lon="-74.0341220">
    <ele>2.5</ele>
    <time>2026-01-09T18:33:15Z</time>
   </trkpt>
   <trkpt lat="40.7178650" lon="-74.0341480">
    <ele>2.5</ele>
    <time>2026-01-09T18:33:16Z</time>
   </trkpt>
   <trkpt lat="40.7178640" lon="-74.0341630">
    <ele>2.6</ele>
    <time>2026-01-09T18:33:17Z</time>
   </trkpt>
   <trkpt lat="40.7178590" lon="-74.0342260">
    <ele>2.8</ele>
    <time>2026-01-09T18:33:18Z</time>
   </trkpt>
   <trkpt lat="40.7178490" lon="-74.0342650">
    <ele>2.7</ele>
    <time>2026-01-09T18:33:19Z</time>
   </trkpt>
   <trkpt lat="40.7178420" lon="-74.0343520">
    <ele>2.6</ele>
    <time>2026-01-09T18:33:20Z</time>
   </trkpt>
   <trkpt lat="40.7178470" lon="-74.0343960">
    <ele>2.9</ele>
    <time>2026-01-09T18:33:21Z</time>
   </trkpt>
   <trkpt lat="40.7178870" lon="-74.0343980">
    <ele>2.9</ele>
    <time>2026-01-09T18:33:22Z</time>
   </trkpt>
   <trkpt lat="40.7179140" lon="-74.0343940">
    <ele>2.9</ele>
    <time>2026-01-09T18:33:23Z</time>
   </trkpt>
   <trkpt lat="40.7179640" lon="-74.0343580">
    <ele>2.9</ele>
    <time>2026-01-09T18:33:24Z</time>
   </trkpt>
   <trkpt lat="40.7180060" lon="-74.0343740">
    <ele>2.9</ele>
    <time>2026-01-09T18:33:25Z</time>
   </trkpt>
   <trkpt lat="40.7180280" lon="-74.0343720">
    <ele>2.9</ele>
    <time>2026-01-09T18:33:26Z</time>
   </trkpt>
   <trkpt lat="40.7180720" lon="-74.0343830">
    <ele>2.9</ele>
    <time>2026-01-09T18:33:27Z</time>
   </trkpt>
   <trkpt lat="40.7181090" lon="-74.0344020">
    <ele>2.9</ele>
    <time>2026-01-09T18:33:28Z</time>
   </trkpt>
   <trkpt lat="40.7181230" lon="-74.0344140">
    <ele>2.9</ele>
    <time>2026-01-09T18:33:29Z</time>
   </trkpt>
   <trkpt lat="40.7181520" lon="-74.0344350">
    <ele>2.9</ele>
    <time>2026-01-09T18:33:30Z</time>
   </trkpt>
   <trkpt lat="40.7181520" lon="-74.0344310">
    <ele>2.9</ele>
    <time>2026-01-09T18:33:31Z</time>
   </trkpt>
   <trkpt lat="40.7181550" lon="-74.0344280">
    <ele>2.9</ele>
    <time>2026-01-09T18:33:32Z</time>
   </trkpt>
   <trkpt lat="40.7181690" lon="-74.0344270">
    <ele>2.9</ele>
    <time>2026-01-09T18:33:33Z</time>
   </trkpt>
   <trkpt lat="40.7181660" lon="-74.0344170">
    <ele>3.0</ele>
    <time>2026-01-09T18:33:34Z</time>
   </trkpt>
   <trkpt lat="40.7181710" lon="-74.0344100">
    <ele>3.0</ele>
    <time>2026-01-09T18:33:35Z</time>
   </trkpt>
   <trkpt lat="40.7181750" lon="-74.0344050">
    <ele>3.0</ele>
    <time>2026-01-09T18:33:36Z</time>
   </trkpt>
   <trkpt lat="40.7181870" lon="-74.0343890">
    <ele>3.0</ele>
    <time>2026-01-09T18:33:37Z</time>
   </trkpt>
   <trkpt lat="40.7181910" lon="-74.0343810">
    <ele>3.0</ele>
    <time>2026-01-09T18:33:38Z</time>
   </trkpt>
   <trkpt lat="40.7181960" lon="-74.0343740">
    <ele>3.0</ele>
    <time>2026-01-09T18:33:39Z</time>
   </trkpt>
   <trkpt lat="40.7182000" lon="-74.0343660">
    <ele>3.0</ele>
    <time>2026-01-09T18:33:40Z</time>
   </trkpt>
   <trkpt lat="40.7182050" lon="-74.0343590">
    <ele>3.0</ele>
    <time>2026-01-09T18:33:41Z</time>
   </trkpt>
   <trkpt lat="40.7182300" lon="-74.0343600">
    <ele>3.0</ele>
    <time>2026-01-09T18:33:42Z</time>
   </trkpt>
   <trkpt lat="40.7182420" lon="-74.0343610">
    <ele>3.0</ele>
    <time>2026-01-09T18:33:43Z</time>
   </trkpt>
   <trkpt lat="40.7182550" lon="-74.0343620">
    <ele>3.0</ele>
    <time>2026-01-09T18:33:44Z</time>
   </trkpt>
   <trkpt lat="40.7182340" lon="-74.0343870">
    <ele>3.0</ele>
    <time>2026-01-09T18:33:45Z</time>
   </trkpt>
   <trkpt lat="40.7183360" lon="-74.0343510">
    <ele>3.0</ele>
    <time>2026-01-09T18:33:46Z</time>
   </trkpt>
   <trkpt lat="40.7184330" lon="-74.0343050">
    <ele>3.0</ele>
    <time>2026-01-09T18:33:47Z</time>
   </trkpt>
   <trkpt lat="40.7185290" lon="-74.0342600">
    <ele>3.0</ele>
    <time>2026-01-09T18:33:48Z</time>
   </trkpt>
   <trkpt lat="40.7185710" lon="-74.0342500">
    <ele>3.0</ele>
    <time>2026-01-09T18:33:49Z</time>
   </trkpt>
   <trkpt lat="40.7186040" lon="-74.0342400">
    <ele>3.0</ele>
    <time>2026-01-09T18:33:50Z</time>
   </trkpt>
   <trkpt lat="40.7186420" lon="-74.0342300">
    <ele>3.0</ele>
    <time>2026-01-09T18:33:51Z</time>
   </trkpt>
   <trkpt lat="40.7186520" lon="-74.0342410">
    <ele>3.0</ele>
    <time>2026-01-09T18:33:52Z</time>
   </trkpt>
   <trkpt lat="40.7186730" lon="-74.0342350">
    <ele>3.0</ele>
    <time>2026-01-09T18:33:53Z</time>
   </trkpt>
   <trkpt lat="40.7187080" lon="-74.0342770">
    <ele>3.0</ele>
    <time>2026-01-09T18:33:54Z</time>
   </trkpt>
   <trkpt lat="40.7187500" lon="-74.0343230">
    <ele>3.0</ele>
    <time>2026-01-09T18:33:55Z</time>
   </trkpt>
   <trkpt lat="40.7189320" lon="-74.0342690">
    <ele>3.0</ele>
    <time>2026-01-09T18:33:56Z</time>
   </trkpt>
   <trkpt lat="40.7189590" lon="-74.0342430">
    <ele>3.1</ele>
    <time>2026-01-09T18:33:57Z</time>
   </trkpt>
   <trkpt lat="40.7189990" lon="-74.0342430">
    <ele>3.1</ele>
    <time>2026-01-09T18:33:58Z</time>
   </trkpt>
   <trkpt lat="40.7190750" lon="-74.0341340">
    <ele>3.1</ele>
    <time>2026-01-09T18:33:59Z</time>
   </trkpt>
   <trkpt lat="40.7191310" lon="-74.0340230">
    <ele>3.1</ele>
    <time>2026-01-09T18:34:00Z</time>
   </trkpt>
   <trkpt lat="40.7192070" lon="-74.0339330">
    <ele>3.1</ele>
    <time>2026-01-09T18:34:01Z</time>
   </trkpt>
   <trkpt lat="40.7191910" lon="-74.0339040">
    <ele>3.0</ele>
    <time>2026-01-09T18:34:02Z</time>
   </trkpt>
   <trkpt lat="40.7191790" lon="-74.0338930">
    <ele>3.0</ele>
    <time>2026-01-09T18:34:03Z</time>
   </trkpt>
   <trkpt lat="40.7191570" lon="-74.0338900">
    <ele>3.0</ele>
    <time>2026-01-09T18:34:04Z</time>
   </trkpt>
   <trkpt lat="40.7191630" lon="-74.0338530">
    <ele>3.0</ele>
    <time>2026-01-09T18:34:05Z</time>
   </trkpt>
   <trkpt lat="40.7191630" lon="-74.0338500">
    <ele>3.0</ele>
    <time>2026-01-09T18:34:06Z</time>
   </trkpt>
   <trkpt lat="40.7191950" lon="-74.0338360">
    <ele>3.0</ele>
    <time>2026-01-09T18:34:07Z</time>
   </trkpt>
   <trkpt lat="40.7192070" lon="-74.0338330">
    <ele>3.0</ele>
    <time>2026-01-09T18:34:08Z</time>
   </trkpt>
   <trkpt lat="40.7192070" lon="-74.0338360">
    <ele>3.0</ele>
    <time>2026-01-09T18:34:09Z</time>
   </trkpt>
   <trkpt lat="40.7192070" lon="-74.0338360">
    <ele>3.0</ele>
    <time>2026-01-09T18:34:10Z</time>
   </trkpt>
   <trkpt lat="40.7192040" lon="-74.0338290">
    <ele>3.0</ele>
    <time>2026-01-09T18:34:11Z</time>
   </trkpt>
   <trkpt lat="40.7192000" lon="-74.0338270">
    <ele>3.0</ele>
    <time>2026-01-09T18:34:12Z</time>
   </trkpt>
   <trkpt lat="40.7192030" lon="-74.0338150">
    <ele>3.0</ele>
    <time>2026-01-09T18:34:13Z</time>
   </trkpt>
   <trkpt lat="40.7192020" lon="-74.0338230">
    <ele>3.0</ele>
    <time>2026-01-09T18:34:14Z</time>
   </trkpt>
   <trkpt lat="40.7192050" lon="-74.0338130">
    <ele>3.0</ele>
    <time>2026-01-09T18:34:15Z</time>
   </trkpt>
   <trkpt lat="40.7192030" lon="-74.0338120">
    <ele>3.0</ele>
    <time>2026-01-09T18:34:16Z</time>
   </trkpt>
   <trkpt lat="40.7192170" lon="-74.0338030">
    <ele>3.0</ele>
    <time>2026-01-09T18:34:17Z</time>
   </trkpt>
   <trkpt lat="40.7192130" lon="-74.0338010">
    <ele>3.0</ele>
    <time>2026-01-09T18:34:18Z</time>
   </trkpt>
   <trkpt lat="40.7192130" lon="-74.0338020">
    <ele>3.0</ele>
    <time>2026-01-09T18:34:19Z</time>
   </trkpt>
   <trkpt lat="40.7192120" lon="-74.0338030">
    <ele>3.0</ele>
    <time>2026-01-09T18:34:20Z</time>
   </trkpt>
   <trkpt lat="40.7192120" lon="-74.0338030">
    <ele>3.0</ele>
    <time>2026-01-09T18:34:21Z</time>
   </trkpt>
   <trkpt lat="40.7192120" lon="-74.0338030">
    <ele>3.0</ele>
    <time>2026-01-09T18:34:22Z</time>
   </trkpt>
   <trkpt lat="40.7192180" lon="-74.0337980">
    <ele>3.0</ele>
    <time>2026-01-09T18:34:23Z</time>
   </trkpt>
   <trkpt lat="40.7192130" lon="-74.0338010">
    <ele>3.0</ele>
    <time>2026-01-09T18:34:24Z</time>
   </trkpt>
   <trkpt lat="40.7192120" lon="-74.0338000">
    <ele>3.0</ele>
    <time>2026-01-09T18:34:25Z</time>
   </trkpt>
   <trkpt lat="40.7192070" lon="-74.0338030">
    <ele>3.0</ele>
    <time>2026-01-09T18:34:26Z</time>
   </trkpt>
   <trkpt lat="40.7192150" lon="-74.0337950">
    <ele>3.0</ele>
    <time>2026-01-09T18:34:27Z</time>
   </trkpt>
   <trkpt lat="40.7192210" lon="-74.0337890">
    <ele>3.0</ele>
    <time>2026-01-09T18:34:28Z</time>
   </trkpt>
   <trkpt lat="40.7192160" lon="-74.0337920">
    <ele>3.0</ele>
    <time>2026-01-09T18:34:29Z</time>
   </trkpt>
   <trkpt lat="40.7192160" lon="-74.0337920">
    <ele>3.0</ele>
    <time>2026-01-09T18:34:30Z</time>
   </trkpt>
   <trkpt lat="40.7192160" lon="-74.0337920">
    <ele>3.0</ele>
    <time>2026-01-09T18:34:31Z</time>
   </trkpt>
   <trkpt lat="40.7192160" lon="-74.0337920">
    <ele>3.0</ele>
    <time>2026-01-09T18:34:32Z</time>
   </trkpt>
   <trkpt lat="40.7191930" lon="-74.0337910">
    <ele>2.9</ele>
    <time>2026-01-09T18:34:33Z</time>
   </trkpt>
   <trkpt lat="40.7191920" lon="-74.0337910">
    <ele>2.9</ele>
    <time>2026-01-09T18:34:34Z</time>
   </trkpt>
   <trkpt lat="40.7191930" lon="-74.0337870">
    <ele>2.9</ele>
    <time>2026-01-09T18:34:35Z</time>
   </trkpt>
   <trkpt lat="40.7191860" lon="-74.0337890">
    <ele>2.9</ele>
    <time>2026-01-09T18:34:36Z</time>
   </trkpt>
   <trkpt lat="40.7191880" lon="-74.0337880">
    <ele>2.9</ele>
    <time>2026-01-09T18:34:37Z</time>
   </trkpt>
   <trkpt lat="40.7191820" lon="-74.0337930">
    <ele>2.9</ele>
    <time>2026-01-09T18:34:38Z</time>
   </trkpt>
   <trkpt lat="40.7191760" lon="-74.0337970">
    <ele>2.9</ele>
    <time>2026-01-09T18:34:39Z</time>
   </trkpt>
   <trkpt lat="40.7191790" lon="-74.0337990">
    <ele>2.9</ele>
    <time>2026-01-09T18:34:40Z</time>
   </trkpt>
   <trkpt lat="40.7191780" lon="-74.0337930">
    <ele>2.9</ele>
    <time>2026-01-09T18:34:41Z</time>
   </trkpt>
   <trkpt lat="40.7191800" lon="-74.0337900">
    <ele>2.9</ele>
    <time>2026-01-09T18:34:42Z</time>
   </trkpt>
   <trkpt lat="40.7191870" lon="-74.0337810">
    <ele>2.9</ele>
    <time>2026-01-09T18:34:43Z</time>
   </trkpt>
   <trkpt lat="40.7191960" lon="-74.0337590">
    <ele>2.9</ele>
    <time>2026-01-09T18:34:44Z</time>
   </trkpt>
   <trkpt lat="40.7191650" lon="-74.0337800">
    <ele>2.9</ele>
    <time>2026-01-09T18:34:45Z</time>
   </trkpt>
   <trkpt lat="40.7191610" lon="-74.0337720">
    <ele>2.9</ele>
    <time>2026-01-09T18:34:46Z</time>
   </trkpt>
   <trkpt lat="40.7191660" lon="-74.0337660">
    <ele>2.9</ele>
    <time>2026-01-09T18:34:47Z</time>
   </trkpt>
   <trkpt lat="40.7191630" lon="-74.0337510">
    <ele>2.9</ele>
    <time>2026-01-09T18:34:48Z</time>
   </trkpt>
   <trkpt lat="40.7191660" lon="-74.0337450">
    <ele>2.9</ele>
    <time>2026-01-09T18:34:49Z</time>
   </trkpt>
   <trkpt lat="40.7191680" lon="-74.0337360">
    <ele>2.9</ele>
    <time>2026-01-09T18:34:50Z</time>
   </trkpt>
   <trkpt lat="40.7191620" lon="-74.0337420">
    <ele>2.9</ele>
    <time>2026-01-09T18:34:51Z</time>
   </trkpt>
   <trkpt lat="40.7191490" lon="-74.0337430">
    <ele>2.9</ele>
    <time>2026-01-09T18:34:52Z</time>
   </trkpt>
   <trkpt lat="40.7191400" lon="-74.0337120">
    <ele>2.9</ele>
    <time>2026-01-09T18:34:53Z</time>
   </trkpt>
   <trkpt lat="40.7191070" lon="-74.0336940">
    <ele>2.9</ele>
    <time>2026-01-09T18:34:54Z</time>
   </trkpt>
   <trkpt lat="40.7190910" lon="-74.0336820">
    <ele>2.9</ele>
    <time>2026-01-09T18:34:55Z</time>
   </trkpt>
   <trkpt lat="40.7190660" lon="-74.0336460">
    <ele>2.9</ele>
    <time>2026-01-09T18:34:56Z</time>
   </trkpt>
   <trkpt lat="40.7190560" lon="-74.0336300">
    <ele>2.9</ele>
    <time>2026-01-09T18:34:57Z</time>
   </trkpt>
   <trkpt lat="40.7190550" lon="-74.0336200">
    <ele>2.9</ele>
    <time>2026-01-09T18:34:58Z</time>
   </trkpt>
   <trkpt lat="40.7190540" lon="-74.0336100">
    <ele>2.9</ele>
    <time>2026-01-09T18:34:59Z</time>
   </trkpt>
   <trkpt lat="40.7190530" lon="-74.0336000">
    <ele>2.9</ele>
    <time>2026-01-09T18:35:00Z</time>
   </trkpt>
   <trkpt lat="40.7190520" lon="-74.0335900">
    <ele>2.9</ele>
    <time>2026-01-09T18:35:01Z</time>
   </trkpt>
   <trkpt lat="40.7190510" lon="-74.0335800">
    <ele>2.9</ele>
    <time>2026-01-09T18:35:02Z</time>
   </trkpt>
   <trkpt lat="40.7190490" lon="-74.0335700">
    <ele>2.9</ele>
    <time>2026-01-09T18:35:03Z</time>
   </trkpt>
   <trkpt lat="40.7190480" lon="-74.0335600">
    <ele>2.9</ele>
    <time>2026-01-09T18:35:04Z</time>
   </trkpt>
   <trkpt lat="40.7190470" lon="-74.0335500">
    <ele>2.9</ele>
    <time>2026-01-09T18:35:05Z</time>
   </trkpt>
   <trkpt lat="40.7190460" lon="-74.0335400">
    <ele>2.9</ele>
    <time>2026-01-09T18:35:06Z</time>
   </trkpt>
   <trkpt lat="40.7190450" lon="-74.0335300">
    <ele>2.9</ele>
    <time>2026-01-09T18:35:07Z</time>
   </trkpt>
   <trkpt lat="40.7190440" lon="-74.0335200">
    <ele>2.9</ele>
    <time>2026-01-09T18:35:08Z</time>
   </trkpt>
   <trkpt lat="40.7190550" lon="-74.0335280">
    <ele>2.9</ele>
    <time>2026-01-09T18:35:09Z</time>
   </trkpt>
   <trkpt lat="40.7190640" lon="-74.0335430">
    <ele>2.9</ele>
    <time>2026-01-09T18:35:10Z</time>
   </trkpt>
   <trkpt lat="40.7190720" lon="-74.0335580">
    <ele>2.9</ele>
    <time>2026-01-09T18:35:11Z</time>
   </trkpt>
   <trkpt lat="40.7190800" lon="-74.0335730">
    <ele>2.9</ele>
    <time>2026-01-09T18:35:12Z</time>
   </trkpt>
   <trkpt lat="40.7190850" lon="-74.0335950">
    <ele>2.9</ele>
    <time>2026-01-09T18:35:13Z</time>
   </trkpt>
   <trkpt lat="40.7190870" lon="-74.0335990">
    <ele>2.9</ele>
    <time>2026-01-09T18:35:14Z</time>
   </trkpt>
   <trkpt lat="40.7190910" lon="-74.0335970">
    <ele>2.9</ele>
    <time>2026-01-09T18:35:15Z</time>
   </trkpt>
   <trkpt lat="40.7190950" lon="-74.0335930">
    <ele>2.9</ele>
    <time>2026-01-09T18:35:16Z</time>
   </trkpt>
   <trkpt lat="40.7191000" lon="-74.0336090">
    <ele>2.9</ele>
    <time>2026-01-09T18:35:17Z</time>
   </trkpt>
   <trkpt lat="40.7190960" lon="-74.0336180">
    <ele>2.9</ele>
    <time>2026-01-09T18:35:18Z</time>
   </trkpt>
   <trkpt lat="40.7190870" lon="-74.0336260">
    <ele>2.9</ele>
    <time>2026-01-09T18:35:19Z</time>
   </trkpt>
   <trkpt lat="40.7190780" lon="-74.0336350">
    <ele>2.9</ele>
    <time>2026-01-09T18:35:20Z</time>
   </trkpt>
   <trkpt lat="40.7190690" lon="-74.0336430">
    <ele>2.9</ele>
    <time>2026-01-09T18:35:21Z</time>
   </trkpt>
   <trkpt lat="40.7190770" lon="-74.0336080">
    <ele>2.9</ele>
    <time>2026-01-09T18:35:22Z</time>
   </trkpt>
   <trkpt lat="40.7190550" lon="-74.0335850">
    <ele>2.9</ele>
    <time>2026-01-09T18:35:23Z</time>
   </trkpt>
   <trkpt lat="40.7190440" lon="-74.0336020">
    <ele>2.9</ele>
    <time>2026-01-09T18:35:24Z</time>
   </trkpt>
  </trkseg>
 </trk>
</gpx>
