<?xml version="1.0" encoding="UTF-8"?>
<gpx creator="StravaGPX" version="1.1" xmlns="http://www.topografix.com/GPX/1/1" xmlns:xsi="http://www.w3.org/2001/XMLSchema-instance" xsi:schemaLocation="http://www.topografix.com/GPX/1/1 http://www.topografix.com/GPX/1/1/gpx.xsd">
 <metadata>
  <time>2026-01-14T21:39:42Z</time>
 </metadata>
 <trk>
  <name>Grubhub Delivery</name>
  <type>cycling</type>
  <trkseg>
   <trkpt lat="40.7183630" lon="-74.0437540">
    <ele>3.1</ele>
    <time>2026-01-14T21:39:42Z</time>
   </trkpt>
   <trkpt lat="40.7183630" lon="-74.0437540">
    <ele>3.1</ele>
    <time>2026-01-14T21:39:43Z</time>
   </trkpt>
   <trkpt lat="40.7183630" lon="-74.0437540">
    <ele>3.1</ele>
    <time>2026-01-14T21:39:44Z</time>
   </trkpt>
   <trkpt lat="40.7183630" lon="-74.0437540">
    <ele>3.1</ele>
    <time>2026-01-14T21:39:45Z</time>
   </trkpt>
   <trkpt lat="40.7183630" lon="-74.0437540">
    <ele>3.1</ele>
    <time>2026-01-14T21:39:46Z</time>
   </trkpt>
   <trkpt lat="40.7183630" lon="-74.0437540">
    <ele>3.1</ele>
    <time>2026-01-14T21:39:47Z</time>
   </trkpt>
   <trkpt lat="40.7183630" lon="-74.0437540">
    <ele>3.1</ele>
    <time>2026-01-14T21:39:48Z</time>
   </trkpt>
   <trkpt lat="40.7183640" lon="-74.0437540">
    <ele>3.1</ele>
    <time>2026-01-14T21:39:49Z</time>
   </trkpt>
   <trkpt lat="40.7183680" lon="-74.0437520">
    <ele>3.1</ele>
    <time>2026-01-14T21:39:50Z</time>
   </trkpt>
   <trkpt lat="40.7183670" lon="-74.0437510">
    <ele>3.1</ele>
    <time>2026-01-14T21:39:51Z</time>
   </trkpt>
   <trkpt lat="40.7183650" lon="-74.0437490">
    <ele>3.1</ele>
    <time>2026-01-14T21:39:52Z</time>
   </trkpt>
   <trkpt lat="40.7183640" lon="-74.0437460">
    <ele>3.1</ele>
    <time>2026-01-14T21:39:53Z</time>
   </trkpt>
   <trkpt lat="40.7183630" lon="-74.0437460">
    <ele>3.1</ele>
    <time>2026-01-14T21:39:54Z</time>
   </trkpt>
   <trkpt lat="40.7183610" lon="-74.0437440">
    <ele>3.1</ele>
    <time>2026-01-14T21:39:55Z</time>
   </trkpt>
   <trkpt lat="40.7183390" lon="-74.0436920">
    <ele>3.1</ele>
    <time>2026-01-14T21:39:56Z</time>
   </trkpt>
   <trkpt lat="40.7183400" lon="-74.0436910">
    <ele>3.1</ele>
    <time>2026-01-14T21:39:57Z</time>
   </trkpt>
   <trkpt lat="40.7183420" lon="-74.0436900">
    <ele>3.1</ele>
    <time>2026-01-14T21:39:58Z</time>
   </trkpt>
   <trkpt lat="40.7183480" lon="-74.0436920">
    <ele>3.1</ele>
    <time>2026-01-14T21:39:59Z</time>
   </trkpt>
   <trkpt lat="40.7183470" lon="-74.0436870">
    <ele>3.1</ele>
    <time>2026-01-14T21:40:00Z</time>
   </trkpt>
   <trkpt lat="40.7183510" lon="-74.0436930">
    <ele>3.1</ele>
    <time>2026-01-14T21:40:01Z</time>
   </trkpt>
   <trkpt lat="40.7183570" lon="-74.0436940">
    <ele>3.1</ele>
    <time>2026-01-14T21:40:02Z</time>
   </trkpt>
   <trkpt lat="40.7183590" lon="-74.0436980">
    <ele>3.1</ele>
    <time>2026-01-14T21:40:03Z</time>
   </trkpt>
   <trkpt lat="40.7183590" lon="-74.0436940">
    <ele>3.1</ele>
    <time>2026-01-14T21:40:04Z</time>
   </trkpt>
   <trkpt lat="40.7183480" lon="-74.0437010">
    <ele>3.1</ele>
    <time>2026-01-14T21:40:05Z</time>
   </trkpt>
   <trkpt lat="40.7183510" lon="-74.0437080">
    <ele>3.1</ele>
    <time>2026-01-14T21:40:06Z</time>
   </trkpt>
   <trkpt lat="40.7183510" lon="-74.0437080">
    <ele>3.1</ele>
    <time>2026-01-14T21:40:07Z</time>
   </trkpt>
   <trkpt lat="40.7183510" lon="-74.0437080">
    <ele>3.1</ele>
    <time>2026-01-14T21:40:08Z</time>
   </trkpt>
   <trkpt lat="40.7183510" lon="-74.0437080">
    <ele>3.1</ele>
    <time>2026-01-14T21:40:09Z</time>
   </trkpt>
   <trkpt lat="40.7183510" lon="-74.0437080">
    <ele>3.1</ele>
    <time>2026-01-14T21:40:10Z</time>
   </trkpt>
   <trkpt lat="40.7183510" lon="-74.0437080">
    <ele>3.1</ele>
    <time>2026-01-14T21:40:11Z</time>
   </trkpt>
   <trkpt lat="40.7183510" lon="-74.0437080">
    <ele>3.1</ele>
    <time>2026-01-14T21:40:12Z</time>
   </trkpt>
   <trkpt lat="40.7183510" lon="-74.0437080">
    <ele>3.1</ele>
    <time>2026-01-14T21:40:13Z</time>
   </trkpt>
   <trkpt lat="40.7183510" lon="-74.0437080">
    <ele>3.1</ele>
    <time>2026-01-14T21:40:14Z</time>
   </trkpt>
   <trkpt lat="40.7183510" lon="-74.0437080">
    <ele>3.1</ele>
    <time>2026-01-14T21:40:15Z</time>
   </trkpt>
   <trkpt lat="40.7183510" lon="-74.0437080">
    <ele>3.1</ele>
    <time>2026-01-14T21:40:16Z</time>
   </trkpt>
   <trkpt lat="40.7183510" lon="-74.0437080">
    <ele>3.1</ele>
    <time>2026-01-14T21:40:17Z</time>
   </trkpt>
   <trkpt lat="40.7183510" lon="-74.0437080">
    <ele>3.1</ele>
    <time>2026-01-14T21:40:18Z</time>
   </trkpt>
   <trkpt lat="40.7183510" lon="-74.0437080">
    <ele>3.1</ele>
    <time>2026-01-14T21:40:19Z</time>
   </trkpt>
   <trkpt lat="40.7183510" lon="-74.0437080">
    <ele>3.1</ele>
    <time>2026-01-14T21:40:20Z</time>
   </trkpt>
   <trkpt lat="40.7183510" lon="-74.0437080">
    <ele>3.1</ele>
    <time>2026-01-14T21:40:21Z</time>
   </trkpt>
   <trkpt lat="40.7183510" lon="-74.0437080">
    <ele>3.1</ele>
    <time>2026-01-14T21:40:22Z</time>
   </trkpt>
   <trkpt lat="40.7183510" lon="-74.0437080">
    <ele>3.1</ele>
    <time>2026-01-14T21:40:23Z</time>
   </trkpt>
   <trkpt lat="40.7183510" lon="-74.0437080">
    <ele>3.1</ele>
    <time>2026-01-14T21:40:24Z</time>
   </trkpt>
   <trkpt lat="40.7183510" lon="-74.0437080">
    <ele>3.1</ele>
    <time>2026-01-14T21:40:25Z</time>
   </trkpt>
   <trkpt lat="40.7183510" lon="-74.0437080">
    <ele>3.1</ele>
    <time>2026-01-14T21:40:26Z</time>
   </trkpt>
   <trkpt lat="40.7183510" lon="-74.0437080">
    <ele>3.1</ele>
    <time>2026-01-14T21:40:27Z</time>
   </trkpt>
   <trkpt lat="40.7183510" lon="-74.0437080">
    <ele>3.1</ele>
    <time>2026-01-14T21:40:28Z</time>
   </trkpt>
   <trkpt lat="40.7183510" lon="-74.0437080">
    <ele>3.1</ele>
    <time>2026-01-14T21:40:29Z</time>
   </trkpt>
   <trkpt lat="40.7183510" lon="-74.0437080">
    <ele>3.1</ele>
    <time>2026-01-14T21:40:30Z</time>
   </trkpt>
   <trkpt lat="40.7183510" lon="-74.0437080">
    <ele>3.1</ele>
    <time>2026-01-14T21:40:31Z</time>
   </trkpt>
   <trkpt lat="40.7183510" lon="-74.0437080">
    <ele>3.1</ele>
    <time>2026-01-14T21:40:32Z</time>
   </trkpt>
   <trkpt lat="40.7183510" lon="-74.0437080">
    <ele>3.1</ele>
    <time>2026-01-14T21:40:33Z</time>
   </trkpt>
   <trkpt lat="40.7183270" lon="-74.0437420">
    <ele>3.1</ele>
    <time>2026-01-14T21:40:34Z</time>
   </trkpt>
   <trkpt lat="40.7183350" lon="-74.0437380">
    <ele>3.1</ele>
    <time>2026-01-14T21:40:35Z</time>
   </trkpt>
   <trkpt lat="40.7183380" lon="-74.0437410">
    <ele>3.1</ele>
    <time>2026-01-14T21:40:36Z</time>
   </trkpt>
   <trkpt lat="40.7183370" lon="-74.0437390">
    <ele>3.1</ele>
    <time>2026-01-14T21:40:37Z</time>
   </trkpt>
   <trkpt lat="40.7183360" lon="-74.0437360">
    <ele>3.1</ele>
    <time>2026-01-14T21:40:38Z</time>
   </trkpt>
   <trkpt lat="40.7183340" lon="-74.0437340">
    <ele>3.1</ele>
    <time>2026-01-14T21:40:39Z</time>
   </trkpt>
   <trkpt lat="40.7183330" lon="-74.0437320">
    <ele>3.1</ele>
    <time>2026-01-14T21:40:40Z</time>
   </trkpt>
   <trkpt lat="40.7183320" lon="-74.0437300">
    <ele>3.1</ele>
    <time>2026-01-14T21:40:41Z</time>
   </trkpt>
   <trkpt lat="40.7183310" lon="-74.0437280">
    <ele>3.1</ele>
    <time>2026-01-14T21:40:42Z</time>
   </trkpt>
   <trkpt lat="40.7183300" lon="-74.0437250">
    <ele>3.1</ele>
    <time>2026-01-14T21:40:43Z</time>
   </trkpt>
   <trkpt lat="40.7183290" lon="-74.0437230">
    <ele>3.1</ele>
    <time>2026-01-14T21:40:44Z</time>
   </trkpt>
   <trkpt lat="40.7183270" lon="-74.0437210">
    <ele>3.1</ele>
    <time>2026-01-14T21:40:45Z</time>
   </trkpt>
   <trkpt lat="40.7183260" lon="-74.0437190">
    <ele>3.1</ele>
    <time>2026-01-14T21:40:46Z</time>
   </trkpt>
   <trkpt lat="40.7183250" lon="-74.0437160">
    <ele>3.1</ele>
    <time>2026-01-14T21:40:47Z</time>
   </trkpt>
   <trkpt lat="40.7183240" lon="-74.0437140">
    <ele>3.1</ele>
    <time>2026-01-14T21:40:48Z</time>
   </trkpt>
   <trkpt lat="40.7183230" lon="-74.0437120">
    <ele>3.1</ele>
    <time>2026-01-14T21:40:49Z</time>
   </trkpt>
   <trkpt lat="40.7183220" lon="-74.0437100">
    <ele>3.1</ele>
    <time>2026-01-14T21:40:50Z</time>
   </trkpt>
   <trkpt lat="40.7183200" lon="-74.0437080">
    <ele>3.1</ele>
    <time>2026-01-14T21:40:51Z</time>
   </trkpt>
   <trkpt lat="40.7183190" lon="-74.0437050">
    <ele>3.1</ele>
    <time>2026-01-14T21:40:52Z</time>
   </trkpt>
   <trkpt lat="40.7183180" lon="-74.0437030">
    <ele>3.1</ele>
    <time>2026-01-14T21:40:53Z</time>
   </trkpt>
   <trkpt lat="40.7183170" lon="-74.0437010">
    <ele>3.1</ele>
    <time>2026-01-14T21:40:54Z</time>
   </trkpt>
   <trkpt lat="40.7183160" lon="-74.0436990">
    <ele>3.1</ele>
    <time>2026-01-14T21:40:55Z</time>
   </trkpt>
   <trkpt lat="40.7183150" lon="-74.0436970">
    <ele>3.1</ele>
    <time>2026-01-14T21:40:56Z</time>
   </trkpt>
   <trkpt lat="40.7183130" lon="-74.0436940">
    <ele>3.1</ele>
    <time>2026-01-14T21:40:57Z</time>
   </trkpt>
   <trkpt lat="40.7183120" lon="-74.0436920">
    <ele>3.1</ele>
    <time>2026-01-14T21:40:58Z</time>
   </trkpt>
   <trkpt lat="40.7183110" lon="-74.0436900">
    <ele>3.1</ele>
    <time>2026-01-14T21:40:59Z</time>
   </trkpt>
   <trkpt lat="40.7183080" lon="-74.0436910">
    <ele>3.1</ele>
    <time>2026-01-14T21:41:00Z</time>
   </trkpt>
   <trkpt lat="40.7183120" lon="-74.0436970">
    <ele>3.1</ele>
    <time>2026-01-14T21:41:01Z</time>
   </trkpt>
   <trkpt lat="40.7183090" lon="-74.0437020">
    <ele>3.1</ele>
    <time>2026-01-14T21:41:02Z</time>
   </trkpt>
   <trkpt lat="40.7183280" lon="-74.0436980">
    <ele>3.2</ele>
    <time>2026-01-14T21:41:03Z</time>
   </trkpt>
   <trkpt lat="40.7183350" lon="-74.0436900">
    <ele>3.2</ele>
    <time>2026-01-14T21:41:04Z</time>
   </trkpt>
   <trkpt lat="40.7183460" lon="-74.0436810">
    <ele>3.2</ele>
    <time>2026-01-14T21:41:05Z</time>
   </trkpt>
   <trkpt lat="40.7183550" lon="-74.0436790">
    <ele>3.2</ele>
    <time>2026-01-14T21:41:06Z</time>
   </trkpt>
   <trkpt lat="40.7183640" lon="-74.0436520">
    <ele>3.2</ele>
    <time>2026-01-14T21:41:07Z</time>
   </trkpt>
   <trkpt lat="40.7183840" lon="-74.0436100">
    <ele>3.2</ele>
    <time>2026-01-14T21:41:08Z</time>
   </trkpt>
   <trkpt lat="40.7183920" lon="-74.0435980">
    <ele>3.2</ele>
    <time>2026-01-14T21:41:09Z</time>
   </trkpt>
   <trkpt lat="40.7183990" lon="-74.0435690">
    <ele>3.2</ele>
    <time>2026-01-14T21:41:10Z</time>
   </trkpt>
   <trkpt lat="40.7184100" lon="-74.0435540">
    <ele>3.2</ele>
    <time>2026-01-14T21:41:11Z</time>
   </trkpt>
   <trkpt lat="40.7184200" lon="-74.0435400">
    <ele>3.2</ele>
    <time>2026-01-14T21:41:12Z</time>
   </trkpt>
   <trkpt lat="40.7184510" lon="-74.0435260">
    <ele>3.2</ele>
    <time>2026-01-14T21:41:13Z</time>
   </trkpt>
   <trkpt lat="40.7184860" lon="-74.0434920">
    <ele>3.2</ele>
    <time>2026-01-14T21:41:14Z</time>
   </trkpt>
   <trkpt lat="40.7185200" lon="-74.0434700">
    <ele>3.2</ele>
    <time>2026-01-14T21:41:15Z</time>
   </trkpt>
   <trkpt lat="40.7185560" lon="-74.0434490">
    <ele>3.3</ele>
    <time>2026-01-14T21:41:16Z</time>
   </trkpt>
   <trkpt lat="40.7185920" lon="-74.0434180">
    <ele>3.3</ele>
    <time>2026-01-14T21:41:17Z</time>
   </trkpt>
   <trkpt lat="40.7186270" lon="-74.0434020">
    <ele>3.3</ele>
    <time>2026-01-14T21:41:18Z</time>
   </trkpt>
   <trkpt lat="40.7186600" lon="-74.0433960">
    <ele>3.3</ele>
    <time>2026-01-14T21:41:19Z</time>
   </trkpt>
   <trkpt lat="40.7186720" lon="-74.0433780">
    <ele>3.3</ele>
    <time>2026-01-14T21:41:20Z</time>
   </trkpt>
   <trkpt lat="40.7186870" lon="-74.0433700">
    <ele>3.3</ele>
    <time>2026-01-14T21:41:21Z</time>
   </trkpt>
   <trkpt lat="40.7186980" lon="-74.0433550">
    <ele>3.3</ele>
    <time>2026-01-14T21:41:22Z</time>
   </trkpt>
   <trkpt lat="40.7187170" lon="-74.0433530">
    <ele>3.3</ele>
    <time>2026-01-14T21:41:23Z</time>
   </trkpt>
   <trkpt lat="40.7187430" lon="-74.0433530">
    <ele>3.3</ele>
    <time>2026-01-14T21:41:24Z</time>
   </trkpt>
   <trkpt lat="40.7187540" lon="-74.0433540">
    <ele>3.3</ele>
    <time>2026-01-14T21:41:25Z</time>
   </trkpt>
   <trkpt lat="40.7187870" lon="-74.0433490">
    <ele>3.4</ele>
    <time>2026-01-14T21:41:26Z</time>
   </trkpt>
   <trkpt lat="40.7187970" lon="-74.0433420">
    <ele>3.4</ele>
    <time>2026-01-14T21:41:27Z</time>
   </trkpt>
   <trkpt lat="40.7188180" lon="-74.0433160">
    <ele>3.4</ele>
    <time>2026-01-14T21:41:28Z</time>
   </trkpt>
   <trkpt lat="40.7188560" lon="-74.0433060">
    <ele>3.4</ele>
    <time>2026-01-14T21:41:29Z</time>
   </trkpt>
   <trkpt lat="40.7188910" lon="-74.0432910">
    <ele>3.4</ele>
    <time>2026-01-14T21:41:30Z</time>
   </trkpt>
   <trkpt lat="40.7189200" lon="-74.0432720">
    <ele>3.5</ele>
    <time>2026-01-14T21:41:31Z</time>
   </trkpt>
   <trkpt lat="40.7189530" lon="-74.0432540">
    <ele>3.5</ele>
    <time>2026-01-14T21:41:32Z</time>
   </trkpt>
   <trkpt lat="40.7189850" lon="-74.0432250">
    <ele>3.5</ele>
    <time>2026-01-14T21:41:33Z</time>
   </trkpt>
   <trkpt lat="40.7190210" lon="-74.0432030">
    <ele>3.6</ele>
    <time>2026-01-14T21:41:34Z</time>
   </trkpt>
   <trkpt lat="40.7190550" lon="-74.0431880">
    <ele>3.6</ele>
    <time>2026-01-14T21:41:35Z</time>
   </trkpt>
   <trkpt lat="40.7190980" lon="-74.0431690">
    <ele>3.6</ele>
    <time>2026-01-14T21:41:36Z</time>
   </trkpt>
   <trkpt lat="40.7191360" lon="-74.0431480">
    <ele>3.6</ele>
    <time>2026-01-14T21:41:37Z</time>
   </trkpt>
   <trkpt lat="40.7191660" lon="-74.0431280">
    <ele>3.6</ele>
    <time>2026-01-14T21:41:38Z</time>
   </trkpt>
   <trkpt lat="40.7192000" lon="-74.0431130">
    <ele>3.6</ele>
    <time>2026-01-14T21:41:39Z</time>
   </trkpt>
   <trkpt lat="40.7192450" lon="-74.0430930">
    <ele>3.6</ele>
    <time>2026-01-14T21:41:40Z</time>
   </trkpt>
   <trkpt lat="40.7192640" lon="-74.0430830">
    <ele>3.6</ele>
    <time>2026-01-14T21:41:41Z</time>
   </trkpt>
   <trkpt lat="40.7192930" lon="-74.0430650">
    <ele>3.6</ele>
    <time>2026-01-14T21:41:42Z</time>
   </trkpt>
   <trkpt lat="40.7193280" lon="-74.0430480">
    <ele>3.6</ele>
    <time>2026-01-14T21:41:43Z</time>
   </trkpt>
   <trkpt lat="40.7193530" lon="-74.0430330">
    <ele>3.6</ele>
    <time>2026-01-14T21:41:44Z</time>
   </trkpt>
   <trkpt lat="40.7193450" lon="-74.0430360">
    <ele>3.6</ele>
    <time>2026-01-14T21:41:45Z</time>
   </trkpt>
   <trkpt lat="40.7193590" lon="-74.0430200">
    <ele>3.6</ele>
    <time>2026-01-14T21:41:46Z</time>
   </trkpt>
   <trkpt lat="40.7193620" lon="-74.0430200">
    <ele>3.6</ele>
    <time>2026-01-14T21:41:47Z</time>
   </trkpt>
   <trkpt lat="40.7193660" lon="-74.0430150">
    <ele>3.6</ele>
    <time>2026-01-14T21:41:48Z</time>
   </trkpt>
   <trkpt lat="40.7193680" lon="-74.0430130">
    <ele>3.6</ele>
    <time>2026-01-14T21:41:49Z</time>
   </trkpt>
   <trkpt lat="40.7193690" lon="-74.0430140">
    <ele>3.6</ele>
    <time>2026-01-14T21:41:50Z</time>
   </trkpt>
   <trkpt lat="40.7193680" lon="-74.0430150">
    <ele>3.6</ele>
    <time>2026-01-14T21:41:51Z</time>
   </trkpt>
   <trkpt lat="40.7193680" lon="-74.0430150">
    <ele>3.6</ele>
    <time>2026-01-14T21:41:52Z</time>
   </trkpt>
   <trkpt lat="40.7193680" lon="-74.0430150">
    <ele>3.6</ele>
    <time>2026-01-14T21:41:53Z</time>
   </trkpt>
   <trkpt lat="40.7193680" lon="-74.0430150">
    <ele>3.6</ele>
    <time>2026-01-14T21:41:54Z</time>
   </trkpt>
   <trkpt lat="40.7193680" lon="-74.0430150">
    <ele>3.6</ele>
    <time>2026-01-14T21:41:55Z</time>
   </trkpt>
   <trkpt lat="40.7193680" lon="-74.0430150">
    <ele>3.6</ele>
    <time>2026-01-14T21:41:56Z</time>
   </trkpt>
   <trkpt lat="40.7193680" lon="-74.0430150">
    <ele>3.6</ele>
    <time>2026-01-14T21:41:57Z</time>
   </trkpt>
   <trkpt lat="40.7193680" lon="-74.0430150">
    <ele>3.6</ele>
    <time>2026-01-14T21:41:58Z</time>
   </trkpt>
   <trkpt lat="40.7193680" lon="-74.0430150">
    <ele>3.6</ele>
    <time>2026-01-14T21:41:59Z</time>
   </trkpt>
   <trkpt lat="40.7193680" lon="-74.0430150">
    <ele>3.6</ele>
    <time>2026-01-14T21:42:00Z</time>
   </trkpt>
   <trkpt lat="40.7193680" lon="-74.0430150">
    <ele>3.6</ele>
    <time>2026-01-14T21:42:01Z</time>
   </trkpt>
   <trkpt lat="40.7193790" lon="-74.0430310">
    <ele>3.6</ele>
    <time>2026-01-14T21:42:02Z</time>
   </trkpt>
   <trkpt lat="40.7193830" lon="-74.0430300">
    <ele>3.6</ele>
    <time>2026-01-14T21:42:03Z</time>
   </trkpt>
   <trkpt lat="40.7193880" lon="-74.0430270">
    <ele>3.5</ele>
    <time>2026-01-14T21:42:04Z</time>
   </trkpt>
   <trkpt lat="40.7193970" lon="-74.0430220">
    <ele>3.5</ele>
    <time>2026-01-14T21:42:05Z</time>
   </trkpt>
   <trkpt lat="40.7194030" lon="-74.0429970">
    <ele>3.5</ele>
    <time>2026-01-14T21:42:06Z</time>
   </trkpt>
   <trkpt lat="40.7194130" lon="-74.0429630">
    <ele>3.5</ele>
    <time>2026-01-14T21:42:07Z</time>
   </trkpt>
   <trkpt lat="40.7194200" lon="-74.0429150">
    <ele>3.5</ele>
    <time>2026-01-14T21:42:08Z</time>
   </trkpt>
   <trkpt lat="40.7194050" lon="-74.0428710">
    <ele>3.4</ele>
    <time>2026-01-14T21:42:09Z</time>
   </trkpt>
   <trkpt lat="40.7193840" lon="-74.0428220">
    <ele>3.4</ele>
    <time>2026-01-14T21:42:10Z</time>
   </trkpt>
   <trkpt lat="40.7193600" lon="-74.0427710">
    <ele>3.4</ele>
    <time>2026-01-14T21:42:11Z</time>
   </trkpt>
   <trkpt lat="40.7193410" lon="-74.0427240">
    <ele>3.3</ele>
    <time>2026-01-14T21:42:12Z</time>
   </trkpt>
   <trkpt lat="40.7193200" lon="-74.0426670">
    <ele>3.3</ele>
    <time>2026-01-14T21:42:13Z</time>
   </trkpt>
   <trkpt lat="40.7193050" lon="-74.0426070">
    <ele>3.2</ele>
    <time>2026-01-14T21:42:14Z</time>
   </trkpt>
   <trkpt lat="40.7192820" lon="-74.0425540">
    <ele>3.2</ele>
    <time>2026-01-14T21:42:15Z</time>
   </trkpt>
   <trkpt lat="40.7192660" lon="-74.0425050">
    <ele>3.2</ele>
    <time>2026-01-14T21:42:16Z</time>
   </trkpt>
   <trkpt lat="40.7192510" lon="-74.0424390">
    <ele>3.1</ele>
    <time>2026-01-14T21:42:17Z</time>
   </trkpt>
   <trkpt lat="40.7192240" lon="-74.0423660">
    <ele>3.0</ele>
    <time>2026-01-14T21:42:18Z</time>
   </trkpt>
   <trkpt lat="40.7192100" lon="-74.0422980">
    <ele>3.0</ele>
    <time>2026-01-14T21:42:19Z</time>
   </trkpt>
   <trkpt lat="40.7191920" lon="-74.0422260">
    <ele>2.9</ele>
    <time>2026-01-14T21:42:20Z</time>
   </trkpt>
   <trkpt lat="40.7191660" lon="-74.0421700">
    <ele>2.9</ele>
    <time>2026-01-14T21:42:21Z</time>
   </trkpt>
   <trkpt lat="40.7191500" lon="-74.0421070">
    <ele>2.9</ele>
    <time>2026-01-14T21:42:22Z</time>
   </trkpt>
   <trkpt lat="40.7191360" lon="-74.0420520">
    <ele>2.8</ele>
    <time>2026-01-14T21:42:23Z</time>
   </trkpt>
   <trkpt lat="40.7191220" lon="-74.0420060">
    <ele>2.8</ele>
    <time>2026-01-14T21:42:24Z</time>
   </trkpt>
   <trkpt lat="40.7191200" lon="-74.0419460">
    <ele>2.7</ele>
    <time>2026-01-14T21:42:25Z</time>
   </trkpt>
   <trkpt lat="40.7191170" lon="-74.0418900">
    <ele>2.7</ele>
    <time>2026-01-14T21:42:26Z</time>
   </trkpt>
   <trkpt lat="40.7190930" lon="-74.0418490">
    <ele>2.6</ele>
    <time>2026-01-14T21:42:27Z</time>
   </trkpt>
   <trkpt lat="40.7190750" lon="-74.0418060">
    <ele>2.6</ele>
    <time>2026-01-14T21:42:28Z</time>
   </trkpt>
   <trkpt lat="40.7190470" lon="-74.0417510">
    <ele>2.6</ele>
    <time>2026-01-14T21:42:29Z</time>
   </trkpt>
   <trkpt lat="40.7190260" lon="-74.0416850">
    <ele>2.6</ele>
    <time>2026-01-14T21:42:30Z</time>
   </trkpt>
   <trkpt lat="40.7190140" lon="-74.0416270">
    <ele>2.6</ele>
    <time>2026-01-14T21:42:31Z</time>
   </trkpt>
   <trkpt lat="40.7190000" lon="-74.0415590">
    <ele>2.6</ele>
    <time>2026-01-14T21:42:32Z</time>
   </trkpt>
   <trkpt lat="40.7189830" lon="-74.0414890">
    <ele>2.6</ele>
    <time>2026-01-14T21:42:33Z</time>
   </trkpt>
   <trkpt lat="40.7189610" lon="-74.0414230">
    <ele>2.6</ele>
    <time>2026-01-14T21:42:34Z</time>
   </trkpt>
   <trkpt lat="40.7189430" lon="-74.0413670">
    <ele>2.6</ele>
    <time>2026-01-14T21:42:35Z</time>
   </trkpt>
   <trkpt lat="40.7189230" lon="-74.0413120">
    <ele>2.7</ele>
    <time>2026-01-14T21:42:36Z</time>
   </trkpt>
   <trkpt lat="40.7189090" lon="-74.0412400">
    <ele>2.7</ele>
    <time>2026-01-14T21:42:37Z</time>
   </trkpt>
   <trkpt lat="40.7188940" lon="-74.0411710">
    <ele>2.7</ele>
    <time>2026-01-14T21:42:38Z</time>
   </trkpt>
   <trkpt lat="40.7188780" lon="-74.0411090">
    <ele>2.7</ele>
    <time>2026-01-14T21:42:39Z</time>
   </trkpt>
   <trkpt lat="40.7188580" lon="-74.0410380">
    <ele>2.7</ele>
    <time>2026-01-14T21:42:40Z</time>
   </trkpt>
   <trkpt lat="40.7188420" lon="-74.0409710">
    <ele>2.7</ele>
    <time>2026-01-14T21:42:41Z</time>
   </trkpt>
   <trkpt lat="40.7188320" lon="-74.0408870">
    <ele>2.7</ele>
    <time>2026-01-14T21:42:42Z</time>
   </trkpt>
   <trkpt lat="40.7188110" lon="-74.0408220">
    <ele>2.7</ele>
    <time>2026-01-14T21:42:43Z</time>
   </trkpt>
   <trkpt lat="40.7187860" lon="-74.0407550">
    <ele>2.7</ele>
    <time>2026-01-14T21:42:44Z</time>
   </trkpt>
   <trkpt lat="40.7187650" lon="-74.0406880">
    <ele>2.7</ele>
    <time>2026-01-14T21:42:45Z</time>
   </trkpt>
   <trkpt lat="40.7187480" lon="-74.0406190">
    <ele>2.7</ele>
    <time>2026-01-14T21:42:46Z</time>
   </trkpt>
   <trkpt lat="40.7187260" lon="-74.0405600">
    <ele>2.7</ele>
    <time>2026-01-14T21:42:47Z</time>
   </trkpt>
   <trkpt lat="40.7187140" lon="-74.0404980">
    <ele>2.7</ele>
    <time>2026-01-14T21:42:48Z</time>
   </trkpt>
   <trkpt lat="40.7186950" lon="-74.0404330">
    <ele>2.7</ele>
    <time>2026-01-14T21:42:49Z</time>
   </trkpt>
   <trkpt lat="40.7186680" lon="-74.0403540">
    <ele>2.7</ele>
    <time>2026-01-14T21:42:50Z</time>
   </trkpt>
   <trkpt lat="40.7186410" lon="-74.0402810">
    <ele>2.8</ele>
    <time>2026-01-14T21:42:51Z</time>
   </trkpt>
   <trkpt lat="40.7186170" lon="-74.0402200">
    <ele>2.8</ele>
    <time>2026-01-14T21:42:52Z</time>
   </trkpt>
   <trkpt lat="40.7185930" lon="-74.0401510">
    <ele>2.8</ele>
    <time>2026-01-14T21:42:53Z</time>
   </trkpt>
   <trkpt lat="40.7185720" lon="-74.0400790">
    <ele>2.8</ele>
    <time>2026-01-14T21:42:54Z</time>
   </trkpt>
   <trkpt lat="40.7185570" lon="-74.0400080">
    <ele>2.8</ele>
    <time>2026-01-14T21:42:55Z</time>
   </trkpt>
   <trkpt lat="40.7185290" lon="-74.0399380">
    <ele>2.8</ele>
    <time>2026-01-14T21:42:56Z</time>
   </trkpt>
   <trkpt lat="40.7185170" lon="-74.0398730">
    <ele>2.8</ele>
    <time>2026-01-14T21:42:57Z</time>
   </trkpt>
   <trkpt lat="40.7184940" lon="-74.0398000">
    <ele>2.8</ele>
    <time>2026-01-14T21:42:58Z</time>
   </trkpt>
   <trkpt lat="40.7184910" lon="-74.0397230">
    <ele>2.8</ele>
    <time>2026-01-14T21:42:59Z</time>
   </trkpt>
   <trkpt lat="40.7184650" lon="-74.0396540">
    <ele>2.7</ele>
    <time>2026-01-14T21:43:00Z</time>
   </trkpt>
   <trkpt lat="40.7184430" lon="-74.0395920">
    <ele>2.7</ele>
    <time>2026-01-14T21:43:01Z</time>
   </trkpt>
   <trkpt lat="40.7184190" lon="-74.0395270">
    <ele>2.6</ele>
    <time>2026-01-14T21:43:02Z</time>
   </trkpt>
   <trkpt lat="40.7183910" lon="-74.0394580">
    <ele>2.6</ele>
    <time>2026-01-14T21:43:03Z</time>
   </trkpt>
   <trkpt lat="40.7183700" lon="-74.0393950">
    <ele>2.5</ele>
    <time>2026-01-14T21:43:04Z</time>
   </trkpt>
   <trkpt lat="40.7183760" lon="-74.0393180">
    <ele>2.5</ele>
    <time>2026-01-14T21:43:05Z</time>
   </trkpt>
   <trkpt lat="40.7183510" lon="-74.0392530">
    <ele>2.4</ele>
    <time>2026-01-14T21:43:06Z</time>
   </trkpt>
   <trkpt lat="40.7183290" lon="-74.0391630">
    <ele>2.4</ele>
    <time>2026-01-14T21:43:07Z</time>
   </trkpt>
   <trkpt lat="40.7183030" lon="-74.0390920">
    <ele>2.4</ele>
    <time>2026-01-14T21:43:08Z</time>
   </trkpt>
   <trkpt lat="40.7182520" lon="-74.0390170">
    <ele>2.4</ele>
    <time>2026-01-14T21:43:09Z</time>
   </trkpt>
   <trkpt lat="40.7182230" lon="-74.0389540">
    <ele>2.3</ele>
    <time>2026-01-14T21:43:10Z</time>
   </trkpt>
   <trkpt lat="40.7182030" lon="-74.0388850">
    <ele>2.3</ele>
    <time>2026-01-14T21:43:11Z</time>
   </trkpt>
   <trkpt lat="40.7181700" lon="-74.0388180">
    <ele>2.4</ele>
    <time>2026-01-14T21:43:12Z</time>
   </trkpt>
   <trkpt lat="40.7181430" lon="-74.0387410">
    <ele>2.5</ele>
    <time>2026-01-14T21:43:13Z</time>
   </trkpt>
   <trkpt lat="40.7181130" lon="-74.0386770">
    <ele>2.5</ele>
    <time>2026-01-14T21:43:14Z</time>
   </trkpt>
   <trkpt lat="40.7180870" lon="-74.0386260">
    <ele>2.6</ele>
    <time>2026-01-14T21:43:15Z</time>
   </trkpt>
   <trkpt lat="40.7180820" lon="-74.0385720">
    <ele>2.7</ele>
    <time>2026-01-14T21:43:16Z</time>
   </trkpt>
   <trkpt lat="40.7180540" lon="-74.0385100">
    <ele>2.7</ele>
    <time>2026-01-14T21:43:17Z</time>
   </trkpt>
   <trkpt lat="40.7180380" lon="-74.0384630">
    <ele>2.8</ele>
    <time>2026-01-14T21:43:18Z</time>
   </trkpt>
   <trkpt lat="40.7180360" lon="-74.0384000">
    <ele>2.8</ele>
    <time>2026-01-14T21:43:19Z</time>
   </trkpt>
   <trkpt lat="40.7180470" lon="-74.0383500">
    <ele>2.8</ele>
    <time>2026-01-14T21:43:20Z</time>
   </trkpt>
   <trkpt lat="40.7180550" lon="-74.0382980">
    <ele>2.8</ele>
    <time>2026-01-14T21:43:21Z</time>
   </trkpt>
   <trkpt lat="40.7180400" lon="-74.0382380">
    <ele>2.8</ele>
    <time>2026-01-14T21:43:22Z</time>
   </trkpt>
   <trkpt lat="40.7180300" lon="-74.0381760">
    <ele>2.8</ele>
    <time>2026-01-14T21:43:23Z</time>
   </trkpt>
   <trkpt lat="40.7180150" lon="-74.0381200">
    <ele>2.8</ele>
    <time>2026-01-14T21:43:24Z</time>
   </trkpt>
   <trkpt lat="40.7179940" lon="-74.0380700">
    <ele>2.8</ele>
    <time>2026-01-14T21:43:25Z</time>
   </trkpt>
   <trkpt lat="40.7179570" lon="-74.0380060">
    <ele>2.8</ele>
    <time>2026-01-14T21:43:26Z</time>
   </trkpt>
   <trkpt lat="40.7179300" lon="-74.0379460">
    <ele>2.9</ele>
    <time>2026-01-14T21:43:27Z</time>
   </trkpt>
   <trkpt lat="40.7179080" lon="-74.0379200">
    <ele>2.9</ele>
    <time>2026-01-14T21:43:28Z</time>
   </trkpt>
   <trkpt lat="40.7178940" lon="-74.0378590">
    <ele>2.9</ele>
    <time>2026-01-14T21:43:29Z</time>
   </trkpt>
   <trkpt lat="40.7178680" lon="-74.0377910">
    <ele>2.9</ele>
    <time>2026-01-14T21:43:30Z</time>
   </trkpt>
   <trkpt lat="40.7178310" lon="-74.0377340">
    <ele>2.9</ele>
    <time>2026-01-14T21:43:31Z</time>
   </trkpt>
   <trkpt lat="40.7178060" lon="-74.0376810">
    <ele>2.9</ele>
    <time>2026-01-14T21:43:32Z</time>
   </trkpt>
   <trkpt lat="40.7177860" lon="-74.0376300">
    <ele>2.9</ele>
    <time>2026-01-14T21:43:33Z</time>
   </trkpt>
   <trkpt lat="40.7177590" lon="-74.0375850">
    <ele>2.9</ele>
    <time>2026-01-14T21:43:34Z</time>
   </trkpt>
   <trkpt lat="40.7177400" lon="-74.0375380">
    <ele>2.9</ele>
    <time>2026-01-14T21:43:35Z</time>
   </trkpt>
   <trkpt lat="40.7177280" lon="-74.0375030">
    <ele>2.9</ele>
    <time>2026-01-14T21:43:36Z</time>
   </trkpt>
   <trkpt lat="40.7177400" lon="-74.0374940">
    <ele>2.9</ele>
    <time>2026-01-14T21:43:37Z</time>
   </trkpt>
   <trkpt lat="40.7177400" lon="-74.0374980">
    <ele>2.9</ele>
    <time>2026-01-14T21:43:38Z</time>
   </trkpt>
   <trkpt lat="40.7177380" lon="-74.0375010">
    <ele>2.9</ele>
    <time>2026-01-14T21:43:39Z</time>
   </trkpt>
   <trkpt lat="40.7177380" lon="-74.0375010">
    <ele>2.9</ele>
    <time>2026-01-14T21:43:40Z</time>
   </trkpt>
   <trkpt lat="40.7177380" lon="-74.0375010">
    <ele>2.9</ele>
    <time>2026-01-14T21:43:41Z</time>
   </trkpt>
   <trkpt lat="40.7177380" lon="-74.0375010">
    <ele>2.9</ele>
    <time>2026-01-14T21:43:42Z</time>
   </trkpt>
   <trkpt lat="40.7177380" lon="-74.0375010">
    <ele>2.9</ele>
    <time>2026-01-14T21:43:43Z</time>
   </trkpt>
   <trkpt lat="40.7177380" lon="-74.0375010">
    <ele>2.9</ele>
    <time>2026-01-14T21:43:44Z</time>
   </trkpt>
   <trkpt lat="40.7177230" lon="-74.0374950">
    <ele>2.9</ele>
    <time>2026-01-14T21:43:45Z</time>
   </trkpt>
   <trkpt lat="40.7177120" lon="-74.0374900">
    <ele>2.9</ele>
    <time>2026-01-14T21:43:46Z</time>
   </trkpt>
   <trkpt lat="40.7177040" lon="-74.0374800">
    <ele>2.9</ele>
    <time>2026-01-14T21:43:47Z</time>
   </trkpt>
   <trkpt lat="40.7176960" lon="-74.0374290">
    <ele>2.9</ele>
    <time>2026-01-14T21:43:48Z</time>
   </trkpt>
   <trkpt lat="40.7176930" lon="-74.0374060">
    <ele>2.9</ele>
    <time>2026-01-14T21:43:49Z</time>
   </trkpt>
   <trkpt lat="40.7176750" lon="-74.0373710">
    <ele>2.9</ele>
    <time>2026-01-14T21:43:50Z</time>
   </trkpt>
   <trkpt lat="40.7176780" lon="-74.0373390">
    <ele>2.9</ele>
    <time>2026-01-14T21:43:51Z</time>
   </trkpt>
   <trkpt lat="40.7176700" lon="-74.0373320">
    <ele>2.9</ele>
    <time>2026-01-14T21:43:52Z</time>
   </trkpt>
   <trkpt lat="40.7176390" lon="-74.0373380">
    <ele>2.9</ele>
    <time>2026-01-14T21:43:53Z</time>
   </trkpt>
   <trkpt lat="40.7175970" lon="-74.0373540">
    <ele>2.9</ele>
    <time>2026-01-14T21:43:54Z</time>
   </trkpt>
   <trkpt lat="40.7175430" lon="-74.0373780">
    <ele>3.0</ele>
    <time>2026-01-14T21:43:55Z</time>
   </trkpt>
   <trkpt lat="40.7174990" lon="-74.0373880">
    <ele>3.0</ele>
    <time>2026-01-14T21:43:56Z</time>
   </trkpt>
   <trkpt lat="40.7174450" lon="-74.0373990">
    <ele>3.1</ele>
    <time>2026-01-14T21:43:57Z</time>
   </trkpt>
   <trkpt lat="40.7174080" lon="-74.0374140">
    <ele>3.1</ele>
    <time>2026-01-14T21:43:58Z</time>
   </trkpt>
   <trkpt lat="40.7173540" lon="-74.0374290">
    <ele>3.2</ele>
    <time>2026-01-14T21:43:59Z</time>
   </trkpt>
   <trkpt lat="40.7173120" lon="-74.0374360">
    <ele>3.3</ele>
    <time>2026-01-14T21:44:00Z</time>
   </trkpt>
   <trkpt lat="40.7172730" lon="-74.0374470">
    <ele>3.4</ele>
    <time>2026-01-14T21:44:01Z</time>
   </trkpt>
   <trkpt lat="40.7172230" lon="-74.0374540">
    <ele>3.5</ele>
    <time>2026-01-14T21:44:02Z</time>
   </trkpt>
   <trkpt lat="40.7171770" lon="-74.0374600">
    <ele>3.7</ele>
    <time>2026-01-14T21:44:03Z</time>
   </trkpt>
   <trkpt lat="40.7171400" lon="-74.0374730">
    <ele>3.8</ele>
    <time>2026-01-14T21:44:04Z</time>
   </trkpt>
   <trkpt lat="40.7170980" lon="-74.0374660">
    <ele>3.9</ele>
    <time>2026-01-14T21:44:05Z</time>
   </trkpt>
   <trkpt lat="40.7170620" lon="-74.0374590">
    <ele>4.0</ele>
    <time>2026-01-14T21:44:06Z</time>
   </trkpt>
   <trkpt lat="40.7170300" lon="-74.0374790">
    <ele>4.1</ele>
    <time>2026-01-14T21:44:07Z</time>
   </trkpt>
   <trkpt lat="40.7170180" lon="-74.0374810">
    <ele>4.2</ele>
    <time>2026-01-14T21:44:08Z</time>
   </trkpt>
   <trkpt lat="40.7169810" lon="-74.0374860">
    <ele>4.3</ele>
    <time>2026-01-14T21:44:09Z</time>
   </trkpt>
   <trkpt lat="40.7169440" lon="-74.0375030">
    <ele>4.4</ele>
    <time>2026-01-14T21:44:10Z</time>
   </trkpt>
   <trkpt lat="40.7169310" lon="-74.0375100">
    <ele>4.4</ele>
    <time>2026-01-14T21:44:11Z</time>
   </trkpt>
   <trkpt lat="40.7169040" lon="-74.0375170">
    <ele>4.5</ele>
    <time>2026-01-14T21:44:12Z</time>
   </trkpt>
   <trkpt lat="40.7168750" lon="-74.0375320">
    <ele>4.5</ele>
    <time>2026-01-14T21:44:13Z</time>
   </trkpt>
   <trkpt lat="40.7168370" lon="-74.0375420">
    <ele>4.6</ele>
    <time>2026-01-14T21:44:14Z</time>
   </trkpt>
   <trkpt lat="40.7168230" lon="-74.0375450">
    <ele>4.6</ele>
    <time>2026-01-14T21:44:15Z</time>
   </trkpt>
   <trkpt lat="40.7167910" lon="-74.0375450">
    <ele>4.7</ele>
    <time>2026-01-14T21:44:16Z</time>
   </trkpt>
   <trkpt lat="40.7167800" lon="-74.0375430">
    <ele>4.7</ele>
    <time>2026-01-14T21:44:17Z</time>
   </trkpt>
   <trkpt lat="40.7167580" lon="-74.0375160">
    <ele>4.7</ele>
    <time>2026-01-14T21:44:18Z</time>
   </trkpt>
   <trkpt lat="40.7167520" lon="-74.0375030">
    <ele>4.7</ele>
    <time>2026-01-14T21:44:19Z</time>
   </trkpt>
   <trkpt lat="40.7167440" lon="-74.0374590">
    <ele>4.8</ele>
    <time>2026-01-14T21:44:20Z</time>
   </trkpt>
   <trkpt lat="40.7167410" lon="-74.0374390">
    <ele>4.8</ele>
    <time>2026-01-14T21:44:21Z</time>
   </trkpt>
   <trkpt lat="40.7167400" lon="-74.0373950">
    <ele>4.8</ele>
    <time>2026-01-14T21:44:22Z</time>
   </trkpt>
   <trkpt lat="40.7167280" lon="-74.0373530">
    <ele>4.7</ele>
    <time>2026-01-14T21:44:23Z</time>
   </trkpt>
   <trkpt lat="40.7167190" lon="-74.0372980">
    <ele>4.6</ele>
    <time>2026-01-14T21:44:24Z</time>
   </trkpt>
   <trkpt lat="40.7167010" lon="-74.0372590">
    <ele>4.6</ele>
    <time>2026-01-14T21:44:25Z</time>
   </trkpt>
   <trkpt lat="40.7166980" lon="-74.0371990">
    <ele>4.6</ele>
    <time>2026-01-14T21:44:26Z</time>
   </trkpt>
   <trkpt lat="40.7167000" lon="-74.0371400">
    <ele>4.6</ele>
    <time>2026-01-14T21:44:27Z</time>
   </trkpt>
   <trkpt lat="40.7166970" lon="-74.0370760">
    <ele>4.6</ele>
    <time>2026-01-14T21:44:28Z</time>
   </trkpt>
   <trkpt lat="40.7166890" lon="-74.0370150">
    <ele>4.6</ele>
    <time>2026-01-14T21:44:29Z</time>
   </trkpt>
   <trkpt lat="40.7166720" lon="-74.0369510">
    <ele>4.5</ele>
    <time>2026-01-14T21:44:30Z</time>
   </trkpt>
   <trkpt lat="40.7166590" lon="-74.0368890">
    <ele>4.5</ele>
    <time>2026-01-14T21:44:31Z</time>
   </trkpt>
   <trkpt lat="40.7166500" lon="-74.0368340">
    <ele>4.5</ele>
    <time>2026-01-14T21:44:32Z</time>
   </trkpt>
   <trkpt lat="40.7166540" lon="-74.0367620">
    <ele>4.5</ele>
    <time>2026-01-14T21:44:33Z</time>
   </trkpt>
   <trkpt lat="40.7166560" lon="-74.0366920">
    <ele>4.5</ele>
    <time>2026-01-14T21:44:34Z</time>
   </trkpt>
   <trkpt lat="40.7166380" lon="-74.0366300">
    <ele>4.5</ele>
    <time>2026-01-14T21:44:35Z</time>
   </trkpt>
   <trkpt lat="40.7166270" lon="-74.0365690">
    <ele>4.5</ele>
    <time>2026-01-14T21:44:36Z</time>
   </trkpt>
   <trkpt lat="40.7166290" lon="-74.0364980">
    <ele>4.5</ele>
    <time>2026-01-14T21:44:37Z</time>
   </trkpt>
   <trkpt lat="40.7166260" lon="-74.0364390">
    <ele>4.6</ele>
    <time>2026-01-14T21:44:38Z</time>
   </trkpt>
   <trkpt lat="40.7166180" lon="-74.0363820">
    <ele>4.6</ele>
    <time>2026-01-14T21:44:39Z</time>
   </trkpt>
   <trkpt lat="40.7166050" lon="-74.0363270">
    <ele>4.5</ele>
    <time>2026-01-14T21:44:40Z</time>
   </trkpt>
   <trkpt lat="40.7166140" lon="-74.0362720">
    <ele>4.5</ele>
    <time>2026-01-14T21:44:41Z</time>
   </trkpt>
   <trkpt lat="40.7166100" lon="-74.0362170">
    <ele>4.5</ele>
    <time>2026-01-14T21:44:42Z</time>
   </trkpt>
   <trkpt lat="40.7165920" lon="-74.0361770">
    <ele>4.5</ele>
    <time>2026-01-14T21:44:43Z</time>
   </trkpt>
   <trkpt lat="40.7165900" lon="-74.0361650">
    <ele>4.5</ele>
    <time>2026-01-14T21:44:44Z</time>
   </trkpt>
   <trkpt lat="40.7166070" lon="-74.0361620">
    <ele>4.5</ele>
    <time>2026-01-14T21:44:45Z</time>
   </trkpt>
   <trkpt lat="40.7166080" lon="-74.0361720">
    <ele>4.5</ele>
    <time>2026-01-14T21:44:46Z</time>
   </trkpt>
   <trkpt lat="40.7166060" lon="-74.0361750">
    <ele>4.5</ele>
    <time>2026-01-14T21:44:47Z</time>
   </trkpt>
   <trkpt lat="40.7166020" lon="-74.0361800">
    <ele>4.5</ele>
    <time>2026-01-14T21:44:48Z</time>
   </trkpt>
   <trkpt lat="40.7166020" lon="-74.0361810">
    <ele>4.5</ele>
    <time>2026-01-14T21:44:49Z</time>
   </trkpt>
   <trkpt lat="40.7166020" lon="-74.0361810">
    <ele>4.5</ele>
    <time>2026-01-14T21:44:50Z</time>
   </trkpt>
   <trkpt lat="40.7166020" lon="-74.0361810">
    <ele>4.5</ele>
    <time>2026-01-14T21:44:51Z</time>
   </trkpt>
   <trkpt lat="40.7166030" lon="-74.0361750">
    <ele>4.5</ele>
    <time>2026-01-14T21:44:52Z</time>
   </trkpt>
   <trkpt lat="40.7166020" lon="-74.0361720">
    <ele>4.5</ele>
    <time>2026-01-14T21:44:53Z</time>
   </trkpt>
   <trkpt lat="40.7166040" lon="-74.0361690">
    <ele>4.5</ele>
    <time>2026-01-14T21:44:54Z</time>
   </trkpt>
   <trkpt lat="40.7166010" lon="-74.0361670">
    <ele>4.5</ele>
    <time>2026-01-14T21:44:55Z</time>
   </trkpt>
   <trkpt lat="40.7165990" lon="-74.0361540">
    <ele>4.5</ele>
    <time>2026-01-14T21:44:56Z</time>
   </trkpt>
   <trkpt lat="40.7165990" lon="-74.0361330">
    <ele>4.5</ele>
    <time>2026-01-14T21:44:57Z</time>
   </trkpt>
   <trkpt lat="40.7165780" lon="-74.0360970">
    <ele>4.5</ele>
    <time>2026-01-14T21:44:58Z</time>
   </trkpt>
   <trkpt lat="40.7165680" lon="-74.0360820">
    <ele>4.5</ele>
    <time>2026-01-14T21:44:59Z</time>
   </trkpt>
   <trkpt lat="40.7165860" lon="-74.0360490">
    <ele>4.5</ele>
    <time>2026-01-14T21:45:00Z</time>
   </trkpt>
   <trkpt lat="40.7165920" lon="-74.0359970">
    <ele>4.5</ele>
    <time>2026-01-14T21:45:01Z</time>
   </trkpt>
   <trkpt lat="40.7165950" lon="-74.0359790">
    <ele>4.5</ele>
    <time>2026-01-14T21:45:02Z</time>
   </trkpt>
   <trkpt lat="40.7165920" lon="-74.0359390">
    <ele>4.4</ele>
    <time>2026-01-14T21:45:03Z</time>
   </trkpt>
   <trkpt lat="40.7165900" lon="-74.0359290">
    <ele>4.4</ele>
    <time>2026-01-14T21:45:04Z</time>
   </trkpt>
   <trkpt lat="40.7165840" lon="-74.0359040">
    <ele>4.4</ele>
    <time>2026-01-14T21:45:05Z</time>
   </trkpt>
   <trkpt lat="40.7165760" lon="-74.0358920">
    <ele>4.4</ele>
    <time>2026-01-14T21:45:06Z</time>
   </trkpt>
   <trkpt lat="40.7165380" lon="-74.0358910">
    <ele>4.5</ele>
    <time>2026-01-14T21:45:07Z</time>
   </trkpt>
   <trkpt lat="40.7165250" lon="-74.0358890">
    <ele>4.5</ele>
    <time>2026-01-14T21:45:08Z</time>
   </trkpt>
   <trkpt lat="40.7165050" lon="-74.0358940">
    <ele>4.6</ele>
    <time>2026-01-14T21:45:09Z</time>
   </trkpt>
   <trkpt lat="40.7164890" lon="-74.0358960">
    <ele>4.6</ele>
    <time>2026-01-14T21:45:10Z</time>
   </trkpt>
   <trkpt lat="40.7164730" lon="-74.0358970">
    <ele>4.6</ele>
    <time>2026-01-14T21:45:11Z</time>
   </trkpt>
   <trkpt lat="40.7164540" lon="-74.0358950">
    <ele>4.6</ele>
    <time>2026-01-14T21:45:12Z</time>
   </trkpt>
   <trkpt lat="40.7164420" lon="-74.0358920">
    <ele>4.6</ele>
    <time>2026-01-14T21:45:13Z</time>
   </trkpt>
   <trkpt lat="40.7164420" lon="-74.0358930">
    <ele>4.6</ele>
    <time>2026-01-14T21:45:14Z</time>
   </trkpt>
   <trkpt lat="40.7164260" lon="-74.0358870">
    <ele>4.6</ele>
    <time>2026-01-14T21:45:15Z</time>
   </trkpt>
   <trkpt lat="40.7164280" lon="-74.0358870">
    <ele>4.6</ele>
    <time>2026-01-14T21:45:16Z</time>
   </trkpt>
   <trkpt lat="40.7164190" lon="-74.0358790">
    <ele>4.7</ele>
    <time>2026-01-14T21:45:17Z</time>
   </trkpt>
   <trkpt lat="40.7164110" lon="-74.0358690">
    <ele>4.7</ele>
    <time>2026-01-14T21:45:18Z</time>
   </trkpt>
   <trkpt lat="40.7164010" lon="-74.0358610">
    <ele>4.7</ele>
    <time>2026-01-14T21:45:19Z</time>
   </trkpt>
   <trkpt lat="40.7163910" lon="-74.0358600">
    <ele>4.7</ele>
    <time>2026-01-14T21:45:20Z</time>
   </trkpt>
   <trkpt lat="40.7163800" lon="-74.0358520">
    <ele>4.7</ele>
    <time>2026-01-14T21:45:21Z</time>
   </trkpt>
   <trkpt lat="40.7163700" lon="-74.0358450">
    <ele>4.7</ele>
    <time>2026-01-14T21:45:22Z</time>
   </trkpt>
   <trkpt lat="40.7163590" lon="-74.0358380">
    <ele>4.7</ele>
    <time>2026-01-14T21:45:23Z</time>
   </trkpt>
   <trkpt lat="40.7163560" lon="-74.0358380">
    <ele>4.7</ele>
    <time>2026-01-14T21:45:24Z</time>
   </trkpt>
   <trkpt lat="40.7163410" lon="-74.0358350">
    <ele>4.7</ele>
    <time>2026-01-14T21:45:25Z</time>
   </trkpt>
   <trkpt lat="40.7163270" lon="-74.0358270">
    <ele>4.8</ele>
    <time>2026-01-14T21:45:26Z</time>
   </trkpt>
   <trkpt lat="40.7163000" lon="-74.0358030">
    <ele>4.8</ele>
    <time>2026-01-14T21:45:27Z</time>
   </trkpt>
   <trkpt lat="40.7162840" lon="-74.0357870">
    <ele>4.8</ele>
    <time>2026-01-14T21:45:28Z</time>
   </trkpt>
   <trkpt lat="40.7162770" lon="-74.0358300">
    <ele>4.9</ele>
    <time>2026-01-14T21:45:29Z</time>
   </trkpt>
   <trkpt lat="40.7162490" lon="-74.0358160">
    <ele>4.9</ele>
    <time>2026-01-14T21:45:30Z</time>
   </trkpt>
   <trkpt lat="40.7162390" lon="-74.0358030">
    <ele>4.9</ele>
    <time>2026-01-14T21:45:31Z</time>
   </trkpt>
   <trkpt lat="40.7162360" lon="-74.0357930">
    <ele>4.9</ele>
    <time>2026-01-14T21:45:32Z</time>
   </trkpt>
   <trkpt lat="40.7162140" lon="-74.0357790">
    <ele>5.0</ele>
    <time>2026-01-14T21:45:33Z</time>
   </trkpt>
   <trkpt lat="40.7162050" lon="-74.0357610">
    <ele>5.0</ele>
    <time>2026-01-14T21:45:34Z</time>
   </trkpt>
   <trkpt lat="40.7161940" lon="-74.0357410">
    <ele>5.0</ele>
    <time>2026-01-14T21:45:35Z</time>
   </trkpt>
   <trkpt lat="40.7161820" lon="-74.0357220">
    <ele>5.0</ele>
    <time>2026-01-14T21:45:36Z</time>
   </trkpt>
   <trkpt lat="40.7161570" lon="-74.0356860">
    <ele>5.3</ele>
    <time>2026-01-14T21:45:37Z</time>
   </trkpt>
   <trkpt lat="40.7161070" lon="-74.0356110">
    <ele>5.5</ele>
    <time>2026-01-14T21:45:38Z</time>
   </trkpt>
   <trkpt lat="40.7160880" lon="-74.0355630">
    <ele>5.4</ele>
    <time>2026-01-14T21:45:39Z</time>
   </trkpt>
   <trkpt lat="40.7160840" lon="-74.0355260">
    <ele>5.4</ele>
    <time>2026-01-14T21:45:40Z</time>
   </trkpt>
   <trkpt lat="40.7160850" lon="-74.0355030">
    <ele>5.4</ele>
    <time>2026-01-14T21:45:41Z</time>
   </trkpt>
   <trkpt lat="40.7160800" lon="-74.0354990">
    <ele>5.4</ele>
    <time>2026-01-14T21:45:42Z</time>
   </trkpt>
   <trkpt lat="40.7160760" lon="-74.0354940">
    <ele>5.4</ele>
    <time>2026-01-14T21:45:43Z</time>
   </trkpt>
   <trkpt lat="40.7160720" lon="-74.0354900">
    <ele>5.3</ele>
    <time>2026-01-14T21:45:44Z</time>
   </trkpt>
   <trkpt lat="40.7160670" lon="-74.0354850">
    <ele>5.3</ele>
    <time>2026-01-14T21:45:45Z</time>
   </trkpt>
   <trkpt lat="40.7160630" lon="-74.0354810">
    <ele>5.3</ele>
    <time>2026-01-14T21:45:46Z</time>
   </trkpt>
   <trkpt lat="40.7160580" lon="-74.0354630">
    <ele>5.3</ele>
    <time>2026-01-14T21:45:48Z</time>
   </trkpt>
   <trkpt lat="40.7160630" lon="-74.0354680">
    <ele>5.3</ele>
    <time>2026-01-14T21:45:49Z</time>
   </trkpt>
   <trkpt lat="40.7160660" lon="-74.0354720">
    <ele>5.3</ele>
    <time>2026-01-14T21:45:50Z</time>
   </trkpt>
   <trkpt lat="40.7160660" lon="-74.0354720">
    <ele>5.3</ele>
    <time>2026-01-14T21:45:51Z</time>
   </trkpt>
   <trkpt lat="40.7160730" lon="-74.0354770">
    <ele>5.3</ele>
    <time>2026-01-14T21:45:52Z</time>
   </trkpt>
   <trkpt lat="40.7160710" lon="-74.0354660">
    <ele>5.3</ele>
    <time>2026-01-14T21:45:53Z</time>
   </trkpt>
   <trkpt lat="40.7160670" lon="-74.0354600">
    <ele>5.3</ele>
    <time>2026-01-14T21:45:54Z</time>
   </trkpt>
   <trkpt lat="40.7160680" lon="-74.0354510">
    <ele>5.3</ele>
    <time>2026-01-14T21:45:55Z</time>
   </trkpt>
   <trkpt lat="40.7160630" lon="-74.0354390">
    <ele>5.2</ele>
    <time>2026-01-14T21:45:56Z</time>
   </trkpt>
   <trkpt lat="40.7160600" lon="-74.0354070">
    <ele>5.2</ele>
    <time>2026-01-14T21:45:57Z</time>
   </trkpt>
   <trkpt lat="40.7160600" lon="-74.0353910">
    <ele>5.1</ele>
    <time>2026-01-14T21:45:58Z</time>
   </trkpt>
   <trkpt lat="40.7160600" lon="-74.0353750">
    <ele>5.1</ele>
    <time>2026-01-14T21:45:59Z</time>
   </trkpt>
   <trkpt lat="40.7160620" lon="-74.0353760">
    <ele>5.1</ele>
    <time>2026-01-14T21:46:00Z</time>
   </trkpt>
   <trkpt lat="40.7160620" lon="-74.0353760">
    <ele>5.1</ele>
    <time>2026-01-14T21:46:01Z</time>
   </trkpt>
   <trkpt lat="40.7160620" lon="-74.0353760">
    <ele>5.1</ele>
    <time>2026-01-14T21:46:02Z</time>
   </trkpt>
   <trkpt lat="40.7160570" lon="-74.0353570">
    <ele>5.0</ele>
    <time>2026-01-14T21:46:03Z</time>
   </trkpt>
   <trkpt lat="40.7160550" lon="-74.0353560">
    <ele>5.0</ele>
    <time>2026-01-14T21:46:04Z</time>
   </trkpt>
   <trkpt lat="40.7160570" lon="-74.0353520">
    <ele>5.0</ele>
    <time>2026-01-14T21:46:05Z</time>
   </trkpt>
   <trkpt lat="40.7160480" lon="-74.0353540">
    <ele>5.0</ele>
    <time>2026-01-14T21:46:06Z</time>
   </trkpt>
   <trkpt lat="40.7160530" lon="-74.0353390">
    <ele>5.0</ele>
    <time>2026-01-14T21:46:07Z</time>
   </trkpt>
   <trkpt lat="40.7160440" lon="-74.0353400">
    <ele>5.0</ele>
    <time>2026-01-14T21:46:08Z</time>
   </trkpt>
   <trkpt lat="40.7160430" lon="-74.0353410">
    <ele>5.0</ele>
    <time>2026-01-14T21:46:09Z</time>
   </trkpt>
   <trkpt lat="40.7160430" lon="-74.0353410">
    <ele>5.0</ele>
    <time>2026-01-14T21:46:10Z</time>
   </trkpt>
   <trkpt lat="40.7160430" lon="-74.0353410">
    <ele>5.0</ele>
    <time>2026-01-14T21:46:11Z</time>
   </trkpt>
   <trkpt lat="40.7160460" lon="-74.0353360">
    <ele>5.0</ele>
    <time>2026-01-14T21:46:12Z</time>
   </trkpt>
   <trkpt lat="40.7160490" lon="-74.0353350">
    <ele>5.0</ele>
    <time>2026-01-14T21:46:13Z</time>
   </trkpt>
   <trkpt lat="40.7160570" lon="-74.0353360">
    <ele>5.0</ele>
    <time>2026-01-14T21:46:14Z</time>
   </trkpt>
   <trkpt lat="40.7160570" lon="-74.0353360">
    <ele>5.0</ele>
    <time>2026-01-14T21:46:15Z</time>
   </trkpt>
   <trkpt lat="40.7160530" lon="-74.0353350">
    <ele>5.0</ele>
    <time>2026-01-14T21:46:16Z</time>
   </trkpt>
   <trkpt lat="40.7160480" lon="-74.0353410">
    <ele>5.0</ele>
    <time>2026-01-14T21:46:17Z</time>
   </trkpt>
   <trkpt lat="40.7160360" lon="-74.0353460">
    <ele>5.0</ele>
    <time>2026-01-14T21:46:18Z</time>
   </trkpt>
   <trkpt lat="40.7160370" lon="-74.0353520">
    <ele>5.0</ele>
    <time>2026-01-14T21:46:19Z</time>
   </trkpt>
   <trkpt lat="40.7160450" lon="-74.0353450">
    <ele>5.0</ele>
    <time>2026-01-14T21:46:20Z</time>
   </trkpt>
   <trkpt lat="40.7160500" lon="-74.0353420">
    <ele>5.0</ele>
    <time>2026-01-14T21:46:21Z</time>
   </trkpt>
   <trkpt lat="40.7160560" lon="-74.0353410">
    <ele>5.0</ele>
    <time>2026-01-14T21:46:22Z</time>
   </trkpt>
   <trkpt lat="40.7160590" lon="-74.0353420">
    <ele>5.0</ele>
    <time>2026-01-14T21:46:23Z</time>
   </trkpt>
   <trkpt lat="40.7160600" lon="-74.0353300">
    <ele>5.0</ele>
    <time>2026-01-14T21:46:24Z</time>
   </trkpt>
   <trkpt lat="40.7160670" lon="-74.0353360">
    <ele>5.0</ele>
    <time>2026-01-14T21:46:25Z</time>
   </trkpt>
   <trkpt lat="40.7160690" lon="-74.0353190">
    <ele>4.9</ele>
    <time>2026-01-14T21:46:26Z</time>
   </trkpt>
   <trkpt lat="40.7160740" lon="-74.0353290">
    <ele>4.9</ele>
    <time>2026-01-14T21:46:27Z</time>
   </trkpt>
   <trkpt lat="40.7160770" lon="-74.0353360">
    <ele>4.9</ele>
    <time>2026-01-14T21:46:28Z</time>
   </trkpt>
   <trkpt lat="40.7160870" lon="-74.0353450">
    <ele>4.9</ele>
    <time>2026-01-14T21:46:29Z</time>
   </trkpt>
   <trkpt lat="40.7160970" lon="-74.0353370">
    <ele>4.9</ele>
    <time>2026-01-14T21:46:30Z</time>
   </trkpt>
   <trkpt lat="40.7161040" lon="-74.0353280">
    <ele>4.8</ele>
    <time>2026-01-14T21:46:32Z</time>
   </trkpt>
   <trkpt lat="40.7161100" lon="-74.0353180">
    <ele>4.7</ele>
    <time>2026-01-14T21:46:33Z</time>
   </trkpt>
   <trkpt lat="40.7161170" lon="-74.0353080">
    <ele>4.7</ele>
    <time>2026-01-14T21:46:34Z</time>
   </trkpt>
   <trkpt lat="40.7161380" lon="-74.0352750">
    <ele>4.4</ele>
    <time>2026-01-14T21:46:35Z</time>
   </trkpt>
   <trkpt lat="40.7161510" lon="-74.0352400">
    <ele>4.4</ele>
    <time>2026-01-14T21:46:36Z</time>
   </trkpt>
   <trkpt lat="40.7160130" lon="-74.0354480">
    <ele>5.1</ele>
    <time>2026-01-14T21:48:06Z</time>
   </trkpt>
   <trkpt lat="40.7160060" lon="-74.0354270">
    <ele>5.1</ele>
    <time>2026-01-14T21:48:07Z</time>
   </trkpt>
   <trkpt lat="40.7159980" lon="-74.0354070">
    <ele>5.1</ele>
    <time>2026-01-14T21:48:08Z</time>
   </trkpt>
   <trkpt lat="40.7160230" lon="-74.0353610">
    <ele>4.9</ele>
    <time>2026-01-14T21:48:09Z</time>
   </trkpt>
   <trkpt lat="40.7160320" lon="-74.0353420">
    <ele>4.9</ele>
    <time>2026-01-14T21:48:10Z</time>
   </trkpt>
   <trkpt lat="40.7159910" lon="-74.0353630">
    <ele>4.9</ele>
    <time>2026-01-14T21:48:11Z</time>
   </trkpt>
   <trkpt lat="40.7159730" lon="-74.0353790">
    <ele>5.0</ele>
    <time>2026-01-14T21:48:12Z</time>
   </trkpt>
   <trkpt lat="40.7159760" lon="-74.0353910">
    <ele>5.0</ele>
    <time>2026-01-14T21:48:13Z</time>
   </trkpt>
   <trkpt lat="40.7159750" lon="-74.0353930">
    <ele>5.0</ele>
    <time>2026-01-14T21:48:14Z</time>
   </trkpt>
   <trkpt lat="40.7159750" lon="-74.0353930">
    <ele>5.0</ele>
    <time>2026-01-14T21:48:15Z</time>
   </trkpt>
   <trkpt lat="40.7159750" lon="-74.0353930">
    <ele>5.0</ele>
    <time>2026-01-14T21:48:16Z</time>
   </trkpt>
   <trkpt lat="40.7159870" lon="-74.0354180">
    <ele>5.1</ele>
    <time>2026-01-14T21:48:17Z</time>
   </trkpt>
   <trkpt lat="40.7159940" lon="-74.0353930">
    <ele>5.0</ele>
    <time>2026-01-14T21:48:18Z</time>
   </trkpt>
   <trkpt lat="40.7159870" lon="-74.0353910">
    <ele>5.0</ele>
    <time>2026-01-14T21:48:19Z</time>
   </trkpt>
   <trkpt lat="40.7159820" lon="-74.0353820">
    <ele>5.0</ele>
    <time>2026-01-14T21:48:20Z</time>
   </trkpt>
   <trkpt lat="40.7159760" lon="-74.0353810">
    <ele>5.0</ele>
    <time>2026-01-14T21:48:21Z</time>
   </trkpt>
   <trkpt lat="40.7159780" lon="-74.0353770">
    <ele>5.0</ele>
    <time>2026-01-14T21:48:22Z</time>
   </trkpt>
   <trkpt lat="40.7159790" lon="-74.0353740">
    <ele>5.0</ele>
    <time>2026-01-14T21:48:23Z</time>
   </trkpt>
   <trkpt lat="40.7159800" lon="-74.0353700">
    <ele>5.0</ele>
    <time>2026-01-14T21:48:24Z</time>
   </trkpt>
   <trkpt lat="40.7159810" lon="-74.0353670">
    <ele>5.0</ele>
    <time>2026-01-14T21:48:26Z</time>
   </trkpt>
   <trkpt lat="40.7159830" lon="-74.0353630">
    <ele>4.9</ele>
    <time>2026-01-14T21:48:27Z</time>
   </trkpt>
   <trkpt lat="40.7159840" lon="-74.0353600">
    <ele>4.9</ele>
    <time>2026-01-14T21:48:29Z</time>
   </trkpt>
   <trkpt lat="40.7159850" lon="-74.0353560">
    <ele>4.9</ele>
    <time>2026-01-14T21:48:30Z</time>
   </trkpt>
   <trkpt lat="40.7159870" lon="-74.0353530">
    <ele>4.9</ele>
    <time>2026-01-14T21:48:31Z</time>
   </trkpt>
   <trkpt lat="40.7159880" lon="-74.0353490">
    <ele>4.9</ele>
    <time>2026-01-14T21:48:32Z</time>
   </trkpt>
   <trkpt lat="40.7159890" lon="-74.0353460">
    <ele>4.9</ele>
    <time>2026-01-14T21:48:33Z</time>
   </trkpt>
   <trkpt lat="40.7159900" lon="-74.0353420">
    <ele>4.9</ele>
    <time>2026-01-14T21:48:34Z</time>
   </trkpt>
   <trkpt lat="40.7159920" lon="-74.0353390">
    <ele>4.9</ele>
    <time>2026-01-14T21:48:35Z</time>
   </trkpt>
   <trkpt lat="40.7159930" lon="-74.0353350">
    <ele>4.9</ele>
    <time>2026-01-14T21:48:36Z</time>
   </trkpt>
   <trkpt lat="40.7159910" lon="-74.0353390">
    <ele>4.9</ele>
    <time>2026-01-14T21:48:37Z</time>
   </trkpt>
   <trkpt lat="40.7159900" lon="-74.0353400">
    <ele>4.9</ele>
    <time>2026-01-14T21:48:38Z</time>
   </trkpt>
   <trkpt lat="40.7159900" lon="-74.0353400">
    <ele>4.8</ele>
    <time>2026-01-14T21:48:39Z</time>
   </trkpt>
   <trkpt lat="40.7159900" lon="-74.0353400">
    <ele>4.8</ele>
    <time>2026-01-14T21:48:40Z</time>
   </trkpt>
   <trkpt lat="40.7159900" lon="-74.0353400">
    <ele>4.8</ele>
    <time>2026-01-14T21:48:41Z</time>
   </trkpt>
   <trkpt lat="40.7159900" lon="-74.0353400">
    <ele>4.8</ele>
    <time>2026-01-14T21:48:42Z</time>
   </trkpt>
   <trkpt lat="40.7159960" lon="-74.0353500">
    <ele>4.8</ele>
    <time>2026-01-14T21:48:43Z</time>
   </trkpt>
   <trkpt lat="40.7160130" lon="-74.0353550">
    <ele>4.9</ele>
    <time>2026-01-14T21:48:44Z</time>
   </trkpt>
   <trkpt lat="40.7160100" lon="-74.0353580">
    <ele>4.8</ele>
    <time>2026-01-14T21:48:45Z</time>
   </trkpt>
   <trkpt lat="40.7160090" lon="-74.0353590">
    <ele>4.8</ele>
    <time>2026-01-14T21:48:46Z</time>
   </trkpt>
   <trkpt lat="40.7160110" lon="-74.0353620">
    <ele>4.8</ele>
    <time>2026-01-14T21:48:47Z</time>
   </trkpt>
   <trkpt lat="40.7160110" lon="-74.0353620">
    <ele>4.8</ele>
    <time>2026-01-14T21:48:48Z</time>
   </trkpt>
   <trkpt lat="40.7160180" lon="-74.0353590">
    <ele>4.8</ele>
    <time>2026-01-14T21:48:49Z</time>
   </trkpt>
   <trkpt lat="40.7160210" lon="-74.0353590">
    <ele>4.8</ele>
    <time>2026-01-14T21:48:50Z</time>
   </trkpt>
   <trkpt lat="40.7160280" lon="-74.0353520">
    <ele>4.8</ele>
    <time>2026-01-14T21:48:51Z</time>
   </trkpt>
   <trkpt lat="40.7160320" lon="-74.0353460">
    <ele>4.8</ele>
    <time>2026-01-14T21:48:52Z</time>
   </trkpt>
   <trkpt lat="40.7160380" lon="-74.0353390">
    <ele>4.8</ele>
    <time>2026-01-14T21:48:53Z</time>
   </trkpt>
   <trkpt lat="40.7160450" lon="-74.0353250">
    <ele>4.8</ele>
    <time>2026-01-14T21:48:54Z</time>
   </trkpt>
   <trkpt lat="40.7160380" lon="-74.0353370">
    <ele>4.8</ele>
    <time>2026-01-14T21:48:55Z</time>
   </trkpt>
   <trkpt lat="40.7160380" lon="-74.0353270">
    <ele>4.8</ele>
    <time>2026-01-14T21:48:56Z</time>
   </trkpt>
   <trkpt lat="40.7160400" lon="-74.0353140">
    <ele>4.7</ele>
    <time>2026-01-14T21:48:57Z</time>
   </trkpt>
   <trkpt lat="40.7160470" lon="-74.0353050">
    <ele>4.7</ele>
    <time>2026-01-14T21:48:58Z</time>
   </trkpt>
   <trkpt lat="40.7160430" lon="-74.0352980">
    <ele>4.7</ele>
    <time>2026-01-14T21:48:59Z</time>
   </trkpt>
   <trkpt lat="40.7160430" lon="-74.0352950">
    <ele>4.7</ele>
    <time>2026-01-14T21:49:00Z</time>
   </trkpt>
   <trkpt lat="40.7160450" lon="-74.0352800">
    <ele>4.7</ele>
    <time>2026-01-14T21:49:01Z</time>
   </trkpt>
   <trkpt lat="40.7160450" lon="-74.0352750">
    <ele>4.6</ele>
    <time>2026-01-14T21:49:02Z</time>
   </trkpt>
   <trkpt lat="40.7160500" lon="-74.0352690">
    <ele>4.6</ele>
    <time>2026-01-14T21:49:03Z</time>
   </trkpt>
   <trkpt lat="40.7160490" lon="-74.0352640">
    <ele>4.6</ele>
    <time>2026-01-14T21:49:04Z</time>
   </trkpt>
   <trkpt lat="40.7160480" lon="-74.0352620">
    <ele>4.6</ele>
    <time>2026-01-14T21:49:05Z</time>
   </trkpt>
   <trkpt lat="40.7160490" lon="-74.0352550">
    <ele>4.6</ele>
    <time>2026-01-14T21:49:06Z</time>
   </trkpt>
   <trkpt lat="40.7160460" lon="-74.0352530">
    <ele>4.6</ele>
    <time>2026-01-14T21:49:07Z</time>
   </trkpt>
   <trkpt lat="40.7160460" lon="-74.0352480">
    <ele>4.6</ele>
    <time>2026-01-14T21:49:08Z</time>
   </trkpt>
   <trkpt lat="40.7160370" lon="-74.0352520">
    <ele>4.6</ele>
    <time>2026-01-14T21:49:09Z</time>
   </trkpt>
   <trkpt lat="40.7160320" lon="-74.0352720">
    <ele>4.6</ele>
    <time>2026-01-14T21:49:10Z</time>
   </trkpt>
   <trkpt lat="40.7160220" lon="-74.0352800">
    <ele>4.7</ele>
    <time>2026-01-14T21:49:11Z</time>
   </trkpt>
   <trkpt lat="40.7160210" lon="-74.0352820">
    <ele>4.7</ele>
    <time>2026-01-14T21:49:12Z</time>
   </trkpt>
   <trkpt lat="40.7160210" lon="-74.0352820">
    <ele>4.7</ele>
    <time>2026-01-14T21:49:13Z</time>
   </trkpt>
   <trkpt lat="40.7160210" lon="-74.0352820">
    <ele>4.7</ele>
    <time>2026-01-14T21:49:14Z</time>
   </trkpt>
   <trkpt lat="40.7160060" lon="-74.0352920">
    <ele>4.7</ele>
    <time>2026-01-14T21:49:15Z</time>
   </trkpt>
   <trkpt lat="40.7160030" lon="-74.0353000">
    <ele>4.7</ele>
    <time>2026-01-14T21:49:16Z</time>
   </trkpt>
   <trkpt lat="40.7160010" lon="-74.0353010">
    <ele>4.7</ele>
    <time>2026-01-14T21:49:17Z</time>
   </trkpt>
   <trkpt lat="40.7159980" lon="-74.0353060">
    <ele>4.7</ele>
    <time>2026-01-14T21:49:18Z</time>
   </trkpt>
   <trkpt lat="40.7159970" lon="-74.0353070">
    <ele>4.7</ele>
    <time>2026-01-14T21:49:19Z</time>
   </trkpt>
   <trkpt lat="40.7159980" lon="-74.0353110">
    <ele>4.7</ele>
    <time>2026-01-14T21:49:20Z</time>
   </trkpt>
   <trkpt lat="40.7159970" lon="-74.0353140">
    <ele>4.7</ele>
    <time>2026-01-14T21:49:21Z</time>
   </trkpt>
   <trkpt lat="40.7159930" lon="-74.0353300">
    <ele>4.7</ele>
    <time>2026-01-14T21:49:22Z</time>
   </trkpt>
   <trkpt lat="40.7159960" lon="-74.0353270">
    <ele>4.7</ele>
    <time>2026-01-14T21:49:23Z</time>
   </trkpt>
   <trkpt lat="40.7160030" lon="-74.0353270">
    <ele>4.7</ele>
    <time>2026-01-14T21:49:24Z</time>
   </trkpt>
   <trkpt lat="40.7159960" lon="-74.0353360">
    <ele>4.7</ele>
    <time>2026-01-14T21:49:25Z</time>
   </trkpt>
   <trkpt lat="40.7160000" lon="-74.0353330">
    <ele>4.7</ele>
    <time>2026-01-14T21:49:26Z</time>
   </trkpt>
   <trkpt lat="40.7160050" lon="-74.0353340">
    <ele>4.7</ele>
    <time>2026-01-14T21:49:27Z</time>
   </trkpt>
   <trkpt lat="40.7160060" lon="-74.0353500">
    <ele>4.7</ele>
    <time>2026-01-14T21:49:28Z</time>
   </trkpt>
   <trkpt lat="40.7160090" lon="-74.0353730">
    <ele>4.8</ele>
    <time>2026-01-14T21:49:29Z</time>
   </trkpt>
   <trkpt lat="40.7160030" lon="-74.0353870">
    <ele>4.8</ele>
    <time>2026-01-14T21:49:30Z</time>
   </trkpt>
   <trkpt lat="40.7160090" lon="-74.0353730">
    <ele>4.8</ele>
    <time>2026-01-14T21:49:31Z</time>
   </trkpt>
   <trkpt lat="40.7160190" lon="-74.0353840">
    <ele>4.8</ele>
    <time>2026-01-14T21:49:32Z</time>
   </trkpt>
   <trkpt lat="40.7160230" lon="-74.0353890">
    <ele>4.8</ele>
    <time>2026-01-14T21:49:33Z</time>
   </trkpt>
   <trkpt lat="40.7160180" lon="-74.0353930">
    <ele>4.8</ele>
    <time>2026-01-14T21:49:34Z</time>
   </trkpt>
   <trkpt lat="40.7160320" lon="-74.0353950">
    <ele>4.8</ele>
    <time>2026-01-14T21:49:35Z</time>
   </trkpt>
   <trkpt lat="40.7160340" lon="-74.0354030">
    <ele>4.8</ele>
    <time>2026-01-14T21:49:36Z</time>
   </trkpt>
   <trkpt lat="40.7160230" lon="-74.0354050">
    <ele>4.8</ele>
    <time>2026-01-14T21:49:37Z</time>
   </trkpt>
   <trkpt lat="40.7160260" lon="-74.0354200">
    <ele>4.9</ele>
    <time>2026-01-14T21:49:38Z</time>
   </trkpt>
   <trkpt lat="40.7160200" lon="-74.0354190">
    <ele>4.9</ele>
    <time>2026-01-14T21:49:39Z</time>
   </trkpt>
   <trkpt lat="40.7160200" lon="-74.0354190">
    <ele>4.9</ele>
    <time>2026-01-14T21:49:40Z</time>
   </trkpt>
   <trkpt lat="40.7160200" lon="-74.0354190">
    <ele>4.9</ele>
    <time>2026-01-14T21:49:41Z</time>
   </trkpt>
   <trkpt lat="40.7160190" lon="-74.0354270">
    <ele>4.9</ele>
    <time>2026-01-14T21:49:42Z</time>
   </trkpt>
   <trkpt lat="40.7160210" lon="-74.0354380">
    <ele>4.9</ele>
    <time>2026-01-14T21:49:43Z</time>
   </trkpt>
   <trkpt lat="40.7160280" lon="-74.0354310">
    <ele>4.9</ele>
    <time>2026-01-14T21:49:44Z</time>
   </trkpt>
   <trkpt lat="40.7160490" lon="-74.0354320">
    <ele>4.9</ele>
    <time>2026-01-14T21:49:45Z</time>
   </trkpt>
   <trkpt lat="40.7160710" lon="-74.0354210">
    <ele>4.8</ele>
    <time>2026-01-14T21:49:46Z</time>
   </trkpt>
   <trkpt lat="40.7160770" lon="-74.0354260">
    <ele>4.8</ele>
    <time>2026-01-14T21:49:47Z</time>
   </trkpt>
   <trkpt lat="40.7161280" lon="-74.0354150">
    <ele>4.7</ele>
    <time>2026-01-14T21:49:48Z</time>
   </trkpt>
   <trkpt lat="40.7161580" lon="-74.0354050">
    <ele>4.5</ele>
    <time>2026-01-14T21:49:49Z</time>
   </trkpt>
   <trkpt lat="40.7161990" lon="-74.0354050">
    <ele>4.4</ele>
    <time>2026-01-14T21:49:50Z</time>
   </trkpt>
   <trkpt lat="40.7162160" lon="-74.0354090">
    <ele>4.4</ele>
    <time>2026-01-14T21:49:51Z</time>
   </trkpt>
   <trkpt lat="40.7162460" lon="-74.0354040">
    <ele>4.3</ele>
    <time>2026-01-14T21:49:52Z</time>
   </trkpt>
   <trkpt lat="40.7162780" lon="-74.0353980">
    <ele>4.2</ele>
    <time>2026-01-14T21:49:53Z</time>
   </trkpt>
   <trkpt lat="40.7163140" lon="-74.0353750">
    <ele>4.2</ele>
    <time>2026-01-14T21:49:54Z</time>
   </trkpt>
   <trkpt lat="40.7163620" lon="-74.0353810">
    <ele>4.2</ele>
    <time>2026-01-14T21:49:55Z</time>
   </trkpt>
   <trkpt lat="40.7164050" lon="-74.0353810">
    <ele>4.1</ele>
    <time>2026-01-14T21:49:56Z</time>
   </trkpt>
   <trkpt lat="40.7164430" lon="-74.0354010">
    <ele>4.0</ele>
    <time>2026-01-14T21:49:57Z</time>
   </trkpt>
   <trkpt lat="40.7164760" lon="-74.0354260">
    <ele>3.9</ele>
    <time>2026-01-14T21:49:58Z</time>
   </trkpt>
   <trkpt lat="40.7165080" lon="-74.0354420">
    <ele>3.9</ele>
    <time>2026-01-14T21:49:59Z</time>
   </trkpt>
   <trkpt lat="40.7165410" lon="-74.0354630">
    <ele>3.9</ele>
    <time>2026-01-14T21:50:00Z</time>
   </trkpt>
   <trkpt lat="40.7165690" lon="-74.0354810">
    <ele>3.9</ele>
    <time>2026-01-14T21:50:01Z</time>
   </trkpt>
   <trkpt lat="40.7165960" lon="-74.0355000">
    <ele>3.9</ele>
    <time>2026-01-14T21:50:02Z</time>
   </trkpt>
   <trkpt lat="40.7166470" lon="-74.0355310">
    <ele>3.7</ele>
    <time>2026-01-14T21:50:03Z</time>
   </trkpt>
   <trkpt lat="40.7166910" lon="-74.0355550">
    <ele>3.8</ele>
    <time>2026-01-14T21:50:04Z</time>
   </trkpt>
   <trkpt lat="40.7167470" lon="-74.0355640">
    <ele>3.7</ele>
    <time>2026-01-14T21:50:05Z</time>
   </trkpt>
   <trkpt lat="40.7168040" lon="-74.0355600">
    <ele>3.5</ele>
    <time>2026-01-14T21:50:06Z</time>
   </trkpt>
   <trkpt lat="40.7168610" lon="-74.0355730">
    <ele>3.4</ele>
    <time>2026-01-14T21:50:07Z</time>
   </trkpt>
   <trkpt lat="40.7169170" lon="-74.0355650">
    <ele>3.3</ele>
    <time>2026-01-14T21:50:08Z</time>
   </trkpt>
   <trkpt lat="40.7169720" lon="-74.0355660">
    <ele>3.2</ele>
    <time>2026-01-14T21:50:09Z</time>
   </trkpt>
   <trkpt lat="40.7170270" lon="-74.0355690">
    <ele>3.1</ele>
    <time>2026-01-14T21:50:10Z</time>
   </trkpt>
   <trkpt lat="40.7170830" lon="-74.0355660">
    <ele>3.0</ele>
    <time>2026-01-14T21:50:11Z</time>
   </trkpt>
   <trkpt lat="40.7171440" lon="-74.0355620">
    <ele>2.9</ele>
    <time>2026-01-14T21:50:12Z</time>
   </trkpt>
   <trkpt lat="40.7172190" lon="-74.0355680">
    <ele>2.9</ele>
    <time>2026-01-14T21:50:13Z</time>
   </trkpt>
   <trkpt lat="40.7172890" lon="-74.0355910">
    <ele>2.9</ele>
    <time>2026-01-14T21:50:14Z</time>
   </trkpt>
   <trkpt lat="40.7173450" lon="-74.0356230">
    <ele>3.0</ele>
    <time>2026-01-14T21:50:15Z</time>
   </trkpt>
   <trkpt lat="40.7173800" lon="-74.0356860">
    <ele>3.0</ele>
    <time>2026-01-14T21:50:16Z</time>
   </trkpt>
   <trkpt lat="40.7174060" lon="-74.0357480">
    <ele>3.0</ele>
    <time>2026-01-14T21:50:17Z</time>
   </trkpt>
   <trkpt lat="40.7174280" lon="-74.0358110">
    <ele>2.9</ele>
    <time>2026-01-14T21:50:18Z</time>
   </trkpt>
   <trkpt lat="40.7174460" lon="-74.0358880">
    <ele>2.9</ele>
    <time>2026-01-14T21:50:19Z</time>
   </trkpt>
   <trkpt lat="40.7174530" lon="-74.0359620">
    <ele>2.8</ele>
    <time>2026-01-14T21:50:20Z</time>
   </trkpt>
   <trkpt lat="40.7174710" lon="-74.0360430">
    <ele>2.7</ele>
    <time>2026-01-14T21:50:22Z</time>
   </trkpt>
   <trkpt lat="40.7174920" lon="-74.0361230">
    <ele>2.7</ele>
    <time>2026-01-14T21:50:23Z</time>
   </trkpt>
   <trkpt lat="40.7175110" lon="-74.0361910">
    <ele>2.7</ele>
    <time>2026-01-14T21:50:24Z</time>
   </trkpt>
   <trkpt lat="40.7175290" lon="-74.0362640">
    <ele>2.7</ele>
    <time>2026-01-14T21:50:25Z</time>
   </trkpt>
   <trkpt lat="40.7175570" lon="-74.0363240">
    <ele>2.7</ele>
    <time>2026-01-14T21:50:26Z</time>
   </trkpt>
   <trkpt lat="40.7175740" lon="-74.0364150">
    <ele>2.7</ele>
    <time>2026-01-14T21:50:27Z</time>
   </trkpt>
   <trkpt lat="40.7175920" lon="-74.0364970">
    <ele>2.7</ele>
    <time>2026-01-14T21:50:28Z</time>
   </trkpt>
   <trkpt lat="40.7176060" lon="-74.0365700">
    <ele>2.7</ele>
    <time>2026-01-14T21:50:29Z</time>
   </trkpt>
   <trkpt lat="40.7176190" lon="-74.0366380">
    <ele>2.7</ele>
    <time>2026-01-14T21:50:30Z</time>
   </trkpt>
   <trkpt lat="40.7176330" lon="-74.0367200">
    <ele>2.7</ele>
    <time>2026-01-14T21:50:31Z</time>
   </trkpt>
   <trkpt lat="40.7176500" lon="-74.0367860">
    <ele>2.7</ele>
    <time>2026-01-14T21:50:32Z</time>
   </trkpt>
   <trkpt lat="40.7176640" lon="-74.0368550">
    <ele>2.7</ele>
    <time>2026-01-14T21:50:33Z</time>
   </trkpt>
   <trkpt lat="40.7177060" lon="-74.0369010">
    <ele>2.7</ele>
    <time>2026-01-14T21:50:34Z</time>
   </trkpt>
   <trkpt lat="40.7177250" lon="-74.0369510">
    <ele>2.8</ele>
    <time>2026-01-14T21:50:35Z</time>
   </trkpt>
   <trkpt lat="40.7177650" lon="-74.0370290">
    <ele>2.8</ele>
    <time>2026-01-14T21:50:36Z</time>
   </trkpt>
   <trkpt lat="40.7177870" lon="-74.0370660">
    <ele>2.8</ele>
    <time>2026-01-14T21:50:37Z</time>
   </trkpt>
   <trkpt lat="40.7177890" lon="-74.0370790">
    <ele>2.9</ele>
    <time>2026-01-14T21:50:38Z</time>
   </trkpt>
   <trkpt lat="40.7177960" lon="-74.0371010">
    <ele>2.9</ele>
    <time>2026-01-14T21:50:39Z</time>
   </trkpt>
   <trkpt lat="40.7178030" lon="-74.0371060">
    <ele>2.9</ele>
    <time>2026-01-14T21:50:40Z</time>
   </trkpt>
   <trkpt lat="40.7178090" lon="-74.0371120">
    <ele>2.9</ele>
    <time>2026-01-14T21:50:41Z</time>
   </trkpt>
   <trkpt lat="40.7178150" lon="-74.0371170">
    <ele>2.9</ele>
    <time>2026-01-14T21:50:42Z</time>
   </trkpt>
   <trkpt lat="40.7178180" lon="-74.0371560">
    <ele>2.9</ele>
    <time>2026-01-14T21:50:43Z</time>
   </trkpt>
   <trkpt lat="40.7178190" lon="-74.0371740">
    <ele>2.9</ele>
    <time>2026-01-14T21:50:44Z</time>
   </trkpt>
   <trkpt lat="40.7178230" lon="-74.0372260">
    <ele>2.9</ele>
    <time>2026-01-14T21:50:45Z</time>
   </trkpt>
   <trkpt lat="40.7178330" lon="-74.0372750">
    <ele>2.9</ele>
    <time>2026-01-14T21:50:46Z</time>
   </trkpt>
   <trkpt lat="40.7178430" lon="-74.0373320">
    <ele>2.9</ele>
    <time>2026-01-14T21:50:47Z</time>
   </trkpt>
   <trkpt lat="40.7178510" lon="-74.0373940">
    <ele>2.9</ele>
    <time>2026-01-14T21:50:48Z</time>
   </trkpt>
   <trkpt lat="40.7178680" lon="-74.0374540">
    <ele>2.9</ele>
    <time>2026-01-14T21:50:49Z</time>
   </trkpt>
   <trkpt lat="40.7178940" lon="-74.0375180">
    <ele>2.9</ele>
    <time>2026-01-14T21:50:50Z</time>
   </trkpt>
   <trkpt lat="40.7179230" lon="-74.0375820">
    <ele>2.9</ele>
    <time>2026-01-14T21:50:51Z</time>
   </trkpt>
   <trkpt lat="40.7179490" lon="-74.0376550">
    <ele>2.9</ele>
    <time>2026-01-14T21:50:52Z</time>
   </trkpt>
   <trkpt lat="40.7179670" lon="-74.0377190">
    <ele>2.9</ele>
    <time>2026-01-14T21:50:53Z</time>
   </trkpt>
   <trkpt lat="40.7179840" lon="-74.0377900">
    <ele>2.9</ele>
    <time>2026-01-14T21:50:54Z</time>
   </trkpt>
   <trkpt lat="40.7180040" lon="-74.0378590">
    <ele>2.9</ele>
    <time>2026-01-14T21:50:55Z</time>
   </trkpt>
   <trkpt lat="40.7179900" lon="-74.0378890">
    <ele>2.9</ele>
    <time>2026-01-14T21:50:56Z</time>
   </trkpt>
   <trkpt lat="40.7180000" lon="-74.0379690">
    <ele>2.8</ele>
    <time>2026-01-14T21:50:57Z</time>
   </trkpt>
   <trkpt lat="40.7180260" lon="-74.0380190">
    <ele>2.8</ele>
    <time>2026-01-14T21:50:58Z</time>
   </trkpt>
   <trkpt lat="40.7180550" lon="-74.0380710">
    <ele>2.8</ele>
    <time>2026-01-14T21:50:59Z</time>
   </trkpt>
   <trkpt lat="40.7180650" lon="-74.0381320">
    <ele>2.8</ele>
    <time>2026-01-14T21:51:00Z</time>
   </trkpt>
   <trkpt lat="40.7180740" lon="-74.0381940">
    <ele>2.8</ele>
    <time>2026-01-14T21:51:01Z</time>
   </trkpt>
   <trkpt lat="40.7180770" lon="-74.0382560">
    <ele>2.8</ele>
    <time>2026-01-14T21:51:02Z</time>
   </trkpt>
   <trkpt lat="40.7180910" lon="-74.0383280">
    <ele>2.8</ele>
    <time>2026-01-14T21:51:03Z</time>
   </trkpt>
   <trkpt lat="40.7181080" lon="-74.0384000">
    <ele>2.8</ele>
    <time>2026-01-14T21:51:04Z</time>
   </trkpt>
   <trkpt lat="40.7181160" lon="-74.0384690">
    <ele>2.7</ele>
    <time>2026-01-14T21:51:05Z</time>
   </trkpt>
   <trkpt lat="40.7181360" lon="-74.0385430">
    <ele>2.7</ele>
    <time>2026-01-14T21:51:06Z</time>
   </trkpt>
   <trkpt lat="40.7181660" lon="-74.0386150">
    <ele>2.6</ele>
    <time>2026-01-14T21:51:07Z</time>
   </trkpt>
   <trkpt lat="40.7181920" lon="-74.0386910">
    <ele>2.5</ele>
    <time>2026-01-14T21:51:08Z</time>
   </trkpt>
   <trkpt lat="40.7182270" lon="-74.0387580">
    <ele>2.4</ele>
    <time>2026-01-14T21:51:09Z</time>
   </trkpt>
   <trkpt lat="40.7182650" lon="-74.0388230">
    <ele>2.4</ele>
    <time>2026-01-14T21:51:10Z</time>
   </trkpt>
   <trkpt lat="40.7182970" lon="-74.0389000">
    <ele>2.3</ele>
    <time>2026-01-14T21:51:11Z</time>
   </trkpt>
   <trkpt lat="40.7183170" lon="-74.0389830">
    <ele>2.4</ele>
    <time>2026-01-14T21:51:12Z</time>
   </trkpt>
   <trkpt lat="40.7183440" lon="-74.0390580">
    <ele>2.4</ele>
    <time>2026-01-14T21:51:13Z</time>
   </trkpt>
   <trkpt lat="40.7183750" lon="-74.0391320">
    <ele>2.4</ele>
    <time>2026-01-14T21:51:14Z</time>
   </trkpt>
   <trkpt lat="40.7183970" lon="-74.0392160">
    <ele>2.4</ele>
    <time>2026-01-14T21:51:15Z</time>
   </trkpt>
   <trkpt lat="40.7184210" lon="-74.0393040">
    <ele>2.5</ele>
    <time>2026-01-14T21:51:16Z</time>
   </trkpt>
   <trkpt lat="40.7184540" lon="-74.0393740">
    <ele>2.5</ele>
    <time>2026-01-14T21:51:17Z</time>
   </trkpt>
   <trkpt lat="40.7184800" lon="-74.0394520">
    <ele>2.6</ele>
    <time>2026-01-14T21:51:18Z</time>
   </trkpt>
   <trkpt lat="40.7184980" lon="-74.0395390">
    <ele>2.6</ele>
    <time>2026-01-14T21:51:19Z</time>
   </trkpt>
   <trkpt lat="40.7185180" lon="-74.0396050">
    <ele>2.7</ele>
    <time>2026-01-14T21:51:20Z</time>
   </trkpt>
   <trkpt lat="40.7185470" lon="-74.0396900">
    <ele>2.8</ele>
    <time>2026-01-14T21:51:21Z</time>
   </trkpt>
   <trkpt lat="40.7185690" lon="-74.0397560">
    <ele>2.8</ele>
    <time>2026-01-14T21:51:22Z</time>
   </trkpt>
   <trkpt lat="40.7185940" lon="-74.0398320">
    <ele>2.8</ele>
    <time>2026-01-14T21:51:23Z</time>
   </trkpt>
   <trkpt lat="40.7186170" lon="-74.0399040">
    <ele>2.8</ele>
    <time>2026-01-14T21:51:24Z</time>
   </trkpt>
   <trkpt lat="40.7186530" lon="-74.0399720">
    <ele>2.8</ele>
    <time>2026-01-14T21:51:25Z</time>
   </trkpt>
   <trkpt lat="40.7186780" lon="-74.0400470">
    <ele>2.8</ele>
    <time>2026-01-14T21:51:26Z</time>
   </trkpt>
   <trkpt lat="40.7187080" lon="-74.0401120">
    <ele>2.8</ele>
    <time>2026-01-14T21:51:27Z</time>
   </trkpt>
   <trkpt lat="40.7187340" lon="-74.0401790">
    <ele>2.8</ele>
    <time>2026-01-14T21:51:28Z</time>
   </trkpt>
   <trkpt lat="40.7187560" lon="-74.0402650">
    <ele>2.7</ele>
    <time>2026-01-14T21:51:29Z</time>
   </trkpt>
   <trkpt lat="40.7187860" lon="-74.0403420">
    <ele>2.7</ele>
    <time>2026-01-14T21:51:30Z</time>
   </trkpt>
   <trkpt lat="40.7188120" lon="-74.0404140">
    <ele>2.7</ele>
    <time>2026-01-14T21:51:31Z</time>
   </trkpt>
   <trkpt lat="40.7188350" lon="-74.0405090">
    <ele>2.7</ele>
    <time>2026-01-14T21:51:32Z</time>
   </trkpt>
   <trkpt lat="40.7188680" lon="-74.0405990">
    <ele>2.7</ele>
    <time>2026-01-14T21:51:33Z</time>
   </trkpt>
   <trkpt lat="40.7189040" lon="-74.0406810">
    <ele>2.7</ele>
    <time>2026-01-14T21:51:34Z</time>
   </trkpt>
   <trkpt lat="40.7189040" lon="-74.0407820">
    <ele>2.7</ele>
    <time>2026-01-14T21:51:35Z</time>
   </trkpt>
   <trkpt lat="40.7189220" lon="-74.0408760">
    <ele>2.7</ele>
    <time>2026-01-14T21:51:36Z</time>
   </trkpt>
   <trkpt lat="40.7189520" lon="-74.0409800">
    <ele>2.7</ele>
    <time>2026-01-14T21:51:37Z</time>
   </trkpt>
   <trkpt lat="40.7189820" lon="-74.0410640">
    <ele>2.7</ele>
    <time>2026-01-14T21:51:38Z</time>
   </trkpt>
   <trkpt lat="40.7190130" lon="-74.0411160">
    <ele>2.7</ele>
    <time>2026-01-14T21:51:39Z</time>
   </trkpt>
   <trkpt lat="40.7190280" lon="-74.0412200">
    <ele>2.7</ele>
    <time>2026-01-14T21:51:40Z</time>
   </trkpt>
   <trkpt lat="40.7190450" lon="-74.0412960">
    <ele>2.6</ele>
    <time>2026-01-14T21:51:41Z</time>
   </trkpt>
   <trkpt lat="40.7190630" lon="-74.0413440">
    <ele>2.6</ele>
    <time>2026-01-14T21:51:42Z</time>
   </trkpt>
   <trkpt lat="40.7190750" lon="-74.0413890">
    <ele>2.6</ele>
    <time>2026-01-14T21:51:43Z</time>
   </trkpt>
   <trkpt lat="40.7190860" lon="-74.0414380">
    <ele>2.6</ele>
    <time>2026-01-14T21:51:44Z</time>
   </trkpt>
   <trkpt lat="40.7190810" lon="-74.0414880">
    <ele>2.6</ele>
    <time>2026-01-14T21:51:45Z</time>
   </trkpt>
   <trkpt lat="40.7191020" lon="-74.0415470">
    <ele>2.6</ele>
    <time>2026-01-14T21:51:46Z</time>
   </trkpt>
   <trkpt lat="40.7191510" lon="-74.0415940">
    <ele>2.6</ele>
    <time>2026-01-14T21:51:47Z</time>
   </trkpt>
   <trkpt lat="40.7191920" lon="-74.0416310">
    <ele>2.6</ele>
    <time>2026-01-14T21:51:48Z</time>
   </trkpt>
   <trkpt lat="40.7192140" lon="-74.0416830">
    <ele>2.6</ele>
    <time>2026-01-14T21:51:49Z</time>
   </trkpt>
   <trkpt lat="40.7192250" lon="-74.0417590">
    <ele>2.6</ele>
    <time>2026-01-14T21:51:50Z</time>
   </trkpt>
   <trkpt lat="40.7192380" lon="-74.0418320">
    <ele>2.7</ele>
    <time>2026-01-14T21:51:51Z</time>
   </trkpt>
   <trkpt lat="40.7192530" lon="-74.0418910">
    <ele>2.7</ele>
    <time>2026-01-14T21:51:52Z</time>
   </trkpt>
   <trkpt lat="40.7192910" lon="-74.0419340">
    <ele>2.8</ele>
    <time>2026-01-14T21:51:53Z</time>
   </trkpt>
   <trkpt lat="40.7193070" lon="-74.0419750">
    <ele>2.8</ele>
    <time>2026-01-14T21:51:54Z</time>
   </trkpt>
   <trkpt lat="40.7193170" lon="-74.0420170">
    <ele>2.8</ele>
    <time>2026-01-14T21:51:55Z</time>
   </trkpt>
   <trkpt lat="40.7193240" lon="-74.0420170">
    <ele>2.8</ele>
    <time>2026-01-14T21:51:56Z</time>
   </trkpt>
   <trkpt lat="40.7193300" lon="-74.0420080">
    <ele>2.8</ele>
    <time>2026-01-14T21:51:57Z</time>
   </trkpt>
   <trkpt lat="40.7193280" lon="-74.0420010">
    <ele>2.9</ele>
    <time>2026-01-14T21:51:58Z</time>
   </trkpt>
   <trkpt lat="40.7193270" lon="-74.0420000">
    <ele>2.9</ele>
    <time>2026-01-14T21:51:59Z</time>
   </trkpt>
   <trkpt lat="40.7193270" lon="-74.0420000">
    <ele>2.9</ele>
    <time>2026-01-14T21:52:00Z</time>
   </trkpt>
   <trkpt lat="40.7193270" lon="-74.0420000">
    <ele>2.9</ele>
    <time>2026-01-14T21:52:01Z</time>
   </trkpt>
   <trkpt lat="40.7193270" lon="-74.0420000">
    <ele>2.9</ele>
    <time>2026-01-14T21:52:02Z</time>
   </trkpt>
   <trkpt lat="40.7193230" lon="-74.0419910">
    <ele>2.9</ele>
    <time>2026-01-14T21:52:03Z</time>
   </trkpt>
   <trkpt lat="40.7193210" lon="-74.0419910">
    <ele>2.9</ele>
    <time>2026-01-14T21:52:04Z</time>
   </trkpt>
   <trkpt lat="40.7193210" lon="-74.0419930">
    <ele>2.9</ele>
    <time>2026-01-14T21:52:05Z</time>
   </trkpt>
   <trkpt lat="40.7193210" lon="-74.0419950">
    <ele>2.9</ele>
    <time>2026-01-14T21:52:06Z</time>
   </trkpt>
   <trkpt lat="40.7193210" lon="-74.0419950">
    <ele>2.9</ele>
    <time>2026-01-14T21:52:07Z</time>
   </trkpt>
   <trkpt lat="40.7193210" lon="-74.0419950">
    <ele>2.9</ele>
    <time>2026-01-14T21:52:08Z</time>
   </trkpt>
   <trkpt lat="40.7193210" lon="-74.0419950">
    <ele>2.9</ele>
    <time>2026-01-14T21:52:09Z</time>
   </trkpt>
   <trkpt lat="40.7193150" lon="-74.0420000">
    <ele>2.9</ele>
    <time>2026-01-14T21:52:10Z</time>
   </trkpt>
   <trkpt lat="40.7193120" lon="-74.0420010">
    <ele>2.9</ele>
    <time>2026-01-14T21:52:11Z</time>
   </trkpt>
   <trkpt lat="40.7193110" lon="-74.0420010">
    <ele>2.9</ele>
    <time>2026-01-14T21:52:12Z</time>
   </trkpt>
   <trkpt lat="40.7193120" lon="-74.0420010">
    <ele>2.9</ele>
    <time>2026-01-14T21:52:13Z</time>
   </trkpt>
   <trkpt lat="40.7193120" lon="-74.0420010">
    <ele>2.9</ele>
    <time>2026-01-14T21:52:14Z</time>
   </trkpt>
   <trkpt lat="40.7193150" lon="-74.0420030">
    <ele>2.9</ele>
    <time>2026-01-14T21:52:15Z</time>
   </trkpt>
   <trkpt lat="40.7193150" lon="-74.0420080">
    <ele>2.9</ele>
    <time>2026-01-14T21:52:16Z</time>
   </trkpt>
   <trkpt lat="40.7193200" lon="-74.0420190">
    <ele>2.9</ele>
    <time>2026-01-14T21:52:17Z</time>
   </trkpt>
   <trkpt lat="40.7193230" lon="-74.0420360">
    <ele>2.9</ele>
    <time>2026-01-14T21:52:18Z</time>
   </trkpt>
   <trkpt lat="40.7193300" lon="-74.0420580">
    <ele>2.9</ele>
    <time>2026-01-14T21:52:19Z</time>
   </trkpt>
   <trkpt lat="40.7193500" lon="-74.0420830">
    <ele>2.9</ele>
    <time>2026-01-14T21:52:20Z</time>
   </trkpt>
   <trkpt lat="40.7193550" lon="-74.0420930">
    <ele>2.9</ele>
    <time>2026-01-14T21:52:21Z</time>
   </trkpt>
   <trkpt lat="40.7193660" lon="-74.0421280">
    <ele>2.9</ele>
    <time>2026-01-14T21:52:22Z</time>
   </trkpt>
   <trkpt lat="40.7193800" lon="-74.0421680">
    <ele>3.0</ele>
    <time>2026-01-14T21:52:23Z</time>
   </trkpt>
   <trkpt lat="40.7193870" lon="-74.0421820">
    <ele>3.0</ele>
    <time>2026-01-14T21:52:24Z</time>
   </trkpt>
   <trkpt lat="40.7193890" lon="-74.0422400">
    <ele>3.0</ele>
    <time>2026-01-14T21:52:25Z</time>
   </trkpt>
   <trkpt lat="40.7193840" lon="-74.0422670">
    <ele>3.0</ele>
    <time>2026-01-14T21:52:26Z</time>
   </trkpt>
   <trkpt lat="40.7193830" lon="-74.0423040">
    <ele>3.1</ele>
    <time>2026-01-14T21:52:27Z</time>
   </trkpt>
   <trkpt lat="40.7193910" lon="-74.0423530">
    <ele>3.1</ele>
    <time>2026-01-14T21:52:28Z</time>
   </trkpt>
   <trkpt lat="40.7193920" lon="-74.0423680">
    <ele>3.1</ele>
    <time>2026-01-14T21:52:29Z</time>
   </trkpt>
   <trkpt lat="40.7193950" lon="-74.0424210">
    <ele>3.2</ele>
    <time>2026-01-14T21:52:30Z</time>
   </trkpt>
   <trkpt lat="40.7193940" lon="-74.0424420">
    <ele>3.2</ele>
    <time>2026-01-14T21:52:31Z</time>
   </trkpt>
   <trkpt lat="40.7194060" lon="-74.0424830">
    <ele>3.2</ele>
    <time>2026-01-14T21:52:32Z</time>
   </trkpt>
   <trkpt lat="40.7194230" lon="-74.0425250">
    <ele>3.2</ele>
    <time>2026-01-14T21:52:33Z</time>
   </trkpt>
   <trkpt lat="40.7194460" lon="-74.0425640">
    <ele>3.3</ele>
    <time>2026-01-14T21:52:34Z</time>
   </trkpt>
   <trkpt lat="40.7194610" lon="-74.0426140">
    <ele>3.3</ele>
    <time>2026-01-14T21:52:35Z</time>
   </trkpt>
   <trkpt lat="40.7194700" lon="-74.0426680">
    <ele>3.3</ele>
    <time>2026-01-14T21:52:36Z</time>
   </trkpt>
   <trkpt lat="40.7194850" lon="-74.0427200">
    <ele>3.4</ele>
    <time>2026-01-14T21:52:37Z</time>
   </trkpt>
   <trkpt lat="40.7195020" lon="-74.0427600">
    <ele>3.4</ele>
    <time>2026-01-14T21:52:38Z</time>
   </trkpt>
   <trkpt lat="40.7195200" lon="-74.0427960">
    <ele>3.4</ele>
    <time>2026-01-14T21:52:39Z</time>
   </trkpt>
   <trkpt lat="40.7195320" lon="-74.0428310">
    <ele>3.5</ele>
    <time>2026-01-14T21:52:40Z</time>
   </trkpt>
   <trkpt lat="40.7195430" lon="-74.0428660">
    <ele>3.5</ele>
    <time>2026-01-14T21:52:41Z</time>
   </trkpt>
   <trkpt lat="40.7195450" lon="-74.0428770">
    <ele>3.5</ele>
    <time>2026-01-14T21:52:42Z</time>
   </trkpt>
   <trkpt lat="40.7195510" lon="-74.0428910">
    <ele>3.5</ele>
    <time>2026-01-14T21:52:43Z</time>
   </trkpt>
   <trkpt lat="40.7195590" lon="-74.0429090">
    <ele>3.5</ele>
    <time>2026-01-14T21:52:44Z</time>
   </trkpt>
   <trkpt lat="40.7195720" lon="-74.0429590">
    <ele>3.6</ele>
    <time>2026-01-14T21:52:45Z</time>
   </trkpt>
   <trkpt lat="40.7195740" lon="-74.0429790">
    <ele>3.6</ele>
    <time>2026-01-14T21:52:46Z</time>
   </trkpt>
   <trkpt lat="40.7195860" lon="-74.0430270">
    <ele>3.6</ele>
    <time>2026-01-14T21:52:47Z</time>
   </trkpt>
   <trkpt lat="40.7195990" lon="-74.0430660">
    <ele>3.6</ele>
    <time>2026-01-14T21:52:48Z</time>
   </trkpt>
   <trkpt lat="40.7196090" lon="-74.0431130">
    <ele>3.6</ele>
    <time>2026-01-14T21:52:49Z</time>
   </trkpt>
   <trkpt lat="40.7196240" lon="-74.0431620">
    <ele>3.6</ele>
    <time>2026-01-14T21:52:50Z</time>
   </trkpt>
   <trkpt lat="40.7196450" lon="-74.0432090">
    <ele>3.6</ele>
    <time>2026-01-14T21:52:51Z</time>
   </trkpt>
   <trkpt lat="40.7196620" lon="-74.0432650">
    <ele>3.6</ele>
    <time>2026-01-14T21:52:52Z</time>
   </trkpt>
   <trkpt lat="40.7196810" lon="-74.0433230">
    <ele>3.7</ele>
    <time>2026-01-14T21:52:53Z</time>
   </trkpt>
   <trkpt lat="40.7197010" lon="-74.0433800">
    <ele>3.7</ele>
    <time>2026-01-14T21:52:54Z</time>
   </trkpt>
   <trkpt lat="40.7197150" lon="-74.0434400">
    <ele>3.7</ele>
    <time>2026-01-14T21:52:55Z</time>
   </trkpt>
   <trkpt lat="40.7197350" lon="-74.0434960">
    <ele>3.7</ele>
    <time>2026-01-14T21:52:56Z</time>
   </trkpt>
   <trkpt lat="40.7197510" lon="-74.0435630">
    <ele>3.7</ele>
    <time>2026-01-14T21:52:57Z</time>
   </trkpt>
   <trkpt lat="40.7197650" lon="-74.0436250">
    <ele>3.8</ele>
    <time>2026-01-14T21:52:58Z</time>
   </trkpt>
   <trkpt lat="40.7197840" lon="-74.0436770">
    <ele>3.8</ele>
    <time>2026-01-14T21:52:59Z</time>
   </trkpt>
   <trkpt lat="40.7198070" lon="-74.0437390">
    <ele>3.8</ele>
    <time>2026-01-14T21:53:00Z</time>
   </trkpt>
   <trkpt lat="40.7198240" lon="-74.0438050">
    <ele>3.8</ele>
    <time>2026-01-14T21:53:01Z</time>
   </trkpt>
   <trkpt lat="40.7198450" lon="-74.0438620">
    <ele>3.8</ele>
    <time>2026-01-14T21:53:02Z</time>
   </trkpt>
   <trkpt lat="40.7198650" lon="-74.0439250">
    <ele>3.9</ele>
    <time>2026-01-14T21:53:03Z</time>
   </trkpt>
   <trkpt lat="40.7198820" lon="-74.0439890">
    <ele>3.9</ele>
    <time>2026-01-14T21:53:04Z</time>
   </trkpt>
   <trkpt lat="40.7199020" lon="-74.0440490">
    <ele>3.9</ele>
    <time>2026-01-14T21:53:05Z</time>
   </trkpt>
   <trkpt lat="40.7199170" lon="-74.0441150">
    <ele>3.9</ele>
    <time>2026-01-14T21:53:06Z</time>
   </trkpt>
   <trkpt lat="40.7199420" lon="-74.0441750">
    <ele>4.0</ele>
    <time>2026-01-14T21:53:07Z</time>
   </trkpt>
   <trkpt lat="40.7199640" lon="-74.0442350">
    <ele>4.0</ele>
    <time>2026-01-14T21:53:08Z</time>
   </trkpt>
   <trkpt lat="40.7199830" lon="-74.0443010">
    <ele>4.0</ele>
    <time>2026-01-14T21:53:09Z</time>
   </trkpt>
   <trkpt lat="40.7200040" lon="-74.0443520">
    <ele>4.1</ele>
    <time>2026-01-14T21:53:10Z</time>
   </trkpt>
   <trkpt lat="40.7200250" lon="-74.0444140">
    <ele>4.1</ele>
    <time>2026-01-14T21:53:11Z</time>
   </trkpt>
   <trkpt lat="40.7200410" lon="-74.0445050">
    <ele>4.1</ele>
    <time>2026-01-14T21:53:12Z</time>
   </trkpt>
   <trkpt lat="40.7200530" lon="-74.0445430">
    <ele>4.1</ele>
    <time>2026-01-14T21:53:13Z</time>
   </trkpt>
   <trkpt lat="40.7200700" lon="-74.0445970">
    <ele>4.1</ele>
    <time>2026-01-14T21:53:14Z</time>
   </trkpt>
   <trkpt lat="40.7200920" lon="-74.0446540">
    <ele>4.1</ele>
    <time>2026-01-14T21:53:15Z</time>
   </trkpt>
   <trkpt lat="40.7200980" lon="-74.0447140">
    <ele>4.1</ele>
    <time>2026-01-14T21:53:16Z</time>
   </trkpt>
   <trkpt lat="40.7201120" lon="-74.0447830">
    <ele>4.1</ele>
    <time>2026-01-14T21:53:17Z</time>
   </trkpt>
   <trkpt lat="40.7201350" lon="-74.0448370">
    <ele>4.1</ele>
    <time>2026-01-14T21:53:18Z</time>
   </trkpt>
   <trkpt lat="40.7201550" lon="-74.0448830">
    <ele>4.1</ele>
    <time>2026-01-14T21:53:19Z</time>
   </trkpt>
   <trkpt lat="40.7201750" lon="-74.0449420">
    <ele>4.1</ele>
    <time>2026-01-14T21:53:20Z</time>
   </trkpt>
   <trkpt lat="40.7201820" lon="-74.0449780">
    <ele>4.2</ele>
    <time>2026-01-14T21:53:21Z</time>
   </trkpt>
   <trkpt lat="40.7201940" lon="-74.0450160">
    <ele>4.2</ele>
    <time>2026-01-14T21:53:22Z</time>
   </trkpt>
   <trkpt lat="40.7202050" lon="-74.0450500">
    <ele>4.2</ele>
    <time>2026-01-14T21:53:23Z</time>
   </trkpt>
   <trkpt lat="40.7202180" lon="-74.0450970">
    <ele>4.2</ele>
    <time>2026-01-14T21:53:24Z</time>
   </trkpt>
   <trkpt lat="40.7202240" lon="-74.0451110">
    <ele>4.2</ele>
    <time>2026-01-14T21:53:25Z</time>
   </trkpt>
   <trkpt lat="40.7202320" lon="-74.0451500">
    <ele>4.2</ele>
    <time>2026-01-14T21:53:26Z</time>
   </trkpt>
   <trkpt lat="40.7202510" lon="-74.0452030">
    <ele>4.2</ele>
    <time>2026-01-14T21:53:27Z</time>
   </trkpt>
   <trkpt lat="40.7202670" lon="-74.0452570">
    <ele>4.2</ele>
    <time>2026-01-14T21:53:28Z</time>
   </trkpt>
   <trkpt lat="40.7202860" lon="-74.0453070">
    <ele>4.3</ele>
    <time>2026-01-14T21:53:29Z</time>
   </trkpt>
   <trkpt lat="40.7203090" lon="-74.0453620">
    <ele>4.3</ele>
    <time>2026-01-14T21:53:30Z</time>
   </trkpt>
   <trkpt lat="40.7203320" lon="-74.0454250">
    <ele>4.3</ele>
    <time>2026-01-14T21:53:31Z</time>
   </trkpt>
   <trkpt lat="40.7203560" lon="-74.0454790">
    <ele>4.3</ele>
    <time>2026-01-14T21:53:32Z</time>
   </trkpt>
   <trkpt lat="40.7203710" lon="-74.0455370">
    <ele>4.3</ele>
    <time>2026-01-14T21:53:33Z</time>
   </trkpt>
   <trkpt lat="40.7203880" lon="-74.0455760">
    <ele>4.3</ele>
    <time>2026-01-14T21:53:34Z</time>
   </trkpt>
   <trkpt lat="40.7204240" lon="-74.0456190">
    <ele>4.4</ele>
    <time>2026-01-14T21:53:35Z</time>
   </trkpt>
   <trkpt lat="40.7204530" lon="-74.0456640">
    <ele>4.4</ele>
    <time>2026-01-14T21:53:36Z</time>
   </trkpt>
   <trkpt lat="40.7204770" lon="-74.0457180">
    <ele>4.4</ele>
    <time>2026-01-14T21:53:37Z</time>
   </trkpt>
   <trkpt lat="40.7204940" lon="-74.0457850">
    <ele>4.4</ele>
    <time>2026-01-14T21:53:38Z</time>
   </trkpt>
   <trkpt lat="40.7204940" lon="-74.0458420">
    <ele>4.4</ele>
    <time>2026-01-14T21:53:39Z</time>
   </trkpt>
   <trkpt lat="40.7205230" lon="-74.0459090">
    <ele>4.4</ele>
    <time>2026-01-14T21:53:40Z</time>
   </trkpt>
   <trkpt lat="40.7205430" lon="-74.0459670">
    <ele>4.4</ele>
    <time>2026-01-14T21:53:41Z</time>
   </trkpt>
   <trkpt lat="40.7205550" lon="-74.0460330">
    <ele>4.5</ele>
    <time>2026-01-14T21:53:42Z</time>
   </trkpt>
   <trkpt lat="40.7205720" lon="-74.0460870">
    <ele>4.5</ele>
    <time>2026-01-14T21:53:43Z</time>
   </trkpt>
   <trkpt lat="40.7205990" lon="-74.0461490">
    <ele>4.6</ele>
    <time>2026-01-14T21:53:44Z</time>
   </trkpt>
   <trkpt lat="40.7206090" lon="-74.0462070">
    <ele>4.6</ele>
    <time>2026-01-14T21:53:45Z</time>
   </trkpt>
   <trkpt lat="40.7206180" lon="-74.0462640">
    <ele>4.6</ele>
    <time>2026-01-14T21:53:46Z</time>
   </trkpt>
   <trkpt lat="40.7206320" lon="-74.0463130">
    <ele>4.6</ele>
    <time>2026-01-14T21:53:47Z</time>
   </trkpt>
   <trkpt lat="40.7206510" lon="-74.0463610">
    <ele>4.7</ele>
    <time>2026-01-14T21:53:48Z</time>
   </trkpt>
   <trkpt lat="40.7206650" lon="-74.0463970">
    <ele>4.7</ele>
    <time>2026-01-14T21:53:49Z</time>
   </trkpt>
   <trkpt lat="40.7206730" lon="-74.0464500">
    <ele>4.7</ele>
    <time>2026-01-14T21:53:50Z</time>
   </trkpt>
   <trkpt lat="40.7206840" lon="-74.0464790">
    <ele>4.7</ele>
    <time>2026-01-14T21:53:51Z</time>
   </trkpt>
   <trkpt lat="40.7206860" lon="-74.0464940">
    <ele>4.7</ele>
    <time>2026-01-14T21:53:52Z</time>
   </trkpt>
   <trkpt lat="40.7206870" lon="-74.0464920">
    <ele>4.7</ele>
    <time>2026-01-14T21:53:53Z</time>
   </trkpt>
   <trkpt lat="40.7206930" lon="-74.0464830">
    <ele>4.7</ele>
    <time>2026-01-14T21:53:54Z</time>
   </trkpt>
   <trkpt lat="40.7207110" lon="-74.0464930">
    <ele>4.7</ele>
    <time>2026-01-14T21:53:55Z</time>
   </trkpt>
   <trkpt lat="40.7207160" lon="-74.0465000">
    <ele>4.8</ele>
    <time>2026-01-14T21:53:56Z</time>
   </trkpt>
   <trkpt lat="40.7207310" lon="-74.0465080">
    <ele>4.8</ele>
    <time>2026-01-14T21:53:57Z</time>
   </trkpt>
   <trkpt lat="40.7207250" lon="-74.0465050">
    <ele>4.8</ele>
    <time>2026-01-14T21:53:58Z</time>
   </trkpt>
   <trkpt lat="40.7207240" lon="-74.0465050">
    <ele>4.8</ele>
    <time>2026-01-14T21:53:59Z</time>
   </trkpt>
   <trkpt lat="40.7207240" lon="-74.0465020">
    <ele>4.8</ele>
    <time>2026-01-14T21:54:00Z</time>
   </trkpt>
   <trkpt lat="40.7207320" lon="-74.0465090">
    <ele>4.8</ele>
    <time>2026-01-14T21:54:01Z</time>
   </trkpt>
   <trkpt lat="40.7207420" lon="-74.0465090">
    <ele>4.8</ele>
    <time>2026-01-14T21:54:02Z</time>
   </trkpt>
   <trkpt lat="40.7207600" lon="-74.0465340">
    <ele>4.8</ele>
    <time>2026-01-14T21:54:03Z</time>
   </trkpt>
   <trkpt lat="40.7207630" lon="-74.0465490">
    <ele>4.8</ele>
    <time>2026-01-14T21:54:04Z</time>
   </trkpt>
   <trkpt lat="40.7207860" lon="-74.0465680">
    <ele>4.8</ele>
    <time>2026-01-14T21:54:05Z</time>
   </trkpt>
   <trkpt lat="40.7208180" lon="-74.0465710">
    <ele>4.8</ele>
    <time>2026-01-14T21:54:06Z</time>
   </trkpt>
   <trkpt lat="40.7208500" lon="-74.0465590">
    <ele>4.8</ele>
    <time>2026-01-14T21:54:07Z</time>
   </trkpt>
   <trkpt lat="40.7208830" lon="-74.0465240">
    <ele>4.8</ele>
    <time>2026-01-14T21:54:08Z</time>
   </trkpt>
   <trkpt lat="40.7209180" lon="-74.0465030">
    <ele>4.8</ele>
    <time>2026-01-14T21:54:09Z</time>
   </trkpt>
   <trkpt lat="40.7209520" lon="-74.0464860">
    <ele>4.8</ele>
    <time>2026-01-14T21:54:10Z</time>
   </trkpt>
   <trkpt lat="40.7209770" lon="-74.0464720">
    <ele>4.8</ele>
    <time>2026-01-14T21:54:11Z</time>
   </trkpt>
   <trkpt lat="40.7210180" lon="-74.0464370">
    <ele>4.7</ele>
    <time>2026-01-14T21:54:12Z</time>
   </trkpt>
   <trkpt lat="40.7210630" lon="-74.0464220">
    <ele>4.7</ele>
    <time>2026-01-14T21:54:13Z</time>
   </trkpt>
   <trkpt lat="40.7211050" lon="-74.0464080">
    <ele>4.7</ele>
    <time>2026-01-14T21:54:14Z</time>
   </trkpt>
   <trkpt lat="40.7211390" lon="-74.0463820">
    <ele>4.7</ele>
    <time>2026-01-14T21:54:15Z</time>
   </trkpt>
   <trkpt lat="40.7211740" lon="-74.0463470">
    <ele>4.7</ele>
    <time>2026-01-14T21:54:16Z</time>
   </trkpt>
   <trkpt lat="40.7212190" lon="-74.0463350">
    <ele>4.7</ele>
    <time>2026-01-14T21:54:17Z</time>
   </trkpt>
   <trkpt lat="40.7212540" lon="-74.0463080">
    <ele>4.6</ele>
    <time>2026-01-14T21:54:18Z</time>
   </trkpt>
   <trkpt lat="40.7212900" lon="-74.0462910">
    <ele>4.6</ele>
    <time>2026-01-14T21:54:19Z</time>
   </trkpt>
   <trkpt lat="40.7213220" lon="-74.0462710">
    <ele>4.6</ele>
    <time>2026-01-14T21:54:20Z</time>
   </trkpt>
   <trkpt lat="40.7213530" lon="-74.0462490">
    <ele>4.6</ele>
    <time>2026-01-14T21:54:21Z</time>
   </trkpt>
   <trkpt lat="40.7213870" lon="-74.0462410">
    <ele>4.6</ele>
    <time>2026-01-14T21:54:22Z</time>
   </trkpt>
   <trkpt lat="40.7214170" lon="-74.0462510">
    <ele>4.6</ele>
    <time>2026-01-14T21:54:23Z</time>
   </trkpt>
   <trkpt lat="40.7214520" lon="-74.0462630">
    <ele>4.5</ele>
    <time>2026-01-14T21:54:24Z</time>
   </trkpt>
   <trkpt lat="40.7214960" lon="-74.0462710">
    <ele>4.5</ele>
    <time>2026-01-14T21:54:25Z</time>
   </trkpt>
   <trkpt lat="40.7215150" lon="-74.0462690">
    <ele>4.5</ele>
    <time>2026-01-14T21:54:26Z</time>
   </trkpt>
   <trkpt lat="40.7215500" lon="-74.0462640">
    <ele>4.5</ele>
    <time>2026-01-14T21:54:27Z</time>
   </trkpt>
   <trkpt lat="40.7215590" lon="-74.0462650">
    <ele>4.4</ele>
    <time>2026-01-14T21:54:28Z</time>
   </trkpt>
   <trkpt lat="40.7215710" lon="-74.0462730">
    <ele>4.4</ele>
    <time>2026-01-14T21:54:29Z</time>
   </trkpt>
   <trkpt lat="40.7215750" lon="-74.0462800">
    <ele>4.4</ele>
    <time>2026-01-14T21:54:30Z</time>
   </trkpt>
   <trkpt lat="40.7215720" lon="-74.0462810">
    <ele>4.4</ele>
    <time>2026-01-14T21:54:31Z</time>
   </trkpt>
   <trkpt lat="40.7215870" lon="-74.0462870">
    <ele>4.4</ele>
    <time>2026-01-14T21:54:32Z</time>
   </trkpt>
   <trkpt lat="40.7215950" lon="-74.0462910">
    <ele>4.4</ele>
    <time>2026-01-14T21:54:33Z</time>
   </trkpt>
   <trkpt lat="40.7215990" lon="-74.0463010">
    <ele>4.4</ele>
    <time>2026-01-14T21:54:34Z</time>
   </trkpt>
   <trkpt lat="40.7216170" lon="-74.0463080">
    <ele>4.4</ele>
    <time>2026-01-14T21:54:35Z</time>
   </trkpt>
   <trkpt lat="40.7216290" lon="-74.0463180">
    <ele>4.4</ele>
    <time>2026-01-14T21:54:36Z</time>
   </trkpt>
   <trkpt lat="40.7216440" lon="-74.0463360">
    <ele>4.4</ele>
    <time>2026-01-14T21:54:37Z</time>
   </trkpt>
   <trkpt lat="40.7216790" lon="-74.0463500">
    <ele>4.3</ele>
    <time>2026-01-14T21:54:38Z</time>
   </trkpt>
   <trkpt lat="40.7217150" lon="-74.0463690">
    <ele>4.3</ele>
    <time>2026-01-14T21:54:39Z</time>
   </trkpt>
   <trkpt lat="40.7217240" lon="-74.0463790">
    <ele>4.3</ele>
    <time>2026-01-14T21:54:40Z</time>
   </trkpt>
   <trkpt lat="40.7217620" lon="-74.0464140">
    <ele>4.3</ele>
    <time>2026-01-14T21:54:41Z</time>
   </trkpt>
   <trkpt lat="40.7217750" lon="-74.0464330">
    <ele>4.3</ele>
    <time>2026-01-14T21:54:42Z</time>
   </trkpt>
   <trkpt lat="40.7218030" lon="-74.0464910">
    <ele>4.2</ele>
    <time>2026-01-14T21:54:43Z</time>
   </trkpt>
   <trkpt lat="40.7218200" lon="-74.0465410">
    <ele>4.2</ele>
    <time>2026-01-14T21:54:44Z</time>
   </trkpt>
   <trkpt lat="40.7218440" lon="-74.0465790">
    <ele>4.2</ele>
    <time>2026-01-14T21:54:45Z</time>
   </trkpt>
   <trkpt lat="40.7218710" lon="-74.0466100">
    <ele>4.2</ele>
    <time>2026-01-14T21:54:46Z</time>
   </trkpt>
   <trkpt lat="40.7218930" lon="-74.0466440">
    <ele>4.1</ele>
    <time>2026-01-14T21:54:47Z</time>
   </trkpt>
   <trkpt lat="40.7219130" lon="-74.0466870">
    <ele>4.1</ele>
    <time>2026-01-14T21:54:48Z</time>
   </trkpt>
   <trkpt lat="40.7219400" lon="-74.0467260">
    <ele>4.1</ele>
    <time>2026-01-14T21:54:49Z</time>
   </trkpt>
   <trkpt lat="40.7219570" lon="-74.0467670">
    <ele>4.1</ele>
    <time>2026-01-14T21:54:50Z</time>
   </trkpt>
   <trkpt lat="40.7219760" lon="-74.0468150">
    <ele>4.0</ele>
    <time>2026-01-14T21:54:51Z</time>
   </trkpt>
   <trkpt lat="40.7220040" lon="-74.0468420">
    <ele>4.0</ele>
    <time>2026-01-14T21:54:52Z</time>
   </trkpt>
   <trkpt lat="40.7220290" lon="-74.0468720">
    <ele>4.0</ele>
    <time>2026-01-14T21:54:53Z</time>
   </trkpt>
   <trkpt lat="40.7220510" lon="-74.0469090">
    <ele>4.0</ele>
    <time>2026-01-14T21:54:54Z</time>
   </trkpt>
   <trkpt lat="40.7220620" lon="-74.0469260">
    <ele>4.0</ele>
    <time>2026-01-14T21:54:55Z</time>
   </trkpt>
   <trkpt lat="40.7220620" lon="-74.0469330">
    <ele>4.0</ele>
    <time>2026-01-14T21:54:56Z</time>
   </trkpt>
   <trkpt lat="40.7220620" lon="-74.0469410">
    <ele>3.9</ele>
    <time>2026-01-14T21:54:57Z</time>
   </trkpt>
   <trkpt lat="40.7220620" lon="-74.0469480">
    <ele>3.9</ele>
    <time>2026-01-14T21:54:58Z</time>
   </trkpt>
   <trkpt lat="40.7220620" lon="-74.0469550">
    <ele>3.9</ele>
    <time>2026-01-14T21:54:59Z</time>
   </trkpt>
   <trkpt lat="40.7220610" lon="-74.0469700">
    <ele>3.9</ele>
    <time>2026-01-14T21:55:00Z</time>
   </trkpt>
   <trkpt lat="40.7220560" lon="-74.0469820">
    <ele>3.9</ele>
    <time>2026-01-14T21:55:01Z</time>
   </trkpt>
   <trkpt lat="40.7220540" lon="-74.0469930">
    <ele>3.9</ele>
    <time>2026-01-14T21:55:02Z</time>
   </trkpt>
   <trkpt lat="40.7220650" lon="-74.0469920">
    <ele>3.9</ele>
    <time>2026-01-14T21:55:03Z</time>
   </trkpt>
   <trkpt lat="40.7220670" lon="-74.0469880">
    <ele>3.9</ele>
    <time>2026-01-14T21:55:04Z</time>
   </trkpt>
   <trkpt lat="40.7220660" lon="-74.0470000">
    <ele>3.9</ele>
    <time>2026-01-14T21:55:05Z</time>
   </trkpt>
   <trkpt lat="40.7220660" lon="-74.0470100">
    <ele>3.9</ele>
    <time>2026-01-14T21:55:06Z</time>
   </trkpt>
   <trkpt lat="40.7220710" lon="-74.0470180">
    <ele>3.9</ele>
    <time>2026-01-14T21:55:07Z</time>
   </trkpt>
   <trkpt lat="40.7220700" lon="-74.0470170">
    <ele>3.9</ele>
    <time>2026-01-14T21:55:08Z</time>
   </trkpt>
   <trkpt lat="40.7220750" lon="-74.0470120">
    <ele>3.9</ele>
    <time>2026-01-14T21:55:09Z</time>
   </trkpt>
   <trkpt lat="40.7220730" lon="-74.0470140">
    <ele>3.9</ele>
    <time>2026-01-14T21:55:10Z</time>
   </trkpt>
   <trkpt lat="40.7220740" lon="-74.0470120">
    <ele>3.9</ele>
    <time>2026-01-14T21:55:11Z</time>
   </trkpt>
   <trkpt lat="40.7220730" lon="-74.0470180">
    <ele>3.9</ele>
    <time>2026-01-14T21:55:12Z</time>
   </trkpt>
   <trkpt lat="40.7220640" lon="-74.0470240">
    <ele>3.9</ele>
    <time>2026-01-14T21:55:13Z</time>
   </trkpt>
   <trkpt lat="40.7220680" lon="-74.0470260">
    <ele>3.9</ele>
    <time>2026-01-14T21:55:14Z</time>
   </trkpt>
   <trkpt lat="40.7220700" lon="-74.0470240">
    <ele>3.9</ele>
    <time>2026-01-14T21:55:15Z</time>
   </trkpt>
   <trkpt lat="40.7220700" lon="-74.0470240">
    <ele>3.9</ele>
    <time>2026-01-14T21:55:16Z</time>
   </trkpt>
   <trkpt lat="40.7220700" lon="-74.0470240">
    <ele>3.9</ele>
    <time>2026-01-14T21:55:17Z</time>
   </trkpt>
   <trkpt lat="40.7220700" lon="-74.0470240">
    <ele>3.9</ele>
    <time>2026-01-14T21:55:18Z</time>
   </trkpt>
   <trkpt lat="40.7220700" lon="-74.0470240">
    <ele>3.9</ele>
    <time>2026-01-14T21:55:19Z</time>
   </trkpt>
   <trkpt lat="40.7220700" lon="-74.0470240">
    <ele>3.9</ele>
    <time>2026-01-14T21:55:20Z</time>
   </trkpt>
   <trkpt lat="40.7220700" lon="-74.0470240">
    <ele>3.9</ele>
    <time>2026-01-14T21:55:21Z</time>
   </trkpt>
   <trkpt lat="40.7220530" lon="-74.0470410">
    <ele>3.9</ele>
    <time>2026-01-14T21:55:22Z</time>
   </trkpt>
   <trkpt lat="40.7220520" lon="-74.0470470">
    <ele>3.9</ele>
    <time>2026-01-14T21:55:23Z</time>
   </trkpt>
   <trkpt lat="40.7220530" lon="-74.0470480">
    <ele>3.9</ele>
    <time>2026-01-14T21:55:24Z</time>
   </trkpt>
   <trkpt lat="40.7220530" lon="-74.0470480">
    <ele>3.9</ele>
    <time>2026-01-14T21:55:25Z</time>
   </trkpt>
   <trkpt lat="40.7220530" lon="-74.0470480">
    <ele>3.9</ele>
    <time>2026-01-14T21:55:26Z</time>
   </trkpt>
   <trkpt lat="40.7220530" lon="-74.0470480">
    <ele>3.9</ele>
    <time>2026-01-14T21:55:27Z</time>
   </trkpt>
   <trkpt lat="40.7220530" lon="-74.0470480">
    <ele>3.9</ele>
    <time>2026-01-14T21:55:28Z</time>
   </trkpt>
   <trkpt lat="40.7220530" lon="-74.0470480">
    <ele>3.9</ele>
    <time>2026-01-14T21:55:29Z</time>
   </trkpt>
   <trkpt lat="40.7220530" lon="-74.0470480">
    <ele>3.9</ele>
    <time>2026-01-14T21:55:30Z</time>
   </trkpt>
   <trkpt lat="40.7220530" lon="-74.0470480">
    <ele>3.9</ele>
    <time>2026-01-14T21:55:31Z</time>
   </trkpt>
   <trkpt lat="40.7220530" lon="-74.0470480">
    <ele>3.9</ele>
    <time>2026-01-14T21:55:32Z</time>
   </trkpt>
   <trkpt lat="40.7220770" lon="-74.0470620">
    <ele>3.9</ele>
    <time>2026-01-14T21:55:33Z</time>
   </trkpt>
   <trkpt lat="40.7220780" lon="-74.0470610">
    <ele>3.9</ele>
    <time>2026-01-14T21:55:34Z</time>
   </trkpt>
   <trkpt lat="40.7220810" lon="-74.0470640">
    <ele>3.9</ele>
    <time>2026-01-14T21:55:35Z</time>
   </trkpt>
   <trkpt lat="40.7220810" lon="-74.0470640">
    <ele>3.9</ele>
    <time>2026-01-14T21:55:36Z</time>
   </trkpt>
   <trkpt lat="40.7220810" lon="-74.0470640">
    <ele>3.9</ele>
    <time>2026-01-14T21:55:37Z</time>
   </trkpt>
   <trkpt lat="40.7220780" lon="-74.0470750">
    <ele>3.9</ele>
    <time>2026-01-14T21:55:38Z</time>
   </trkpt>
   <trkpt lat="40.7220810" lon="-74.0470800">
    <ele>3.9</ele>
    <time>2026-01-14T21:55:39Z</time>
   </trkpt>
   <trkpt lat="40.7220820" lon="-74.0470770">
    <ele>3.9</ele>
    <time>2026-01-14T21:55:40Z</time>
   </trkpt>
   <trkpt lat="40.7220810" lon="-74.0470670">
    <ele>3.9</ele>
    <time>2026-01-14T21:55:41Z</time>
   </trkpt>
   <trkpt lat="40.7220630" lon="-74.0470600">
    <ele>3.9</ele>
    <time>2026-01-14T21:55:42Z</time>
   </trkpt>
   <trkpt lat="40.7220730" lon="-74.0470370">
    <ele>3.9</ele>
    <time>2026-01-14T21:55:43Z</time>
   </trkpt>
   <trkpt lat="40.7220650" lon="-74.0470280">
    <ele>3.9</ele>
    <time>2026-01-14T21:55:44Z</time>
   </trkpt>
   <trkpt lat="40.7220580" lon="-74.0470160">
    <ele>3.9</ele>
    <time>2026-01-14T21:55:45Z</time>
   </trkpt>
   <trkpt lat="40.7220600" lon="-74.0470050">
    <ele>3.9</ele>
    <time>2026-01-14T21:55:46Z</time>
   </trkpt>
   <trkpt lat="40.7220580" lon="-74.0469930">
    <ele>3.9</ele>
    <time>2026-01-14T21:55:47Z</time>
   </trkpt>
   <trkpt lat="40.7220500" lon="-74.0469670">
    <ele>3.9</ele>
    <time>2026-01-14T21:55:48Z</time>
   </trkpt>
   <trkpt lat="40.7220460" lon="-74.0469580">
    <ele>3.9</ele>
    <time>2026-01-14T21:55:49Z</time>
   </trkpt>
   <trkpt lat="40.7220470" lon="-74.0469470">
    <ele>3.9</ele>
    <time>2026-01-14T21:55:50Z</time>
   </trkpt>
   <trkpt lat="40.7220490" lon="-74.0469420">
    <ele>3.9</ele>
    <time>2026-01-14T21:55:51Z</time>
   </trkpt>
   <trkpt lat="40.7220450" lon="-74.0469510">
    <ele>3.9</ele>
    <time>2026-01-14T21:55:52Z</time>
   </trkpt>
   <trkpt lat="40.7220440" lon="-74.0469640">
    <ele>3.9</ele>
    <time>2026-01-14T21:55:53Z</time>
   </trkpt>
   <trkpt lat="40.7220450" lon="-74.0469790">
    <ele>3.9</ele>
    <time>2026-01-14T21:55:54Z</time>
   </trkpt>
   <trkpt lat="40.7220450" lon="-74.0469900">
    <ele>3.9</ele>
    <time>2026-01-14T21:55:55Z</time>
   </trkpt>
   <trkpt lat="40.7220430" lon="-74.0470030">
    <ele>3.9</ele>
    <time>2026-01-14T21:55:56Z</time>
   </trkpt>
   <trkpt lat="40.7220410" lon="-74.0470180">
    <ele>3.9</ele>
    <time>2026-01-14T21:55:57Z</time>
   </trkpt>
   <trkpt lat="40.7220430" lon="-74.0470340">
    <ele>3.9</ele>
    <time>2026-01-14T21:55:58Z</time>
   </trkpt>
   <trkpt lat="40.7220420" lon="-74.0470460">
    <ele>3.9</ele>
    <time>2026-01-14T21:55:59Z</time>
   </trkpt>
   <trkpt lat="40.7220420" lon="-74.0470660">
    <ele>3.9</ele>
    <time>2026-01-14T21:56:00Z</time>
   </trkpt>
   <trkpt lat="40.7220450" lon="-74.0470750">
    <ele>3.9</ele>
    <time>2026-01-14T21:56:01Z</time>
   </trkpt>
   <trkpt lat="40.7220480" lon="-74.0470840">
    <ele>3.9</ele>
    <time>2026-01-14T21:56:02Z</time>
   </trkpt>
   <trkpt lat="40.7220510" lon="-74.0470930">
    <ele>3.9</ele>
    <time>2026-01-14T21:56:03Z</time>
   </trkpt>
   <trkpt lat="40.7220420" lon="-74.0471020">
    <ele>3.9</ele>
    <time>2026-01-14T21:56:04Z</time>
   </trkpt>
   <trkpt lat="40.7220370" lon="-74.0471150">
    <ele>3.9</ele>
    <time>2026-01-14T21:56:05Z</time>
   </trkpt>
   <trkpt lat="40.7220360" lon="-74.0471140">
    <ele>3.9</ele>
    <time>2026-01-14T21:56:06Z</time>
   </trkpt>
   <trkpt lat="40.7220340" lon="-74.0471130">
    <ele>3.9</ele>
    <time>2026-01-14T21:56:07Z</time>
   </trkpt>
   <trkpt lat="40.7220390" lon="-74.0471100">
    <ele>3.9</ele>
    <time>2026-01-14T21:56:08Z</time>
   </trkpt>
   <trkpt lat="40.7220340" lon="-74.0471080">
    <ele>3.9</ele>
    <time>2026-01-14T21:56:09Z</time>
   </trkpt>
   <trkpt lat="40.7220350" lon="-74.0471100">
    <ele>3.9</ele>
    <time>2026-01-14T21:56:10Z</time>
   </trkpt>
   <trkpt lat="40.7220410" lon="-74.0471100">
    <ele>3.9</ele>
    <time>2026-01-14T21:56:11Z</time>
   </trkpt>
   <trkpt lat="40.7220400" lon="-74.0471110">
    <ele>3.9</ele>
    <time>2026-01-14T21:56:12Z</time>
   </trkpt>
   <trkpt lat="40.7220410" lon="-74.0471070">
    <ele>3.9</ele>
    <time>2026-01-14T21:56:13Z</time>
   </trkpt>
   <trkpt lat="40.7220400" lon="-74.0471060">
    <ele>3.9</ele>
    <time>2026-01-14T21:56:14Z</time>
   </trkpt>
   <trkpt lat="40.7220430" lon="-74.0471070">
    <ele>3.9</ele>
    <time>2026-01-14T21:56:15Z</time>
   </trkpt>
   <trkpt lat="40.7220430" lon="-74.0471080">
    <ele>3.9</ele>
    <time>2026-01-14T21:56:16Z</time>
   </trkpt>
   <trkpt lat="40.7220430" lon="-74.0471060">
    <ele>3.9</ele>
    <time>2026-01-14T21:56:17Z</time>
   </trkpt>
   <trkpt lat="40.7220430" lon="-74.0471030">
    <ele>3.9</ele>
    <time>2026-01-14T21:56:18Z</time>
   </trkpt>
   <trkpt lat="40.7220450" lon="-74.0471030">
    <ele>3.9</ele>
    <time>2026-01-14T21:56:19Z</time>
   </trkpt>
   <trkpt lat="40.7220390" lon="-74.0471060">
    <ele>3.9</ele>
    <time>2026-01-14T21:56:20Z</time>
   </trkpt>
   <trkpt lat="40.7220390" lon="-74.0470940">
    <ele>3.9</ele>
    <time>2026-01-14T21:56:21Z</time>
   </trkpt>
   <trkpt lat="40.7220420" lon="-74.0471040">
    <ele>3.9</ele>
    <time>2026-01-14T21:56:22Z</time>
   </trkpt>
   <trkpt lat="40.7220360" lon="-74.0471040">
    <ele>3.9</ele>
    <time>2026-01-14T21:56:23Z</time>
   </trkpt>
   <trkpt lat="40.7220320" lon="-74.0471000">
    <ele>3.9</ele>
    <time>2026-01-14T21:56:24Z</time>
   </trkpt>
   <trkpt lat="40.7220330" lon="-74.0471010">
    <ele>3.9</ele>
    <time>2026-01-14T21:56:25Z</time>
   </trkpt>
   <trkpt lat="40.7220290" lon="-74.0471020">
    <ele>3.9</ele>
    <time>2026-01-14T21:56:26Z</time>
   </trkpt>
   <trkpt lat="40.7220290" lon="-74.0471020">
    <ele>3.9</ele>
    <time>2026-01-14T21:56:27Z</time>
   </trkpt>
   <trkpt lat="40.7220290" lon="-74.0471020">
    <ele>3.9</ele>
    <time>2026-01-14T21:56:28Z</time>
   </trkpt>
   <trkpt lat="40.7220290" lon="-74.0471020">
    <ele>3.9</ele>
    <time>2026-01-14T21:56:29Z</time>
   </trkpt>
   <trkpt lat="40.7220260" lon="-74.0471050">
    <ele>3.9</ele>
    <time>2026-01-14T21:56:30Z</time>
   </trkpt>
   <trkpt lat="40.7220240" lon="-74.0471020">
    <ele>3.9</ele>
    <time>2026-01-14T21:56:31Z</time>
   </trkpt>
   <trkpt lat="40.7220250" lon="-74.0471000">
    <ele>3.9</ele>
    <time>2026-01-14T21:56:32Z</time>
   </trkpt>
   <trkpt lat="40.7220230" lon="-74.0470990">
    <ele>3.9</ele>
    <time>2026-01-14T21:56:33Z</time>
   </trkpt>
   <trkpt lat="40.7220230" lon="-74.0470980">
    <ele>3.9</ele>
    <time>2026-01-14T21:56:34Z</time>
   </trkpt>
   <trkpt lat="40.7220260" lon="-74.0470980">
    <ele>3.9</ele>
    <time>2026-01-14T21:56:35Z</time>
   </trkpt>
   <trkpt lat="40.7220260" lon="-74.0470990">
    <ele>3.9</ele>
    <time>2026-01-14T21:56:36Z</time>
   </trkpt>
   <trkpt lat="40.7220260" lon="-74.0470990">
    <ele>3.9</ele>
    <time>2026-01-14T21:56:37Z</time>
   </trkpt>
   <trkpt lat="40.7220280" lon="-74.0471020">
    <ele>3.9</ele>
    <time>2026-01-14T21:56:38Z</time>
   </trkpt>
   <trkpt lat="40.7220340" lon="-74.0470980">
    <ele>3.9</ele>
    <time>2026-01-14T21:56:39Z</time>
   </trkpt>
   <trkpt lat="40.7220320" lon="-74.0470960">
    <ele>3.9</ele>
    <time>2026-01-14T21:56:40Z</time>
   </trkpt>
   <trkpt lat="40.7220310" lon="-74.0470940">
    <ele>3.9</ele>
    <time>2026-01-14T21:56:41Z</time>
   </trkpt>
   <trkpt lat="40.7220290" lon="-74.0470940">
    <ele>3.9</ele>
    <time>2026-01-14T21:56:42Z</time>
   </trkpt>
   <trkpt lat="40.7220280" lon="-74.0470900">
    <ele>3.9</ele>
    <time>2026-01-14T21:56:43Z</time>
   </trkpt>
   <trkpt lat="40.7220280" lon="-74.0470900">
    <ele>3.9</ele>
    <time>2026-01-14T21:56:44Z</time>
   </trkpt>
   <trkpt lat="40.7220270" lon="-74.0470900">
    <ele>3.9</ele>
    <time>2026-01-14T21:56:45Z</time>
   </trkpt>
   <trkpt lat="40.7220250" lon="-74.0470880">
    <ele>3.9</ele>
    <time>2026-01-14T21:56:46Z</time>
   </trkpt>
   <trkpt lat="40.7220250" lon="-74.0470890">
    <ele>3.9</ele>
    <time>2026-01-14T21:56:47Z</time>
   </trkpt>
   <trkpt lat="40.7220220" lon="-74.0470880">
    <ele>3.9</ele>
    <time>2026-01-14T21:56:48Z</time>
   </trkpt>
   <trkpt lat="40.7220190" lon="-74.0470900">
    <ele>3.9</ele>
    <time>2026-01-14T21:56:49Z</time>
   </trkpt>
   <trkpt lat="40.7220200" lon="-74.0470890">
    <ele>3.9</ele>
    <time>2026-01-14T21:56:50Z</time>
   </trkpt>
   <trkpt lat="40.7220240" lon="-74.0470910">
    <ele>3.9</ele>
    <time>2026-01-14T21:56:51Z</time>
   </trkpt>
   <trkpt lat="40.7220230" lon="-74.0470910">
    <ele>3.9</ele>
    <time>2026-01-14T21:56:52Z</time>
   </trkpt>
   <trkpt lat="40.7220170" lon="-74.0470950">
    <ele>3.9</ele>
    <time>2026-01-14T21:56:53Z</time>
   </trkpt>
   <trkpt lat="40.7220170" lon="-74.0470950">
    <ele>3.9</ele>
    <time>2026-01-14T21:56:54Z</time>
   </trkpt>
   <trkpt lat="40.7220170" lon="-74.0470950">
    <ele>3.9</ele>
    <time>2026-01-14T21:56:55Z</time>
   </trkpt>
   <trkpt lat="40.7220170" lon="-74.0470950">
    <ele>3.9</ele>
    <time>2026-01-14T21:56:56Z</time>
   </trkpt>
   <trkpt lat="40.7220100" lon="-74.0470980">
    <ele>3.9</ele>
    <time>2026-01-14T21:56:57Z</time>
   </trkpt>
   <trkpt lat="40.7220100" lon="-74.0470810">
    <ele>3.9</ele>
    <time>2026-01-14T21:56:58Z</time>
   </trkpt>
   <trkpt lat="40.7220100" lon="-74.0470800">
    <ele>3.9</ele>
    <time>2026-01-14T21:56:59Z</time>
   </trkpt>
   <trkpt lat="40.7220060" lon="-74.0470940">
    <ele>3.9</ele>
    <time>2026-01-14T21:57:00Z</time>
   </trkpt>
   <trkpt lat="40.7220090" lon="-74.0470920">
    <ele>3.9</ele>
    <time>2026-01-14T21:57:01Z</time>
   </trkpt>
   <trkpt lat="40.7220130" lon="-74.0471070">
    <ele>3.9</ele>
    <time>2026-01-14T21:57:02Z</time>
   </trkpt>
   <trkpt lat="40.7220130" lon="-74.0471070">
    <ele>3.9</ele>
    <time>2026-01-14T21:57:03Z</time>
   </trkpt>
   <trkpt lat="40.7220150" lon="-74.0471020">
    <ele>3.9</ele>
    <time>2026-01-14T21:57:04Z</time>
   </trkpt>
   <trkpt lat="40.7220210" lon="-74.0470920">
    <ele>3.9</ele>
    <time>2026-01-14T21:57:05Z</time>
   </trkpt>
   <trkpt lat="40.7220280" lon="-74.0470810">
    <ele>3.9</ele>
    <time>2026-01-14T21:57:06Z</time>
   </trkpt>
   <trkpt lat="40.7220360" lon="-74.0470670">
    <ele>3.9</ele>
    <time>2026-01-14T21:57:07Z</time>
   </trkpt>
   <trkpt lat="40.7220400" lon="-74.0470500">
    <ele>3.9</ele>
    <time>2026-01-14T21:57:08Z</time>
   </trkpt>
   <trkpt lat="40.7220360" lon="-74.0470520">
    <ele>3.9</ele>
    <time>2026-01-14T21:57:09Z</time>
   </trkpt>
   <trkpt lat="40.7220310" lon="-74.0470530">
    <ele>3.9</ele>
    <time>2026-01-14T21:57:10Z</time>
   </trkpt>
   <trkpt lat="40.7220260" lon="-74.0470540">
    <ele>3.9</ele>
    <time>2026-01-14T21:57:11Z</time>
   </trkpt>
   <trkpt lat="40.7220210" lon="-74.0470550">
    <ele>3.9</ele>
    <time>2026-01-14T21:57:12Z</time>
   </trkpt>
   <trkpt lat="40.7220170" lon="-74.0470570">
    <ele>3.9</ele>
    <time>2026-01-14T21:57:13Z</time>
   </trkpt>
   <trkpt lat="40.7220120" lon="-74.0470580">
    <ele>3.9</ele>
    <time>2026-01-14T21:57:14Z</time>
   </trkpt>
   <trkpt lat="40.7220070" lon="-74.0470590">
    <ele>3.9</ele>
    <time>2026-01-14T21:57:15Z</time>
   </trkpt>
   <trkpt lat="40.7220020" lon="-74.0470600">
    <ele>3.9</ele>
    <time>2026-01-14T21:57:16Z</time>
   </trkpt>
   <trkpt lat="40.7219980" lon="-74.0470620">
    <ele>3.9</ele>
    <time>2026-01-14T21:57:17Z</time>
   </trkpt>
   <trkpt lat="40.7219930" lon="-74.0470630">
    <ele>3.9</ele>
    <time>2026-01-14T21:57:18Z</time>
   </trkpt>
   <trkpt lat="40.7219880" lon="-74.0470640">
    <ele>3.9</ele>
    <time>2026-01-14T21:57:20Z</time>
   </trkpt>
   <trkpt lat="40.7219830" lon="-74.0470650">
    <ele>3.9</ele>
    <time>2026-01-14T21:57:45Z</time>
   </trkpt>
   <trkpt lat="40.7219790" lon="-74.0470670">
    <ele>3.9</ele>
    <time>2026-01-14T21:57:46Z</time>
   </trkpt>
   <trkpt lat="40.7219740" lon="-74.0470680">
    <ele>3.9</ele>
    <time>2026-01-14T21:57:47Z</time>
   </trkpt>
   <trkpt lat="40.7219420" lon="-74.0470350">
    <ele>3.9</ele>
    <time>2026-01-14T21:57:48Z</time>
   </trkpt>
   <trkpt lat="40.7219150" lon="-74.0470020">
    <ele>3.9</ele>
    <time>2026-01-14T21:57:49Z</time>
   </trkpt>
   <trkpt lat="40.7219060" lon="-74.0471100">
    <ele>3.9</ele>
    <time>2026-01-14T21:57:50Z</time>
   </trkpt>
   <trkpt lat="40.7219060" lon="-74.0471460">
    <ele>3.9</ele>
    <time>2026-01-14T21:57:51Z</time>
   </trkpt>
   <trkpt lat="40.7218880" lon="-74.0471090">
    <ele>3.9</ele>
    <time>2026-01-14T21:57:52Z</time>
   </trkpt>
   <trkpt lat="40.7218830" lon="-74.0471180">
    <ele>3.9</ele>
    <time>2026-01-14T21:57:53Z</time>
   </trkpt>
   <trkpt lat="40.7218790" lon="-74.0471260">
    <ele>3.9</ele>
    <time>2026-01-14T21:57:54Z</time>
   </trkpt>
   <trkpt lat="40.7218760" lon="-74.0471350">
    <ele>3.9</ele>
    <time>2026-01-14T21:57:55Z</time>
   </trkpt>
   <trkpt lat="40.7218720" lon="-74.0471430">
    <ele>3.9</ele>
    <time>2026-01-14T21:57:56Z</time>
   </trkpt>
   <trkpt lat="40.7218690" lon="-74.0471510">
    <ele>3.9</ele>
    <time>2026-01-14T21:57:57Z</time>
   </trkpt>
   <trkpt lat="40.7218740" lon="-74.0471050">
    <ele>3.9</ele>
    <time>2026-01-14T21:57:58Z</time>
   </trkpt>
   <trkpt lat="40.7218590" lon="-74.0470660">
    <ele>3.9</ele>
    <time>2026-01-14T21:57:59Z</time>
   </trkpt>
   <trkpt lat="40.7218500" lon="-74.0470190">
    <ele>3.9</ele>
    <time>2026-01-14T21:58:00Z</time>
   </trkpt>
   <trkpt lat="40.7218580" lon="-74.0470190">
    <ele>3.9</ele>
    <time>2026-01-14T21:58:01Z</time>
   </trkpt>
   <trkpt lat="40.7218610" lon="-74.0470110">
    <ele>3.9</ele>
    <time>2026-01-14T21:58:02Z</time>
   </trkpt>
   <trkpt lat="40.7218630" lon="-74.0470020">
    <ele>3.9</ele>
    <time>2026-01-14T21:58:03Z</time>
   </trkpt>
   <trkpt lat="40.7218650" lon="-74.0469930">
    <ele>3.9</ele>
    <time>2026-01-14T21:58:04Z</time>
   </trkpt>
   <trkpt lat="40.7218680" lon="-74.0469850">
    <ele>3.9</ele>
    <time>2026-01-14T21:58:05Z</time>
   </trkpt>
   <trkpt lat="40.7218700" lon="-74.0469760">
    <ele>3.9</ele>
    <time>2026-01-14T21:58:06Z</time>
   </trkpt>
   <trkpt lat="40.7218690" lon="-74.0469730">
    <ele>3.9</ele>
    <time>2026-01-14T21:58:07Z</time>
   </trkpt>
   <trkpt lat="40.7218710" lon="-74.0469630">
    <ele>3.9</ele>
    <time>2026-01-14T21:58:08Z</time>
   </trkpt>
   <trkpt lat="40.7218720" lon="-74.0469520">
    <ele>3.9</ele>
    <time>2026-01-14T21:58:09Z</time>
   </trkpt>
   <trkpt lat="40.7218720" lon="-74.0469410">
    <ele>3.9</ele>
    <time>2026-01-14T21:58:10Z</time>
   </trkpt>
   <trkpt lat="40.7218730" lon="-74.0469290">
    <ele>3.9</ele>
    <time>2026-01-14T21:58:11Z</time>
   </trkpt>
   <trkpt lat="40.7218780" lon="-74.0469450">
    <ele>3.9</ele>
    <time>2026-01-14T21:58:12Z</time>
   </trkpt>
   <trkpt lat="40.7218810" lon="-74.0469570">
    <ele>3.9</ele>
    <time>2026-01-14T21:58:13Z</time>
   </trkpt>
   <trkpt lat="40.7218850" lon="-74.0469680">
    <ele>3.9</ele>
    <time>2026-01-14T21:58:14Z</time>
   </trkpt>
   <trkpt lat="40.7218890" lon="-74.0469790">
    <ele>3.9</ele>
    <time>2026-01-14T21:58:15Z</time>
   </trkpt>
   <trkpt lat="40.7218920" lon="-74.0469910">
    <ele>3.9</ele>
    <time>2026-01-14T21:58:16Z</time>
   </trkpt>
   <trkpt lat="40.7218960" lon="-74.0470020">
    <ele>3.9</ele>
    <time>2026-01-14T21:58:17Z</time>
   </trkpt>
   <trkpt lat="40.7219130" lon="-74.0469680">
    <ele>4.0</ele>
    <time>2026-01-14T21:58:18Z</time>
   </trkpt>
   <trkpt lat="40.7219290" lon="-74.0469350">
    <ele>4.0</ele>
    <time>2026-01-14T21:58:19Z</time>
   </trkpt>
   <trkpt lat="40.7219400" lon="-74.0469030">
    <ele>4.0</ele>
    <time>2026-01-14T21:58:20Z</time>
   </trkpt>
   <trkpt lat="40.7219500" lon="-74.0468710">
    <ele>3.9</ele>
    <time>2026-01-14T21:58:22Z</time>
   </trkpt>
   <trkpt lat="40.7219620" lon="-74.0468130">
    <ele>4.0</ele>
    <time>2026-01-14T21:58:53Z</time>
   </trkpt>
   <trkpt lat="40.7219310" lon="-74.0469030">
    <ele>4.0</ele>
    <time>2026-01-14T21:59:06Z</time>
   </trkpt>
   <trkpt lat="40.7219010" lon="-74.0469940">
    <ele>4.0</ele>
    <time>2026-01-14T21:59:08Z</time>
   </trkpt>
   <trkpt lat="40.7218700" lon="-74.0470840">
    <ele>3.9</ele>
    <time>2026-01-14T21:59:09Z</time>
   </trkpt>
   <trkpt lat="40.7218640" lon="-74.0471420">
    <ele>3.9</ele>
    <time>2026-01-14T21:59:10Z</time>
   </trkpt>
   <trkpt lat="40.7218690" lon="-74.0471300">
    <ele>3.9</ele>
    <time>2026-01-14T21:59:11Z</time>
   </trkpt>
   <trkpt lat="40.7218760" lon="-74.0471020">
    <ele>3.9</ele>
    <time>2026-01-14T21:59:12Z</time>
   </trkpt>
   <trkpt lat="40.7218760" lon="-74.0470550">
    <ele>3.9</ele>
    <time>2026-01-14T21:59:13Z</time>
   </trkpt>
   <trkpt lat="40.7218740" lon="-74.0470430">
    <ele>3.9</ele>
    <time>2026-01-14T21:59:14Z</time>
   </trkpt>
   <trkpt lat="40.7218780" lon="-74.0470630">
    <ele>3.9</ele>
    <time>2026-01-14T21:59:15Z</time>
   </trkpt>
   <trkpt lat="40.7218780" lon="-74.0470640">
    <ele>3.9</ele>
    <time>2026-01-14T21:59:16Z</time>
   </trkpt>
   <trkpt lat="40.7218790" lon="-74.0470660">
    <ele>3.9</ele>
    <time>2026-01-14T21:59:17Z</time>
   </trkpt>
   <trkpt lat="40.7218790" lon="-74.0470670">
    <ele>3.9</ele>
    <time>2026-01-14T21:59:18Z</time>
   </trkpt>
   <trkpt lat="40.7218800" lon="-74.0470680">
    <ele>3.9</ele>
    <time>2026-01-14T21:59:19Z</time>
   </trkpt>
   <trkpt lat="40.7218800" lon="-74.0470690">
    <ele>3.9</ele>
    <time>2026-01-14T21:59:20Z</time>
   </trkpt>
   <trkpt lat="40.7218810" lon="-74.0470700">
    <ele>3.9</ele>
    <time>2026-01-14T21:59:21Z</time>
   </trkpt>
   <trkpt lat="40.7218810" lon="-74.0470710">
    <ele>3.9</ele>
    <time>2026-01-14T21:59:22Z</time>
   </trkpt>
   <trkpt lat="40.7218820" lon="-74.0470730">
    <ele>3.9</ele>
    <time>2026-01-14T21:59:23Z</time>
   </trkpt>
   <trkpt lat="40.7218830" lon="-74.0470740">
    <ele>3.9</ele>
    <time>2026-01-14T21:59:24Z</time>
   </trkpt>
   <trkpt lat="40.7218830" lon="-74.0470750">
    <ele>3.9</ele>
    <time>2026-01-14T21:59:26Z</time>
   </trkpt>
   <trkpt lat="40.7218840" lon="-74.0470760">
    <ele>3.9</ele>
    <time>2026-01-14T21:59:27Z</time>
   </trkpt>
   <trkpt lat="40.7218840" lon="-74.0470770">
    <ele>3.9</ele>
    <time>2026-01-14T21:59:29Z</time>
   </trkpt>
   <trkpt lat="40.7218850" lon="-74.0470790">
    <ele>3.9</ele>
    <time>2026-01-14T21:59:30Z</time>
   </trkpt>
   <trkpt lat="40.7218850" lon="-74.0470800">
    <ele>3.9</ele>
    <time>2026-01-14T21:59:31Z</time>
   </trkpt>
   <trkpt lat="40.7218860" lon="-74.0470810">
    <ele>3.9</ele>
    <time>2026-01-14T21:59:32Z</time>
   </trkpt>
   <trkpt lat="40.7218860" lon="-74.0470820">
    <ele>3.9</ele>
    <time>2026-01-14T21:59:33Z</time>
   </trkpt>
   <trkpt lat="40.7218870" lon="-74.0470830">
    <ele>3.9</ele>
    <time>2026-01-14T21:59:34Z</time>
   </trkpt>
   <trkpt lat="40.7218880" lon="-74.0470850">
    <ele>3.9</ele>
    <time>2026-01-14T21:59:35Z</time>
   </trkpt>
   <trkpt lat="40.7218880" lon="-74.0470860">
    <ele>3.9</ele>
    <time>2026-01-14T21:59:36Z</time>
   </trkpt>
   <trkpt lat="40.7218890" lon="-74.0470870">
    <ele>3.9</ele>
    <time>2026-01-14T21:59:37Z</time>
   </trkpt>
   <trkpt lat="40.7218890" lon="-74.0470880">
    <ele>3.9</ele>
    <time>2026-01-14T21:59:38Z</time>
   </trkpt>
   <trkpt lat="40.7218900" lon="-74.0470890">
    <ele>3.9</ele>
    <time>2026-01-14T21:59:39Z</time>
   </trkpt>
   <trkpt lat="40.7218900" lon="-74.0470900">
    <ele>3.9</ele>
    <time>2026-01-14T21:59:40Z</time>
   </trkpt>
   <trkpt lat="40.7218910" lon="-74.0470920">
    <ele>3.9</ele>
    <time>2026-01-14T21:59:41Z</time>
   </trkpt>
   <trkpt lat="40.7218910" lon="-74.0470930">
    <ele>3.9</ele>
    <time>2026-01-14T21:59:42Z</time>
   </trkpt>
   <trkpt lat="40.7218920" lon="-74.0470940">
    <ele>3.9</ele>
    <time>2026-01-14T21:59:43Z</time>
   </trkpt>
   <trkpt lat="40.7218990" lon="-74.0471010">
    <ele>3.9</ele>
    <time>2026-01-14T21:59:44Z</time>
   </trkpt>
   <trkpt lat="40.7219080" lon="-74.0471080">
    <ele>3.9</ele>
    <time>2026-01-14T21:59:45Z</time>
   </trkpt>
   <trkpt lat="40.7219160" lon="-74.0471140">
    <ele>3.9</ele>
    <time>2026-01-14T21:59:46Z</time>
   </trkpt>
   <trkpt lat="40.7219240" lon="-74.0471210">
    <ele>3.9</ele>
    <time>2026-01-14T21:59:47Z</time>
   </trkpt>
   <trkpt lat="40.7219330" lon="-74.0471270">
    <ele>3.9</ele>
    <time>2026-01-14T21:59:49Z</time>
   </trkpt>
   <trkpt lat="40.7219410" lon="-74.0471340">
    <ele>3.9</ele>
    <time>2026-01-14T21:59:50Z</time>
   </trkpt>
   <trkpt lat="40.7219500" lon="-74.0471400">
    <ele>3.9</ele>
    <time>2026-01-14T21:59:59Z</time>
   </trkpt>
   <trkpt lat="40.7219580" lon="-74.0471470">
    <ele>3.9</ele>
    <time>2026-01-14T22:00:14Z</time>
   </trkpt>
   <trkpt lat="40.7219660" lon="-74.0471530">
    <ele>3.9</ele>
    <time>2026-01-14T22:00:18Z</time>
   </trkpt>
   <trkpt lat="40.7219750" lon="-74.0471600">
    <ele>3.9</ele>
    <time>2026-01-14T22:00:33Z</time>
   </trkpt>
   <trkpt lat="40.7219830" lon="-74.0471660">
    <ele>3.9</ele>
    <time>2026-01-14T22:00:34Z</time>
   </trkpt>
   <trkpt lat="40.7219440" lon="-74.0471610">
    <ele>3.9</ele>
    <time>2026-01-14T22:00:35Z</time>
   </trkpt>
   <trkpt lat="40.7219070" lon="-74.0471450">
    <ele>3.9</ele>
    <time>2026-01-14T22:00:36Z</time>
   </trkpt>
   <trkpt lat="40.7219870" lon="-74.0470930">
    <ele>3.9</ele>
    <time>2026-01-14T22:00:37Z</time>
   </trkpt>
   <trkpt lat="40.7219930" lon="-74.0470560">
    <ele>3.9</ele>
    <time>2026-01-14T22:00:38Z</time>
   </trkpt>
   <trkpt lat="40.7220000" lon="-74.0470500">
    <ele>3.9</ele>
    <time>2026-01-14T22:00:39Z</time>
   </trkpt>
   <trkpt lat="40.7220070" lon="-74.0470380">
    <ele>3.9</ele>
    <time>2026-01-14T22:00:40Z</time>
   </trkpt>
   <trkpt lat="40.7219980" lon="-74.0470300">
    <ele>3.9</ele>
    <time>2026-01-14T22:00:41Z</time>
   </trkpt>
   <trkpt lat="40.7219840" lon="-74.0470190">
    <ele>3.9</ele>
    <time>2026-01-14T22:00:42Z</time>
   </trkpt>
   <trkpt lat="40.7219880" lon="-74.0470080">
    <ele>3.9</ele>
    <time>2026-01-14T22:00:43Z</time>
   </trkpt>
   <trkpt lat="40.7219780" lon="-74.0470130">
    <ele>3.9</ele>
    <time>2026-01-14T22:00:44Z</time>
   </trkpt>
   <trkpt lat="40.7219610" lon="-74.0470090">
    <ele>4.0</ele>
    <time>2026-01-14T22:00:45Z</time>
   </trkpt>
   <trkpt lat="40.7219670" lon="-74.0470020">
    <ele>4.0</ele>
    <time>2026-01-14T22:00:46Z</time>
   </trkpt>
   <trkpt lat="40.7219950" lon="-74.0469790">
    <ele>4.0</ele>
    <time>2026-01-14T22:00:47Z</time>
   </trkpt>
   <trkpt lat="40.7220110" lon="-74.0469620">
    <ele>4.0</ele>
    <time>2026-01-14T22:00:48Z</time>
   </trkpt>
   <trkpt lat="40.7220190" lon="-74.0469510">
    <ele>4.0</ele>
    <time>2026-01-14T22:00:49Z</time>
   </trkpt>
   <trkpt lat="40.7220300" lon="-74.0469560">
    <ele>4.0</ele>
    <time>2026-01-14T22:00:50Z</time>
   </trkpt>
   <trkpt lat="40.7220350" lon="-74.0469650">
    <ele>4.0</ele>
    <time>2026-01-14T22:00:51Z</time>
   </trkpt>
   <trkpt lat="40.7220410" lon="-74.0469730">
    <ele>4.0</ele>
    <time>2026-01-14T22:00:52Z</time>
   </trkpt>
   <trkpt lat="40.7220460" lon="-74.0469820">
    <ele>4.0</ele>
    <time>2026-01-14T22:00:53Z</time>
   </trkpt>
   <trkpt lat="40.7220510" lon="-74.0469900">
    <ele>4.0</ele>
    <time>2026-01-14T22:00:54Z</time>
   </trkpt>
   <trkpt lat="40.7220750" lon="-74.0470100">
    <ele>4.0</ele>
    <time>2026-01-14T22:00:55Z</time>
   </trkpt>
   <trkpt lat="40.7220970" lon="-74.0470310">
    <ele>3.9</ele>
    <time>2026-01-14T22:00:56Z</time>
   </trkpt>
   <trkpt lat="40.7221050" lon="-74.0470380">
    <ele>3.9</ele>
    <time>2026-01-14T22:00:57Z</time>
   </trkpt>
   <trkpt lat="40.7221270" lon="-74.0470520">
    <ele>3.9</ele>
    <time>2026-01-14T22:00:58Z</time>
   </trkpt>
   <trkpt lat="40.7221330" lon="-74.0470610">
    <ele>3.9</ele>
    <time>2026-01-14T22:00:59Z</time>
   </trkpt>
   <trkpt lat="40.7221400" lon="-74.0470700">
    <ele>3.9</ele>
    <time>2026-01-14T22:01:00Z</time>
   </trkpt>
   <trkpt lat="40.7221480" lon="-74.0470840">
    <ele>3.9</ele>
    <time>2026-01-14T22:01:01Z</time>
   </trkpt>
   <trkpt lat="40.7221460" lon="-74.0470850">
    <ele>3.9</ele>
    <time>2026-01-14T22:01:02Z</time>
   </trkpt>
   <trkpt lat="40.7221440" lon="-74.0470850">
    <ele>3.9</ele>
    <time>2026-01-14T22:01:03Z</time>
   </trkpt>
   <trkpt lat="40.7221420" lon="-74.0470850">
    <ele>3.9</ele>
    <time>2026-01-14T22:01:04Z</time>
   </trkpt>
   <trkpt lat="40.7221390" lon="-74.0470850">
    <ele>3.9</ele>
    <time>2026-01-14T22:01:05Z</time>
   </trkpt>
   <trkpt lat="40.7221370" lon="-74.0470860">
    <ele>3.9</ele>
    <time>2026-01-14T22:01:06Z</time>
   </trkpt>
   <trkpt lat="40.7221350" lon="-74.0470860">
    <ele>3.9</ele>
    <time>2026-01-14T22:01:07Z</time>
   </trkpt>
   <trkpt lat="40.7221330" lon="-74.0470860">
    <ele>3.9</ele>
    <time>2026-01-14T22:01:08Z</time>
   </trkpt>
   <trkpt lat="40.7221310" lon="-74.0470860">
    <ele>3.9</ele>
    <time>2026-01-14T22:01:09Z</time>
   </trkpt>
   <trkpt lat="40.7221290" lon="-74.0470870">
    <ele>3.9</ele>
    <time>2026-01-14T22:01:10Z</time>
   </trkpt>
   <trkpt lat="40.7221270" lon="-74.0470870">
    <ele>3.9</ele>
    <time>2026-01-14T22:01:11Z</time>
   </trkpt>
   <trkpt lat="40.7221250" lon="-74.0470870">
    <ele>3.9</ele>
    <time>2026-01-14T22:01:12Z</time>
   </trkpt>
   <trkpt lat="40.7221220" lon="-74.0470870">
    <ele>3.9</ele>
    <time>2026-01-14T22:01:13Z</time>
   </trkpt>
   <trkpt lat="40.7221200" lon="-74.0470880">
    <ele>3.9</ele>
    <time>2026-01-14T22:01:14Z</time>
   </trkpt>
   <trkpt lat="40.7221180" lon="-74.0470880">
    <ele>3.9</ele>
    <time>2026-01-14T22:01:15Z</time>
   </trkpt>
   <trkpt lat="40.7221160" lon="-74.0470880">
    <ele>3.9</ele>
    <time>2026-01-14T22:01:16Z</time>
   </trkpt>
   <trkpt lat="40.7221140" lon="-74.0470880">
    <ele>3.9</ele>
    <time>2026-01-14T22:01:17Z</time>
   </trkpt>
   <trkpt lat="40.7221120" lon="-74.0470890">
    <ele>3.9</ele>
    <time>2026-01-14T22:01:18Z</time>
   </trkpt>
   <trkpt lat="40.7221100" lon="-74.0470890">
    <ele>3.9</ele>
    <time>2026-01-14T22:01:19Z</time>
   </trkpt>
   <trkpt lat="40.7221080" lon="-74.0470890">
    <ele>3.9</ele>
    <time>2026-01-14T22:01:20Z</time>
   </trkpt>
   <trkpt lat="40.7221050" lon="-74.0470890">
    <ele>3.9</ele>
    <time>2026-01-14T22:01:22Z</time>
   </trkpt>
   <trkpt lat="40.7221030" lon="-74.0470900">
    <ele>3.9</ele>
    <time>2026-01-14T22:01:23Z</time>
   </trkpt>
   <trkpt lat="40.7221010" lon="-74.0470900">
    <ele>3.9</ele>
    <time>2026-01-14T22:01:24Z</time>
   </trkpt>
   <trkpt lat="40.7220990" lon="-74.0470900">
    <ele>3.9</ele>
    <time>2026-01-14T22:01:25Z</time>
   </trkpt>
   <trkpt lat="40.7220970" lon="-74.0470900">
    <ele>3.9</ele>
    <time>2026-01-14T22:01:26Z</time>
   </trkpt>
   <trkpt lat="40.7220950" lon="-74.0470910">
    <ele>3.9</ele>
    <time>2026-01-14T22:01:27Z</time>
   </trkpt>
   <trkpt lat="40.7220930" lon="-74.0470910">
    <ele>3.9</ele>
    <time>2026-01-14T22:01:28Z</time>
   </trkpt>
   <trkpt lat="40.7220910" lon="-74.0470910">
    <ele>3.9</ele>
    <time>2026-01-14T22:01:29Z</time>
   </trkpt>
   <trkpt lat="40.7220880" lon="-74.0470910">
    <ele>3.9</ele>
    <time>2026-01-14T22:01:30Z</time>
   </trkpt>
   <trkpt lat="40.7220860" lon="-74.0470920">
    <ele>3.9</ele>
    <time>2026-01-14T22:01:31Z</time>
   </trkpt>
   <trkpt lat="40.7220840" lon="-74.0470920">
    <ele>3.9</ele>
    <time>2026-01-14T22:01:32Z</time>
   </trkpt>
   <trkpt lat="40.7220820" lon="-74.0470920">
    <ele>3.9</ele>
    <time>2026-01-14T22:01:33Z</time>
   </trkpt>
   <trkpt lat="40.7220880" lon="-74.0471030">
    <ele>3.9</ele>
    <time>2026-01-14T22:01:34Z</time>
   </trkpt>
   <trkpt lat="40.7220930" lon="-74.0471170">
    <ele>3.9</ele>
    <time>2026-01-14T22:01:35Z</time>
   </trkpt>
   <trkpt lat="40.7221050" lon="-74.0471220">
    <ele>3.9</ele>
    <time>2026-01-14T22:01:36Z</time>
   </trkpt>
   <trkpt lat="40.7221100" lon="-74.0471260">
    <ele>3.9</ele>
    <time>2026-01-14T22:01:37Z</time>
   </trkpt>
   <trkpt lat="40.7221150" lon="-74.0471280">
    <ele>3.9</ele>
    <time>2026-01-14T22:01:38Z</time>
   </trkpt>
   <trkpt lat="40.7221180" lon="-74.0471320">
    <ele>3.9</ele>
    <time>2026-01-14T22:01:39Z</time>
   </trkpt>
   <trkpt lat="40.7221180" lon="-74.0471320">
    <ele>3.9</ele>
    <time>2026-01-14T22:01:40Z</time>
   </trkpt>
   <trkpt lat="40.7221180" lon="-74.0471320">
    <ele>3.9</ele>
    <time>2026-01-14T22:01:41Z</time>
   </trkpt>
   <trkpt lat="40.7221180" lon="-74.0471320">
    <ele>3.9</ele>
    <time>2026-01-14T22:01:42Z</time>
   </trkpt>
   <trkpt lat="40.7221210" lon="-74.0471450">
    <ele>3.9</ele>
    <time>2026-01-14T22:01:43Z</time>
   </trkpt>
   <trkpt lat="40.7221210" lon="-74.0471490">
    <ele>3.9</ele>
    <time>2026-01-14T22:01:44Z</time>
   </trkpt>
   <trkpt lat="40.7221230" lon="-74.0471520">
    <ele>3.9</ele>
    <time>2026-01-14T22:01:45Z</time>
   </trkpt>
   <trkpt lat="40.7221230" lon="-74.0471570">
    <ele>3.9</ele>
    <time>2026-01-14T22:01:46Z</time>
   </trkpt>
   <trkpt lat="40.7221270" lon="-74.0471610">
    <ele>3.9</ele>
    <time>2026-01-14T22:01:47Z</time>
   </trkpt>
   <trkpt lat="40.7221290" lon="-74.0471500">
    <ele>3.9</ele>
    <time>2026-01-14T22:01:48Z</time>
   </trkpt>
   <trkpt lat="40.7221380" lon="-74.0471480">
    <ele>3.9</ele>
    <time>2026-01-14T22:01:49Z</time>
   </trkpt>
   <trkpt lat="40.7221320" lon="-74.0471620">
    <ele>3.9</ele>
    <time>2026-01-14T22:01:50Z</time>
   </trkpt>
   <trkpt lat="40.7221350" lon="-74.0471670">
    <ele>3.9</ele>
    <time>2026-01-14T22:01:51Z</time>
   </trkpt>
   <trkpt lat="40.7221380" lon="-74.0471660">
    <ele>3.9</ele>
    <time>2026-01-14T22:01:52Z</time>
   </trkpt>
   <trkpt lat="40.7221380" lon="-74.0471660">
    <ele>3.9</ele>
    <time>2026-01-14T22:01:53Z</time>
   </trkpt>
   <trkpt lat="40.7221440" lon="-74.0471600">
    <ele>3.9</ele>
    <time>2026-01-14T22:01:54Z</time>
   </trkpt>
   <trkpt lat="40.7221470" lon="-74.0471560">
    <ele>3.9</ele>
    <time>2026-01-14T22:01:55Z</time>
   </trkpt>
   <trkpt lat="40.7221480" lon="-74.0471570">
    <ele>3.9</ele>
    <time>2026-01-14T22:01:56Z</time>
   </trkpt>
   <trkpt lat="40.7221440" lon="-74.0471570">
    <ele>3.9</ele>
    <time>2026-01-14T22:01:57Z</time>
   </trkpt>
   <trkpt lat="40.7221410" lon="-74.0471620">
    <ele>3.9</ele>
    <time>2026-01-14T22:01:58Z</time>
   </trkpt>
   <trkpt lat="40.7221410" lon="-74.0471620">
    <ele>3.9</ele>
    <time>2026-01-14T22:01:59Z</time>
   </trkpt>
   <trkpt lat="40.7221410" lon="-74.0471620">
    <ele>3.9</ele>
    <time>2026-01-14T22:02:00Z</time>
   </trkpt>
   <trkpt lat="40.7221410" lon="-74.0471620">
    <ele>3.9</ele>
    <time>2026-01-14T22:02:01Z</time>
   </trkpt>
   <trkpt lat="40.7221410" lon="-74.0471670">
    <ele>3.9</ele>
    <time>2026-01-14T22:02:02Z</time>
   </trkpt>
   <trkpt lat="40.7221390" lon="-74.0471680">
    <ele>3.9</ele>
    <time>2026-01-14T22:02:03Z</time>
   </trkpt>
   <trkpt lat="40.7221390" lon="-74.0471680">
    <ele>3.9</ele>
    <time>2026-01-14T22:02:04Z</time>
   </trkpt>
   <trkpt lat="40.7221390" lon="-74.0471680">
    <ele>3.9</ele>
    <time>2026-01-14T22:02:05Z</time>
   </trkpt>
   <trkpt lat="40.7221400" lon="-74.0471590">
    <ele>3.9</ele>
    <time>2026-01-14T22:02:06Z</time>
   </trkpt>
   <trkpt lat="40.7221420" lon="-74.0471580">
    <ele>3.9</ele>
    <time>2026-01-14T22:02:07Z</time>
   </trkpt>
   <trkpt lat="40.7221420" lon="-74.0471580">
    <ele>3.9</ele>
    <time>2026-01-14T22:02:08Z</time>
   </trkpt>
   <trkpt lat="40.7221440" lon="-74.0471570">
    <ele>3.9</ele>
    <time>2026-01-14T22:02:09Z</time>
   </trkpt>
   <trkpt lat="40.7221440" lon="-74.0471570">
    <ele>3.9</ele>
    <time>2026-01-14T22:02:10Z</time>
   </trkpt>
   <trkpt lat="40.7221460" lon="-74.0471550">
    <ele>3.9</ele>
    <time>2026-01-14T22:02:11Z</time>
   </trkpt>
   <trkpt lat="40.7221460" lon="-74.0471570">
    <ele>3.9</ele>
    <time>2026-01-14T22:02:12Z</time>
   </trkpt>
   <trkpt lat="40.7221470" lon="-74.0471590">
    <ele>3.9</ele>
    <time>2026-01-14T22:02:13Z</time>
   </trkpt>
   <trkpt lat="40.7221480" lon="-74.0471610">
    <ele>3.9</ele>
    <time>2026-01-14T22:02:14Z</time>
   </trkpt>
   <trkpt lat="40.7221510" lon="-74.0471600">
    <ele>3.9</ele>
    <time>2026-01-14T22:02:15Z</time>
   </trkpt>
   <trkpt lat="40.7221510" lon="-74.0471630">
    <ele>3.9</ele>
    <time>2026-01-14T22:02:16Z</time>
   </trkpt>
   <trkpt lat="40.7221510" lon="-74.0471630">
    <ele>3.9</ele>
    <time>2026-01-14T22:02:17Z</time>
   </trkpt>
   <trkpt lat="40.7221550" lon="-74.0471670">
    <ele>3.9</ele>
    <time>2026-01-14T22:02:18Z</time>
   </trkpt>
   <trkpt lat="40.7221530" lon="-74.0471740">
    <ele>3.9</ele>
    <time>2026-01-14T22:02:19Z</time>
   </trkpt>
   <trkpt lat="40.7221520" lon="-74.0471710">
    <ele>3.9</ele>
    <time>2026-01-14T22:02:20Z</time>
   </trkpt>
   <trkpt lat="40.7221510" lon="-74.0471800">
    <ele>3.9</ele>
    <time>2026-01-14T22:02:21Z</time>
   </trkpt>
   <trkpt lat="40.7221500" lon="-74.0471860">
    <ele>3.9</ele>
    <time>2026-01-14T22:02:22Z</time>
   </trkpt>
   <trkpt lat="40.7221470" lon="-74.0471890">
    <ele>3.9</ele>
    <time>2026-01-14T22:02:23Z</time>
   </trkpt>
   <trkpt lat="40.7221520" lon="-74.0472080">
    <ele>3.9</ele>
    <time>2026-01-14T22:02:24Z</time>
   </trkpt>
   <trkpt lat="40.7221650" lon="-74.0472120">
    <ele>3.9</ele>
    <time>2026-01-14T22:02:25Z</time>
   </trkpt>
   <trkpt lat="40.7221680" lon="-74.0472200">
    <ele>3.9</ele>
    <time>2026-01-14T22:02:26Z</time>
   </trkpt>
   <trkpt lat="40.7221720" lon="-74.0472270">
    <ele>3.9</ele>
    <time>2026-01-14T22:02:27Z</time>
   </trkpt>
   <trkpt lat="40.7221750" lon="-74.0472350">
    <ele>3.9</ele>
    <time>2026-01-14T22:02:28Z</time>
   </trkpt>
   <trkpt lat="40.7221790" lon="-74.0472420">
    <ele>3.9</ele>
    <time>2026-01-14T22:02:29Z</time>
   </trkpt>
   <trkpt lat="40.7221820" lon="-74.0472410">
    <ele>3.9</ele>
    <time>2026-01-14T22:02:30Z</time>
   </trkpt>
   <trkpt lat="40.7221870" lon="-74.0472500">
    <ele>3.9</ele>
    <time>2026-01-14T22:02:31Z</time>
   </trkpt>
   <trkpt lat="40.7221920" lon="-74.0472500">
    <ele>3.9</ele>
    <time>2026-01-14T22:02:32Z</time>
   </trkpt>
   <trkpt lat="40.7221920" lon="-74.0472430">
    <ele>3.9</ele>
    <time>2026-01-14T22:02:33Z</time>
   </trkpt>
   <trkpt lat="40.7221820" lon="-74.0472470">
    <ele>3.9</ele>
    <time>2026-01-14T22:02:34Z</time>
   </trkpt>
   <trkpt lat="40.7221710" lon="-74.0472480">
    <ele>3.9</ele>
    <time>2026-01-14T22:02:35Z</time>
   </trkpt>
   <trkpt lat="40.7221640" lon="-74.0472500">
    <ele>3.9</ele>
    <time>2026-01-14T22:02:36Z</time>
   </trkpt>
   <trkpt lat="40.7221640" lon="-74.0472390">
    <ele>3.9</ele>
    <time>2026-01-14T22:02:37Z</time>
   </trkpt>
   <trkpt lat="40.7221570" lon="-74.0472430">
    <ele>3.9</ele>
    <time>2026-01-14T22:02:38Z</time>
   </trkpt>
   <trkpt lat="40.7221540" lon="-74.0472430">
    <ele>3.9</ele>
    <time>2026-01-14T22:02:39Z</time>
   </trkpt>
   <trkpt lat="40.7221540" lon="-74.0472480">
    <ele>3.9</ele>
    <time>2026-01-14T22:02:40Z</time>
   </trkpt>
   <trkpt lat="40.7221560" lon="-74.0472520">
    <ele>3.9</ele>
    <time>2026-01-14T22:02:41Z</time>
   </trkpt>
   <trkpt lat="40.7221540" lon="-74.0472400">
    <ele>3.9</ele>
    <time>2026-01-14T22:02:42Z</time>
   </trkpt>
   <trkpt lat="40.7221560" lon="-74.0472440">
    <ele>3.9</ele>
    <time>2026-01-14T22:02:43Z</time>
   </trkpt>
   <trkpt lat="40.7221540" lon="-74.0472480">
    <ele>3.9</ele>
    <time>2026-01-14T22:02:44Z</time>
   </trkpt>
   <trkpt lat="40.7221520" lon="-74.0472500">
    <ele>3.9</ele>
    <time>2026-01-14T22:02:45Z</time>
   </trkpt>
   <trkpt lat="40.7221520" lon="-74.0472500">
    <ele>3.9</ele>
    <time>2026-01-14T22:02:46Z</time>
   </trkpt>
   <trkpt lat="40.7221550" lon="-74.0472100">
    <ele>3.9</ele>
    <time>2026-01-14T22:02:47Z</time>
   </trkpt>
   <trkpt lat="40.7221420" lon="-74.0472080">
    <ele>3.9</ele>
    <time>2026-01-14T22:02:48Z</time>
   </trkpt>
   <trkpt lat="40.7221340" lon="-74.0472100">
    <ele>3.9</ele>
    <time>2026-01-14T22:02:49Z</time>
   </trkpt>
   <trkpt lat="40.7221260" lon="-74.0472110">
    <ele>3.9</ele>
    <time>2026-01-14T22:02:50Z</time>
   </trkpt>
   <trkpt lat="40.7221180" lon="-74.0472120">
    <ele>3.9</ele>
    <time>2026-01-14T22:02:51Z</time>
   </trkpt>
   <trkpt lat="40.7221100" lon="-74.0472110">
    <ele>3.9</ele>
    <time>2026-01-14T22:02:52Z</time>
   </trkpt>
   <trkpt lat="40.7220870" lon="-74.0471940">
    <ele>3.9</ele>
    <time>2026-01-14T22:02:53Z</time>
   </trkpt>
   <trkpt lat="40.7220510" lon="-74.0472000">
    <ele>3.9</ele>
    <time>2026-01-14T22:02:54Z</time>
   </trkpt>
   <trkpt lat="40.7220160" lon="-74.0472010">
    <ele>3.9</ele>
    <time>2026-01-14T22:02:55Z</time>
   </trkpt>
   <trkpt lat="40.7220300" lon="-74.0472180">
    <ele>3.9</ele>
    <time>2026-01-14T22:02:56Z</time>
   </trkpt>
   <trkpt lat="40.7220430" lon="-74.0472140">
    <ele>3.9</ele>
    <time>2026-01-14T22:02:57Z</time>
   </trkpt>
   <trkpt lat="40.7220570" lon="-74.0472090">
    <ele>3.9</ele>
    <time>2026-01-14T22:02:58Z</time>
   </trkpt>
   <trkpt lat="40.7220530" lon="-74.0472030">
    <ele>3.9</ele>
    <time>2026-01-14T22:02:59Z</time>
   </trkpt>
   <trkpt lat="40.7220550" lon="-74.0471920">
    <ele>3.9</ele>
    <time>2026-01-14T22:03:00Z</time>
   </trkpt>
   <trkpt lat="40.7220570" lon="-74.0471830">
    <ele>3.9</ele>
    <time>2026-01-14T22:03:01Z</time>
   </trkpt>
   <trkpt lat="40.7220670" lon="-74.0471700">
    <ele>3.8</ele>
    <time>2026-01-14T22:03:02Z</time>
   </trkpt>
   <trkpt lat="40.7220740" lon="-74.0471630">
    <ele>3.8</ele>
    <time>2026-01-14T22:03:03Z</time>
   </trkpt>
   <trkpt lat="40.7220740" lon="-74.0471630">
    <ele>3.8</ele>
    <time>2026-01-14T22:03:04Z</time>
   </trkpt>
   <trkpt lat="40.7220730" lon="-74.0471660">
    <ele>3.8</ele>
    <time>2026-01-14T22:03:05Z</time>
   </trkpt>
   <trkpt lat="40.7220750" lon="-74.0471650">
    <ele>3.8</ele>
    <time>2026-01-14T22:03:06Z</time>
   </trkpt>
   <trkpt lat="40.7220810" lon="-74.0471620">
    <ele>3.8</ele>
    <time>2026-01-14T22:03:07Z</time>
   </trkpt>
   <trkpt lat="40.7220820" lon="-74.0471610">
    <ele>3.8</ele>
    <time>2026-01-14T22:03:08Z</time>
   </trkpt>
   <trkpt lat="40.7220840" lon="-74.0471580">
    <ele>3.8</ele>
    <time>2026-01-14T22:03:09Z</time>
   </trkpt>
   <trkpt lat="40.7220840" lon="-74.0471580">
    <ele>3.8</ele>
    <time>2026-01-14T22:03:10Z</time>
   </trkpt>
   <trkpt lat="40.7220840" lon="-74.0471580">
    <ele>3.8</ele>
    <time>2026-01-14T22:03:11Z</time>
   </trkpt>
   <trkpt lat="40.7220840" lon="-74.0471580">
    <ele>3.8</ele>
    <time>2026-01-14T22:03:12Z</time>
   </trkpt>
   <trkpt lat="40.7220840" lon="-74.0471580">
    <ele>3.8</ele>
    <time>2026-01-14T22:03:13Z</time>
   </trkpt>
   <trkpt lat="40.7220910" lon="-74.0471540">
    <ele>3.8</ele>
    <time>2026-01-14T22:03:14Z</time>
   </trkpt>
   <trkpt lat="40.7220920" lon="-74.0471510">
    <ele>3.8</ele>
    <time>2026-01-14T22:03:15Z</time>
   </trkpt>
   <trkpt lat="40.7220930" lon="-74.0471580">
    <ele>3.8</ele>
    <time>2026-01-14T22:03:16Z</time>
   </trkpt>
   <trkpt lat="40.7220940" lon="-74.0471580">
    <ele>3.8</ele>
    <time>2026-01-14T22:03:17Z</time>
   </trkpt>
   <trkpt lat="40.7220960" lon="-74.0471610">
    <ele>3.8</ele>
    <time>2026-01-14T22:03:18Z</time>
   </trkpt>
   <trkpt lat="40.7220990" lon="-74.0471590">
    <ele>3.8</ele>
    <time>2026-01-14T22:03:19Z</time>
   </trkpt>
   <trkpt lat="40.7221060" lon="-74.0471620">
    <ele>3.8</ele>
    <time>2026-01-14T22:03:20Z</time>
   </trkpt>
   <trkpt lat="40.7221060" lon="-74.0471610">
    <ele>3.8</ele>
    <time>2026-01-14T22:03:21Z</time>
   </trkpt>
   <trkpt lat="40.7220990" lon="-74.0471610">
    <ele>3.8</ele>
    <time>2026-01-14T22:03:22Z</time>
   </trkpt>
   <trkpt lat="40.7221010" lon="-74.0471670">
    <ele>3.8</ele>
    <time>2026-01-14T22:03:23Z</time>
   </trkpt>
   <trkpt lat="40.7221000" lon="-74.0471710">
    <ele>3.8</ele>
    <time>2026-01-14T22:03:24Z</time>
   </trkpt>
   <trkpt lat="40.7221070" lon="-74.0471790">
    <ele>3.8</ele>
    <time>2026-01-14T22:03:25Z</time>
   </trkpt>
   <trkpt lat="40.7221110" lon="-74.0471860">
    <ele>3.8</ele>
    <time>2026-01-14T22:03:26Z</time>
   </trkpt>
   <trkpt lat="40.7221120" lon="-74.0471870">
    <ele>3.8</ele>
    <time>2026-01-14T22:03:28Z</time>
   </trkpt>
   <trkpt lat="40.7221180" lon="-74.0471950">
    <ele>3.8</ele>
    <time>2026-01-14T22:03:29Z</time>
   </trkpt>
   <trkpt lat="40.7221190" lon="-74.0471960">
    <ele>3.8</ele>
    <time>2026-01-14T22:03:30Z</time>
   </trkpt>
   <trkpt lat="40.7221190" lon="-74.0471960">
    <ele>3.8</ele>
    <time>2026-01-14T22:03:31Z</time>
   </trkpt>
   <trkpt lat="40.7221210" lon="-74.0472020">
    <ele>3.8</ele>
    <time>2026-01-14T22:03:32Z</time>
   </trkpt>
   <trkpt lat="40.7221230" lon="-74.0472020">
    <ele>3.8</ele>
    <time>2026-01-14T22:03:33Z</time>
   </trkpt>
   <trkpt lat="40.7221280" lon="-74.0472020">
    <ele>3.8</ele>
    <time>2026-01-14T22:03:34Z</time>
   </trkpt>
   <trkpt lat="40.7221300" lon="-74.0472010">
    <ele>3.8</ele>
    <time>2026-01-14T22:03:35Z</time>
   </trkpt>
   <trkpt lat="40.7221300" lon="-74.0472010">
    <ele>3.8</ele>
    <time>2026-01-14T22:03:36Z</time>
   </trkpt>
   <trkpt lat="40.7221300" lon="-74.0472040">
    <ele>3.8</ele>
    <time>2026-01-14T22:03:37Z</time>
   </trkpt>
   <trkpt lat="40.7221300" lon="-74.0472040">
    <ele>3.8</ele>
    <time>2026-01-14T22:03:38Z</time>
   </trkpt>
   <trkpt lat="40.7221300" lon="-74.0472040">
    <ele>3.8</ele>
    <time>2026-01-14T22:03:39Z</time>
   </trkpt>
   <trkpt lat="40.7221300" lon="-74.0472000">
    <ele>3.8</ele>
    <time>2026-01-14T22:03:40Z</time>
   </trkpt>
   <trkpt lat="40.7221300" lon="-74.0472000">
    <ele>3.8</ele>
    <time>2026-01-14T22:03:41Z</time>
   </trkpt>
   <trkpt lat="40.7221250" lon="-74.0472050">
    <ele>3.8</ele>
    <time>2026-01-14T22:03:42Z</time>
   </trkpt>
   <trkpt lat="40.7221360" lon="-74.0472030">
    <ele>3.8</ele>
    <time>2026-01-14T22:03:43Z</time>
   </trkpt>
   <trkpt lat="40.7221330" lon="-74.0472030">
    <ele>3.8</ele>
    <time>2026-01-14T22:03:44Z</time>
   </trkpt>
   <trkpt lat="40.7221330" lon="-74.0471980">
    <ele>3.8</ele>
    <time>2026-01-14T22:03:45Z</time>
   </trkpt>
   <trkpt lat="40.7221320" lon="-74.0471930">
    <ele>3.8</ele>
    <time>2026-01-14T22:03:46Z</time>
   </trkpt>
   <trkpt lat="40.7221320" lon="-74.0471880">
    <ele>3.8</ele>
    <time>2026-01-14T22:03:47Z</time>
   </trkpt>
   <trkpt lat="40.7221310" lon="-74.0471830">
    <ele>3.8</ele>
    <time>2026-01-14T22:03:48Z</time>
   </trkpt>
   <trkpt lat="40.7221310" lon="-74.0471780">
    <ele>3.8</ele>
    <time>2026-01-14T22:03:49Z</time>
   </trkpt>
   <trkpt lat="40.7221300" lon="-74.0471730">
    <ele>3.8</ele>
    <time>2026-01-14T22:03:50Z</time>
   </trkpt>
   <trkpt lat="40.7221300" lon="-74.0471680">
    <ele>3.8</ele>
    <time>2026-01-14T22:03:51Z</time>
   </trkpt>
   <trkpt lat="40.7221290" lon="-74.0471630">
    <ele>3.8</ele>
    <time>2026-01-14T22:03:52Z</time>
   </trkpt>
   <trkpt lat="40.7221290" lon="-74.0471580">
    <ele>3.8</ele>
    <time>2026-01-14T22:03:53Z</time>
   </trkpt>
   <trkpt lat="40.7221280" lon="-74.0471530">
    <ele>3.8</ele>
    <time>2026-01-14T22:03:54Z</time>
   </trkpt>
   <trkpt lat="40.7221290" lon="-74.0471520">
    <ele>3.8</ele>
    <time>2026-01-14T22:03:55Z</time>
   </trkpt>
   <trkpt lat="40.7221210" lon="-74.0471470">
    <ele>3.8</ele>
    <time>2026-01-14T22:03:56Z</time>
   </trkpt>
   <trkpt lat="40.7221190" lon="-74.0471470">
    <ele>3.8</ele>
    <time>2026-01-14T22:03:57Z</time>
   </trkpt>
   <trkpt lat="40.7221190" lon="-74.0471570">
    <ele>3.8</ele>
    <time>2026-01-14T22:03:58Z</time>
   </trkpt>
   <trkpt lat="40.7221180" lon="-74.0471680">
    <ele>3.8</ele>
    <time>2026-01-14T22:03:59Z</time>
   </trkpt>
   <trkpt lat="40.7221220" lon="-74.0471560">
    <ele>3.8</ele>
    <time>2026-01-14T22:04:00Z</time>
   </trkpt>
   <trkpt lat="40.7221230" lon="-74.0471550">
    <ele>3.8</ele>
    <time>2026-01-14T22:04:01Z</time>
   </trkpt>
   <trkpt lat="40.7221100" lon="-74.0471500">
    <ele>3.8</ele>
    <time>2026-01-14T22:04:02Z</time>
   </trkpt>
   <trkpt lat="40.7221080" lon="-74.0471790">
    <ele>3.8</ele>
    <time>2026-01-14T22:04:03Z</time>
   </trkpt>
   <trkpt lat="40.7221100" lon="-74.0471780">
    <ele>3.8</ele>
    <time>2026-01-14T22:04:04Z</time>
   </trkpt>
   <trkpt lat="40.7221100" lon="-74.0471780">
    <ele>3.8</ele>
    <time>2026-01-14T22:04:05Z</time>
   </trkpt>
   <trkpt lat="40.7221100" lon="-74.0471780">
    <ele>3.8</ele>
    <time>2026-01-14T22:04:06Z</time>
   </trkpt>
   <trkpt lat="40.7221100" lon="-74.0471780">
    <ele>3.8</ele>
    <time>2026-01-14T22:04:07Z</time>
   </trkpt>
   <trkpt lat="40.7221100" lon="-74.0471780">
    <ele>3.8</ele>
    <time>2026-01-14T22:04:08Z</time>
   </trkpt>
   <trkpt lat="40.7221060" lon="-74.0472140">
    <ele>3.8</ele>
    <time>2026-01-14T22:04:09Z</time>
   </trkpt>
   <trkpt lat="40.7221060" lon="-74.0472120">
    <ele>3.8</ele>
    <time>2026-01-14T22:04:10Z</time>
   </trkpt>
   <trkpt lat="40.7221040" lon="-74.0472130">
    <ele>3.8</ele>
    <time>2026-01-14T22:04:11Z</time>
   </trkpt>
   <trkpt lat="40.7221050" lon="-74.0472120">
    <ele>3.8</ele>
    <time>2026-01-14T22:04:12Z</time>
   </trkpt>
   <trkpt lat="40.7220790" lon="-74.0471240">
    <ele>3.8</ele>
    <time>2026-01-14T22:04:13Z</time>
   </trkpt>
   <trkpt lat="40.7221000" lon="-74.0471270">
    <ele>3.8</ele>
    <time>2026-01-14T22:04:14Z</time>
   </trkpt>
   <trkpt lat="40.7220970" lon="-74.0471240">
    <ele>3.8</ele>
    <time>2026-01-14T22:04:15Z</time>
   </trkpt>
   <trkpt lat="40.7220940" lon="-74.0471180">
    <ele>3.8</ele>
    <time>2026-01-14T22:04:16Z</time>
   </trkpt>
   <trkpt lat="40.7220920" lon="-74.0471130">
    <ele>3.8</ele>
    <time>2026-01-14T22:04:17Z</time>
   </trkpt>
   <trkpt lat="40.7220890" lon="-74.0471070">
    <ele>3.8</ele>
    <time>2026-01-14T22:04:18Z</time>
   </trkpt>
   <trkpt lat="40.7220870" lon="-74.0471010">
    <ele>3.8</ele>
    <time>2026-01-14T22:04:19Z</time>
   </trkpt>
   <trkpt lat="40.7220840" lon="-74.0470950">
    <ele>3.8</ele>
    <time>2026-01-14T22:04:20Z</time>
   </trkpt>
   <trkpt lat="40.7220820" lon="-74.0470900">
    <ele>3.8</ele>
    <time>2026-01-14T22:04:21Z</time>
   </trkpt>
   <trkpt lat="40.7220790" lon="-74.0470840">
    <ele>3.8</ele>
    <time>2026-01-14T22:04:22Z</time>
   </trkpt>
   <trkpt lat="40.7220770" lon="-74.0470780">
    <ele>3.8</ele>
    <time>2026-01-14T22:04:23Z</time>
   </trkpt>
   <trkpt lat="40.7220810" lon="-74.0470910">
    <ele>3.8</ele>
    <time>2026-01-14T22:04:24Z</time>
   </trkpt>
   <trkpt lat="40.7220840" lon="-74.0470950">
    <ele>3.8</ele>
    <time>2026-01-14T22:04:25Z</time>
   </trkpt>
   <trkpt lat="40.7220870" lon="-74.0471000">
    <ele>3.8</ele>
    <time>2026-01-14T22:04:26Z</time>
   </trkpt>
   <trkpt lat="40.7220900" lon="-74.0471040">
    <ele>3.8</ele>
    <time>2026-01-14T22:04:27Z</time>
   </trkpt>
   <trkpt lat="40.7220930" lon="-74.0471080">
    <ele>3.8</ele>
    <time>2026-01-14T22:04:28Z</time>
   </trkpt>
   <trkpt lat="40.7220970" lon="-74.0471120">
    <ele>3.8</ele>
    <time>2026-01-14T22:04:29Z</time>
   </trkpt>
   <trkpt lat="40.7221000" lon="-74.0471170">
    <ele>3.8</ele>
    <time>2026-01-14T22:04:30Z</time>
   </trkpt>
   <trkpt lat="40.7221030" lon="-74.0471210">
    <ele>3.8</ele>
    <time>2026-01-14T22:04:31Z</time>
   </trkpt>
   <trkpt lat="40.7221060" lon="-74.0471250">
    <ele>3.8</ele>
    <time>2026-01-14T22:04:32Z</time>
   </trkpt>
   <trkpt lat="40.7221090" lon="-74.0471290">
    <ele>3.8</ele>
    <time>2026-01-14T22:04:33Z</time>
   </trkpt>
   <trkpt lat="40.7221120" lon="-74.0471340">
    <ele>3.8</ele>
    <time>2026-01-14T22:04:34Z</time>
   </trkpt>
   <trkpt lat="40.7221150" lon="-74.0471380">
    <ele>3.8</ele>
    <time>2026-01-14T22:04:35Z</time>
   </trkpt>
   <trkpt lat="40.7221180" lon="-74.0471390">
    <ele>3.8</ele>
    <time>2026-01-14T22:04:36Z</time>
   </trkpt>
   <trkpt lat="40.7221210" lon="-74.0471390">
    <ele>3.8</ele>
    <time>2026-01-14T22:04:37Z</time>
   </trkpt>
   <trkpt lat="40.7221230" lon="-74.0471400">
    <ele>3.8</ele>
    <time>2026-01-14T22:04:38Z</time>
   </trkpt>
   <trkpt lat="40.7221260" lon="-74.0471410">
    <ele>3.8</ele>
    <time>2026-01-14T22:04:39Z</time>
   </trkpt>
   <trkpt lat="40.7221290" lon="-74.0471420">
    <ele>3.8</ele>
    <time>2026-01-14T22:04:40Z</time>
   </trkpt>
   <trkpt lat="40.7221320" lon="-74.0471420">
    <ele>3.8</ele>
    <time>2026-01-14T22:04:41Z</time>
   </trkpt>
   <trkpt lat="40.7221340" lon="-74.0471430">
    <ele>3.8</ele>
    <time>2026-01-14T22:04:42Z</time>
   </trkpt>
   <trkpt lat="40.7221370" lon="-74.0471440">
    <ele>3.8</ele>
    <time>2026-01-14T22:04:43Z</time>
   </trkpt>
   <trkpt lat="40.7221400" lon="-74.0471440">
    <ele>3.8</ele>
    <time>2026-01-14T22:04:44Z</time>
   </trkpt>
   <trkpt lat="40.7221430" lon="-74.0471450">
    <ele>3.8</ele>
    <time>2026-01-14T22:04:45Z</time>
   </trkpt>
   <trkpt lat="40.7221450" lon="-74.0471460">
    <ele>3.8</ele>
    <time>2026-01-14T22:04:46Z</time>
   </trkpt>
   <trkpt lat="40.7221480" lon="-74.0471470">
    <ele>3.8</ele>
    <time>2026-01-14T22:04:47Z</time>
   </trkpt>
   <trkpt lat="40.7221510" lon="-74.0471470">
    <ele>3.8</ele>
    <time>2026-01-14T22:04:48Z</time>
   </trkpt>
   <trkpt lat="40.7221540" lon="-74.0471480">
    <ele>3.7</ele>
    <time>2026-01-14T22:04:49Z</time>
   </trkpt>
   <trkpt lat="40.7221560" lon="-74.0471490">
    <ele>3.7</ele>
    <time>2026-01-14T22:04:50Z</time>
   </trkpt>
   <trkpt lat="40.7221590" lon="-74.0471490">
    <ele>3.7</ele>
    <time>2026-01-14T22:04:51Z</time>
   </trkpt>
   <trkpt lat="40.7221620" lon="-74.0471500">
    <ele>3.7</ele>
    <time>2026-01-14T22:04:52Z</time>
   </trkpt>
   <trkpt lat="40.7221650" lon="-74.0471510">
    <ele>3.7</ele>
    <time>2026-01-14T22:04:53Z</time>
   </trkpt>
   <trkpt lat="40.7221670" lon="-74.0471520">
    <ele>3.7</ele>
    <time>2026-01-14T22:04:54Z</time>
   </trkpt>
   <trkpt lat="40.7221700" lon="-74.0471520">
    <ele>3.7</ele>
    <time>2026-01-14T22:04:55Z</time>
   </trkpt>
   <trkpt lat="40.7221730" lon="-74.0471530">
    <ele>3.7</ele>
    <time>2026-01-14T22:04:56Z</time>
   </trkpt>
   <trkpt lat="40.7221580" lon="-74.0471430">
    <ele>3.7</ele>
    <time>2026-01-14T22:04:57Z</time>
   </trkpt>
   <trkpt lat="40.7221550" lon="-74.0471330">
    <ele>3.7</ele>
    <time>2026-01-14T22:04:58Z</time>
   </trkpt>
   <trkpt lat="40.7221520" lon="-74.0471240">
    <ele>3.7</ele>
    <time>2026-01-14T22:04:59Z</time>
   </trkpt>
   <trkpt lat="40.7221490" lon="-74.0471140">
    <ele>3.7</ele>
    <time>2026-01-14T22:05:00Z</time>
   </trkpt>
   <trkpt lat="40.7221460" lon="-74.0471040">
    <ele>3.7</ele>
    <time>2026-01-14T22:05:01Z</time>
   </trkpt>
   <trkpt lat="40.7221310" lon="-74.0471140">
    <ele>3.7</ele>
    <time>2026-01-14T22:05:02Z</time>
   </trkpt>
   <trkpt lat="40.7221090" lon="-74.0471330">
    <ele>3.7</ele>
    <time>2026-01-14T22:05:03Z</time>
   </trkpt>
   <trkpt lat="40.7220880" lon="-74.0471510">
    <ele>3.7</ele>
    <time>2026-01-14T22:05:04Z</time>
   </trkpt>
   <trkpt lat="40.7220660" lon="-74.0471700">
    <ele>3.7</ele>
    <time>2026-01-14T22:05:05Z</time>
   </trkpt>
   <trkpt lat="40.7220440" lon="-74.0471880">
    <ele>3.7</ele>
    <time>2026-01-14T22:05:06Z</time>
   </trkpt>
   <trkpt lat="40.7220330" lon="-74.0471790">
    <ele>3.7</ele>
    <time>2026-01-14T22:05:07Z</time>
   </trkpt>
   <trkpt lat="40.7220160" lon="-74.0471700">
    <ele>3.7</ele>
    <time>2026-01-14T22:05:08Z</time>
   </trkpt>
   <trkpt lat="40.7220000" lon="-74.0471610">
    <ele>3.7</ele>
    <time>2026-01-14T22:05:09Z</time>
   </trkpt>
   <trkpt lat="40.7220030" lon="-74.0471580">
    <ele>3.7</ele>
    <time>2026-01-14T22:05:10Z</time>
   </trkpt>
   <trkpt lat="40.7220020" lon="-74.0471490">
    <ele>3.7</ele>
    <time>2026-01-14T22:05:11Z</time>
   </trkpt>
   <trkpt lat="40.7220000" lon="-74.0471450">
    <ele>3.7</ele>
    <time>2026-01-14T22:05:12Z</time>
   </trkpt>
   <trkpt lat="40.7219910" lon="-74.0471360">
    <ele>3.7</ele>
    <time>2026-01-14T22:05:13Z</time>
   </trkpt>
   <trkpt lat="40.7219890" lon="-74.0471370">
    <ele>3.7</ele>
    <time>2026-01-14T22:05:14Z</time>
   </trkpt>
   <trkpt lat="40.7219860" lon="-74.0471520">
    <ele>3.7</ele>
    <time>2026-01-14T22:05:15Z</time>
   </trkpt>
   <trkpt lat="40.7219750" lon="-74.0471300">
    <ele>3.7</ele>
    <time>2026-01-14T22:05:16Z</time>
   </trkpt>
   <trkpt lat="40.7220030" lon="-74.0471060">
    <ele>3.7</ele>
    <time>2026-01-14T22:05:17Z</time>
   </trkpt>
   <trkpt lat="40.7220340" lon="-74.0470830">
    <ele>3.7</ele>
    <time>2026-01-14T22:05:18Z</time>
   </trkpt>
   <trkpt lat="40.7220910" lon="-74.0471130">
    <ele>3.7</ele>
    <time>2026-01-14T22:05:19Z</time>
   </trkpt>
   <trkpt lat="40.7220760" lon="-74.0471250">
    <ele>3.7</ele>
    <time>2026-01-14T22:05:20Z</time>
   </trkpt>
   <trkpt lat="40.7220550" lon="-74.0471420">
    <ele>3.7</ele>
    <time>2026-01-14T22:05:21Z</time>
   </trkpt>
   <trkpt lat="40.7220740" lon="-74.0471520">
    <ele>3.7</ele>
    <time>2026-01-14T22:05:22Z</time>
   </trkpt>
   <trkpt lat="40.7220800" lon="-74.0471570">
    <ele>3.7</ele>
    <time>2026-01-14T22:05:23Z</time>
   </trkpt>
   <trkpt lat="40.7220850" lon="-74.0471720">
    <ele>3.7</ele>
    <time>2026-01-14T22:05:24Z</time>
   </trkpt>
   <trkpt lat="40.7221100" lon="-74.0471750">
    <ele>3.6</ele>
    <time>2026-01-14T22:05:25Z</time>
   </trkpt>
   <trkpt lat="40.7221340" lon="-74.0471780">
    <ele>3.6</ele>
    <time>2026-01-14T22:05:26Z</time>
   </trkpt>
   <trkpt lat="40.7221460" lon="-74.0471950">
    <ele>3.6</ele>
    <time>2026-01-14T22:05:27Z</time>
   </trkpt>
   <trkpt lat="40.7221430" lon="-74.0471970">
    <ele>3.6</ele>
    <time>2026-01-14T22:05:28Z</time>
   </trkpt>
   <trkpt lat="40.7221590" lon="-74.0471850">
    <ele>3.6</ele>
    <time>2026-01-14T22:05:29Z</time>
   </trkpt>
   <trkpt lat="40.7221570" lon="-74.0471780">
    <ele>3.6</ele>
    <time>2026-01-14T22:05:30Z</time>
   </trkpt>
   <trkpt lat="40.7221540" lon="-74.0471760">
    <ele>3.6</ele>
    <time>2026-01-14T22:05:31Z</time>
   </trkpt>
   <trkpt lat="40.7221560" lon="-74.0471760">
    <ele>3.6</ele>
    <time>2026-01-14T22:05:32Z</time>
   </trkpt>
   <trkpt lat="40.7221560" lon="-74.0471760">
    <ele>3.6</ele>
    <time>2026-01-14T22:05:34Z</time>
   </trkpt>
   <trkpt lat="40.7221580" lon="-74.0471740">
    <ele>3.6</ele>
    <time>2026-01-14T22:05:35Z</time>
   </trkpt>
   <trkpt lat="40.7221580" lon="-74.0471740">
    <ele>3.6</ele>
    <time>2026-01-14T22:05:36Z</time>
   </trkpt>
   <trkpt lat="40.7221570" lon="-74.0471750">
    <ele>3.6</ele>
    <time>2026-01-14T22:05:37Z</time>
   </trkpt>
   <trkpt lat="40.7221560" lon="-74.0471760">
    <ele>3.6</ele>
    <time>2026-01-14T22:05:38Z</time>
   </trkpt>
   <trkpt lat="40.7221590" lon="-74.0471700">
    <ele>3.6</ele>
    <time>2026-01-14T22:05:39Z</time>
   </trkpt>
   <trkpt lat="40.7221630" lon="-74.0471690">
    <ele>3.6</ele>
    <time>2026-01-14T22:05:40Z</time>
   </trkpt>
   <trkpt lat="40.7221600" lon="-74.0471740">
    <ele>3.6</ele>
    <time>2026-01-14T22:05:41Z</time>
   </trkpt>
   <trkpt lat="40.7221600" lon="-74.0471750">
    <ele>3.6</ele>
    <time>2026-01-14T22:05:42Z</time>
   </trkpt>
   <trkpt lat="40.7221630" lon="-74.0471730">
    <ele>3.6</ele>
    <time>2026-01-14T22:05:43Z</time>
   </trkpt>
   <trkpt lat="40.7221610" lon="-74.0471720">
    <ele>3.6</ele>
    <time>2026-01-14T22:05:44Z</time>
   </trkpt>
   <trkpt lat="40.7221640" lon="-74.0471720">
    <ele>3.6</ele>
    <time>2026-01-14T22:05:45Z</time>
   </trkpt>
   <trkpt lat="40.7221630" lon="-74.0471720">
    <ele>3.6</ele>
    <time>2026-01-14T22:05:46Z</time>
   </trkpt>
   <trkpt lat="40.7221630" lon="-74.0471720">
    <ele>3.6</ele>
    <time>2026-01-14T22:05:47Z</time>
   </trkpt>
   <trkpt lat="40.7221640" lon="-74.0471640">
    <ele>3.6</ele>
    <time>2026-01-14T22:05:48Z</time>
   </trkpt>
   <trkpt lat="40.7221680" lon="-74.0471580">
    <ele>3.6</ele>
    <time>2026-01-14T22:05:49Z</time>
   </trkpt>
   <trkpt lat="40.7221660" lon="-74.0471570">
    <ele>3.6</ele>
    <time>2026-01-14T22:05:50Z</time>
   </trkpt>
   <trkpt lat="40.7221660" lon="-74.0471550">
    <ele>3.6</ele>
    <time>2026-01-14T22:05:51Z</time>
   </trkpt>
   <trkpt lat="40.7221660" lon="-74.0471550">
    <ele>3.6</ele>
    <time>2026-01-14T22:05:52Z</time>
   </trkpt>
   <trkpt lat="40.7221660" lon="-74.0471550">
    <ele>3.6</ele>
    <time>2026-01-14T22:05:53Z</time>
   </trkpt>
   <trkpt lat="40.7221660" lon="-74.0471430">
    <ele>3.6</ele>
    <time>2026-01-14T22:05:54Z</time>
   </trkpt>
   <trkpt lat="40.7221650" lon="-74.0471410">
    <ele>3.6</ele>
    <time>2026-01-14T22:05:55Z</time>
   </trkpt>
   <trkpt lat="40.7221650" lon="-74.0471410">
    <ele>3.6</ele>
    <time>2026-01-14T22:05:56Z</time>
   </trkpt>
   <trkpt lat="40.7221640" lon="-74.0471360">
    <ele>3.6</ele>
    <time>2026-01-14T22:05:57Z</time>
   </trkpt>
   <trkpt lat="40.7221640" lon="-74.0471320">
    <ele>3.6</ele>
    <time>2026-01-14T22:05:58Z</time>
   </trkpt>
   <trkpt lat="40.7221610" lon="-74.0471320">
    <ele>3.6</ele>
    <time>2026-01-14T22:05:59Z</time>
   </trkpt>
   <trkpt lat="40.7221620" lon="-74.0471310">
    <ele>3.6</ele>
    <time>2026-01-14T22:06:00Z</time>
   </trkpt>
   <trkpt lat="40.7221580" lon="-74.0471320">
    <ele>3.6</ele>
    <time>2026-01-14T22:06:01Z</time>
   </trkpt>
   <trkpt lat="40.7221550" lon="-74.0471350">
    <ele>3.6</ele>
    <time>2026-01-14T22:06:02Z</time>
   </trkpt>
   <trkpt lat="40.7221540" lon="-74.0471360">
    <ele>3.6</ele>
    <time>2026-01-14T22:06:03Z</time>
   </trkpt>
   <trkpt lat="40.7221540" lon="-74.0471350">
    <ele>3.6</ele>
    <time>2026-01-14T22:06:04Z</time>
   </trkpt>
   <trkpt lat="40.7221540" lon="-74.0471350">
    <ele>3.6</ele>
    <time>2026-01-14T22:06:05Z</time>
   </trkpt>
   <trkpt lat="40.7221540" lon="-74.0471350">
    <ele>3.6</ele>
    <time>2026-01-14T22:06:06Z</time>
   </trkpt>
   <trkpt lat="40.7221540" lon="-74.0471350">
    <ele>3.6</ele>
    <time>2026-01-14T22:06:07Z</time>
   </trkpt>
   <trkpt lat="40.7221540" lon="-74.0471270">
    <ele>3.6</ele>
    <time>2026-01-14T22:06:08Z</time>
   </trkpt>
   <trkpt lat="40.7221540" lon="-74.0471270">
    <ele>3.6</ele>
    <time>2026-01-14T22:06:09Z</time>
   </trkpt>
   <trkpt lat="40.7221540" lon="-74.0471320">
    <ele>3.6</ele>
    <time>2026-01-14T22:06:10Z</time>
   </trkpt>
   <trkpt lat="40.7221580" lon="-74.0471320">
    <ele>3.6</ele>
    <time>2026-01-14T22:06:11Z</time>
   </trkpt>
   <trkpt lat="40.7221590" lon="-74.0471310">
    <ele>3.6</ele>
    <time>2026-01-14T22:06:12Z</time>
   </trkpt>
   <trkpt lat="40.7221590" lon="-74.0471270">
    <ele>3.6</ele>
    <time>2026-01-14T22:06:13Z</time>
   </trkpt>
   <trkpt lat="40.7221640" lon="-74.0471260">
    <ele>3.6</ele>
    <time>2026-01-14T22:06:14Z</time>
   </trkpt>
   <trkpt lat="40.7221670" lon="-74.0471260">
    <ele>3.6</ele>
    <time>2026-01-14T22:06:15Z</time>
   </trkpt>
   <trkpt lat="40.7221660" lon="-74.0471280">
    <ele>3.6</ele>
    <time>2026-01-14T22:06:16Z</time>
   </trkpt>
   <trkpt lat="40.7221660" lon="-74.0471280">
    <ele>3.6</ele>
    <time>2026-01-14T22:06:17Z</time>
   </trkpt>
   <trkpt lat="40.7221720" lon="-74.0471210">
    <ele>3.6</ele>
    <time>2026-01-14T22:06:18Z</time>
   </trkpt>
   <trkpt lat="40.7221770" lon="-74.0471190">
    <ele>3.6</ele>
    <time>2026-01-14T22:06:19Z</time>
   </trkpt>
   <trkpt lat="40.7221830" lon="-74.0471160">
    <ele>3.6</ele>
    <time>2026-01-14T22:06:20Z</time>
   </trkpt>
   <trkpt lat="40.7221870" lon="-74.0471140">
    <ele>3.6</ele>
    <time>2026-01-14T22:06:21Z</time>
   </trkpt>
   <trkpt lat="40.7221860" lon="-74.0471150">
    <ele>3.6</ele>
    <time>2026-01-14T22:06:22Z</time>
   </trkpt>
   <trkpt lat="40.7221820" lon="-74.0471200">
    <ele>3.6</ele>
    <time>2026-01-14T22:06:23Z</time>
   </trkpt>
   <trkpt lat="40.7221800" lon="-74.0471190">
    <ele>3.6</ele>
    <time>2026-01-14T22:06:24Z</time>
   </trkpt>
   <trkpt lat="40.7221800" lon="-74.0471190">
    <ele>3.6</ele>
    <time>2026-01-14T22:06:25Z</time>
   </trkpt>
   <trkpt lat="40.7221800" lon="-74.0471190">
    <ele>3.6</ele>
    <time>2026-01-14T22:06:26Z</time>
   </trkpt>
   <trkpt lat="40.7221800" lon="-74.0471190">
    <ele>3.6</ele>
    <time>2026-01-14T22:06:27Z</time>
   </trkpt>
   <trkpt lat="40.7221680" lon="-74.0471320">
    <ele>3.6</ele>
    <time>2026-01-14T22:06:28Z</time>
   </trkpt>
   <trkpt lat="40.7221650" lon="-74.0471370">
    <ele>3.6</ele>
    <time>2026-01-14T22:06:29Z</time>
   </trkpt>
   <trkpt lat="40.7221580" lon="-74.0471480">
    <ele>3.6</ele>
    <time>2026-01-14T22:06:30Z</time>
   </trkpt>
   <trkpt lat="40.7221550" lon="-74.0471530">
    <ele>3.6</ele>
    <time>2026-01-14T22:06:31Z</time>
   </trkpt>
   <trkpt lat="40.7221510" lon="-74.0471470">
    <ele>3.6</ele>
    <time>2026-01-14T22:06:32Z</time>
   </trkpt>
   <trkpt lat="40.7221510" lon="-74.0471500">
    <ele>3.6</ele>
    <time>2026-01-14T22:06:33Z</time>
   </trkpt>
   <trkpt lat="40.7221500" lon="-74.0471470">
    <ele>3.6</ele>
    <time>2026-01-14T22:06:34Z</time>
   </trkpt>
   <trkpt lat="40.7221460" lon="-74.0471540">
    <ele>3.6</ele>
    <time>2026-01-14T22:06:35Z</time>
   </trkpt>
   <trkpt lat="40.7221550" lon="-74.0471610">
    <ele>3.6</ele>
    <time>2026-01-14T22:06:36Z</time>
   </trkpt>
   <trkpt lat="40.7221520" lon="-74.0471470">
    <ele>3.6</ele>
    <time>2026-01-14T22:06:37Z</time>
   </trkpt>
   <trkpt lat="40.7221510" lon="-74.0471460">
    <ele>3.6</ele>
    <time>2026-01-14T22:06:38Z</time>
   </trkpt>
   <trkpt lat="40.7221470" lon="-74.0471480">
    <ele>3.6</ele>
    <time>2026-01-14T22:06:39Z</time>
   </trkpt>
   <trkpt lat="40.7221460" lon="-74.0471480">
    <ele>3.6</ele>
    <time>2026-01-14T22:06:40Z</time>
   </trkpt>
   <trkpt lat="40.7221460" lon="-74.0471480">
    <ele>3.6</ele>
    <time>2026-01-14T22:06:41Z</time>
   </trkpt>
   <trkpt lat="40.7221430" lon="-74.0471440">
    <ele>3.6</ele>
    <time>2026-01-14T22:06:42Z</time>
   </trkpt>
   <trkpt lat="40.7221420" lon="-74.0471450">
    <ele>3.6</ele>
    <time>2026-01-14T22:06:43Z</time>
   </trkpt>
   <trkpt lat="40.7221420" lon="-74.0471450">
    <ele>3.6</ele>
    <time>2026-01-14T22:06:44Z</time>
   </trkpt>
   <trkpt lat="40.7221420" lon="-74.0471450">
    <ele>3.6</ele>
    <time>2026-01-14T22:06:45Z</time>
   </trkpt>
   <trkpt lat="40.7221360" lon="-74.0471470">
    <ele>3.6</ele>
    <time>2026-01-14T22:06:46Z</time>
   </trkpt>
   <trkpt lat="40.7221350" lon="-74.0471520">
    <ele>3.6</ele>
    <time>2026-01-14T22:06:47Z</time>
   </trkpt>
   <trkpt lat="40.7221350" lon="-74.0471550">
    <ele>3.6</ele>
    <time>2026-01-14T22:06:48Z</time>
   </trkpt>
   <trkpt lat="40.7221360" lon="-74.0471570">
    <ele>3.6</ele>
    <time>2026-01-14T22:06:49Z</time>
   </trkpt>
   <trkpt lat="40.7221360" lon="-74.0471590">
    <ele>3.6</ele>
    <time>2026-01-14T22:06:50Z</time>
   </trkpt>
   <trkpt lat="40.7221370" lon="-74.0471620">
    <ele>3.6</ele>
    <time>2026-01-14T22:06:51Z</time>
   </trkpt>
   <trkpt lat="40.7221370" lon="-74.0471640">
    <ele>3.6</ele>
    <time>2026-01-14T22:06:52Z</time>
   </trkpt>
   <trkpt lat="40.7221380" lon="-74.0471660">
    <ele>3.6</ele>
    <time>2026-01-14T22:06:53Z</time>
   </trkpt>
   <trkpt lat="40.7221390" lon="-74.0471690">
    <ele>3.6</ele>
    <time>2026-01-14T22:06:54Z</time>
   </trkpt>
   <trkpt lat="40.7221390" lon="-74.0471710">
    <ele>3.6</ele>
    <time>2026-01-14T22:06:55Z</time>
   </trkpt>
   <trkpt lat="40.7221400" lon="-74.0471730">
    <ele>3.6</ele>
    <time>2026-01-14T22:06:56Z</time>
   </trkpt>
   <trkpt lat="40.7221400" lon="-74.0471760">
    <ele>3.6</ele>
    <time>2026-01-14T22:06:57Z</time>
   </trkpt>
   <trkpt lat="40.7221410" lon="-74.0471780">
    <ele>3.6</ele>
    <time>2026-01-14T22:06:58Z</time>
   </trkpt>
   <trkpt lat="40.7221410" lon="-74.0471800">
    <ele>3.6</ele>
    <time>2026-01-14T22:06:59Z</time>
   </trkpt>
   <trkpt lat="40.7221420" lon="-74.0471830">
    <ele>3.6</ele>
    <time>2026-01-14T22:07:00Z</time>
   </trkpt>
   <trkpt lat="40.7221430" lon="-74.0471850">
    <ele>3.6</ele>
    <time>2026-01-14T22:07:01Z</time>
   </trkpt>
   <trkpt lat="40.7221430" lon="-74.0471870">
    <ele>3.6</ele>
    <time>2026-01-14T22:07:02Z</time>
   </trkpt>
   <trkpt lat="40.7221440" lon="-74.0471900">
    <ele>3.6</ele>
    <time>2026-01-14T22:07:03Z</time>
   </trkpt>
   <trkpt lat="40.7221440" lon="-74.0471920">
    <ele>3.6</ele>
    <time>2026-01-14T22:07:04Z</time>
   </trkpt>
   <trkpt lat="40.7221450" lon="-74.0471940">
    <ele>3.6</ele>
    <time>2026-01-14T22:07:05Z</time>
   </trkpt>
   <trkpt lat="40.7221450" lon="-74.0471970">
    <ele>3.6</ele>
    <time>2026-01-14T22:07:06Z</time>
   </trkpt>
   <trkpt lat="40.7221460" lon="-74.0471990">
    <ele>3.6</ele>
    <time>2026-01-14T22:07:07Z</time>
   </trkpt>
   <trkpt lat="40.7221390" lon="-74.0472150">
    <ele>3.6</ele>
    <time>2026-01-14T22:07:08Z</time>
   </trkpt>
   <trkpt lat="40.7221390" lon="-74.0472280">
    <ele>3.6</ele>
    <time>2026-01-14T22:07:09Z</time>
   </trkpt>
   <trkpt lat="40.7221460" lon="-74.0472280">
    <ele>3.6</ele>
    <time>2026-01-14T22:07:10Z</time>
   </trkpt>
   <trkpt lat="40.7221360" lon="-74.0472230">
    <ele>3.6</ele>
    <time>2026-01-14T22:07:11Z</time>
   </trkpt>
   <trkpt lat="40.7221400" lon="-74.0472360">
    <ele>3.6</ele>
    <time>2026-01-14T22:07:12Z</time>
   </trkpt>
   <trkpt lat="40.7221470" lon="-74.0472580">
    <ele>3.6</ele>
    <time>2026-01-14T22:07:13Z</time>
   </trkpt>
   <trkpt lat="40.7221550" lon="-74.0472710">
    <ele>3.6</ele>
    <time>2026-01-14T22:07:14Z</time>
   </trkpt>
   <trkpt lat="40.7221810" lon="-74.0472960">
    <ele>3.6</ele>
    <time>2026-01-14T22:07:15Z</time>
   </trkpt>
   <trkpt lat="40.7221870" lon="-74.0473060">
    <ele>3.6</ele>
    <time>2026-01-14T22:07:16Z</time>
   </trkpt>
   <trkpt lat="40.7222090" lon="-74.0473400">
    <ele>3.6</ele>
    <time>2026-01-14T22:07:17Z</time>
   </trkpt>
   <trkpt lat="40.7222270" lon="-74.0473830">
    <ele>3.5</ele>
    <time>2026-01-14T22:07:18Z</time>
   </trkpt>
   <trkpt lat="40.7222500" lon="-74.0474110">
    <ele>3.5</ele>
    <time>2026-01-14T22:07:19Z</time>
   </trkpt>
   <trkpt lat="40.7222750" lon="-74.0474320">
    <ele>3.5</ele>
    <time>2026-01-14T22:07:20Z</time>
   </trkpt>
   <trkpt lat="40.7222880" lon="-74.0474700">
    <ele>3.5</ele>
    <time>2026-01-14T22:07:21Z</time>
   </trkpt>
   <trkpt lat="40.7223130" lon="-74.0475110">
    <ele>3.5</ele>
    <time>2026-01-14T22:07:22Z</time>
   </trkpt>
   <trkpt lat="40.7223230" lon="-74.0475250">
    <ele>3.5</ele>
    <time>2026-01-14T22:07:23Z</time>
   </trkpt>
   <trkpt lat="40.7223500" lon="-74.0475590">
    <ele>3.5</ele>
    <time>2026-01-14T22:07:24Z</time>
   </trkpt>
   <trkpt lat="40.7223600" lon="-74.0475650">
    <ele>3.5</ele>
    <time>2026-01-14T22:07:25Z</time>
   </trkpt>
   <trkpt lat="40.7223660" lon="-74.0475760">
    <ele>3.5</ele>
    <time>2026-01-14T22:07:26Z</time>
   </trkpt>
   <trkpt lat="40.7223650" lon="-74.0475910">
    <ele>3.5</ele>
    <time>2026-01-14T22:07:27Z</time>
   </trkpt>
   <trkpt lat="40.7223630" lon="-74.0476070">
    <ele>3.5</ele>
    <time>2026-01-14T22:07:28Z</time>
   </trkpt>
   <trkpt lat="40.7223620" lon="-74.0476220">
    <ele>3.5</ele>
    <time>2026-01-14T22:07:29Z</time>
   </trkpt>
   <trkpt lat="40.7223600" lon="-74.0476370">
    <ele>3.5</ele>
    <time>2026-01-14T22:07:30Z</time>
   </trkpt>
   <trkpt lat="40.7223710" lon="-74.0476750">
    <ele>3.4</ele>
    <time>2026-01-14T22:07:31Z</time>
   </trkpt>
   <trkpt lat="40.7223850" lon="-74.0477060">
    <ele>3.4</ele>
    <time>2026-01-14T22:07:32Z</time>
   </trkpt>
   <trkpt lat="40.7224030" lon="-74.0477520">
    <ele>3.4</ele>
    <time>2026-01-14T22:07:33Z</time>
   </trkpt>
   <trkpt lat="40.7224210" lon="-74.0478100">
    <ele>3.3</ele>
    <time>2026-01-14T22:07:34Z</time>
   </trkpt>
   <trkpt lat="40.7224510" lon="-74.0478620">
    <ele>3.3</ele>
    <time>2026-01-14T22:07:35Z</time>
   </trkpt>
   <trkpt lat="40.7224880" lon="-74.0479220">
    <ele>3.3</ele>
    <time>2026-01-14T22:07:36Z</time>
   </trkpt>
   <trkpt lat="40.7225140" lon="-74.0479840">
    <ele>3.2</ele>
    <time>2026-01-14T22:07:37Z</time>
   </trkpt>
   <trkpt lat="40.7225480" lon="-74.0480470">
    <ele>3.2</ele>
    <time>2026-01-14T22:07:38Z</time>
   </trkpt>
   <trkpt lat="40.7225920" lon="-74.0481040">
    <ele>3.1</ele>
    <time>2026-01-14T22:07:40Z</time>
   </trkpt>
   <trkpt lat="40.7226230" lon="-74.0481650">
    <ele>3.1</ele>
    <time>2026-01-14T22:07:41Z</time>
   </trkpt>
   <trkpt lat="40.7226410" lon="-74.0482530">
    <ele>3.0</ele>
    <time>2026-01-14T22:07:42Z</time>
   </trkpt>
   <trkpt lat="40.7226720" lon="-74.0483110">
    <ele>3.0</ele>
    <time>2026-01-14T22:07:43Z</time>
   </trkpt>
   <trkpt lat="40.7227060" lon="-74.0483730">
    <ele>2.9</ele>
    <time>2026-01-14T22:07:44Z</time>
   </trkpt>
   <trkpt lat="40.7227380" lon="-74.0484390">
    <ele>2.8</ele>
    <time>2026-01-14T22:07:45Z</time>
   </trkpt>
   <trkpt lat="40.7227650" lon="-74.0485070">
    <ele>2.8</ele>
    <time>2026-01-14T22:07:46Z</time>
   </trkpt>
   <trkpt lat="40.7228010" lon="-74.0485660">
    <ele>2.7</ele>
    <time>2026-01-14T22:07:47Z</time>
   </trkpt>
   <trkpt lat="40.7228290" lon="-74.0486230">
    <ele>2.7</ele>
    <time>2026-01-14T22:07:48Z</time>
   </trkpt>
   <trkpt lat="40.7228630" lon="-74.0486770">
    <ele>2.6</ele>
    <time>2026-01-14T22:07:49Z</time>
   </trkpt>
   <trkpt lat="40.7228960" lon="-74.0487300">
    <ele>2.6</ele>
    <time>2026-01-14T22:07:50Z</time>
   </trkpt>
   <trkpt lat="40.7229300" lon="-74.0487910">
    <ele>2.6</ele>
    <time>2026-01-14T22:07:51Z</time>
   </trkpt>
   <trkpt lat="40.7229680" lon="-74.0488480">
    <ele>2.6</ele>
    <time>2026-01-14T22:07:52Z</time>
   </trkpt>
   <trkpt lat="40.7229960" lon="-74.0489140">
    <ele>2.6</ele>
    <time>2026-01-14T22:07:53Z</time>
   </trkpt>
   <trkpt lat="40.7230300" lon="-74.0489780">
    <ele>2.6</ele>
    <time>2026-01-14T22:07:54Z</time>
   </trkpt>
   <trkpt lat="40.7230650" lon="-74.0490370">
    <ele>2.5</ele>
    <time>2026-01-14T22:07:55Z</time>
   </trkpt>
   <trkpt lat="40.7230950" lon="-74.0490930">
    <ele>2.5</ele>
    <time>2026-01-14T22:07:56Z</time>
   </trkpt>
   <trkpt lat="40.7231760" lon="-74.0491890">
    <ele>2.6</ele>
    <time>2026-01-14T22:07:57Z</time>
   </trkpt>
   <trkpt lat="40.7232290" lon="-74.0492190">
    <ele>2.5</ele>
    <time>2026-01-14T22:07:58Z</time>
   </trkpt>
   <trkpt lat="40.7232830" lon="-74.0492170">
    <ele>2.5</ele>
    <time>2026-01-14T22:07:59Z</time>
   </trkpt>
   <trkpt lat="40.7233380" lon="-74.0492020">
    <ele>2.6</ele>
    <time>2026-01-14T22:08:00Z</time>
   </trkpt>
   <trkpt lat="40.7233850" lon="-74.0491930">
    <ele>2.6</ele>
    <time>2026-01-14T22:08:01Z</time>
   </trkpt>
   <trkpt lat="40.7234290" lon="-74.0491870">
    <ele>2.7</ele>
    <time>2026-01-14T22:08:02Z</time>
   </trkpt>
   <trkpt lat="40.7234750" lon="-74.0491830">
    <ele>2.7</ele>
    <time>2026-01-14T22:08:03Z</time>
   </trkpt>
   <trkpt lat="40.7235200" lon="-74.0491790">
    <ele>2.7</ele>
    <time>2026-01-14T22:08:04Z</time>
   </trkpt>
   <trkpt lat="40.7235570" lon="-74.0491750">
    <ele>2.7</ele>
    <time>2026-01-14T22:08:05Z</time>
   </trkpt>
   <trkpt lat="40.7236060" lon="-74.0491570">
    <ele>2.8</ele>
    <time>2026-01-14T22:08:06Z</time>
   </trkpt>
   <trkpt lat="40.7236600" lon="-74.0491470">
    <ele>2.8</ele>
    <time>2026-01-14T22:08:07Z</time>
   </trkpt>
   <trkpt lat="40.7237080" lon="-74.0491380">
    <ele>2.8</ele>
    <time>2026-01-14T22:08:08Z</time>
   </trkpt>
   <trkpt lat="40.7237570" lon="-74.0491320">
    <ele>2.7</ele>
    <time>2026-01-14T22:08:09Z</time>
   </trkpt>
   <trkpt lat="40.7237960" lon="-74.0491340">
    <ele>2.7</ele>
    <time>2026-01-14T22:08:10Z</time>
   </trkpt>
   <trkpt lat="40.7238480" lon="-74.0491220">
    <ele>2.7</ele>
    <time>2026-01-14T22:08:11Z</time>
   </trkpt>
   <trkpt lat="40.7239020" lon="-74.0491270">
    <ele>2.7</ele>
    <time>2026-01-14T22:08:12Z</time>
   </trkpt>
   <trkpt lat="40.7239580" lon="-74.0491150">
    <ele>2.7</ele>
    <time>2026-01-14T22:08:13Z</time>
   </trkpt>
   <trkpt lat="40.7240030" lon="-74.0491060">
    <ele>2.7</ele>
    <time>2026-01-14T22:08:14Z</time>
   </trkpt>
   <trkpt lat="40.7240480" lon="-74.0490890">
    <ele>2.7</ele>
    <time>2026-01-14T22:08:15Z</time>
   </trkpt>
   <trkpt lat="40.7241030" lon="-74.0490820">
    <ele>2.7</ele>
    <time>2026-01-14T22:08:16Z</time>
   </trkpt>
   <trkpt lat="40.7241420" lon="-74.0490840">
    <ele>2.6</ele>
    <time>2026-01-14T22:08:17Z</time>
   </trkpt>
   <trkpt lat="40.7241970" lon="-74.0490720">
    <ele>2.6</ele>
    <time>2026-01-14T22:08:18Z</time>
   </trkpt>
   <trkpt lat="40.7242540" lon="-74.0490680">
    <ele>2.6</ele>
    <time>2026-01-14T22:08:19Z</time>
   </trkpt>
   <trkpt lat="40.7242920" lon="-74.0490620">
    <ele>2.6</ele>
    <time>2026-01-14T22:08:20Z</time>
   </trkpt>
   <trkpt lat="40.7242820" lon="-74.0490660">
    <ele>2.6</ele>
    <time>2026-01-14T22:08:21Z</time>
   </trkpt>
   <trkpt lat="40.7242790" lon="-74.0490680">
    <ele>2.6</ele>
    <time>2026-01-14T22:08:22Z</time>
   </trkpt>
   <trkpt lat="40.7242970" lon="-74.0490690">
    <ele>2.6</ele>
    <time>2026-01-14T22:08:23Z</time>
   </trkpt>
   <trkpt lat="40.7243240" lon="-74.0490680">
    <ele>2.6</ele>
    <time>2026-01-14T22:08:24Z</time>
   </trkpt>
   <trkpt lat="40.7243530" lon="-74.0490610">
    <ele>2.5</ele>
    <time>2026-01-14T22:08:25Z</time>
   </trkpt>
   <trkpt lat="40.7244080" lon="-74.0490400">
    <ele>2.5</ele>
    <time>2026-01-14T22:08:26Z</time>
   </trkpt>
   <trkpt lat="40.7244390" lon="-74.0490310">
    <ele>2.5</ele>
    <time>2026-01-14T22:08:27Z</time>
   </trkpt>
   <trkpt lat="40.7244850" lon="-74.0490190">
    <ele>2.5</ele>
    <time>2026-01-14T22:08:28Z</time>
   </trkpt>
   <trkpt lat="40.7245350" lon="-74.0490140">
    <ele>2.5</ele>
    <time>2026-01-14T22:08:29Z</time>
   </trkpt>
   <trkpt lat="40.7245680" lon="-74.0490160">
    <ele>2.5</ele>
    <time>2026-01-14T22:08:30Z</time>
   </trkpt>
   <trkpt lat="40.7246150" lon="-74.0490080">
    <ele>2.5</ele>
    <time>2026-01-14T22:08:31Z</time>
   </trkpt>
   <trkpt lat="40.7246710" lon="-74.0489940">
    <ele>2.4</ele>
    <time>2026-01-14T22:08:32Z</time>
   </trkpt>
   <trkpt lat="40.7247300" lon="-74.0489860">
    <ele>2.4</ele>
    <time>2026-01-14T22:08:33Z</time>
   </trkpt>
   <trkpt lat="40.7247880" lon="-74.0489920">
    <ele>2.4</ele>
    <time>2026-01-14T22:08:34Z</time>
   </trkpt>
   <trkpt lat="40.7248510" lon="-74.0489750">
    <ele>2.4</ele>
    <time>2026-01-14T22:08:35Z</time>
   </trkpt>
   <trkpt lat="40.7249070" lon="-74.0489660">
    <ele>2.4</ele>
    <time>2026-01-14T22:08:36Z</time>
   </trkpt>
   <trkpt lat="40.7249470" lon="-74.0489580">
    <ele>2.4</ele>
    <time>2026-01-14T22:08:37Z</time>
   </trkpt>
   <trkpt lat="40.7250150" lon="-74.0489510">
    <ele>2.3</ele>
    <time>2026-01-14T22:08:38Z</time>
   </trkpt>
   <trkpt lat="40.7250780" lon="-74.0489340">
    <ele>2.3</ele>
    <time>2026-01-14T22:08:39Z</time>
   </trkpt>
   <trkpt lat="40.7251280" lon="-74.0489240">
    <ele>2.3</ele>
    <time>2026-01-14T22:08:40Z</time>
   </trkpt>
   <trkpt lat="40.7251830" lon="-74.0489110">
    <ele>2.3</ele>
    <time>2026-01-14T22:08:41Z</time>
   </trkpt>
   <trkpt lat="40.7252370" lon="-74.0489050">
    <ele>2.4</ele>
    <time>2026-01-14T22:08:42Z</time>
   </trkpt>
   <trkpt lat="40.7252820" lon="-74.0489160">
    <ele>2.4</ele>
    <time>2026-01-14T22:08:43Z</time>
   </trkpt>
   <trkpt lat="40.7253320" lon="-74.0488960">
    <ele>2.4</ele>
    <time>2026-01-14T22:08:44Z</time>
   </trkpt>
   <trkpt lat="40.7253880" lon="-74.0488760">
    <ele>2.5</ele>
    <time>2026-01-14T22:08:45Z</time>
   </trkpt>
   <trkpt lat="40.7254310" lon="-74.0488810">
    <ele>2.5</ele>
    <time>2026-01-14T22:08:46Z</time>
   </trkpt>
   <trkpt lat="40.7254820" lon="-74.0488780">
    <ele>2.6</ele>
    <time>2026-01-14T22:08:47Z</time>
   </trkpt>
   <trkpt lat="40.7255350" lon="-74.0488670">
    <ele>2.6</ele>
    <time>2026-01-14T22:08:48Z</time>
   </trkpt>
   <trkpt lat="40.7255800" lon="-74.0488520">
    <ele>2.6</ele>
    <time>2026-01-14T22:08:49Z</time>
   </trkpt>
   <trkpt lat="40.7256250" lon="-74.0488460">
    <ele>2.7</ele>
    <time>2026-01-14T22:08:50Z</time>
   </trkpt>
   <trkpt lat="40.7256510" lon="-74.0488110">
    <ele>2.7</ele>
    <time>2026-01-14T22:08:51Z</time>
   </trkpt>
   <trkpt lat="40.7257070" lon="-74.0488180">
    <ele>2.7</ele>
    <time>2026-01-14T22:08:52Z</time>
   </trkpt>
   <trkpt lat="40.7257300" lon="-74.0488210">
    <ele>2.7</ele>
    <time>2026-01-14T22:08:53Z</time>
   </trkpt>
   <trkpt lat="40.7257420" lon="-74.0488150">
    <ele>2.7</ele>
    <time>2026-01-14T22:08:54Z</time>
   </trkpt>
   <trkpt lat="40.7257550" lon="-74.0488100">
    <ele>2.7</ele>
    <time>2026-01-14T22:08:55Z</time>
   </trkpt>
   <trkpt lat="40.7257910" lon="-74.0488040">
    <ele>2.7</ele>
    <time>2026-01-14T22:08:56Z</time>
   </trkpt>
   <trkpt lat="40.7258360" lon="-74.0488050">
    <ele>2.7</ele>
    <time>2026-01-14T22:08:57Z</time>
   </trkpt>
   <trkpt lat="40.7258820" lon="-74.0488010">
    <ele>2.8</ele>
    <time>2026-01-14T22:08:58Z</time>
   </trkpt>
   <trkpt lat="40.7259300" lon="-74.0487860">
    <ele>2.8</ele>
    <time>2026-01-14T22:08:59Z</time>
   </trkpt>
   <trkpt lat="40.7259690" lon="-74.0487770">
    <ele>2.8</ele>
    <time>2026-01-14T22:09:00Z</time>
   </trkpt>
   <trkpt lat="40.7260300" lon="-74.0487630">
    <ele>2.8</ele>
    <time>2026-01-14T22:09:01Z</time>
   </trkpt>
   <trkpt lat="40.7260820" lon="-74.0487520">
    <ele>2.8</ele>
    <time>2026-01-14T22:09:02Z</time>
   </trkpt>
   <trkpt lat="40.7261430" lon="-74.0487510">
    <ele>2.8</ele>
    <time>2026-01-14T22:09:03Z</time>
   </trkpt>
   <trkpt lat="40.7261890" lon="-74.0487210">
    <ele>2.8</ele>
    <time>2026-01-14T22:09:04Z</time>
   </trkpt>
   <trkpt lat="40.7262360" lon="-74.0487010">
    <ele>2.9</ele>
    <time>2026-01-14T22:09:05Z</time>
   </trkpt>
   <trkpt lat="40.7262870" lon="-74.0487020">
    <ele>2.9</ele>
    <time>2026-01-14T22:09:06Z</time>
   </trkpt>
   <trkpt lat="40.7263310" lon="-74.0486810">
    <ele>2.9</ele>
    <time>2026-01-14T22:09:07Z</time>
   </trkpt>
   <trkpt lat="40.7263770" lon="-74.0486710">
    <ele>2.9</ele>
    <time>2026-01-14T22:09:08Z</time>
   </trkpt>
   <trkpt lat="40.7264290" lon="-74.0486690">
    <ele>3.0</ele>
    <time>2026-01-14T22:09:09Z</time>
   </trkpt>
   <trkpt lat="40.7264790" lon="-74.0486630">
    <ele>3.0</ele>
    <time>2026-01-14T22:09:10Z</time>
   </trkpt>
   <trkpt lat="40.7265220" lon="-74.0486470">
    <ele>3.0</ele>
    <time>2026-01-14T22:09:11Z</time>
   </trkpt>
   <trkpt lat="40.7265700" lon="-74.0486470">
    <ele>3.0</ele>
    <time>2026-01-14T22:09:12Z</time>
   </trkpt>
   <trkpt lat="40.7266230" lon="-74.0486500">
    <ele>3.0</ele>
    <time>2026-01-14T22:09:13Z</time>
   </trkpt>
   <trkpt lat="40.7266740" lon="-74.0486430">
    <ele>3.0</ele>
    <time>2026-01-14T22:09:14Z</time>
   </trkpt>
   <trkpt lat="40.7267290" lon="-74.0486340">
    <ele>3.0</ele>
    <time>2026-01-14T22:09:15Z</time>
   </trkpt>
   <trkpt lat="40.7267850" lon="-74.0486290">
    <ele>3.0</ele>
    <time>2026-01-14T22:09:16Z</time>
   </trkpt>
   <trkpt lat="40.7268330" lon="-74.0486100">
    <ele>3.1</ele>
    <time>2026-01-14T22:09:17Z</time>
   </trkpt>
   <trkpt lat="40.7268820" lon="-74.0485930">
    <ele>3.1</ele>
    <time>2026-01-14T22:09:18Z</time>
   </trkpt>
   <trkpt lat="40.7269350" lon="-74.0485930">
    <ele>3.2</ele>
    <time>2026-01-14T22:09:19Z</time>
   </trkpt>
   <trkpt lat="40.7270010" lon="-74.0485880">
    <ele>3.2</ele>
    <time>2026-01-14T22:09:20Z</time>
   </trkpt>
   <trkpt lat="40.7270560" lon="-74.0485790">
    <ele>3.2</ele>
    <time>2026-01-14T22:09:21Z</time>
   </trkpt>
   <trkpt lat="40.7271000" lon="-74.0485770">
    <ele>3.2</ele>
    <time>2026-01-14T22:09:22Z</time>
   </trkpt>
   <trkpt lat="40.7271380" lon="-74.0485830">
    <ele>3.3</ele>
    <time>2026-01-14T22:09:23Z</time>
   </trkpt>
   <trkpt lat="40.7271760" lon="-74.0485780">
    <ele>3.3</ele>
    <time>2026-01-14T22:09:24Z</time>
   </trkpt>
   <trkpt lat="40.7272230" lon="-74.0485730">
    <ele>3.2</ele>
    <time>2026-01-14T22:09:25Z</time>
   </trkpt>
   <trkpt lat="40.7272710" lon="-74.0485640">
    <ele>3.2</ele>
    <time>2026-01-14T22:09:26Z</time>
   </trkpt>
   <trkpt lat="40.7273220" lon="-74.0485610">
    <ele>3.2</ele>
    <time>2026-01-14T22:09:27Z</time>
   </trkpt>
   <trkpt lat="40.7273670" lon="-74.0485570">
    <ele>3.1</ele>
    <time>2026-01-14T22:09:28Z</time>
   </trkpt>
   <trkpt lat="40.7274220" lon="-74.0485470">
    <ele>3.1</ele>
    <time>2026-01-14T22:09:29Z</time>
   </trkpt>
   <trkpt lat="40.7274800" lon="-74.0485360">
    <ele>3.1</ele>
    <time>2026-01-14T22:09:30Z</time>
   </trkpt>
   <trkpt lat="40.7275360" lon="-74.0485300">
    <ele>3.1</ele>
    <time>2026-01-14T22:09:31Z</time>
   </trkpt>
   <trkpt lat="40.7275960" lon="-74.0485200">
    <ele>3.0</ele>
    <time>2026-01-14T22:09:32Z</time>
   </trkpt>
   <trkpt lat="40.7276500" lon="-74.0485130">
    <ele>3.0</ele>
    <time>2026-01-14T22:09:33Z</time>
   </trkpt>
   <trkpt lat="40.7277120" lon="-74.0485090">
    <ele>3.0</ele>
    <time>2026-01-14T22:09:34Z</time>
   </trkpt>
   <trkpt lat="40.7277670" lon="-74.0485040">
    <ele>3.0</ele>
    <time>2026-01-14T22:09:35Z</time>
   </trkpt>
   <trkpt lat="40.7278240" lon="-74.0484860">
    <ele>3.0</ele>
    <time>2026-01-14T22:09:36Z</time>
   </trkpt>
   <trkpt lat="40.7278690" lon="-74.0484790">
    <ele>3.0</ele>
    <time>2026-01-14T22:09:37Z</time>
   </trkpt>
   <trkpt lat="40.7279090" lon="-74.0484640">
    <ele>3.0</ele>
    <time>2026-01-14T22:09:38Z</time>
   </trkpt>
   <trkpt lat="40.7279640" lon="-74.0484750">
    <ele>3.0</ele>
    <time>2026-01-14T22:09:39Z</time>
   </trkpt>
   <trkpt lat="40.7280100" lon="-74.0484750">
    <ele>2.9</ele>
    <time>2026-01-14T22:09:40Z</time>
   </trkpt>
   <trkpt lat="40.7280580" lon="-74.0484640">
    <ele>2.9</ele>
    <time>2026-01-14T22:09:41Z</time>
   </trkpt>
   <trkpt lat="40.7281110" lon="-74.0484520">
    <ele>2.9</ele>
    <time>2026-01-14T22:09:42Z</time>
   </trkpt>
   <trkpt lat="40.7281620" lon="-74.0484520">
    <ele>3.0</ele>
    <time>2026-01-14T22:09:43Z</time>
   </trkpt>
   <trkpt lat="40.7282130" lon="-74.0484430">
    <ele>3.0</ele>
    <time>2026-01-14T22:09:44Z</time>
   </trkpt>
   <trkpt lat="40.7282680" lon="-74.0484290">
    <ele>3.0</ele>
    <time>2026-01-14T22:09:45Z</time>
   </trkpt>
   <trkpt lat="40.7283260" lon="-74.0484180">
    <ele>3.0</ele>
    <time>2026-01-14T22:09:46Z</time>
   </trkpt>
   <trkpt lat="40.7283760" lon="-74.0484120">
    <ele>3.0</ele>
    <time>2026-01-14T22:09:47Z</time>
   </trkpt>
   <trkpt lat="40.7284260" lon="-74.0484060">
    <ele>3.0</ele>
    <time>2026-01-14T22:09:48Z</time>
   </trkpt>
   <trkpt lat="40.7284820" lon="-74.0483920">
    <ele>3.0</ele>
    <time>2026-01-14T22:09:49Z</time>
   </trkpt>
   <trkpt lat="40.7285380" lon="-74.0483850">
    <ele>2.9</ele>
    <time>2026-01-14T22:09:50Z</time>
   </trkpt>
   <trkpt lat="40.7285940" lon="-74.0483750">
    <ele>2.9</ele>
    <time>2026-01-14T22:09:51Z</time>
   </trkpt>
   <trkpt lat="40.7286490" lon="-74.0483680">
    <ele>2.9</ele>
    <time>2026-01-14T22:09:52Z</time>
   </trkpt>
   <trkpt lat="40.7286940" lon="-74.0483600">
    <ele>2.9</ele>
    <time>2026-01-14T22:09:53Z</time>
   </trkpt>
   <trkpt lat="40.7287050" lon="-74.0483520">
    <ele>2.9</ele>
    <time>2026-01-14T22:09:54Z</time>
   </trkpt>
   <trkpt lat="40.7287200" lon="-74.0483490">
    <ele>2.9</ele>
    <time>2026-01-14T22:09:55Z</time>
   </trkpt>
   <trkpt lat="40.7287530" lon="-74.0483430">
    <ele>2.9</ele>
    <time>2026-01-14T22:09:56Z</time>
   </trkpt>
   <trkpt lat="40.7288030" lon="-74.0483310">
    <ele>2.9</ele>
    <time>2026-01-14T22:09:57Z</time>
   </trkpt>
   <trkpt lat="40.7288270" lon="-74.0483270">
    <ele>2.8</ele>
    <time>2026-01-14T22:09:58Z</time>
   </trkpt>
   <trkpt lat="40.7288700" lon="-74.0483230">
    <ele>2.8</ele>
    <time>2026-01-14T22:09:59Z</time>
   </trkpt>
   <trkpt lat="40.7289050" lon="-74.0483200">
    <ele>2.8</ele>
    <time>2026-01-14T22:10:00Z</time>
   </trkpt>
   <trkpt lat="40.7289530" lon="-74.0483290">
    <ele>2.8</ele>
    <time>2026-01-14T22:10:01Z</time>
   </trkpt>
   <trkpt lat="40.7290040" lon="-74.0483310">
    <ele>2.8</ele>
    <time>2026-01-14T22:10:02Z</time>
   </trkpt>
   <trkpt lat="40.7290570" lon="-74.0483190">
    <ele>2.8</ele>
    <time>2026-01-14T22:10:03Z</time>
   </trkpt>
   <trkpt lat="40.7291090" lon="-74.0483070">
    <ele>2.7</ele>
    <time>2026-01-14T22:10:04Z</time>
   </trkpt>
   <trkpt lat="40.7291590" lon="-74.0482990">
    <ele>2.7</ele>
    <time>2026-01-14T22:10:05Z</time>
   </trkpt>
   <trkpt lat="40.7292060" lon="-74.0483080">
    <ele>2.7</ele>
    <time>2026-01-14T22:10:06Z</time>
   </trkpt>
   <trkpt lat="40.7292610" lon="-74.0482920">
    <ele>2.6</ele>
    <time>2026-01-14T22:10:07Z</time>
   </trkpt>
   <trkpt lat="40.7293120" lon="-74.0482820">
    <ele>2.6</ele>
    <time>2026-01-14T22:10:08Z</time>
   </trkpt>
   <trkpt lat="40.7293610" lon="-74.0482730">
    <ele>2.6</ele>
    <time>2026-01-14T22:10:09Z</time>
   </trkpt>
   <trkpt lat="40.7294070" lon="-74.0482910">
    <ele>2.6</ele>
    <time>2026-01-14T22:10:10Z</time>
   </trkpt>
   <trkpt lat="40.7294400" lon="-74.0483500">
    <ele>2.6</ele>
    <time>2026-01-14T22:10:11Z</time>
   </trkpt>
   <trkpt lat="40.7294430" lon="-74.0484260">
    <ele>2.6</ele>
    <time>2026-01-14T22:10:12Z</time>
   </trkpt>
   <trkpt lat="40.7294420" lon="-74.0484940">
    <ele>2.6</ele>
    <time>2026-01-14T22:10:13Z</time>
   </trkpt>
   <trkpt lat="40.7294470" lon="-74.0485630">
    <ele>2.6</ele>
    <time>2026-01-14T22:10:14Z</time>
   </trkpt>
   <trkpt lat="40.7294530" lon="-74.0486280">
    <ele>2.6</ele>
    <time>2026-01-14T22:10:15Z</time>
   </trkpt>
   <trkpt lat="40.7294610" lon="-74.0486990">
    <ele>2.6</ele>
    <time>2026-01-14T22:10:16Z</time>
   </trkpt>
   <trkpt lat="40.7294650" lon="-74.0487640">
    <ele>2.7</ele>
    <time>2026-01-14T22:10:17Z</time>
   </trkpt>
   <trkpt lat="40.7294760" lon="-74.0488350">
    <ele>2.7</ele>
    <time>2026-01-14T22:10:18Z</time>
   </trkpt>
   <trkpt lat="40.7294820" lon="-74.0489110">
    <ele>2.7</ele>
    <time>2026-01-14T22:10:19Z</time>
   </trkpt>
   <trkpt lat="40.7294850" lon="-74.0489830">
    <ele>2.7</ele>
    <time>2026-01-14T22:10:20Z</time>
   </trkpt>
   <trkpt lat="40.7294860" lon="-74.0490600">
    <ele>2.7</ele>
    <time>2026-01-14T22:10:21Z</time>
   </trkpt>
   <trkpt lat="40.7294930" lon="-74.0491290">
    <ele>2.6</ele>
    <time>2026-01-14T22:10:22Z</time>
   </trkpt>
   <trkpt lat="40.7294970" lon="-74.0491940">
    <ele>2.6</ele>
    <time>2026-01-14T22:10:23Z</time>
   </trkpt>
   <trkpt lat="40.7295060" lon="-74.0492600">
    <ele>2.6</ele>
    <time>2026-01-14T22:10:24Z</time>
   </trkpt>
   <trkpt lat="40.7295050" lon="-74.0493370">
    <ele>2.6</ele>
    <time>2026-01-14T22:10:25Z</time>
   </trkpt>
   <trkpt lat="40.7295030" lon="-74.0494120">
    <ele>2.6</ele>
    <time>2026-01-14T22:10:26Z</time>
   </trkpt>
   <trkpt lat="40.7295060" lon="-74.0494800">
    <ele>2.6</ele>
    <time>2026-01-14T22:10:27Z</time>
   </trkpt>
   <trkpt lat="40.7295100" lon="-74.0495450">
    <ele>2.6</ele>
    <time>2026-01-14T22:10:28Z</time>
   </trkpt>
   <trkpt lat="40.7295130" lon="-74.0496080">
    <ele>2.6</ele>
    <time>2026-01-14T22:10:29Z</time>
   </trkpt>
   <trkpt lat="40.7295060" lon="-74.0496670">
    <ele>2.6</ele>
    <time>2026-01-14T22:10:30Z</time>
   </trkpt>
   <trkpt lat="40.7295130" lon="-74.0497340">
    <ele>2.6</ele>
    <time>2026-01-14T22:10:31Z</time>
   </trkpt>
   <trkpt lat="40.7295140" lon="-74.0497990">
    <ele>2.6</ele>
    <time>2026-01-14T22:10:32Z</time>
   </trkpt>
   <trkpt lat="40.7295030" lon="-74.0498640">
    <ele>2.6</ele>
    <time>2026-01-14T22:10:33Z</time>
   </trkpt>
   <trkpt lat="40.7294950" lon="-74.0499180">
    <ele>2.6</ele>
    <time>2026-01-14T22:10:34Z</time>
   </trkpt>
   <trkpt lat="40.7294760" lon="-74.0499700">
    <ele>2.6</ele>
    <time>2026-01-14T22:10:35Z</time>
   </trkpt>
   <trkpt lat="40.7294700" lon="-74.0499910">
    <ele>2.6</ele>
    <time>2026-01-14T22:10:36Z</time>
   </trkpt>
   <trkpt lat="40.7294440" lon="-74.0500050">
    <ele>2.6</ele>
    <time>2026-01-14T22:10:37Z</time>
   </trkpt>
   <trkpt lat="40.7294140" lon="-74.0499970">
    <ele>2.6</ele>
    <time>2026-01-14T22:10:38Z</time>
   </trkpt>
   <trkpt lat="40.7293780" lon="-74.0499990">
    <ele>2.6</ele>
    <time>2026-01-14T22:10:39Z</time>
   </trkpt>
   <trkpt lat="40.7293340" lon="-74.0499910">
    <ele>2.6</ele>
    <time>2026-01-14T22:10:40Z</time>
   </trkpt>
   <trkpt lat="40.7293050" lon="-74.0499800">
    <ele>2.6</ele>
    <time>2026-01-14T22:10:41Z</time>
   </trkpt>
   <trkpt lat="40.7292700" lon="-74.0499840">
    <ele>2.6</ele>
    <time>2026-01-14T22:10:42Z</time>
   </trkpt>
   <trkpt lat="40.7292400" lon="-74.0499630">
    <ele>2.6</ele>
    <time>2026-01-14T22:10:43Z</time>
   </trkpt>
   <trkpt lat="40.7292290" lon="-74.0499520">
    <ele>2.6</ele>
    <time>2026-01-14T22:10:44Z</time>
   </trkpt>
   <trkpt lat="40.7292080" lon="-74.0499360">
    <ele>2.6</ele>
    <time>2026-01-14T22:10:45Z</time>
   </trkpt>
   <trkpt lat="40.7292000" lon="-74.0499320">
    <ele>2.6</ele>
    <time>2026-01-14T22:10:46Z</time>
   </trkpt>
   <trkpt lat="40.7291910" lon="-74.0499270">
    <ele>2.6</ele>
    <time>2026-01-14T22:10:47Z</time>
   </trkpt>
   <trkpt lat="40.7291870" lon="-74.0499190">
    <ele>2.6</ele>
    <time>2026-01-14T22:10:48Z</time>
   </trkpt>
   <trkpt lat="40.7291760" lon="-74.0499140">
    <ele>2.6</ele>
    <time>2026-01-14T22:10:49Z</time>
   </trkpt>
   <trkpt lat="40.7291820" lon="-74.0499010">
    <ele>2.6</ele>
    <time>2026-01-14T22:10:50Z</time>
   </trkpt>
   <trkpt lat="40.7291760" lon="-74.0498910">
    <ele>2.6</ele>
    <time>2026-01-14T22:10:51Z</time>
   </trkpt>
   <trkpt lat="40.7291670" lon="-74.0498760">
    <ele>2.6</ele>
    <time>2026-01-14T22:10:52Z</time>
   </trkpt>
   <trkpt lat="40.7291660" lon="-74.0498700">
    <ele>2.6</ele>
    <time>2026-01-14T22:10:53Z</time>
   </trkpt>
   <trkpt lat="40.7291660" lon="-74.0498630">
    <ele>2.6</ele>
    <time>2026-01-14T22:10:54Z</time>
   </trkpt>
   <trkpt lat="40.7291650" lon="-74.0498560">
    <ele>2.6</ele>
    <time>2026-01-14T22:10:55Z</time>
   </trkpt>
   <trkpt lat="40.7291650" lon="-74.0498500">
    <ele>2.6</ele>
    <time>2026-01-14T22:10:56Z</time>
   </trkpt>
   <trkpt lat="40.7291640" lon="-74.0498430">
    <ele>2.6</ele>
    <time>2026-01-14T22:10:57Z</time>
   </trkpt>
   <trkpt lat="40.7291610" lon="-74.0498460">
    <ele>2.6</ele>
    <time>2026-01-14T22:10:58Z</time>
   </trkpt>
   <trkpt lat="40.7291490" lon="-74.0498290">
    <ele>2.6</ele>
    <time>2026-01-14T22:10:59Z</time>
   </trkpt>
   <trkpt lat="40.7291450" lon="-74.0498170">
    <ele>2.6</ele>
    <time>2026-01-14T22:11:00Z</time>
   </trkpt>
   <trkpt lat="40.7291490" lon="-74.0498180">
    <ele>2.6</ele>
    <time>2026-01-14T22:11:01Z</time>
   </trkpt>
   <trkpt lat="40.7291500" lon="-74.0498150">
    <ele>2.6</ele>
    <time>2026-01-14T22:11:02Z</time>
   </trkpt>
   <trkpt lat="40.7291510" lon="-74.0498110">
    <ele>2.6</ele>
    <time>2026-01-14T22:11:03Z</time>
   </trkpt>
   <trkpt lat="40.7291510" lon="-74.0498070">
    <ele>2.6</ele>
    <time>2026-01-14T22:11:04Z</time>
   </trkpt>
   <trkpt lat="40.7291520" lon="-74.0498040">
    <ele>2.6</ele>
    <time>2026-01-14T22:11:05Z</time>
   </trkpt>
   <trkpt lat="40.7291530" lon="-74.0498000">
    <ele>2.6</ele>
    <time>2026-01-14T22:11:06Z</time>
   </trkpt>
   <trkpt lat="40.7291540" lon="-74.0497970">
    <ele>2.6</ele>
    <time>2026-01-14T22:11:07Z</time>
   </trkpt>
   <trkpt lat="40.7291550" lon="-74.0497930">
    <ele>2.6</ele>
    <time>2026-01-14T22:11:08Z</time>
   </trkpt>
   <trkpt lat="40.7291560" lon="-74.0497890">
    <ele>2.6</ele>
    <time>2026-01-14T22:11:09Z</time>
   </trkpt>
   <trkpt lat="40.7291570" lon="-74.0497860">
    <ele>2.6</ele>
    <time>2026-01-14T22:11:10Z</time>
   </trkpt>
   <trkpt lat="40.7291570" lon="-74.0497820">
    <ele>2.6</ele>
    <time>2026-01-14T22:11:11Z</time>
   </trkpt>
   <trkpt lat="40.7291580" lon="-74.0497780">
    <ele>2.6</ele>
    <time>2026-01-14T22:11:12Z</time>
   </trkpt>
   <trkpt lat="40.7291590" lon="-74.0497750">
    <ele>2.6</ele>
    <time>2026-01-14T22:11:13Z</time>
   </trkpt>
   <trkpt lat="40.7291600" lon="-74.0497710">
    <ele>2.6</ele>
    <time>2026-01-14T22:11:14Z</time>
   </trkpt>
   <trkpt lat="40.7291610" lon="-74.0497630">
    <ele>2.6</ele>
    <time>2026-01-14T22:11:15Z</time>
   </trkpt>
   <trkpt lat="40.7291640" lon="-74.0497610">
    <ele>2.6</ele>
    <time>2026-01-14T22:11:16Z</time>
   </trkpt>
   <trkpt lat="40.7291650" lon="-74.0497670">
    <ele>2.6</ele>
    <time>2026-01-14T22:11:17Z</time>
   </trkpt>
   <trkpt lat="40.7291660" lon="-74.0497690">
    <ele>2.6</ele>
    <time>2026-01-14T22:11:18Z</time>
   </trkpt>
   <trkpt lat="40.7291660" lon="-74.0497690">
    <ele>2.6</ele>
    <time>2026-01-14T22:11:19Z</time>
   </trkpt>
   <trkpt lat="40.7291660" lon="-74.0497690">
    <ele>2.6</ele>
    <time>2026-01-14T22:11:20Z</time>
   </trkpt>
   <trkpt lat="40.7291660" lon="-74.0497690">
    <ele>2.6</ele>
    <time>2026-01-14T22:11:21Z</time>
   </trkpt>
   <trkpt lat="40.7291580" lon="-74.0497490">
    <ele>2.6</ele>
    <time>2026-01-14T22:11:22Z</time>
   </trkpt>
   <trkpt lat="40.7291600" lon="-74.0497500">
    <ele>2.6</ele>
    <time>2026-01-14T22:11:23Z</time>
   </trkpt>
   <trkpt lat="40.7291770" lon="-74.0497550">
    <ele>2.6</ele>
    <time>2026-01-14T22:11:24Z</time>
   </trkpt>
   <trkpt lat="40.7291810" lon="-74.0497570">
    <ele>2.6</ele>
    <time>2026-01-14T22:11:25Z</time>
   </trkpt>
   <trkpt lat="40.7291900" lon="-74.0497660">
    <ele>2.6</ele>
    <time>2026-01-14T22:11:26Z</time>
   </trkpt>
   <trkpt lat="40.7291770" lon="-74.0497630">
    <ele>2.6</ele>
    <time>2026-01-14T22:11:27Z</time>
   </trkpt>
   <trkpt lat="40.7291750" lon="-74.0497640">
    <ele>2.6</ele>
    <time>2026-01-14T22:11:28Z</time>
   </trkpt>
   <trkpt lat="40.7291740" lon="-74.0497630">
    <ele>2.6</ele>
    <time>2026-01-14T22:11:29Z</time>
   </trkpt>
   <trkpt lat="40.7291740" lon="-74.0497630">
    <ele>2.6</ele>
    <time>2026-01-14T22:11:30Z</time>
   </trkpt>
   <trkpt lat="40.7291850" lon="-74.0497430">
    <ele>2.6</ele>
    <time>2026-01-14T22:11:31Z</time>
   </trkpt>
   <trkpt lat="40.7291830" lon="-74.0497430">
    <ele>2.6</ele>
    <time>2026-01-14T22:11:32Z</time>
   </trkpt>
   <trkpt lat="40.7291880" lon="-74.0497280">
    <ele>2.6</ele>
    <time>2026-01-14T22:11:33Z</time>
   </trkpt>
   <trkpt lat="40.7291870" lon="-74.0497300">
    <ele>2.6</ele>
    <time>2026-01-14T22:11:34Z</time>
   </trkpt>
   <trkpt lat="40.7291870" lon="-74.0497300">
    <ele>2.6</ele>
    <time>2026-01-14T22:11:35Z</time>
   </trkpt>
   <trkpt lat="40.7291910" lon="-74.0497200">
    <ele>2.6</ele>
    <time>2026-01-14T22:11:36Z</time>
   </trkpt>
   <trkpt lat="40.7291890" lon="-74.0497230">
    <ele>2.6</ele>
    <time>2026-01-14T22:11:37Z</time>
   </trkpt>
   <trkpt lat="40.7291870" lon="-74.0497200">
    <ele>2.6</ele>
    <time>2026-01-14T22:11:38Z</time>
   </trkpt>
   <trkpt lat="40.7291960" lon="-74.0497210">
    <ele>2.6</ele>
    <time>2026-01-14T22:11:39Z</time>
   </trkpt>
   <trkpt lat="40.7291890" lon="-74.0497260">
    <ele>2.6</ele>
    <time>2026-01-14T22:11:40Z</time>
   </trkpt>
   <trkpt lat="40.7291630" lon="-74.0497200">
    <ele>2.6</ele>
    <time>2026-01-14T22:11:41Z</time>
   </trkpt>
   <trkpt lat="40.7291550" lon="-74.0497120">
    <ele>2.6</ele>
    <time>2026-01-14T22:11:42Z</time>
   </trkpt>
   <trkpt lat="40.7291560" lon="-74.0497170">
    <ele>2.6</ele>
    <time>2026-01-14T22:11:43Z</time>
   </trkpt>
   <trkpt lat="40.7291540" lon="-74.0497160">
    <ele>2.6</ele>
    <time>2026-01-14T22:11:44Z</time>
   </trkpt>
   <trkpt lat="40.7291600" lon="-74.0497190">
    <ele>2.6</ele>
    <time>2026-01-14T22:11:45Z</time>
   </trkpt>
   <trkpt lat="40.7291530" lon="-74.0497200">
    <ele>2.6</ele>
    <time>2026-01-14T22:11:46Z</time>
   </trkpt>
   <trkpt lat="40.7291560" lon="-74.0497150">
    <ele>2.6</ele>
    <time>2026-01-14T22:11:47Z</time>
   </trkpt>
   <trkpt lat="40.7291700" lon="-74.0497120">
    <ele>2.6</ele>
    <time>2026-01-14T22:11:48Z</time>
   </trkpt>
   <trkpt lat="40.7291760" lon="-74.0497180">
    <ele>2.6</ele>
    <time>2026-01-14T22:11:49Z</time>
   </trkpt>
   <trkpt lat="40.7291820" lon="-74.0497180">
    <ele>2.6</ele>
    <time>2026-01-14T22:11:50Z</time>
   </trkpt>
   <trkpt lat="40.7291750" lon="-74.0497210">
    <ele>2.6</ele>
    <time>2026-01-14T22:11:51Z</time>
   </trkpt>
   <trkpt lat="40.7291780" lon="-74.0497240">
    <ele>2.6</ele>
    <time>2026-01-14T22:11:52Z</time>
   </trkpt>
   <trkpt lat="40.7291780" lon="-74.0497270">
    <ele>2.6</ele>
    <time>2026-01-14T22:11:53Z</time>
   </trkpt>
   <trkpt lat="40.7291770" lon="-74.0497250">
    <ele>2.6</ele>
    <time>2026-01-14T22:11:54Z</time>
   </trkpt>
   <trkpt lat="40.7291780" lon="-74.0497250">
    <ele>2.6</ele>
    <time>2026-01-14T22:11:55Z</time>
   </trkpt>
   <trkpt lat="40.7291810" lon="-74.0497190">
    <ele>2.6</ele>
    <time>2026-01-14T22:11:56Z</time>
   </trkpt>
   <trkpt lat="40.7291870" lon="-74.0497160">
    <ele>2.6</ele>
    <time>2026-01-14T22:11:57Z</time>
   </trkpt>
   <trkpt lat="40.7291810" lon="-74.0497210">
    <ele>2.6</ele>
    <time>2026-01-14T22:11:58Z</time>
   </trkpt>
   <trkpt lat="40.7291760" lon="-74.0497210">
    <ele>2.6</ele>
    <time>2026-01-14T22:11:59Z</time>
   </trkpt>
   <trkpt lat="40.7291720" lon="-74.0497270">
    <ele>2.6</ele>
    <time>2026-01-14T22:12:00Z</time>
   </trkpt>
   <trkpt lat="40.7291700" lon="-74.0497360">
    <ele>2.6</ele>
    <time>2026-01-14T22:12:01Z</time>
   </trkpt>
   <trkpt lat="40.7291690" lon="-74.0497380">
    <ele>2.6</ele>
    <time>2026-01-14T22:12:02Z</time>
   </trkpt>
   <trkpt lat="40.7291690" lon="-74.0497380">
    <ele>2.6</ele>
    <time>2026-01-14T22:12:03Z</time>
   </trkpt>
   <trkpt lat="40.7291690" lon="-74.0497380">
    <ele>2.6</ele>
    <time>2026-01-14T22:12:04Z</time>
   </trkpt>
   <trkpt lat="40.7291690" lon="-74.0497380">
    <ele>2.6</ele>
    <time>2026-01-14T22:12:05Z</time>
   </trkpt>
   <trkpt lat="40.7291690" lon="-74.0497380">
    <ele>2.6</ele>
    <time>2026-01-14T22:12:06Z</time>
   </trkpt>
   <trkpt lat="40.7291760" lon="-74.0497500">
    <ele>2.6</ele>
    <time>2026-01-14T22:12:07Z</time>
   </trkpt>
   <trkpt lat="40.7291770" lon="-74.0497530">
    <ele>2.6</ele>
    <time>2026-01-14T22:12:08Z</time>
   </trkpt>
   <trkpt lat="40.7291790" lon="-74.0497530">
    <ele>2.6</ele>
    <time>2026-01-14T22:12:09Z</time>
   </trkpt>
   <trkpt lat="40.7291820" lon="-74.0497550">
    <ele>2.6</ele>
    <time>2026-01-14T22:12:10Z</time>
   </trkpt>
   <trkpt lat="40.7291740" lon="-74.0497630">
    <ele>2.6</ele>
    <time>2026-01-14T22:12:11Z</time>
   </trkpt>
   <trkpt lat="40.7291750" lon="-74.0497640">
    <ele>2.6</ele>
    <time>2026-01-14T22:12:12Z</time>
   </trkpt>
   <trkpt lat="40.7291720" lon="-74.0497670">
    <ele>2.6</ele>
    <time>2026-01-14T22:12:13Z</time>
   </trkpt>
   <trkpt lat="40.7291660" lon="-74.0497670">
    <ele>2.6</ele>
    <time>2026-01-14T22:12:14Z</time>
   </trkpt>
   <trkpt lat="40.7291630" lon="-74.0497660">
    <ele>2.6</ele>
    <time>2026-01-14T22:12:15Z</time>
   </trkpt>
   <trkpt lat="40.7291630" lon="-74.0497690">
    <ele>2.6</ele>
    <time>2026-01-14T22:12:16Z</time>
   </trkpt>
   <trkpt lat="40.7291610" lon="-74.0497650">
    <ele>2.6</ele>
    <time>2026-01-14T22:12:17Z</time>
   </trkpt>
   <trkpt lat="40.7291530" lon="-74.0497680">
    <ele>2.6</ele>
    <time>2026-01-14T22:12:18Z</time>
   </trkpt>
   <trkpt lat="40.7291500" lon="-74.0497700">
    <ele>2.6</ele>
    <time>2026-01-14T22:12:19Z</time>
   </trkpt>
   <trkpt lat="40.7291510" lon="-74.0497700">
    <ele>2.6</ele>
    <time>2026-01-14T22:12:20Z</time>
   </trkpt>
   <trkpt lat="40.7291540" lon="-74.0497730">
    <ele>2.6</ele>
    <time>2026-01-14T22:12:21Z</time>
   </trkpt>
   <trkpt lat="40.7291650" lon="-74.0497740">
    <ele>2.6</ele>
    <time>2026-01-14T22:12:22Z</time>
   </trkpt>
   <trkpt lat="40.7291620" lon="-74.0497790">
    <ele>2.6</ele>
    <time>2026-01-14T22:12:23Z</time>
   </trkpt>
   <trkpt lat="40.7291530" lon="-74.0497730">
    <ele>2.6</ele>
    <time>2026-01-14T22:12:24Z</time>
   </trkpt>
   <trkpt lat="40.7291390" lon="-74.0497630">
    <ele>2.6</ele>
    <time>2026-01-14T22:12:25Z</time>
   </trkpt>
   <trkpt lat="40.7291330" lon="-74.0497600">
    <ele>2.6</ele>
    <time>2026-01-14T22:12:26Z</time>
   </trkpt>
   <trkpt lat="40.7291170" lon="-74.0497580">
    <ele>2.6</ele>
    <time>2026-01-14T22:12:27Z</time>
   </trkpt>
   <trkpt lat="40.7291020" lon="-74.0497530">
    <ele>2.6</ele>
    <time>2026-01-14T22:12:28Z</time>
   </trkpt>
   <trkpt lat="40.7290890" lon="-74.0497620">
    <ele>2.6</ele>
    <time>2026-01-14T22:12:29Z</time>
   </trkpt>
   <trkpt lat="40.7290770" lon="-74.0497470">
    <ele>2.6</ele>
    <time>2026-01-14T22:12:30Z</time>
   </trkpt>
   <trkpt lat="40.7290760" lon="-74.0497410">
    <ele>2.6</ele>
    <time>2026-01-14T22:12:31Z</time>
   </trkpt>
   <trkpt lat="40.7290790" lon="-74.0497730">
    <ele>2.6</ele>
    <time>2026-01-14T22:12:32Z</time>
   </trkpt>
   <trkpt lat="40.7290640" lon="-74.0497820">
    <ele>2.6</ele>
    <time>2026-01-14T22:12:33Z</time>
   </trkpt>
   <trkpt lat="40.7290420" lon="-74.0497850">
    <ele>2.6</ele>
    <time>2026-01-14T22:12:34Z</time>
   </trkpt>
   <trkpt lat="40.7290360" lon="-74.0497850">
    <ele>2.6</ele>
    <time>2026-01-14T22:12:35Z</time>
   </trkpt>
   <trkpt lat="40.7290230" lon="-74.0497760">
    <ele>2.6</ele>
    <time>2026-01-14T22:12:36Z</time>
   </trkpt>
   <trkpt lat="40.7290170" lon="-74.0497630">
    <ele>2.6</ele>
    <time>2026-01-14T22:12:37Z</time>
   </trkpt>
   <trkpt lat="40.7290150" lon="-74.0497640">
    <ele>2.6</ele>
    <time>2026-01-14T22:12:38Z</time>
   </trkpt>
   <trkpt lat="40.7290230" lon="-74.0497770">
    <ele>2.6</ele>
    <time>2026-01-14T22:12:39Z</time>
   </trkpt>
   <trkpt lat="40.7290200" lon="-74.0497840">
    <ele>2.6</ele>
    <time>2026-01-14T22:12:40Z</time>
   </trkpt>
   <trkpt lat="40.7290220" lon="-74.0497780">
    <ele>2.6</ele>
    <time>2026-01-14T22:12:41Z</time>
   </trkpt>
   <trkpt lat="40.7290290" lon="-74.0497930">
    <ele>2.6</ele>
    <time>2026-01-14T22:12:42Z</time>
   </trkpt>
   <trkpt lat="40.7290200" lon="-74.0497880">
    <ele>2.6</ele>
    <time>2026-01-14T22:12:43Z</time>
   </trkpt>
   <trkpt lat="40.7290200" lon="-74.0497900">
    <ele>2.6</ele>
    <time>2026-01-14T22:12:44Z</time>
   </trkpt>
   <trkpt lat="40.7290200" lon="-74.0497910">
    <ele>2.6</ele>
    <time>2026-01-14T22:12:45Z</time>
   </trkpt>
   <trkpt lat="40.7290110" lon="-74.0497860">
    <ele>2.6</ele>
    <time>2026-01-14T22:12:46Z</time>
   </trkpt>
   <trkpt lat="40.7290130" lon="-74.0497910">
    <ele>2.6</ele>
    <time>2026-01-14T22:12:47Z</time>
   </trkpt>
   <trkpt lat="40.7290150" lon="-74.0497890">
    <ele>2.6</ele>
    <time>2026-01-14T22:12:48Z</time>
   </trkpt>
   <trkpt lat="40.7290170" lon="-74.0497880">
    <ele>2.6</ele>
    <time>2026-01-14T22:12:49Z</time>
   </trkpt>
   <trkpt lat="40.7290180" lon="-74.0497830">
    <ele>2.6</ele>
    <time>2026-01-14T22:12:50Z</time>
   </trkpt>
   <trkpt lat="40.7290170" lon="-74.0497960">
    <ele>2.6</ele>
    <time>2026-01-14T22:12:51Z</time>
   </trkpt>
   <trkpt lat="40.7290150" lon="-74.0497950">
    <ele>2.6</ele>
    <time>2026-01-14T22:12:52Z</time>
   </trkpt>
   <trkpt lat="40.7290110" lon="-74.0497940">
    <ele>2.6</ele>
    <time>2026-01-14T22:12:53Z</time>
   </trkpt>
   <trkpt lat="40.7290120" lon="-74.0497950">
    <ele>2.6</ele>
    <time>2026-01-14T22:12:54Z</time>
   </trkpt>
   <trkpt lat="40.7290120" lon="-74.0497950">
    <ele>2.6</ele>
    <time>2026-01-14T22:12:55Z</time>
   </trkpt>
   <trkpt lat="40.7290160" lon="-74.0498010">
    <ele>2.6</ele>
    <time>2026-01-14T22:12:56Z</time>
   </trkpt>
   <trkpt lat="40.7290140" lon="-74.0498020">
    <ele>2.6</ele>
    <time>2026-01-14T22:12:57Z</time>
   </trkpt>
   <trkpt lat="40.7290120" lon="-74.0498010">
    <ele>2.6</ele>
    <time>2026-01-14T22:12:58Z</time>
   </trkpt>
   <trkpt lat="40.7290250" lon="-74.0498750">
    <ele>2.5</ele>
    <time>2026-01-14T22:12:59Z</time>
   </trkpt>
   <trkpt lat="40.7290400" lon="-74.0499520">
    <ele>2.5</ele>
    <time>2026-01-14T22:13:01Z</time>
   </trkpt>
   <trkpt lat="40.7290540" lon="-74.0500300">
    <ele>2.3</ele>
    <time>2026-01-14T22:13:08Z</time>
   </trkpt>
   <trkpt lat="40.7290690" lon="-74.0501080">
    <ele>2.4</ele>
    <time>2026-01-14T22:13:34Z</time>
   </trkpt>
   <trkpt lat="40.7290830" lon="-74.0501850">
    <ele>2.5</ele>
    <time>2026-01-14T22:14:08Z</time>
   </trkpt>
   <trkpt lat="40.7290980" lon="-74.0502630">
    <ele>2.5</ele>
    <time>2026-01-14T22:14:35Z</time>
   </trkpt>
   <trkpt lat="40.7291120" lon="-74.0503410">
    <ele>2.5</ele>
    <time>2026-01-14T22:14:37Z</time>
   </trkpt>
   <trkpt lat="40.7291270" lon="-74.0504180">
    <ele>2.5</ele>
    <time>2026-01-14T22:14:39Z</time>
   </trkpt>
   <trkpt lat="40.7291410" lon="-74.0504960">
    <ele>2.5</ele>
    <time>2026-01-14T22:14:41Z</time>
   </trkpt>
   <trkpt lat="40.7291560" lon="-74.0505740">
    <ele>2.5</ele>
    <time>2026-01-14T22:15:04Z</time>
   </trkpt>
   <trkpt lat="40.7291700" lon="-74.0506510">
    <ele>2.6</ele>
    <time>2026-01-14T22:15:26Z</time>
   </trkpt>
   <trkpt lat="40.7291850" lon="-74.0507290">
    <ele>2.7</ele>
    <time>2026-01-14T22:15:47Z</time>
   </trkpt>
   <trkpt lat="40.7291990" lon="-74.0508070">
    <ele>2.8</ele>
    <time>2026-01-14T22:15:48Z</time>
   </trkpt>
   <trkpt lat="40.7292140" lon="-74.0508840">
    <ele>3.1</ele>
    <time>2026-01-14T22:15:49Z</time>
   </trkpt>
   <trkpt lat="40.7292280" lon="-74.0509620">
    <ele>3.1</ele>
    <time>2026-01-14T22:15:50Z</time>
   </trkpt>
   <trkpt lat="40.7292270" lon="-74.0509730">
    <ele>3.1</ele>
    <time>2026-01-14T22:15:51Z</time>
   </trkpt>
   <trkpt lat="40.7292240" lon="-74.0509760">
    <ele>3.1</ele>
    <time>2026-01-14T22:15:52Z</time>
   </trkpt>
   <trkpt lat="40.7292180" lon="-74.0509730">
    <ele>3.1</ele>
    <time>2026-01-14T22:15:53Z</time>
   </trkpt>
   <trkpt lat="40.7292170" lon="-74.0509510">
    <ele>3.1</ele>
    <time>2026-01-14T22:15:54Z</time>
   </trkpt>
   <trkpt lat="40.7292150" lon="-74.0509400">
    <ele>3.2</ele>
    <time>2026-01-14T22:15:55Z</time>
   </trkpt>
   <trkpt lat="40.7292150" lon="-74.0509360">
    <ele>3.2</ele>
    <time>2026-01-14T22:15:56Z</time>
   </trkpt>
   <trkpt lat="40.7292080" lon="-74.0509290">
    <ele>3.0</ele>
    <time>2026-01-14T22:15:57Z</time>
   </trkpt>
   <trkpt lat="40.7292240" lon="-74.0509890">
    <ele>3.1</ele>
    <time>2026-01-14T22:16:00Z</time>
   </trkpt>
   <trkpt lat="40.7292240" lon="-74.0509880">
    <ele>3.1</ele>
    <time>2026-01-14T22:16:01Z</time>
   </trkpt>
   <trkpt lat="40.7292240" lon="-74.0509960">
    <ele>3.1</ele>
    <time>2026-01-14T22:16:02Z</time>
   </trkpt>
   <trkpt lat="40.7292310" lon="-74.0510270">
    <ele>3.1</ele>
    <time>2026-01-14T22:16:03Z</time>
   </trkpt>
   <trkpt lat="40.7292330" lon="-74.0510440">
    <ele>3.0</ele>
    <time>2026-01-14T22:16:04Z</time>
   </trkpt>
   <trkpt lat="40.7292340" lon="-74.0510530">
    <ele>3.0</ele>
    <time>2026-01-14T22:16:05Z</time>
   </trkpt>
   <trkpt lat="40.7292320" lon="-74.0510590">
    <ele>3.0</ele>
    <time>2026-01-14T22:16:06Z</time>
   </trkpt>
   <trkpt lat="40.7292300" lon="-74.0510620">
    <ele>3.0</ele>
    <time>2026-01-14T22:16:08Z</time>
   </trkpt>
   <trkpt lat="40.7292280" lon="-74.0510630">
    <ele>3.0</ele>
    <time>2026-01-14T22:16:09Z</time>
   </trkpt>
   <trkpt lat="40.7292260" lon="-74.0510630">
    <ele>3.0</ele>
    <time>2026-01-14T22:16:10Z</time>
   </trkpt>
   <trkpt lat="40.7292280" lon="-74.0510590">
    <ele>3.0</ele>
    <time>2026-01-14T22:16:18Z</time>
   </trkpt>
   <trkpt lat="40.7292390" lon="-74.0510290">
    <ele>3.0</ele>
    <time>2026-01-14T22:16:19Z</time>
   </trkpt>
   <trkpt lat="40.7293600" lon="-74.0510300">
    <ele>3.9</ele>
    <time>2026-01-14T22:16:20Z</time>
   </trkpt>
   <trkpt lat="40.7293800" lon="-74.0510500">
    <ele>3.9</ele>
    <time>2026-01-14T22:16:21Z</time>
   </trkpt>
   <trkpt lat="40.7294020" lon="-74.0510600">
    <ele>3.9</ele>
    <time>2026-01-14T22:16:22Z</time>
   </trkpt>
   <trkpt lat="40.7294250" lon="-74.0510690">
    <ele>3.8</ele>
    <time>2026-01-14T22:16:23Z</time>
   </trkpt>
   <trkpt lat="40.7294370" lon="-74.0510720">
    <ele>3.8</ele>
    <time>2026-01-14T22:16:24Z</time>
   </trkpt>
   <trkpt lat="40.7294360" lon="-74.0510700">
    <ele>3.8</ele>
    <time>2026-01-14T22:16:25Z</time>
   </trkpt>
   <trkpt lat="40.7294520" lon="-74.0510730">
    <ele>3.8</ele>
    <time>2026-01-14T22:16:26Z</time>
   </trkpt>
   <trkpt lat="40.7294620" lon="-74.0510770">
    <ele>3.8</ele>
    <time>2026-01-14T22:16:27Z</time>
   </trkpt>
   <trkpt lat="40.7294670" lon="-74.0510780">
    <ele>3.8</ele>
    <time>2026-01-14T22:16:28Z</time>
   </trkpt>
   <trkpt lat="40.7294660" lon="-74.0510640">
    <ele>3.8</ele>
    <time>2026-01-14T22:16:29Z</time>
   </trkpt>
   <trkpt lat="40.7294670" lon="-74.0510550">
    <ele>3.8</ele>
    <time>2026-01-14T22:16:30Z</time>
   </trkpt>
   <trkpt lat="40.7294690" lon="-74.0510470">
    <ele>3.8</ele>
    <time>2026-01-14T22:16:31Z</time>
   </trkpt>
   <trkpt lat="40.7294700" lon="-74.0510380">
    <ele>3.8</ele>
    <time>2026-01-14T22:16:32Z</time>
   </trkpt>
   <trkpt lat="40.7294710" lon="-74.0510290">
    <ele>3.8</ele>
    <time>2026-01-14T22:16:33Z</time>
   </trkpt>
   <trkpt lat="40.7294720" lon="-74.0510200">
    <ele>3.7</ele>
    <time>2026-01-14T22:16:34Z</time>
   </trkpt>
   <trkpt lat="40.7294730" lon="-74.0510150">
    <ele>3.7</ele>
    <time>2026-01-14T22:16:35Z</time>
   </trkpt>
   <trkpt lat="40.7294730" lon="-74.0510140">
    <ele>3.7</ele>
    <time>2026-01-14T22:16:36Z</time>
   </trkpt>
   <trkpt lat="40.7294750" lon="-74.0509960">
    <ele>3.7</ele>
    <time>2026-01-14T22:16:37Z</time>
   </trkpt>
   <trkpt lat="40.7294720" lon="-74.0510080">
    <ele>3.7</ele>
    <time>2026-01-14T22:16:38Z</time>
   </trkpt>
   <trkpt lat="40.7294770" lon="-74.0509930">
    <ele>3.7</ele>
    <time>2026-01-14T22:16:39Z</time>
   </trkpt>
   <trkpt lat="40.7294830" lon="-74.0509770">
    <ele>3.6</ele>
    <time>2026-01-14T22:16:40Z</time>
   </trkpt>
   <trkpt lat="40.7294700" lon="-74.0510280">
    <ele>3.8</ele>
    <time>2026-01-14T22:16:41Z</time>
   </trkpt>
   <trkpt lat="40.7294530" lon="-74.0510870">
    <ele>3.8</ele>
    <time>2026-01-14T22:16:42Z</time>
   </trkpt>
   <trkpt lat="40.7294370" lon="-74.0511450">
    <ele>3.8</ele>
    <time>2026-01-14T22:16:43Z</time>
   </trkpt>
   <trkpt lat="40.7294380" lon="-74.0511460">
    <ele>3.7</ele>
    <time>2026-01-14T22:16:44Z</time>
   </trkpt>
   <trkpt lat="40.7294360" lon="-74.0511410">
    <ele>3.8</ele>
    <time>2026-01-14T22:16:45Z</time>
   </trkpt>
   <trkpt lat="40.7294430" lon="-74.0511230">
    <ele>3.7</ele>
    <time>2026-01-14T22:16:46Z</time>
   </trkpt>
   <trkpt lat="40.7294370" lon="-74.0511340">
    <ele>3.8</ele>
    <time>2026-01-14T22:16:47Z</time>
   </trkpt>
   <trkpt lat="40.7294370" lon="-74.0511350">
    <ele>3.8</ele>
    <time>2026-01-14T22:16:48Z</time>
   </trkpt>
   <trkpt lat="40.7294240" lon="-74.0511650">
    <ele>3.7</ele>
    <time>2026-01-14T22:16:49Z</time>
   </trkpt>
   <trkpt lat="40.7294390" lon="-74.0511640">
    <ele>3.6</ele>
    <time>2026-01-14T22:16:50Z</time>
   </trkpt>
   <trkpt lat="40.7294350" lon="-74.0511740">
    <ele>3.7</ele>
    <time>2026-01-14T22:16:51Z</time>
   </trkpt>
   <trkpt lat="40.7294340" lon="-74.0511720">
    <ele>3.7</ele>
    <time>2026-01-14T22:16:52Z</time>
   </trkpt>
   <trkpt lat="40.7294280" lon="-74.0511840">
    <ele>3.7</ele>
    <time>2026-01-14T22:16:53Z</time>
   </trkpt>
   <trkpt lat="40.7294230" lon="-74.0511860">
    <ele>3.7</ele>
    <time>2026-01-14T22:16:54Z</time>
   </trkpt>
   <trkpt lat="40.7294190" lon="-74.0511960">
    <ele>3.7</ele>
    <time>2026-01-14T22:16:55Z</time>
   </trkpt>
   <trkpt lat="40.7294170" lon="-74.0511980">
    <ele>3.7</ele>
    <time>2026-01-14T22:16:56Z</time>
   </trkpt>
   <trkpt lat="40.7294150" lon="-74.0511990">
    <ele>3.8</ele>
    <time>2026-01-14T22:16:57Z</time>
   </trkpt>
   <trkpt lat="40.7294140" lon="-74.0512000">
    <ele>3.8</ele>
    <time>2026-01-14T22:16:58Z</time>
   </trkpt>
   <trkpt lat="40.7294140" lon="-74.0512010">
    <ele>3.8</ele>
    <time>2026-01-14T22:16:59Z</time>
   </trkpt>
   <trkpt lat="40.7294140" lon="-74.0512030">
    <ele>3.8</ele>
    <time>2026-01-14T22:17:00Z</time>
   </trkpt>
   <trkpt lat="40.7294110" lon="-74.0512480">
    <ele>4.0</ele>
    <time>2026-01-14T22:17:02Z</time>
   </trkpt>
   <trkpt lat="40.7294110" lon="-74.0512480">
    <ele>4.0</ele>
    <time>2026-01-14T22:17:03Z</time>
   </trkpt>
   <trkpt lat="40.7294110" lon="-74.0512480">
    <ele>4.0</ele>
    <time>2026-01-14T22:17:04Z</time>
   </trkpt>
   <trkpt lat="40.7294100" lon="-74.0512550">
    <ele>4.0</ele>
    <time>2026-01-14T22:17:05Z</time>
   </trkpt>
   <trkpt lat="40.7294090" lon="-74.0512620">
    <ele>4.0</ele>
    <time>2026-01-14T22:17:06Z</time>
   </trkpt>
   <trkpt lat="40.7294080" lon="-74.0512680">
    <ele>4.0</ele>
    <time>2026-01-14T22:17:07Z</time>
   </trkpt>
   <trkpt lat="40.7294080" lon="-74.0512700">
    <ele>4.0</ele>
    <time>2026-01-14T22:17:08Z</time>
   </trkpt>
   <trkpt lat="40.7294080" lon="-74.0512720">
    <ele>4.0</ele>
    <time>2026-01-14T22:17:09Z</time>
   </trkpt>
   <trkpt lat="40.7294070" lon="-74.0512740">
    <ele>4.0</ele>
    <time>2026-01-14T22:17:10Z</time>
   </trkpt>
   <trkpt lat="40.7294050" lon="-74.0512870">
    <ele>4.0</ele>
    <time>2026-01-14T22:17:11Z</time>
   </trkpt>
   <trkpt lat="40.7294110" lon="-74.0512910">
    <ele>3.9</ele>
    <time>2026-01-14T22:17:12Z</time>
   </trkpt>
   <trkpt lat="40.7294160" lon="-74.0512950">
    <ele>3.9</ele>
    <time>2026-01-14T22:17:13Z</time>
   </trkpt>
   <trkpt lat="40.7294130" lon="-74.0512950">
    <ele>3.9</ele>
    <time>2026-01-14T22:17:14Z</time>
   </trkpt>
   <trkpt lat="40.7294080" lon="-74.0512920">
    <ele>3.9</ele>
    <time>2026-01-14T22:17:15Z</time>
   </trkpt>
   <trkpt lat="40.7294020" lon="-74.0512900">
    <ele>4.0</ele>
    <time>2026-01-14T22:17:16Z</time>
   </trkpt>
   <trkpt lat="40.7293970" lon="-74.0512880">
    <ele>4.0</ele>
    <time>2026-01-14T22:17:17Z</time>
   </trkpt>
   <trkpt lat="40.7293910" lon="-74.0512850">
    <ele>4.0</ele>
    <time>2026-01-14T22:17:18Z</time>
   </trkpt>
   <trkpt lat="40.7293860" lon="-74.0512830">
    <ele>4.0</ele>
    <time>2026-01-14T22:17:19Z</time>
   </trkpt>
   <trkpt lat="40.7293800" lon="-74.0512810">
    <ele>4.0</ele>
    <time>2026-01-14T22:17:20Z</time>
   </trkpt>
   <trkpt lat="40.7293750" lon="-74.0512780">
    <ele>4.0</ele>
    <time>2026-01-14T22:17:21Z</time>
   </trkpt>
   <trkpt lat="40.7293690" lon="-74.0512760">
    <ele>3.8</ele>
    <time>2026-01-14T22:17:22Z</time>
   </trkpt>
   <trkpt lat="40.7293530" lon="-74.0512550">
    <ele>3.8</ele>
    <time>2026-01-14T22:17:23Z</time>
   </trkpt>
   <trkpt lat="40.7293440" lon="-74.0512400">
    <ele>3.9</ele>
    <time>2026-01-14T22:17:24Z</time>
   </trkpt>
   <trkpt lat="40.7293350" lon="-74.0512300">
    <ele>3.7</ele>
    <time>2026-01-14T22:17:26Z</time>
   </trkpt>
   <trkpt lat="40.7293550" lon="-74.0511790">
    <ele>4.0</ele>
    <time>2026-01-14T22:17:31Z</time>
   </trkpt>
   <trkpt lat="40.7293560" lon="-74.0511640">
    <ele>4.0</ele>
    <time>2026-01-14T22:17:32Z</time>
   </trkpt>
   <trkpt lat="40.7293550" lon="-74.0511580">
    <ele>4.0</ele>
    <time>2026-01-14T22:17:33Z</time>
   </trkpt>
   <trkpt lat="40.7293530" lon="-74.0511550">
    <ele>4.1</ele>
    <time>2026-01-14T22:17:34Z</time>
   </trkpt>
   <trkpt lat="40.7293490" lon="-74.0511500">
    <ele>4.1</ele>
    <time>2026-01-14T22:17:35Z</time>
   </trkpt>
   <trkpt lat="40.7293480" lon="-74.0511490">
    <ele>4.1</ele>
    <time>2026-01-14T22:17:36Z</time>
   </trkpt>
   <trkpt lat="40.7293430" lon="-74.0511470">
    <ele>4.1</ele>
    <time>2026-01-14T22:17:37Z</time>
   </trkpt>
   <trkpt lat="40.7293330" lon="-74.0511490">
    <ele>4.0</ele>
    <time>2026-01-14T22:17:38Z</time>
   </trkpt>
   <trkpt lat="40.7293290" lon="-74.0511530">
    <ele>4.0</ele>
    <time>2026-01-14T22:17:39Z</time>
   </trkpt>
   <trkpt lat="40.7293250" lon="-74.0511570">
    <ele>3.9</ele>
    <time>2026-01-14T22:17:40Z</time>
   </trkpt>
   <trkpt lat="40.7293210" lon="-74.0511610">
    <ele>3.9</ele>
    <time>2026-01-14T22:17:41Z</time>
   </trkpt>
   <trkpt lat="40.7293170" lon="-74.0511650">
    <ele>3.9</ele>
    <time>2026-01-14T22:17:42Z</time>
   </trkpt>
   <trkpt lat="40.7293130" lon="-74.0511690">
    <ele>3.9</ele>
    <time>2026-01-14T22:17:43Z</time>
   </trkpt>
   <trkpt lat="40.7293090" lon="-74.0511730">
    <ele>3.9</ele>
    <time>2026-01-14T22:17:44Z</time>
   </trkpt>
   <trkpt lat="40.7293080" lon="-74.0511730">
    <ele>3.9</ele>
    <time>2026-01-14T22:17:45Z</time>
   </trkpt>
   <trkpt lat="40.7292980" lon="-74.0511760">
    <ele>3.5</ele>
    <time>2026-01-14T22:17:46Z</time>
   </trkpt>
   <trkpt lat="40.7292960" lon="-74.0511770">
    <ele>3.5</ele>
    <time>2026-01-14T22:17:47Z</time>
   </trkpt>
   <trkpt lat="40.7292920" lon="-74.0511800">
    <ele>3.5</ele>
    <time>2026-01-14T22:17:48Z</time>
   </trkpt>
   <trkpt lat="40.7292900" lon="-74.0511810">
    <ele>3.5</ele>
    <time>2026-01-14T22:17:49Z</time>
   </trkpt>
   <trkpt lat="40.7292900" lon="-74.0511810">
    <ele>3.5</ele>
    <time>2026-01-14T22:17:50Z</time>
   </trkpt>
   <trkpt lat="40.7292890" lon="-74.0511810">
    <ele>3.5</ele>
    <time>2026-01-14T22:17:51Z</time>
   </trkpt>
   <trkpt lat="40.7292890" lon="-74.0511820">
    <ele>3.5</ele>
    <time>2026-01-14T22:17:52Z</time>
   </trkpt>
   <trkpt lat="40.7292890" lon="-74.0511820">
    <ele>3.5</ele>
    <time>2026-01-14T22:17:53Z</time>
   </trkpt>
   <trkpt lat="40.7292880" lon="-74.0511820">
    <ele>3.5</ele>
    <time>2026-01-14T22:17:54Z</time>
   </trkpt>
   <trkpt lat="40.7293020" lon="-74.0511770">
    <ele>3.5</ele>
    <time>2026-01-14T22:17:55Z</time>
   </trkpt>
   <trkpt lat="40.7292990" lon="-74.0511790">
    <ele>3.5</ele>
    <time>2026-01-14T22:17:56Z</time>
   </trkpt>
   <trkpt lat="40.7292930" lon="-74.0511770">
    <ele>3.5</ele>
    <time>2026-01-14T22:17:57Z</time>
   </trkpt>
   <trkpt lat="40.7292760" lon="-74.0511880">
    <ele>3.5</ele>
    <time>2026-01-14T22:17:58Z</time>
   </trkpt>
   <trkpt lat="40.7292650" lon="-74.0511940">
    <ele>3.2</ele>
    <time>2026-01-14T22:17:59Z</time>
   </trkpt>
   <trkpt lat="40.7292560" lon="-74.0511980">
    <ele>3.2</ele>
    <time>2026-01-14T22:18:00Z</time>
   </trkpt>
   <trkpt lat="40.7292500" lon="-74.0512010">
    <ele>3.1</ele>
    <time>2026-01-14T22:18:01Z</time>
   </trkpt>
   <trkpt lat="40.7292450" lon="-74.0512030">
    <ele>3.1</ele>
    <time>2026-01-14T22:18:02Z</time>
   </trkpt>
   <trkpt lat="40.7292400" lon="-74.0511960">
    <ele>2.9</ele>
    <time>2026-01-14T22:18:03Z</time>
   </trkpt>
   <trkpt lat="40.7292370" lon="-74.0511950">
    <ele>2.9</ele>
    <time>2026-01-14T22:18:04Z</time>
   </trkpt>
   <trkpt lat="40.7292290" lon="-74.0511870">
    <ele>2.9</ele>
    <time>2026-01-14T22:18:05Z</time>
   </trkpt>
   <trkpt lat="40.7292230" lon="-74.0511820">
    <ele>2.9</ele>
    <time>2026-01-14T22:18:06Z</time>
   </trkpt>
   <trkpt lat="40.7292190" lon="-74.0511780">
    <ele>2.9</ele>
    <time>2026-01-14T22:18:07Z</time>
   </trkpt>
   <trkpt lat="40.7292170" lon="-74.0511770">
    <ele>2.9</ele>
    <time>2026-01-14T22:18:08Z</time>
   </trkpt>
   <trkpt lat="40.7292170" lon="-74.0511760">
    <ele>2.9</ele>
    <time>2026-01-14T22:18:09Z</time>
   </trkpt>
   <trkpt lat="40.7292170" lon="-74.0511760">
    <ele>2.9</ele>
    <time>2026-01-14T22:18:10Z</time>
   </trkpt>
   <trkpt lat="40.7292170" lon="-74.0511760">
    <ele>2.9</ele>
    <time>2026-01-14T22:18:11Z</time>
   </trkpt>
   <trkpt lat="40.7292170" lon="-74.0511750">
    <ele>2.9</ele>
    <time>2026-01-14T22:18:13Z</time>
   </trkpt>
   <trkpt lat="40.7292110" lon="-74.0511740">
    <ele>2.9</ele>
    <time>2026-01-14T22:18:14Z</time>
   </trkpt>
   <trkpt lat="40.7292130" lon="-74.0511780">
    <ele>2.9</ele>
    <time>2026-01-14T22:18:15Z</time>
   </trkpt>
   <trkpt lat="40.7292100" lon="-74.0511720">
    <ele>2.7</ele>
    <time>2026-01-14T22:18:16Z</time>
   </trkpt>
   <trkpt lat="40.7292100" lon="-74.0511720">
    <ele>2.7</ele>
    <time>2026-01-14T22:18:17Z</time>
   </trkpt>
   <trkpt lat="40.7292100" lon="-74.0511720">
    <ele>2.7</ele>
    <time>2026-01-14T22:18:18Z</time>
   </trkpt>
   <trkpt lat="40.7292100" lon="-74.0511720">
    <ele>2.7</ele>
    <time>2026-01-14T22:18:19Z</time>
   </trkpt>
   <trkpt lat="40.7292090" lon="-74.0511720">
    <ele>2.7</ele>
    <time>2026-01-14T22:18:20Z</time>
   </trkpt>
   <trkpt lat="40.7291940" lon="-74.0511890">
    <ele>2.7</ele>
    <time>2026-01-14T22:18:21Z</time>
   </trkpt>
   <trkpt lat="40.7291910" lon="-74.0511930">
    <ele>2.7</ele>
    <time>2026-01-14T22:18:22Z</time>
   </trkpt>
   <trkpt lat="40.7291880" lon="-74.0511970">
    <ele>2.7</ele>
    <time>2026-01-14T22:18:23Z</time>
   </trkpt>
   <trkpt lat="40.7291850" lon="-74.0512010">
    <ele>2.7</ele>
    <time>2026-01-14T22:18:24Z</time>
   </trkpt>
   <trkpt lat="40.7291810" lon="-74.0512050">
    <ele>2.7</ele>
    <time>2026-01-14T22:18:25Z</time>
   </trkpt>
   <trkpt lat="40.7291780" lon="-74.0512090">
    <ele>2.7</ele>
    <time>2026-01-14T22:18:26Z</time>
   </trkpt>
   <trkpt lat="40.7291750" lon="-74.0512130">
    <ele>2.6</ele>
    <time>2026-01-14T22:18:27Z</time>
   </trkpt>
   <trkpt lat="40.7291720" lon="-74.0512160">
    <ele>2.6</ele>
    <time>2026-01-14T22:18:28Z</time>
   </trkpt>
   <trkpt lat="40.7291690" lon="-74.0512200">
    <ele>2.6</ele>
    <time>2026-01-14T22:18:29Z</time>
   </trkpt>
   <trkpt lat="40.7291660" lon="-74.0512240">
    <ele>2.6</ele>
    <time>2026-01-14T22:18:30Z</time>
   </trkpt>
   <trkpt lat="40.7291620" lon="-74.0512280">
    <ele>2.6</ele>
    <time>2026-01-14T22:18:31Z</time>
   </trkpt>
   <trkpt lat="40.7291590" lon="-74.0512320">
    <ele>2.6</ele>
    <time>2026-01-14T22:18:32Z</time>
   </trkpt>
   <trkpt lat="40.7291560" lon="-74.0512360">
    <ele>2.6</ele>
    <time>2026-01-14T22:18:33Z</time>
   </trkpt>
   <trkpt lat="40.7291530" lon="-74.0512400">
    <ele>2.6</ele>
    <time>2026-01-14T22:18:34Z</time>
   </trkpt>
   <trkpt lat="40.7291370" lon="-74.0512560">
    <ele>2.5</ele>
    <time>2026-01-14T22:18:35Z</time>
   </trkpt>
   <trkpt lat="40.7291310" lon="-74.0512620">
    <ele>2.5</ele>
    <time>2026-01-14T22:18:36Z</time>
   </trkpt>
   <trkpt lat="40.7291260" lon="-74.0512670">
    <ele>2.5</ele>
    <time>2026-01-14T22:18:37Z</time>
   </trkpt>
   <trkpt lat="40.7291210" lon="-74.0512720">
    <ele>2.5</ele>
    <time>2026-01-14T22:18:38Z</time>
   </trkpt>
   <trkpt lat="40.7291160" lon="-74.0512770">
    <ele>2.5</ele>
    <time>2026-01-14T22:18:39Z</time>
   </trkpt>
   <trkpt lat="40.7291100" lon="-74.0512820">
    <ele>2.6</ele>
    <time>2026-01-14T22:18:40Z</time>
   </trkpt>
   <trkpt lat="40.7291050" lon="-74.0512870">
    <ele>2.6</ele>
    <time>2026-01-14T22:18:41Z</time>
   </trkpt>
   <trkpt lat="40.7291000" lon="-74.0512920">
    <ele>2.6</ele>
    <time>2026-01-14T22:18:42Z</time>
   </trkpt>
   <trkpt lat="40.7290870" lon="-74.0513030">
    <ele>2.6</ele>
    <time>2026-01-14T22:18:43Z</time>
   </trkpt>
   <trkpt lat="40.7290730" lon="-74.0513150">
    <ele>2.5</ele>
    <time>2026-01-14T22:18:44Z</time>
   </trkpt>
   <trkpt lat="40.7290540" lon="-74.0513300">
    <ele>2.6</ele>
    <time>2026-01-14T22:18:45Z</time>
   </trkpt>
   <trkpt lat="40.7290470" lon="-74.0513340">
    <ele>2.5</ele>
    <time>2026-01-14T22:18:46Z</time>
   </trkpt>
   <trkpt lat="40.7290410" lon="-74.0513390">
    <ele>2.5</ele>
    <time>2026-01-14T22:18:47Z</time>
   </trkpt>
   <trkpt lat="40.7290250" lon="-74.0513500">
    <ele>2.5</ele>
    <time>2026-01-14T22:18:48Z</time>
   </trkpt>
   <trkpt lat="40.7290100" lon="-74.0513580">
    <ele>2.4</ele>
    <time>2026-01-14T22:18:49Z</time>
   </trkpt>
   <trkpt lat="40.7289960" lon="-74.0513670">
    <ele>2.4</ele>
    <time>2026-01-14T22:18:50Z</time>
   </trkpt>
   <trkpt lat="40.7289830" lon="-74.0513750">
    <ele>2.4</ele>
    <time>2026-01-14T22:18:52Z</time>
   </trkpt>
   <trkpt lat="40.7289270" lon="-74.0512700">
    <ele>2.3</ele>
    <time>2026-01-14T22:19:00Z</time>
   </trkpt>
   <trkpt lat="40.7288400" lon="-74.0510430">
    <ele>2.1</ele>
    <time>2026-01-14T22:19:13Z</time>
   </trkpt>
   <trkpt lat="40.7287920" lon="-74.0508200">
    <ele>2.1</ele>
    <time>2026-01-14T22:19:30Z</time>
   </trkpt>
   <trkpt lat="40.7288060" lon="-74.0508440">
    <ele>2.1</ele>
    <time>2026-01-14T22:19:53Z</time>
   </trkpt>
   <trkpt lat="40.7288060" lon="-74.0508440">
    <ele>2.1</ele>
    <time>2026-01-14T22:19:54Z</time>
   </trkpt>
   <trkpt lat="40.7288100" lon="-74.0508480">
    <ele>2.1</ele>
    <time>2026-01-14T22:19:59Z</time>
   </trkpt>
   <trkpt lat="40.7288100" lon="-74.0508480">
    <ele>2.1</ele>
    <time>2026-01-14T22:20:00Z</time>
   </trkpt>
   <trkpt lat="40.7287890" lon="-74.0508390">
    <ele>2.1</ele>
    <time>2026-01-14T22:20:15Z</time>
   </trkpt>
   <trkpt lat="40.7287530" lon="-74.0507880">
    <ele>2.1</ele>
    <time>2026-01-14T22:20:21Z</time>
   </trkpt>
   <trkpt lat="40.7286600" lon="-74.0506250">
    <ele>2.1</ele>
    <time>2026-01-14T22:20:35Z</time>
   </trkpt>
   <trkpt lat="40.7286580" lon="-74.0505390">
    <ele>2.1</ele>
    <time>2026-01-14T22:20:36Z</time>
   </trkpt>
   <trkpt lat="40.7287320" lon="-74.0505650">
    <ele>2.1</ele>
    <time>2026-01-14T22:20:37Z</time>
   </trkpt>
   <trkpt lat="40.7288010" lon="-74.0505620">
    <ele>2.1</ele>
    <time>2026-01-14T22:20:38Z</time>
   </trkpt>
   <trkpt lat="40.7288430" lon="-74.0505760">
    <ele>2.1</ele>
    <time>2026-01-14T22:20:39Z</time>
   </trkpt>
   <trkpt lat="40.7288740" lon="-74.0506060">
    <ele>2.1</ele>
    <time>2026-01-14T22:20:40Z</time>
   </trkpt>
   <trkpt lat="40.7288810" lon="-74.0506360">
    <ele>2.1</ele>
    <time>2026-01-14T22:20:41Z</time>
   </trkpt>
   <trkpt lat="40.7288970" lon="-74.0506280">
    <ele>2.1</ele>
    <time>2026-01-14T22:20:42Z</time>
   </trkpt>
   <trkpt lat="40.7289130" lon="-74.0506270">
    <ele>2.1</ele>
    <time>2026-01-14T22:20:43Z</time>
   </trkpt>
   <trkpt lat="40.7289190" lon="-74.0506350">
    <ele>2.1</ele>
    <time>2026-01-14T22:20:44Z</time>
   </trkpt>
   <trkpt lat="40.7289300" lon="-74.0506340">
    <ele>2.1</ele>
    <time>2026-01-14T22:20:45Z</time>
   </trkpt>
   <trkpt lat="40.7289330" lon="-74.0506290">
    <ele>2.1</ele>
    <time>2026-01-14T22:20:46Z</time>
   </trkpt>
   <trkpt lat="40.7289330" lon="-74.0506310">
    <ele>2.1</ele>
    <time>2026-01-14T22:20:47Z</time>
   </trkpt>
   <trkpt lat="40.7289320" lon="-74.0506330">
    <ele>2.1</ele>
    <time>2026-01-14T22:20:49Z</time>
   </trkpt>
   <trkpt lat="40.7289320" lon="-74.0506350">
    <ele>2.1</ele>
    <time>2026-01-14T22:20:50Z</time>
   </trkpt>
   <trkpt lat="40.7289310" lon="-74.0506370">
    <ele>2.1</ele>
    <time>2026-01-14T22:20:51Z</time>
   </trkpt>
   <trkpt lat="40.7289310" lon="-74.0506380">
    <ele>2.1</ele>
    <time>2026-01-14T22:20:52Z</time>
   </trkpt>
   <trkpt lat="40.7289300" lon="-74.0506400">
    <ele>2.1</ele>
    <time>2026-01-14T22:20:53Z</time>
   </trkpt>
   <trkpt lat="40.7289300" lon="-74.0506420">
    <ele>2.1</ele>
    <time>2026-01-14T22:20:54Z</time>
   </trkpt>
   <trkpt lat="40.7289290" lon="-74.0506440">
    <ele>2.1</ele>
    <time>2026-01-14T22:20:55Z</time>
   </trkpt>
   <trkpt lat="40.7289290" lon="-74.0506460">
    <ele>2.1</ele>
    <time>2026-01-14T22:20:56Z</time>
   </trkpt>
   <trkpt lat="40.7289280" lon="-74.0506480">
    <ele>2.1</ele>
    <time>2026-01-14T22:20:57Z</time>
   </trkpt>
   <trkpt lat="40.7289280" lon="-74.0506500">
    <ele>2.1</ele>
    <time>2026-01-14T22:20:58Z</time>
   </trkpt>
   <trkpt lat="40.7289270" lon="-74.0506520">
    <ele>2.1</ele>
    <time>2026-01-14T22:20:59Z</time>
   </trkpt>
   <trkpt lat="40.7289270" lon="-74.0506540">
    <ele>2.1</ele>
    <time>2026-01-14T22:21:00Z</time>
   </trkpt>
   <trkpt lat="40.7289260" lon="-74.0506560">
    <ele>2.1</ele>
    <time>2026-01-14T22:21:01Z</time>
   </trkpt>
   <trkpt lat="40.7289250" lon="-74.0506570">
    <ele>2.1</ele>
    <time>2026-01-14T22:21:02Z</time>
   </trkpt>
   <trkpt lat="40.7289250" lon="-74.0506590">
    <ele>2.1</ele>
    <time>2026-01-14T22:21:03Z</time>
   </trkpt>
   <trkpt lat="40.7289240" lon="-74.0506610">
    <ele>2.1</ele>
    <time>2026-01-14T22:21:04Z</time>
   </trkpt>
   <trkpt lat="40.7289240" lon="-74.0506630">
    <ele>2.1</ele>
    <time>2026-01-14T22:21:05Z</time>
   </trkpt>
   <trkpt lat="40.7289230" lon="-74.0506650">
    <ele>2.1</ele>
    <time>2026-01-14T22:21:06Z</time>
   </trkpt>
   <trkpt lat="40.7289230" lon="-74.0506670">
    <ele>2.1</ele>
    <time>2026-01-14T22:21:07Z</time>
   </trkpt>
   <trkpt lat="40.7289220" lon="-74.0506690">
    <ele>2.1</ele>
    <time>2026-01-14T22:21:08Z</time>
   </trkpt>
   <trkpt lat="40.7289220" lon="-74.0506710">
    <ele>2.1</ele>
    <time>2026-01-14T22:21:09Z</time>
   </trkpt>
   <trkpt lat="40.7289210" lon="-74.0506730">
    <ele>2.1</ele>
    <time>2026-01-14T22:21:10Z</time>
   </trkpt>
   <trkpt lat="40.7289210" lon="-74.0506750">
    <ele>2.1</ele>
    <time>2026-01-14T22:21:11Z</time>
   </trkpt>
   <trkpt lat="40.7289200" lon="-74.0506760">
    <ele>2.1</ele>
    <time>2026-01-14T22:21:12Z</time>
   </trkpt>
   <trkpt lat="40.7289200" lon="-74.0506780">
    <ele>2.1</ele>
    <time>2026-01-14T22:21:13Z</time>
   </trkpt>
   <trkpt lat="40.7289190" lon="-74.0506800">
    <ele>2.1</ele>
    <time>2026-01-14T22:21:14Z</time>
   </trkpt>
   <trkpt lat="40.7289190" lon="-74.0506820">
    <ele>2.1</ele>
    <time>2026-01-14T22:21:15Z</time>
   </trkpt>
   <trkpt lat="40.7289180" lon="-74.0506840">
    <ele>2.1</ele>
    <time>2026-01-14T22:21:16Z</time>
   </trkpt>
   <trkpt lat="40.7289080" lon="-74.0506760">
    <ele>2.1</ele>
    <time>2026-01-14T22:21:17Z</time>
   </trkpt>
   <trkpt lat="40.7289020" lon="-74.0506670">
    <ele>2.1</ele>
    <time>2026-01-14T22:21:18Z</time>
   </trkpt>
   <trkpt lat="40.7289080" lon="-74.0506620">
    <ele>2.1</ele>
    <time>2026-01-14T22:21:19Z</time>
   </trkpt>
   <trkpt lat="40.7289020" lon="-74.0506620">
    <ele>2.1</ele>
    <time>2026-01-14T22:21:20Z</time>
   </trkpt>
   <trkpt lat="40.7289020" lon="-74.0506640">
    <ele>2.1</ele>
    <time>2026-01-14T22:21:21Z</time>
   </trkpt>
   <trkpt lat="40.7288960" lon="-74.0506550">
    <ele>2.1</ele>
    <time>2026-01-14T22:21:22Z</time>
   </trkpt>
   <trkpt lat="40.7288940" lon="-74.0506510">
    <ele>2.1</ele>
    <time>2026-01-14T22:21:23Z</time>
   </trkpt>
   <trkpt lat="40.7288910" lon="-74.0506430">
    <ele>2.1</ele>
    <time>2026-01-14T22:21:24Z</time>
   </trkpt>
   <trkpt lat="40.7288980" lon="-74.0506340">
    <ele>2.1</ele>
    <time>2026-01-14T22:21:25Z</time>
   </trkpt>
   <trkpt lat="40.7289070" lon="-74.0506180">
    <ele>2.1</ele>
    <time>2026-01-14T22:21:26Z</time>
   </trkpt>
   <trkpt lat="40.7288980" lon="-74.0506180">
    <ele>2.1</ele>
    <time>2026-01-14T22:21:27Z</time>
   </trkpt>
   <trkpt lat="40.7288980" lon="-74.0506180">
    <ele>2.1</ele>
    <time>2026-01-14T22:21:28Z</time>
   </trkpt>
   <trkpt lat="40.7288980" lon="-74.0506180">
    <ele>2.1</ele>
    <time>2026-01-14T22:21:29Z</time>
   </trkpt>
   <trkpt lat="40.7288980" lon="-74.0506180">
    <ele>2.1</ele>
    <time>2026-01-14T22:21:30Z</time>
   </trkpt>
   <trkpt lat="40.7288960" lon="-74.0506080">
    <ele>2.1</ele>
    <time>2026-01-14T22:21:31Z</time>
   </trkpt>
   <trkpt lat="40.7288970" lon="-74.0506000">
    <ele>2.1</ele>
    <time>2026-01-14T22:21:32Z</time>
   </trkpt>
   <trkpt lat="40.7289030" lon="-74.0506020">
    <ele>2.1</ele>
    <time>2026-01-14T22:21:33Z</time>
   </trkpt>
   <trkpt lat="40.7288960" lon="-74.0506000">
    <ele>2.1</ele>
    <time>2026-01-14T22:21:34Z</time>
   </trkpt>
   <trkpt lat="40.7288960" lon="-74.0506030">
    <ele>2.1</ele>
    <time>2026-01-14T22:21:35Z</time>
   </trkpt>
   <trkpt lat="40.7288970" lon="-74.0506030">
    <ele>2.1</ele>
    <time>2026-01-14T22:21:36Z</time>
   </trkpt>
   <trkpt lat="40.7288890" lon="-74.0506010">
    <ele>2.1</ele>
    <time>2026-01-14T22:21:37Z</time>
   </trkpt>
   <trkpt lat="40.7288920" lon="-74.0506010">
    <ele>2.1</ele>
    <time>2026-01-14T22:21:38Z</time>
   </trkpt>
   <trkpt lat="40.7288920" lon="-74.0505990">
    <ele>2.1</ele>
    <time>2026-01-14T22:21:39Z</time>
   </trkpt>
   <trkpt lat="40.7288890" lon="-74.0505930">
    <ele>2.1</ele>
    <time>2026-01-14T22:21:40Z</time>
   </trkpt>
   <trkpt lat="40.7288850" lon="-74.0505820">
    <ele>2.1</ele>
    <time>2026-01-14T22:21:41Z</time>
   </trkpt>
   <trkpt lat="40.7288910" lon="-74.0505530">
    <ele>2.1</ele>
    <time>2026-01-14T22:21:42Z</time>
   </trkpt>
   <trkpt lat="40.7288910" lon="-74.0505390">
    <ele>2.1</ele>
    <time>2026-01-14T22:21:43Z</time>
   </trkpt>
   <trkpt lat="40.7288920" lon="-74.0505260">
    <ele>2.1</ele>
    <time>2026-01-14T22:21:44Z</time>
   </trkpt>
   <trkpt lat="40.7289010" lon="-74.0504920">
    <ele>2.1</ele>
    <time>2026-01-14T22:21:45Z</time>
   </trkpt>
   <trkpt lat="40.7289000" lon="-74.0504550">
    <ele>2.1</ele>
    <time>2026-01-14T22:21:46Z</time>
   </trkpt>
   <trkpt lat="40.7288970" lon="-74.0504030">
    <ele>2.1</ele>
    <time>2026-01-14T22:21:47Z</time>
   </trkpt>
   <trkpt lat="40.7288810" lon="-74.0503690">
    <ele>2.1</ele>
    <time>2026-01-14T22:21:48Z</time>
   </trkpt>
   <trkpt lat="40.7289010" lon="-74.0503320">
    <ele>2.1</ele>
    <time>2026-01-14T22:21:49Z</time>
   </trkpt>
   <trkpt lat="40.7289020" lon="-74.0502880">
    <ele>2.1</ele>
    <time>2026-01-14T22:21:50Z</time>
   </trkpt>
   <trkpt lat="40.7289030" lon="-74.0502500">
    <ele>2.1</ele>
    <time>2026-01-14T22:21:51Z</time>
   </trkpt>
   <trkpt lat="40.7289100" lon="-74.0501970">
    <ele>2.1</ele>
    <time>2026-01-14T22:21:52Z</time>
   </trkpt>
   <trkpt lat="40.7289160" lon="-74.0501760">
    <ele>2.1</ele>
    <time>2026-01-14T22:21:53Z</time>
   </trkpt>
   <trkpt lat="40.7288980" lon="-74.0501450">
    <ele>2.1</ele>
    <time>2026-01-14T22:21:54Z</time>
   </trkpt>
   <trkpt lat="40.7288870" lon="-74.0501390">
    <ele>2.1</ele>
    <time>2026-01-14T22:21:55Z</time>
   </trkpt>
   <trkpt lat="40.7288490" lon="-74.0501170">
    <ele>2.1</ele>
    <time>2026-01-14T22:21:56Z</time>
   </trkpt>
   <trkpt lat="40.7288250" lon="-74.0500990">
    <ele>2.1</ele>
    <time>2026-01-14T22:21:57Z</time>
   </trkpt>
   <trkpt lat="40.7287910" lon="-74.0500710">
    <ele>2.2</ele>
    <time>2026-01-14T22:21:58Z</time>
   </trkpt>
   <trkpt lat="40.7287610" lon="-74.0500420">
    <ele>2.2</ele>
    <time>2026-01-14T22:21:59Z</time>
   </trkpt>
   <trkpt lat="40.7287210" lon="-74.0500310">
    <ele>2.2</ele>
    <time>2026-01-14T22:22:00Z</time>
   </trkpt>
   <trkpt lat="40.7286790" lon="-74.0500380">
    <ele>2.3</ele>
    <time>2026-01-14T22:22:01Z</time>
   </trkpt>
   <trkpt lat="40.7286310" lon="-74.0500430">
    <ele>2.4</ele>
    <time>2026-01-14T22:22:02Z</time>
   </trkpt>
   <trkpt lat="40.7285870" lon="-74.0500460">
    <ele>2.4</ele>
    <time>2026-01-14T22:22:03Z</time>
   </trkpt>
   <trkpt lat="40.7285390" lon="-74.0500550">
    <ele>2.5</ele>
    <time>2026-01-14T22:22:04Z</time>
   </trkpt>
   <trkpt lat="40.7284940" lon="-74.0500660">
    <ele>2.5</ele>
    <time>2026-01-14T22:22:05Z</time>
   </trkpt>
   <trkpt lat="40.7284410" lon="-74.0500780">
    <ele>2.5</ele>
    <time>2026-01-14T22:22:06Z</time>
   </trkpt>
   <trkpt lat="40.7284030" lon="-74.0500730">
    <ele>2.5</ele>
    <time>2026-01-14T22:22:07Z</time>
   </trkpt>
   <trkpt lat="40.7283500" lon="-74.0500870">
    <ele>2.6</ele>
    <time>2026-01-14T22:22:08Z</time>
   </trkpt>
   <trkpt lat="40.7282950" lon="-74.0500910">
    <ele>2.6</ele>
    <time>2026-01-14T22:22:09Z</time>
   </trkpt>
   <trkpt lat="40.7282480" lon="-74.0500960">
    <ele>2.6</ele>
    <time>2026-01-14T22:22:10Z</time>
   </trkpt>
   <trkpt lat="40.7282010" lon="-74.0500990">
    <ele>2.6</ele>
    <time>2026-01-14T22:22:11Z</time>
   </trkpt>
   <trkpt lat="40.7281610" lon="-74.0501020">
    <ele>2.6</ele>
    <time>2026-01-14T22:22:12Z</time>
   </trkpt>
   <trkpt lat="40.7281160" lon="-74.0501110">
    <ele>2.6</ele>
    <time>2026-01-14T22:22:13Z</time>
   </trkpt>
   <trkpt lat="40.7280720" lon="-74.0501180">
    <ele>2.7</ele>
    <time>2026-01-14T22:22:14Z</time>
   </trkpt>
   <trkpt lat="40.7280160" lon="-74.0501280">
    <ele>2.7</ele>
    <time>2026-01-14T22:22:15Z</time>
   </trkpt>
   <trkpt lat="40.7279670" lon="-74.0501310">
    <ele>2.7</ele>
    <time>2026-01-14T22:22:16Z</time>
   </trkpt>
   <trkpt lat="40.7279090" lon="-74.0501330">
    <ele>2.8</ele>
    <time>2026-01-14T22:22:17Z</time>
   </trkpt>
   <trkpt lat="40.7278510" lon="-74.0501480">
    <ele>2.8</ele>
    <time>2026-01-14T22:22:18Z</time>
   </trkpt>
   <trkpt lat="40.7277970" lon="-74.0501560">
    <ele>2.8</ele>
    <time>2026-01-14T22:22:19Z</time>
   </trkpt>
   <trkpt lat="40.7277400" lon="-74.0501830">
    <ele>2.8</ele>
    <time>2026-01-14T22:22:20Z</time>
   </trkpt>
   <trkpt lat="40.7276830" lon="-74.0501940">
    <ele>2.8</ele>
    <time>2026-01-14T22:22:21Z</time>
   </trkpt>
   <trkpt lat="40.7276200" lon="-74.0502020">
    <ele>2.7</ele>
    <time>2026-01-14T22:22:22Z</time>
   </trkpt>
   <trkpt lat="40.7275610" lon="-74.0502110">
    <ele>2.7</ele>
    <time>2026-01-14T22:22:23Z</time>
   </trkpt>
   <trkpt lat="40.7274970" lon="-74.0502090">
    <ele>2.6</ele>
    <time>2026-01-14T22:22:24Z</time>
   </trkpt>
   <trkpt lat="40.7274380" lon="-74.0502110">
    <ele>2.5</ele>
    <time>2026-01-14T22:22:25Z</time>
   </trkpt>
   <trkpt lat="40.7274070" lon="-74.0502100">
    <ele>2.5</ele>
    <time>2026-01-14T22:22:26Z</time>
   </trkpt>
   <trkpt lat="40.7273560" lon="-74.0502350">
    <ele>2.5</ele>
    <time>2026-01-14T22:22:27Z</time>
   </trkpt>
   <trkpt lat="40.7273180" lon="-74.0502230">
    <ele>2.5</ele>
    <time>2026-01-14T22:22:28Z</time>
   </trkpt>
   <trkpt lat="40.7272760" lon="-74.0502240">
    <ele>2.4</ele>
    <time>2026-01-14T22:22:29Z</time>
   </trkpt>
   <trkpt lat="40.7272260" lon="-74.0502350">
    <ele>2.4</ele>
    <time>2026-01-14T22:22:30Z</time>
   </trkpt>
   <trkpt lat="40.7271690" lon="-74.0502540">
    <ele>2.4</ele>
    <time>2026-01-14T22:22:31Z</time>
   </trkpt>
   <trkpt lat="40.7271150" lon="-74.0502670">
    <ele>2.4</ele>
    <time>2026-01-14T22:22:32Z</time>
   </trkpt>
   <trkpt lat="40.7270640" lon="-74.0502720">
    <ele>2.4</ele>
    <time>2026-01-14T22:22:33Z</time>
   </trkpt>
   <trkpt lat="40.7270050" lon="-74.0502880">
    <ele>2.4</ele>
    <time>2026-01-14T22:22:34Z</time>
   </trkpt>
   <trkpt lat="40.7269490" lon="-74.0502920">
    <ele>2.4</ele>
    <time>2026-01-14T22:22:35Z</time>
   </trkpt>
   <trkpt lat="40.7268830" lon="-74.0503060">
    <ele>2.4</ele>
    <time>2026-01-14T22:22:36Z</time>
   </trkpt>
   <trkpt lat="40.7268300" lon="-74.0503100">
    <ele>2.4</ele>
    <time>2026-01-14T22:22:37Z</time>
   </trkpt>
   <trkpt lat="40.7267910" lon="-74.0503090">
    <ele>2.3</ele>
    <time>2026-01-14T22:22:38Z</time>
   </trkpt>
   <trkpt lat="40.7267530" lon="-74.0503160">
    <ele>2.3</ele>
    <time>2026-01-14T22:22:39Z</time>
   </trkpt>
   <trkpt lat="40.7267210" lon="-74.0503220">
    <ele>2.3</ele>
    <time>2026-01-14T22:22:40Z</time>
   </trkpt>
   <trkpt lat="40.7266920" lon="-74.0503330">
    <ele>2.3</ele>
    <time>2026-01-14T22:22:41Z</time>
   </trkpt>
   <trkpt lat="40.7266840" lon="-74.0503330">
    <ele>2.3</ele>
    <time>2026-01-14T22:22:42Z</time>
   </trkpt>
   <trkpt lat="40.7266530" lon="-74.0503420">
    <ele>2.4</ele>
    <time>2026-01-14T22:22:43Z</time>
   </trkpt>
   <trkpt lat="40.7266080" lon="-74.0503520">
    <ele>2.4</ele>
    <time>2026-01-14T22:22:44Z</time>
   </trkpt>
   <trkpt lat="40.7265880" lon="-74.0503550">
    <ele>2.4</ele>
    <time>2026-01-14T22:22:45Z</time>
   </trkpt>
   <trkpt lat="40.7265450" lon="-74.0503520">
    <ele>2.4</ele>
    <time>2026-01-14T22:22:46Z</time>
   </trkpt>
   <trkpt lat="40.7264960" lon="-74.0503570">
    <ele>2.4</ele>
    <time>2026-01-14T22:22:47Z</time>
   </trkpt>
   <trkpt lat="40.7264480" lon="-74.0503590">
    <ele>2.4</ele>
    <time>2026-01-14T22:22:48Z</time>
   </trkpt>
   <trkpt lat="40.7263920" lon="-74.0503690">
    <ele>2.4</ele>
    <time>2026-01-14T22:22:49Z</time>
   </trkpt>
   <trkpt lat="40.7263380" lon="-74.0503810">
    <ele>2.4</ele>
    <time>2026-01-14T22:22:50Z</time>
   </trkpt>
   <trkpt lat="40.7262940" lon="-74.0503750">
    <ele>2.4</ele>
    <time>2026-01-14T22:22:51Z</time>
   </trkpt>
   <trkpt lat="40.7262510" lon="-74.0503810">
    <ele>2.4</ele>
    <time>2026-01-14T22:22:52Z</time>
   </trkpt>
   <trkpt lat="40.7262050" lon="-74.0503860">
    <ele>2.4</ele>
    <time>2026-01-14T22:22:53Z</time>
   </trkpt>
   <trkpt lat="40.7261580" lon="-74.0504040">
    <ele>2.4</ele>
    <time>2026-01-14T22:22:55Z</time>
   </trkpt>
   <trkpt lat="40.7261150" lon="-74.0504160">
    <ele>2.4</ele>
    <time>2026-01-14T22:22:56Z</time>
   </trkpt>
   <trkpt lat="40.7260810" lon="-74.0504220">
    <ele>2.4</ele>
    <time>2026-01-14T22:22:57Z</time>
   </trkpt>
   <trkpt lat="40.7260450" lon="-74.0504260">
    <ele>2.4</ele>
    <time>2026-01-14T22:22:58Z</time>
   </trkpt>
   <trkpt lat="40.7260050" lon="-74.0504250">
    <ele>2.4</ele>
    <time>2026-01-14T22:22:59Z</time>
   </trkpt>
   <trkpt lat="40.7259650" lon="-74.0504240">
    <ele>2.4</ele>
    <time>2026-01-14T22:23:00Z</time>
   </trkpt>
   <trkpt lat="40.7259190" lon="-74.0504340">
    <ele>2.4</ele>
    <time>2026-01-14T22:23:01Z</time>
   </trkpt>
   <trkpt lat="40.7258810" lon="-74.0504390">
    <ele>2.4</ele>
    <time>2026-01-14T22:23:02Z</time>
   </trkpt>
   <trkpt lat="40.7258320" lon="-74.0504470">
    <ele>2.4</ele>
    <time>2026-01-14T22:23:03Z</time>
   </trkpt>
   <trkpt lat="40.7257850" lon="-74.0504510">
    <ele>2.4</ele>
    <time>2026-01-14T22:23:04Z</time>
   </trkpt>
   <trkpt lat="40.7257320" lon="-74.0504610">
    <ele>2.5</ele>
    <time>2026-01-14T22:23:05Z</time>
   </trkpt>
   <trkpt lat="40.7256790" lon="-74.0504730">
    <ele>2.5</ele>
    <time>2026-01-14T22:23:06Z</time>
   </trkpt>
   <trkpt lat="40.7256250" lon="-74.0504770">
    <ele>2.5</ele>
    <time>2026-01-14T22:23:07Z</time>
   </trkpt>
   <trkpt lat="40.7255680" lon="-74.0504960">
    <ele>2.5</ele>
    <time>2026-01-14T22:23:08Z</time>
   </trkpt>
   <trkpt lat="40.7255130" lon="-74.0504990">
    <ele>2.5</ele>
    <time>2026-01-14T22:23:09Z</time>
   </trkpt>
   <trkpt lat="40.7254550" lon="-74.0505100">
    <ele>2.4</ele>
    <time>2026-01-14T22:23:10Z</time>
   </trkpt>
   <trkpt lat="40.7254050" lon="-74.0505250">
    <ele>2.4</ele>
    <time>2026-01-14T22:23:11Z</time>
   </trkpt>
   <trkpt lat="40.7253550" lon="-74.0505380">
    <ele>2.4</ele>
    <time>2026-01-14T22:23:12Z</time>
   </trkpt>
   <trkpt lat="40.7252490" lon="-74.0505650">
    <ele>2.4</ele>
    <time>2026-01-14T22:23:13Z</time>
   </trkpt>
   <trkpt lat="40.7251950" lon="-74.0505800">
    <ele>2.3</ele>
    <time>2026-01-14T22:23:14Z</time>
   </trkpt>
   <trkpt lat="40.7251560" lon="-74.0505870">
    <ele>2.3</ele>
    <time>2026-01-14T22:23:15Z</time>
   </trkpt>
   <trkpt lat="40.7251100" lon="-74.0505920">
    <ele>2.3</ele>
    <time>2026-01-14T22:23:16Z</time>
   </trkpt>
   <trkpt lat="40.7250710" lon="-74.0505860">
    <ele>2.3</ele>
    <time>2026-01-14T22:23:17Z</time>
   </trkpt>
   <trkpt lat="40.7250240" lon="-74.0506000">
    <ele>2.3</ele>
    <time>2026-01-14T22:23:18Z</time>
   </trkpt>
   <trkpt lat="40.7249970" lon="-74.0506070">
    <ele>2.3</ele>
    <time>2026-01-14T22:23:19Z</time>
   </trkpt>
   <trkpt lat="40.7249520" lon="-74.0506030">
    <ele>2.3</ele>
    <time>2026-01-14T22:23:20Z</time>
   </trkpt>
   <trkpt lat="40.7249090" lon="-74.0506090">
    <ele>2.3</ele>
    <time>2026-01-14T22:23:21Z</time>
   </trkpt>
   <trkpt lat="40.7248610" lon="-74.0506220">
    <ele>2.3</ele>
    <time>2026-01-14T22:23:22Z</time>
   </trkpt>
   <trkpt lat="40.7248270" lon="-74.0506350">
    <ele>2.3</ele>
    <time>2026-01-14T22:23:23Z</time>
   </trkpt>
   <trkpt lat="40.7247910" lon="-74.0506290">
    <ele>2.3</ele>
    <time>2026-01-14T22:23:24Z</time>
   </trkpt>
   <trkpt lat="40.7247510" lon="-74.0506350">
    <ele>2.2</ele>
    <time>2026-01-14T22:23:25Z</time>
   </trkpt>
   <trkpt lat="40.7247220" lon="-74.0506400">
    <ele>2.2</ele>
    <time>2026-01-14T22:23:26Z</time>
   </trkpt>
   <trkpt lat="40.7246840" lon="-74.0506380">
    <ele>2.2</ele>
    <time>2026-01-14T22:23:27Z</time>
   </trkpt>
   <trkpt lat="40.7246560" lon="-74.0506550">
    <ele>2.2</ele>
    <time>2026-01-14T22:23:28Z</time>
   </trkpt>
   <trkpt lat="40.7246280" lon="-74.0506520">
    <ele>2.2</ele>
    <time>2026-01-14T22:23:29Z</time>
   </trkpt>
   <trkpt lat="40.7246130" lon="-74.0506560">
    <ele>2.2</ele>
    <time>2026-01-14T22:23:30Z</time>
   </trkpt>
   <trkpt lat="40.7245910" lon="-74.0506680">
    <ele>2.2</ele>
    <time>2026-01-14T22:23:31Z</time>
   </trkpt>
   <trkpt lat="40.7245820" lon="-74.0506750">
    <ele>2.2</ele>
    <time>2026-01-14T22:23:32Z</time>
   </trkpt>
   <trkpt lat="40.7245820" lon="-74.0506680">
    <ele>2.2</ele>
    <time>2026-01-14T22:23:33Z</time>
   </trkpt>
   <trkpt lat="40.7245720" lon="-74.0506740">
    <ele>2.2</ele>
    <time>2026-01-14T22:23:34Z</time>
   </trkpt>
   <trkpt lat="40.7245650" lon="-74.0506890">
    <ele>2.2</ele>
    <time>2026-01-14T22:23:35Z</time>
   </trkpt>
   <trkpt lat="40.7245590" lon="-74.0507020">
    <ele>2.2</ele>
    <time>2026-01-14T22:23:36Z</time>
   </trkpt>
   <trkpt lat="40.7245510" lon="-74.0507230">
    <ele>2.2</ele>
    <time>2026-01-14T22:23:37Z</time>
   </trkpt>
   <trkpt lat="40.7245480" lon="-74.0507350">
    <ele>2.2</ele>
    <time>2026-01-14T22:23:38Z</time>
   </trkpt>
   <trkpt lat="40.7245460" lon="-74.0507460">
    <ele>2.2</ele>
    <time>2026-01-14T22:23:39Z</time>
   </trkpt>
   <trkpt lat="40.7245430" lon="-74.0507570">
    <ele>2.2</ele>
    <time>2026-01-14T22:23:40Z</time>
   </trkpt>
   <trkpt lat="40.7245460" lon="-74.0507950">
    <ele>2.2</ele>
    <time>2026-01-14T22:23:41Z</time>
   </trkpt>
   <trkpt lat="40.7245510" lon="-74.0508070">
    <ele>2.2</ele>
    <time>2026-01-14T22:23:42Z</time>
   </trkpt>
   <trkpt lat="40.7245710" lon="-74.0508440">
    <ele>2.3</ele>
    <time>2026-01-14T22:23:43Z</time>
   </trkpt>
   <trkpt lat="40.7246090" lon="-74.0508700">
    <ele>2.3</ele>
    <time>2026-01-14T22:23:44Z</time>
   </trkpt>
   <trkpt lat="40.7246490" lon="-74.0509040">
    <ele>2.3</ele>
    <time>2026-01-14T22:23:45Z</time>
   </trkpt>
   <trkpt lat="40.7246820" lon="-74.0509350">
    <ele>2.3</ele>
    <time>2026-01-14T22:23:46Z</time>
   </trkpt>
   <trkpt lat="40.7247190" lon="-74.0509670">
    <ele>2.3</ele>
    <time>2026-01-14T22:23:47Z</time>
   </trkpt>
   <trkpt lat="40.7247480" lon="-74.0510090">
    <ele>2.3</ele>
    <time>2026-01-14T22:23:48Z</time>
   </trkpt>
   <trkpt lat="40.7247850" lon="-74.0510490">
    <ele>2.3</ele>
    <time>2026-01-14T22:23:49Z</time>
   </trkpt>
   <trkpt lat="40.7248200" lon="-74.0510900">
    <ele>2.3</ele>
    <time>2026-01-14T22:23:50Z</time>
   </trkpt>
   <trkpt lat="40.7248620" lon="-74.0511330">
    <ele>2.4</ele>
    <time>2026-01-14T22:23:51Z</time>
   </trkpt>
   <trkpt lat="40.7249130" lon="-74.0511800">
    <ele>2.4</ele>
    <time>2026-01-14T22:23:52Z</time>
   </trkpt>
   <trkpt lat="40.7249530" lon="-74.0512260">
    <ele>2.5</ele>
    <time>2026-01-14T22:23:53Z</time>
   </trkpt>
   <trkpt lat="40.7249940" lon="-74.0512690">
    <ele>2.5</ele>
    <time>2026-01-14T22:23:54Z</time>
   </trkpt>
   <trkpt lat="40.7250330" lon="-74.0513160">
    <ele>2.5</ele>
    <time>2026-01-14T22:23:55Z</time>
   </trkpt>
   <trkpt lat="40.7250770" lon="-74.0513670">
    <ele>2.5</ele>
    <time>2026-01-14T22:23:56Z</time>
   </trkpt>
   <trkpt lat="40.7251210" lon="-74.0514350">
    <ele>2.5</ele>
    <time>2026-01-14T22:23:57Z</time>
   </trkpt>
   <trkpt lat="40.7251630" lon="-74.0514780">
    <ele>2.5</ele>
    <time>2026-01-14T22:23:58Z</time>
   </trkpt>
   <trkpt lat="40.7252160" lon="-74.0515190">
    <ele>2.5</ele>
    <time>2026-01-14T22:23:59Z</time>
   </trkpt>
   <trkpt lat="40.7252640" lon="-74.0515690">
    <ele>2.5</ele>
    <time>2026-01-14T22:24:00Z</time>
   </trkpt>
   <trkpt lat="40.7252940" lon="-74.0516240">
    <ele>2.5</ele>
    <time>2026-01-14T22:24:01Z</time>
   </trkpt>
   <trkpt lat="40.7253280" lon="-74.0516690">
    <ele>2.4</ele>
    <time>2026-01-14T22:24:02Z</time>
   </trkpt>
   <trkpt lat="40.7253690" lon="-74.0517170">
    <ele>2.4</ele>
    <time>2026-01-14T22:24:03Z</time>
   </trkpt>
   <trkpt lat="40.7254120" lon="-74.0517680">
    <ele>2.4</ele>
    <time>2026-01-14T22:24:04Z</time>
   </trkpt>
   <trkpt lat="40.7254580" lon="-74.0518190">
    <ele>2.4</ele>
    <time>2026-01-14T22:24:05Z</time>
   </trkpt>
   <trkpt lat="40.7255010" lon="-74.0518760">
    <ele>2.3</ele>
    <time>2026-01-14T22:24:06Z</time>
   </trkpt>
   <trkpt lat="40.7255460" lon="-74.0519260">
    <ele>2.3</ele>
    <time>2026-01-14T22:24:07Z</time>
   </trkpt>
   <trkpt lat="40.7255980" lon="-74.0519670">
    <ele>2.3</ele>
    <time>2026-01-14T22:24:08Z</time>
   </trkpt>
   <trkpt lat="40.7256490" lon="-74.0520020">
    <ele>2.3</ele>
    <time>2026-01-14T22:24:09Z</time>
   </trkpt>
   <trkpt lat="40.7256990" lon="-74.0520350">
    <ele>2.3</ele>
    <time>2026-01-14T22:24:10Z</time>
   </trkpt>
   <trkpt lat="40.7257260" lon="-74.0520700">
    <ele>2.3</ele>
    <time>2026-01-14T22:24:11Z</time>
   </trkpt>
   <trkpt lat="40.7257790" lon="-74.0521370">
    <ele>2.3</ele>
    <time>2026-01-14T22:24:12Z</time>
   </trkpt>
   <trkpt lat="40.7258220" lon="-74.0521990">
    <ele>2.3</ele>
    <time>2026-01-14T22:24:13Z</time>
   </trkpt>
   <trkpt lat="40.7258680" lon="-74.0522450">
    <ele>2.3</ele>
    <time>2026-01-14T22:24:14Z</time>
   </trkpt>
   <trkpt lat="40.7259160" lon="-74.0522930">
    <ele>2.3</ele>
    <time>2026-01-14T22:24:15Z</time>
   </trkpt>
   <trkpt lat="40.7259650" lon="-74.0523430">
    <ele>2.3</ele>
    <time>2026-01-14T22:24:16Z</time>
   </trkpt>
   <trkpt lat="40.7260110" lon="-74.0523910">
    <ele>2.3</ele>
    <time>2026-01-14T22:24:17Z</time>
   </trkpt>
   <trkpt lat="40.7260530" lon="-74.0524390">
    <ele>2.3</ele>
    <time>2026-01-14T22:24:18Z</time>
   </trkpt>
   <trkpt lat="40.7261030" lon="-74.0524870">
    <ele>2.3</ele>
    <time>2026-01-14T22:24:19Z</time>
   </trkpt>
   <trkpt lat="40.7261430" lon="-74.0525360">
    <ele>2.3</ele>
    <time>2026-01-14T22:24:20Z</time>
   </trkpt>
   <trkpt lat="40.7261920" lon="-74.0525980">
    <ele>2.4</ele>
    <time>2026-01-14T22:24:21Z</time>
   </trkpt>
   <trkpt lat="40.7262310" lon="-74.0526570">
    <ele>2.5</ele>
    <time>2026-01-14T22:24:22Z</time>
   </trkpt>
   <trkpt lat="40.7262820" lon="-74.0527120">
    <ele>2.6</ele>
    <time>2026-01-14T22:24:23Z</time>
   </trkpt>
   <trkpt lat="40.7263300" lon="-74.0527580">
    <ele>2.6</ele>
    <time>2026-01-14T22:24:24Z</time>
   </trkpt>
   <trkpt lat="40.7263830" lon="-74.0528070">
    <ele>2.7</ele>
    <time>2026-01-14T22:24:25Z</time>
   </trkpt>
   <trkpt lat="40.7264350" lon="-74.0528650">
    <ele>2.8</ele>
    <time>2026-01-14T22:24:26Z</time>
   </trkpt>
   <trkpt lat="40.7264860" lon="-74.0529190">
    <ele>2.9</ele>
    <time>2026-01-14T22:24:27Z</time>
   </trkpt>
   <trkpt lat="40.7265270" lon="-74.0529670">
    <ele>3.0</ele>
    <time>2026-01-14T22:24:28Z</time>
   </trkpt>
   <trkpt lat="40.7265740" lon="-74.0530090">
    <ele>3.1</ele>
    <time>2026-01-14T22:24:29Z</time>
   </trkpt>
   <trkpt lat="40.7266220" lon="-74.0530500">
    <ele>3.2</ele>
    <time>2026-01-14T22:24:30Z</time>
   </trkpt>
   <trkpt lat="40.7266580" lon="-74.0530890">
    <ele>3.3</ele>
    <time>2026-01-14T22:24:31Z</time>
   </trkpt>
   <trkpt lat="40.7266900" lon="-74.0531160">
    <ele>3.4</ele>
    <time>2026-01-14T22:24:32Z</time>
   </trkpt>
   <trkpt lat="40.7267130" lon="-74.0531420">
    <ele>3.5</ele>
    <time>2026-01-14T22:24:33Z</time>
   </trkpt>
   <trkpt lat="40.7267510" lon="-74.0531790">
    <ele>3.6</ele>
    <time>2026-01-14T22:24:34Z</time>
   </trkpt>
   <trkpt lat="40.7267940" lon="-74.0532200">
    <ele>3.8</ele>
    <time>2026-01-14T22:24:35Z</time>
   </trkpt>
   <trkpt lat="40.7268300" lon="-74.0532540">
    <ele>4.0</ele>
    <time>2026-01-14T22:24:36Z</time>
   </trkpt>
   <trkpt lat="40.7268720" lon="-74.0532960">
    <ele>4.1</ele>
    <time>2026-01-14T22:24:37Z</time>
   </trkpt>
   <trkpt lat="40.7269070" lon="-74.0533390">
    <ele>4.3</ele>
    <time>2026-01-14T22:24:38Z</time>
   </trkpt>
   <trkpt lat="40.7269460" lon="-74.0533800">
    <ele>4.4</ele>
    <time>2026-01-14T22:24:39Z</time>
   </trkpt>
   <trkpt lat="40.7269820" lon="-74.0534070">
    <ele>4.8</ele>
    <time>2026-01-14T22:24:40Z</time>
   </trkpt>
   <trkpt lat="40.7270030" lon="-74.0534320">
    <ele>5.0</ele>
    <time>2026-01-14T22:24:41Z</time>
   </trkpt>
   <trkpt lat="40.7270300" lon="-74.0534550">
    <ele>5.3</ele>
    <time>2026-01-14T22:24:42Z</time>
   </trkpt>
   <trkpt lat="40.7270670" lon="-74.0534940">
    <ele>5.8</ele>
    <time>2026-01-14T22:24:43Z</time>
   </trkpt>
   <trkpt lat="40.7271010" lon="-74.0535180">
    <ele>6.1</ele>
    <time>2026-01-14T22:24:44Z</time>
   </trkpt>
   <trkpt lat="40.7271200" lon="-74.0535590">
    <ele>6.4</ele>
    <time>2026-01-14T22:24:45Z</time>
   </trkpt>
   <trkpt lat="40.7271500" lon="-74.0535940">
    <ele>6.8</ele>
    <time>2026-01-14T22:24:46Z</time>
   </trkpt>
   <trkpt lat="40.7271860" lon="-74.0536150">
    <ele>7.1</ele>
    <time>2026-01-14T22:24:47Z</time>
   </trkpt>
   <trkpt lat="40.7272150" lon="-74.0536380">
    <ele>7.3</ele>
    <time>2026-01-14T22:24:48Z</time>
   </trkpt>
   <trkpt lat="40.7272530" lon="-74.0536640">
    <ele>7.7</ele>
    <time>2026-01-14T22:24:49Z</time>
   </trkpt>
   <trkpt lat="40.7272840" lon="-74.0537000">
    <ele>8.0</ele>
    <time>2026-01-14T22:24:50Z</time>
   </trkpt>
   <trkpt lat="40.7273080" lon="-74.0537170">
    <ele>8.2</ele>
    <time>2026-01-14T22:24:51Z</time>
   </trkpt>
   <trkpt lat="40.7273210" lon="-74.0537270">
    <ele>8.4</ele>
    <time>2026-01-14T22:24:52Z</time>
   </trkpt>
   <trkpt lat="40.7273490" lon="-74.0537490">
    <ele>8.6</ele>
    <time>2026-01-14T22:24:53Z</time>
   </trkpt>
   <trkpt lat="40.7273790" lon="-74.0537770">
    <ele>8.9</ele>
    <time>2026-01-14T22:24:54Z</time>
   </trkpt>
   <trkpt lat="40.7273900" lon="-74.0537890">
    <ele>9.0</ele>
    <time>2026-01-14T22:24:55Z</time>
   </trkpt>
   <trkpt lat="40.7274260" lon="-74.0538200">
    <ele>9.3</ele>
    <time>2026-01-14T22:24:56Z</time>
   </trkpt>
   <trkpt lat="40.7274660" lon="-74.0538610">
    <ele>9.5</ele>
    <time>2026-01-14T22:24:57Z</time>
   </trkpt>
   <trkpt lat="40.7274860" lon="-74.0538820">
    <ele>9.6</ele>
    <time>2026-01-14T22:24:58Z</time>
   </trkpt>
   <trkpt lat="40.7275070" lon="-74.0539100">
    <ele>9.7</ele>
    <time>2026-01-14T22:24:59Z</time>
   </trkpt>
   <trkpt lat="40.7275300" lon="-74.0539380">
    <ele>9.8</ele>
    <time>2026-01-14T22:25:00Z</time>
   </trkpt>
   <trkpt lat="40.7275620" lon="-74.0539670">
    <ele>9.9</ele>
    <time>2026-01-14T22:25:01Z</time>
   </trkpt>
   <trkpt lat="40.7275930" lon="-74.0539930">
    <ele>10.0</ele>
    <time>2026-01-14T22:25:02Z</time>
   </trkpt>
   <trkpt lat="40.7276180" lon="-74.0540230">
    <ele>10.3</ele>
    <time>2026-01-14T22:25:03Z</time>
   </trkpt>
   <trkpt lat="40.7276600" lon="-74.0540690">
    <ele>10.6</ele>
    <time>2026-01-14T22:25:04Z</time>
   </trkpt>
   <trkpt lat="40.7277020" lon="-74.0541040">
    <ele>10.9</ele>
    <time>2026-01-14T22:25:05Z</time>
   </trkpt>
   <trkpt lat="40.7277470" lon="-74.0541480">
    <ele>11.2</ele>
    <time>2026-01-14T22:25:06Z</time>
   </trkpt>
   <trkpt lat="40.7277840" lon="-74.0541830">
    <ele>11.5</ele>
    <time>2026-01-14T22:25:07Z</time>
   </trkpt>
   <trkpt lat="40.7278250" lon="-74.0542240">
    <ele>11.8</ele>
    <time>2026-01-14T22:25:08Z</time>
   </trkpt>
   <trkpt lat="40.7278620" lon="-74.0542610">
    <ele>12.0</ele>
    <time>2026-01-14T22:25:09Z</time>
   </trkpt>
   <trkpt lat="40.7279120" lon="-74.0542910">
    <ele>12.2</ele>
    <time>2026-01-14T22:25:10Z</time>
   </trkpt>
   <trkpt lat="40.7279420" lon="-74.0543350">
    <ele>12.4</ele>
    <time>2026-01-14T22:25:11Z</time>
   </trkpt>
   <trkpt lat="40.7279840" lon="-74.0543750">
    <ele>12.6</ele>
    <time>2026-01-14T22:25:12Z</time>
   </trkpt>
   <trkpt lat="40.7280210" lon="-74.0544080">
    <ele>12.8</ele>
    <time>2026-01-14T22:25:13Z</time>
   </trkpt>
   <trkpt lat="40.7280530" lon="-74.0544520">
    <ele>13.0</ele>
    <time>2026-01-14T22:25:14Z</time>
   </trkpt>
   <trkpt lat="40.7280890" lon="-74.0544920">
    <ele>13.2</ele>
    <time>2026-01-14T22:25:15Z</time>
   </trkpt>
   <trkpt lat="40.7281190" lon="-74.0545260">
    <ele>13.4</ele>
    <time>2026-01-14T22:25:16Z</time>
   </trkpt>
   <trkpt lat="40.7281190" lon="-74.0545140">
    <ele>13.5</ele>
    <time>2026-01-14T22:25:17Z</time>
   </trkpt>
   <trkpt lat="40.7281510" lon="-74.0545250">
    <ele>13.6</ele>
    <time>2026-01-14T22:25:18Z</time>
   </trkpt>
   <trkpt lat="40.7281850" lon="-74.0545380">
    <ele>13.8</ele>
    <time>2026-01-14T22:25:19Z</time>
   </trkpt>
   <trkpt lat="40.7282160" lon="-74.0545520">
    <ele>14.0</ele>
    <time>2026-01-14T22:25:20Z</time>
   </trkpt>
   <trkpt lat="40.7282490" lon="-74.0545670">
    <ele>14.2</ele>
    <time>2026-01-14T22:25:21Z</time>
   </trkpt>
   <trkpt lat="40.7282850" lon="-74.0545740">
    <ele>14.5</ele>
    <time>2026-01-14T22:25:22Z</time>
   </trkpt>
   <trkpt lat="40.7283170" lon="-74.0545850">
    <ele>14.7</ele>
    <time>2026-01-14T22:25:23Z</time>
   </trkpt>
   <trkpt lat="40.7283440" lon="-74.0546090">
    <ele>14.9</ele>
    <time>2026-01-14T22:25:24Z</time>
   </trkpt>
   <trkpt lat="40.7283760" lon="-74.0546150">
    <ele>15.1</ele>
    <time>2026-01-14T22:25:25Z</time>
   </trkpt>
   <trkpt lat="40.7284080" lon="-74.0546270">
    <ele>15.4</ele>
    <time>2026-01-14T22:25:26Z</time>
   </trkpt>
   <trkpt lat="40.7284450" lon="-74.0546400">
    <ele>15.6</ele>
    <time>2026-01-14T22:25:27Z</time>
   </trkpt>
   <trkpt lat="40.7284750" lon="-74.0546500">
    <ele>15.9</ele>
    <time>2026-01-14T22:25:28Z</time>
   </trkpt>
   <trkpt lat="40.7285160" lon="-74.0546660">
    <ele>16.2</ele>
    <time>2026-01-14T22:25:29Z</time>
   </trkpt>
   <trkpt lat="40.7285450" lon="-74.0546820">
    <ele>16.4</ele>
    <time>2026-01-14T22:25:30Z</time>
   </trkpt>
   <trkpt lat="40.7285890" lon="-74.0546950">
    <ele>16.7</ele>
    <time>2026-01-14T22:25:31Z</time>
   </trkpt>
   <trkpt lat="40.7286280" lon="-74.0547160">
    <ele>17.0</ele>
    <time>2026-01-14T22:25:32Z</time>
   </trkpt>
   <trkpt lat="40.7286620" lon="-74.0547240">
    <ele>17.2</ele>
    <time>2026-01-14T22:25:33Z</time>
   </trkpt>
   <trkpt lat="40.7287130" lon="-74.0547510">
    <ele>17.6</ele>
    <time>2026-01-14T22:25:34Z</time>
   </trkpt>
   <trkpt lat="40.7287540" lon="-74.0547750">
    <ele>17.8</ele>
    <time>2026-01-14T22:25:35Z</time>
   </trkpt>
   <trkpt lat="40.7287760" lon="-74.0547820">
    <ele>18.0</ele>
    <time>2026-01-14T22:25:36Z</time>
   </trkpt>
   <trkpt lat="40.7288090" lon="-74.0547900">
    <ele>18.1</ele>
    <time>2026-01-14T22:25:37Z</time>
   </trkpt>
   <trkpt lat="40.7288460" lon="-74.0548060">
    <ele>18.4</ele>
    <time>2026-01-14T22:25:38Z</time>
   </trkpt>
   <trkpt lat="40.7288880" lon="-74.0548180">
    <ele>18.6</ele>
    <time>2026-01-14T22:25:39Z</time>
   </trkpt>
   <trkpt lat="40.7289170" lon="-74.0548330">
    <ele>18.8</ele>
    <time>2026-01-14T22:25:40Z</time>
   </trkpt>
   <trkpt lat="40.7289560" lon="-74.0548530">
    <ele>19.0</ele>
    <time>2026-01-14T22:25:41Z</time>
   </trkpt>
   <trkpt lat="40.7289890" lon="-74.0548610">
    <ele>19.2</ele>
    <time>2026-01-14T22:25:42Z</time>
   </trkpt>
   <trkpt lat="40.7290280" lon="-74.0548720">
    <ele>19.4</ele>
    <time>2026-01-14T22:25:43Z</time>
   </trkpt>
   <trkpt lat="40.7290760" lon="-74.0548870">
    <ele>19.7</ele>
    <time>2026-01-14T22:25:44Z</time>
   </trkpt>
   <trkpt lat="40.7291070" lon="-74.0548980">
    <ele>19.7</ele>
    <time>2026-01-14T22:25:45Z</time>
   </trkpt>
   <trkpt lat="40.7291480" lon="-74.0549160">
    <ele>19.8</ele>
    <time>2026-01-14T22:25:46Z</time>
   </trkpt>
   <trkpt lat="40.7291790" lon="-74.0549360">
    <ele>20.0</ele>
    <time>2026-01-14T22:25:47Z</time>
   </trkpt>
   <trkpt lat="40.7292190" lon="-74.0549430">
    <ele>20.3</ele>
    <time>2026-01-14T22:25:48Z</time>
   </trkpt>
   <trkpt lat="40.7292580" lon="-74.0549570">
    <ele>20.5</ele>
    <time>2026-01-14T22:25:49Z</time>
   </trkpt>
   <trkpt lat="40.7292940" lon="-74.0549670">
    <ele>20.7</ele>
    <time>2026-01-14T22:25:50Z</time>
   </trkpt>
   <trkpt lat="40.7293300" lon="-74.0549750">
    <ele>20.9</ele>
    <time>2026-01-14T22:25:51Z</time>
   </trkpt>
   <trkpt lat="40.7293860" lon="-74.0549950">
    <ele>21.3</ele>
    <time>2026-01-14T22:25:52Z</time>
   </trkpt>
   <trkpt lat="40.7294290" lon="-74.0550070">
    <ele>21.5</ele>
    <time>2026-01-14T22:25:53Z</time>
   </trkpt>
   <trkpt lat="40.7294480" lon="-74.0550130">
    <ele>21.6</ele>
    <time>2026-01-14T22:25:54Z</time>
   </trkpt>
   <trkpt lat="40.7294920" lon="-74.0550290">
    <ele>21.9</ele>
    <time>2026-01-14T22:25:55Z</time>
   </trkpt>
   <trkpt lat="40.7295180" lon="-74.0550380">
    <ele>22.1</ele>
    <time>2026-01-14T22:25:56Z</time>
   </trkpt>
   <trkpt lat="40.7295620" lon="-74.0550590">
    <ele>22.3</ele>
    <time>2026-01-14T22:25:57Z</time>
   </trkpt>
   <trkpt lat="40.7296210" lon="-74.0550800">
    <ele>22.7</ele>
    <time>2026-01-14T22:25:58Z</time>
   </trkpt>
   <trkpt lat="40.7296660" lon="-74.0550960">
    <ele>23.0</ele>
    <time>2026-01-14T22:25:59Z</time>
   </trkpt>
   <trkpt lat="40.7297080" lon="-74.0551020">
    <ele>23.3</ele>
    <time>2026-01-14T22:26:00Z</time>
   </trkpt>
   <trkpt lat="40.7297440" lon="-74.0551160">
    <ele>23.5</ele>
    <time>2026-01-14T22:26:01Z</time>
   </trkpt>
   <trkpt lat="40.7297800" lon="-74.0551330">
    <ele>23.7</ele>
    <time>2026-01-14T22:26:02Z</time>
   </trkpt>
   <trkpt lat="40.7298090" lon="-74.0551460">
    <ele>23.9</ele>
    <time>2026-01-14T22:26:03Z</time>
   </trkpt>
   <trkpt lat="40.7298280" lon="-74.0551530">
    <ele>24.0</ele>
    <time>2026-01-14T22:26:04Z</time>
   </trkpt>
   <trkpt lat="40.7298560" lon="-74.0551460">
    <ele>24.2</ele>
    <time>2026-01-14T22:26:05Z</time>
   </trkpt>
   <trkpt lat="40.7298840" lon="-74.0551510">
    <ele>24.4</ele>
    <time>2026-01-14T22:26:06Z</time>
   </trkpt>
   <trkpt lat="40.7299210" lon="-74.0551390">
    <ele>24.6</ele>
    <time>2026-01-14T22:26:07Z</time>
   </trkpt>
   <trkpt lat="40.7299460" lon="-74.0551100">
    <ele>24.8</ele>
    <time>2026-01-14T22:26:08Z</time>
   </trkpt>
   <trkpt lat="40.7299580" lon="-74.0550960">
    <ele>24.9</ele>
    <time>2026-01-14T22:26:09Z</time>
   </trkpt>
   <trkpt lat="40.7299850" lon="-74.0550600">
    <ele>25.1</ele>
    <time>2026-01-14T22:26:10Z</time>
   </trkpt>
   <trkpt lat="40.7300000" lon="-74.0550420">
    <ele>25.2</ele>
    <time>2026-01-14T22:26:11Z</time>
   </trkpt>
   <trkpt lat="40.7300290" lon="-74.0549960">
    <ele>25.4</ele>
    <time>2026-01-14T22:26:12Z</time>
   </trkpt>
   <trkpt lat="40.7300590" lon="-74.0549730">
    <ele>25.6</ele>
    <time>2026-01-14T22:26:13Z</time>
   </trkpt>
   <trkpt lat="40.7300910" lon="-74.0549500">
    <ele>25.7</ele>
    <time>2026-01-14T22:26:14Z</time>
   </trkpt>
   <trkpt lat="40.7301210" lon="-74.0549180">
    <ele>25.9</ele>
    <time>2026-01-14T22:26:15Z</time>
   </trkpt>
   <trkpt lat="40.7301410" lon="-74.0548770">
    <ele>26.1</ele>
    <time>2026-01-14T22:26:16Z</time>
   </trkpt>
   <trkpt lat="40.7301700" lon="-74.0548370">
    <ele>26.3</ele>
    <time>2026-01-14T22:26:17Z</time>
   </trkpt>
   <trkpt lat="40.7301950" lon="-74.0548100">
    <ele>26.5</ele>
    <time>2026-01-14T22:26:18Z</time>
   </trkpt>
   <trkpt lat="40.7302220" lon="-74.0547730">
    <ele>26.6</ele>
    <time>2026-01-14T22:26:19Z</time>
   </trkpt>
   <trkpt lat="40.7302490" lon="-74.0547370">
    <ele>26.8</ele>
    <time>2026-01-14T22:26:20Z</time>
   </trkpt>
   <trkpt lat="40.7302780" lon="-74.0547070">
    <ele>27.0</ele>
    <time>2026-01-14T22:26:21Z</time>
   </trkpt>
   <trkpt lat="40.7303030" lon="-74.0546720">
    <ele>27.2</ele>
    <time>2026-01-14T22:26:22Z</time>
   </trkpt>
   <trkpt lat="40.7303290" lon="-74.0546390">
    <ele>27.3</ele>
    <time>2026-01-14T22:26:23Z</time>
   </trkpt>
   <trkpt lat="40.7303440" lon="-74.0546270">
    <ele>27.4</ele>
    <time>2026-01-14T22:26:24Z</time>
   </trkpt>
   <trkpt lat="40.7303630" lon="-74.0545970">
    <ele>27.5</ele>
    <time>2026-01-14T22:26:25Z</time>
   </trkpt>
   <trkpt lat="40.7303870" lon="-74.0545620">
    <ele>27.7</ele>
    <time>2026-01-14T22:26:26Z</time>
   </trkpt>
   <trkpt lat="40.7304190" lon="-74.0545350">
    <ele>27.9</ele>
    <time>2026-01-14T22:26:27Z</time>
   </trkpt>
   <trkpt lat="40.7304500" lon="-74.0544850">
    <ele>28.1</ele>
    <time>2026-01-14T22:26:28Z</time>
   </trkpt>
   <trkpt lat="40.7304650" lon="-74.0544630">
    <ele>28.2</ele>
    <time>2026-01-14T22:26:29Z</time>
   </trkpt>
   <trkpt lat="40.7304880" lon="-74.0544380">
    <ele>28.3</ele>
    <time>2026-01-14T22:26:30Z</time>
   </trkpt>
   <trkpt lat="40.7305130" lon="-74.0543940">
    <ele>28.5</ele>
    <time>2026-01-14T22:26:31Z</time>
   </trkpt>
   <trkpt lat="40.7305420" lon="-74.0543570">
    <ele>28.6</ele>
    <time>2026-01-14T22:26:32Z</time>
   </trkpt>
   <trkpt lat="40.7305660" lon="-74.0543300">
    <ele>28.7</ele>
    <time>2026-01-14T22:26:33Z</time>
   </trkpt>
   <trkpt lat="40.7305980" lon="-74.0542910">
    <ele>28.8</ele>
    <time>2026-01-14T22:26:34Z</time>
   </trkpt>
   <trkpt lat="40.7306280" lon="-74.0542510">
    <ele>28.9</ele>
    <time>2026-01-14T22:26:35Z</time>
   </trkpt>
   <trkpt lat="40.7306520" lon="-74.0542210">
    <ele>29.0</ele>
    <time>2026-01-14T22:26:36Z</time>
   </trkpt>
   <trkpt lat="40.7306840" lon="-74.0541800">
    <ele>29.1</ele>
    <time>2026-01-14T22:26:37Z</time>
   </trkpt>
   <trkpt lat="40.7307070" lon="-74.0541420">
    <ele>29.2</ele>
    <time>2026-01-14T22:26:38Z</time>
   </trkpt>
   <trkpt lat="40.7307390" lon="-74.0541030">
    <ele>29.3</ele>
    <time>2026-01-14T22:26:39Z</time>
   </trkpt>
   <trkpt lat="40.7308340" lon="-74.0539840">
    <ele>29.5</ele>
    <time>2026-01-14T22:26:40Z</time>
   </trkpt>
   <trkpt lat="40.7308650" lon="-74.0539450">
    <ele>29.5</ele>
    <time>2026-01-14T22:26:41Z</time>
   </trkpt>
   <trkpt lat="40.7308950" lon="-74.0539030">
    <ele>29.6</ele>
    <time>2026-01-14T22:26:42Z</time>
   </trkpt>
   <trkpt lat="40.7309220" lon="-74.0538580">
    <ele>29.6</ele>
    <time>2026-01-14T22:26:43Z</time>
   </trkpt>
   <trkpt lat="40.7309580" lon="-74.0538260">
    <ele>29.5</ele>
    <time>2026-01-14T22:26:44Z</time>
   </trkpt>
   <trkpt lat="40.7309890" lon="-74.0537900">
    <ele>29.5</ele>
    <time>2026-01-14T22:26:45Z</time>
   </trkpt>
   <trkpt lat="40.7310150" lon="-74.0537440">
    <ele>29.5</ele>
    <time>2026-01-14T22:26:46Z</time>
   </trkpt>
   <trkpt lat="40.7310480" lon="-74.0537010">
    <ele>29.4</ele>
    <time>2026-01-14T22:26:47Z</time>
   </trkpt>
   <trkpt lat="40.7310850" lon="-74.0536660">
    <ele>29.3</ele>
    <time>2026-01-14T22:26:48Z</time>
   </trkpt>
   <trkpt lat="40.7311150" lon="-74.0536280">
    <ele>29.2</ele>
    <time>2026-01-14T22:26:49Z</time>
   </trkpt>
   <trkpt lat="40.7311470" lon="-74.0535820">
    <ele>29.1</ele>
    <time>2026-01-14T22:26:50Z</time>
   </trkpt>
   <trkpt lat="40.7311810" lon="-74.0535390">
    <ele>29.0</ele>
    <time>2026-01-14T22:26:51Z</time>
   </trkpt>
   <trkpt lat="40.7312120" lon="-74.0535020">
    <ele>29.0</ele>
    <time>2026-01-14T22:26:52Z</time>
   </trkpt>
   <trkpt lat="40.7312430" lon="-74.0534600">
    <ele>28.9</ele>
    <time>2026-01-14T22:26:53Z</time>
   </trkpt>
   <trkpt lat="40.7312770" lon="-74.0534160">
    <ele>28.8</ele>
    <time>2026-01-14T22:26:54Z</time>
   </trkpt>
   <trkpt lat="40.7312800" lon="-74.0533540">
    <ele>28.8</ele>
    <time>2026-01-14T22:26:55Z</time>
   </trkpt>
   <trkpt lat="40.7313120" lon="-74.0533360">
    <ele>28.7</ele>
    <time>2026-01-14T22:26:56Z</time>
   </trkpt>
   <trkpt lat="40.7313430" lon="-74.0533060">
    <ele>28.7</ele>
    <time>2026-01-14T22:26:57Z</time>
   </trkpt>
   <trkpt lat="40.7313710" lon="-74.0532650">
    <ele>28.6</ele>
    <time>2026-01-14T22:26:58Z</time>
   </trkpt>
   <trkpt lat="40.7314090" lon="-74.0532310">
    <ele>28.5</ele>
    <time>2026-01-14T22:26:59Z</time>
   </trkpt>
   <trkpt lat="40.7314430" lon="-74.0531920">
    <ele>28.4</ele>
    <time>2026-01-14T22:27:00Z</time>
   </trkpt>
   <trkpt lat="40.7314720" lon="-74.0531480">
    <ele>28.3</ele>
    <time>2026-01-14T22:27:01Z</time>
   </trkpt>
   <trkpt lat="40.7314980" lon="-74.0530990">
    <ele>28.3</ele>
    <time>2026-01-14T22:27:02Z</time>
   </trkpt>
   <trkpt lat="40.7315120" lon="-74.0530650">
    <ele>28.2</ele>
    <time>2026-01-14T22:27:03Z</time>
   </trkpt>
   <trkpt lat="40.7315440" lon="-74.0530260">
    <ele>28.1</ele>
    <time>2026-01-14T22:27:04Z</time>
   </trkpt>
   <trkpt lat="40.7315750" lon="-74.0529900">
    <ele>28.0</ele>
    <time>2026-01-14T22:27:05Z</time>
   </trkpt>
   <trkpt lat="40.7316050" lon="-74.0529580">
    <ele>28.0</ele>
    <time>2026-01-14T22:27:06Z</time>
   </trkpt>
   <trkpt lat="40.7316260" lon="-74.0529290">
    <ele>27.9</ele>
    <time>2026-01-14T22:27:07Z</time>
   </trkpt>
   <trkpt lat="40.7316340" lon="-74.0529070">
    <ele>27.9</ele>
    <time>2026-01-14T22:27:08Z</time>
   </trkpt>
   <trkpt lat="40.7316420" lon="-74.0528950">
    <ele>27.8</ele>
    <time>2026-01-14T22:27:09Z</time>
   </trkpt>
   <trkpt lat="40.7316470" lon="-74.0528790">
    <ele>27.8</ele>
    <time>2026-01-14T22:27:10Z</time>
   </trkpt>
   <trkpt lat="40.7316630" lon="-74.0528640">
    <ele>27.7</ele>
    <time>2026-01-14T22:27:11Z</time>
   </trkpt>
   <trkpt lat="40.7316830" lon="-74.0528270">
    <ele>27.7</ele>
    <time>2026-01-14T22:27:12Z</time>
   </trkpt>
   <trkpt lat="40.7317120" lon="-74.0527990">
    <ele>27.8</ele>
    <time>2026-01-14T22:27:13Z</time>
   </trkpt>
   <trkpt lat="40.7317400" lon="-74.0527700">
    <ele>27.9</ele>
    <time>2026-01-14T22:27:14Z</time>
   </trkpt>
   <trkpt lat="40.7317770" lon="-74.0527570">
    <ele>27.9</ele>
    <time>2026-01-14T22:27:15Z</time>
   </trkpt>
   <trkpt lat="40.7318230" lon="-74.0527310">
    <ele>27.8</ele>
    <time>2026-01-14T22:27:16Z</time>
   </trkpt>
   <trkpt lat="40.7318090" lon="-74.0527040">
    <ele>27.8</ele>
    <time>2026-01-14T22:27:17Z</time>
   </trkpt>
   <trkpt lat="40.7318220" lon="-74.0526880">
    <ele>27.8</ele>
    <time>2026-01-14T22:27:18Z</time>
   </trkpt>
   <trkpt lat="40.7318290" lon="-74.0526740">
    <ele>27.8</ele>
    <time>2026-01-14T22:27:19Z</time>
   </trkpt>
   <trkpt lat="40.7318400" lon="-74.0526660">
    <ele>27.8</ele>
    <time>2026-01-14T22:27:20Z</time>
   </trkpt>
   <trkpt lat="40.7318330" lon="-74.0526840">
    <ele>27.8</ele>
    <time>2026-01-14T22:27:21Z</time>
   </trkpt>
   <trkpt lat="40.7318320" lon="-74.0526810">
    <ele>27.8</ele>
    <time>2026-01-14T22:27:22Z</time>
   </trkpt>
   <trkpt lat="40.7318300" lon="-74.0526870">
    <ele>27.8</ele>
    <time>2026-01-14T22:27:23Z</time>
   </trkpt>
   <trkpt lat="40.7318300" lon="-74.0526870">
    <ele>27.8</ele>
    <time>2026-01-14T22:27:24Z</time>
   </trkpt>
   <trkpt lat="40.7318340" lon="-74.0526750">
    <ele>27.8</ele>
    <time>2026-01-14T22:27:25Z</time>
   </trkpt>
   <trkpt lat="40.7318370" lon="-74.0526740">
    <ele>27.8</ele>
    <time>2026-01-14T22:27:26Z</time>
   </trkpt>
   <trkpt lat="40.7318390" lon="-74.0526720">
    <ele>27.8</ele>
    <time>2026-01-14T22:27:27Z</time>
   </trkpt>
   <trkpt lat="40.7318400" lon="-74.0526740">
    <ele>27.8</ele>
    <time>2026-01-14T22:27:28Z</time>
   </trkpt>
   <trkpt lat="40.7318380" lon="-74.0526740">
    <ele>27.8</ele>
    <time>2026-01-14T22:27:29Z</time>
   </trkpt>
   <trkpt lat="40.7318380" lon="-74.0526740">
    <ele>27.8</ele>
    <time>2026-01-14T22:27:30Z</time>
   </trkpt>
   <trkpt lat="40.7318380" lon="-74.0526740">
    <ele>27.8</ele>
    <time>2026-01-14T22:27:31Z</time>
   </trkpt>
   <trkpt lat="40.7318380" lon="-74.0526740">
    <ele>27.8</ele>
    <time>2026-01-14T22:27:32Z</time>
   </trkpt>
   <trkpt lat="40.7318380" lon="-74.0526740">
    <ele>27.8</ele>
    <time>2026-01-14T22:27:33Z</time>
   </trkpt>
   <trkpt lat="40.7318390" lon="-74.0526710">
    <ele>27.8</ele>
    <time>2026-01-14T22:27:34Z</time>
   </trkpt>
   <trkpt lat="40.7318410" lon="-74.0526700">
    <ele>27.8</ele>
    <time>2026-01-14T22:27:35Z</time>
   </trkpt>
   <trkpt lat="40.7318420" lon="-74.0526670">
    <ele>27.8</ele>
    <time>2026-01-14T22:27:36Z</time>
   </trkpt>
   <trkpt lat="40.7318420" lon="-74.0526690">
    <ele>27.8</ele>
    <time>2026-01-14T22:27:37Z</time>
   </trkpt>
   <trkpt lat="40.7318420" lon="-74.0526690">
    <ele>27.8</ele>
    <time>2026-01-14T22:27:38Z</time>
   </trkpt>
   <trkpt lat="40.7318420" lon="-74.0526690">
    <ele>27.8</ele>
    <time>2026-01-14T22:27:39Z</time>
   </trkpt>
   <trkpt lat="40.7318420" lon="-74.0526690">
    <ele>27.8</ele>
    <time>2026-01-14T22:27:40Z</time>
   </trkpt>
   <trkpt lat="40.7318420" lon="-74.0526690">
    <ele>27.8</ele>
    <time>2026-01-14T22:27:41Z</time>
   </trkpt>
   <trkpt lat="40.7318420" lon="-74.0526730">
    <ele>27.8</ele>
    <time>2026-01-14T22:27:42Z</time>
   </trkpt>
   <trkpt lat="40.7318420" lon="-74.0526660">
    <ele>27.8</ele>
    <time>2026-01-14T22:27:43Z</time>
   </trkpt>
   <trkpt lat="40.7318410" lon="-74.0526620">
    <ele>27.8</ele>
    <time>2026-01-14T22:27:44Z</time>
   </trkpt>
   <trkpt lat="40.7318420" lon="-74.0526650">
    <ele>27.8</ele>
    <time>2026-01-14T22:27:45Z</time>
   </trkpt>
   <trkpt lat="40.7318420" lon="-74.0526630">
    <ele>27.8</ele>
    <time>2026-01-14T22:27:46Z</time>
   </trkpt>
   <trkpt lat="40.7318440" lon="-74.0526600">
    <ele>27.8</ele>
    <time>2026-01-14T22:27:47Z</time>
   </trkpt>
   <trkpt lat="40.7318460" lon="-74.0526570">
    <ele>27.8</ele>
    <time>2026-01-14T22:27:48Z</time>
   </trkpt>
   <trkpt lat="40.7318470" lon="-74.0526540">
    <ele>27.8</ele>
    <time>2026-01-14T22:27:49Z</time>
   </trkpt>
   <trkpt lat="40.7318490" lon="-74.0526520">
    <ele>27.8</ele>
    <time>2026-01-14T22:27:50Z</time>
   </trkpt>
   <trkpt lat="40.7318510" lon="-74.0526490">
    <ele>27.8</ele>
    <time>2026-01-14T22:27:51Z</time>
   </trkpt>
   <trkpt lat="40.7318530" lon="-74.0526460">
    <ele>27.8</ele>
    <time>2026-01-14T22:27:52Z</time>
   </trkpt>
   <trkpt lat="40.7318550" lon="-74.0526430">
    <ele>27.8</ele>
    <time>2026-01-14T22:27:53Z</time>
   </trkpt>
   <trkpt lat="40.7318560" lon="-74.0526400">
    <ele>27.8</ele>
    <time>2026-01-14T22:27:54Z</time>
   </trkpt>
   <trkpt lat="40.7318580" lon="-74.0526370">
    <ele>27.8</ele>
    <time>2026-01-14T22:27:55Z</time>
   </trkpt>
   <trkpt lat="40.7318600" lon="-74.0526340">
    <ele>27.8</ele>
    <time>2026-01-14T22:27:56Z</time>
   </trkpt>
   <trkpt lat="40.7318620" lon="-74.0526320">
    <ele>27.8</ele>
    <time>2026-01-14T22:27:57Z</time>
   </trkpt>
   <trkpt lat="40.7318630" lon="-74.0526290">
    <ele>27.7</ele>
    <time>2026-01-14T22:27:58Z</time>
   </trkpt>
   <trkpt lat="40.7318650" lon="-74.0526260">
    <ele>27.7</ele>
    <time>2026-01-14T22:27:59Z</time>
   </trkpt>
   <trkpt lat="40.7318670" lon="-74.0526230">
    <ele>27.7</ele>
    <time>2026-01-14T22:28:00Z</time>
   </trkpt>
   <trkpt lat="40.7318960" lon="-74.0526060">
    <ele>27.7</ele>
    <time>2026-01-14T22:28:01Z</time>
   </trkpt>
   <trkpt lat="40.7319350" lon="-74.0525800">
    <ele>27.8</ele>
    <time>2026-01-14T22:28:02Z</time>
   </trkpt>
   <trkpt lat="40.7319740" lon="-74.0525550">
    <ele>27.9</ele>
    <time>2026-01-14T22:28:03Z</time>
   </trkpt>
   <trkpt lat="40.7320060" lon="-74.0525130">
    <ele>28.1</ele>
    <time>2026-01-14T22:28:04Z</time>
   </trkpt>
   <trkpt lat="40.7320400" lon="-74.0524660">
    <ele>28.3</ele>
    <time>2026-01-14T22:28:05Z</time>
   </trkpt>
   <trkpt lat="40.7320740" lon="-74.0524200">
    <ele>28.5</ele>
    <time>2026-01-14T22:28:06Z</time>
   </trkpt>
   <trkpt lat="40.7321100" lon="-74.0523820">
    <ele>28.6</ele>
    <time>2026-01-14T22:28:07Z</time>
   </trkpt>
   <trkpt lat="40.7321420" lon="-74.0523310">
    <ele>28.7</ele>
    <time>2026-01-14T22:28:08Z</time>
   </trkpt>
   <trkpt lat="40.7321750" lon="-74.0522860">
    <ele>28.9</ele>
    <time>2026-01-14T22:28:09Z</time>
   </trkpt>
   <trkpt lat="40.7322050" lon="-74.0522370">
    <ele>29.1</ele>
    <time>2026-01-14T22:28:10Z</time>
   </trkpt>
   <trkpt lat="40.7322390" lon="-74.0521900">
    <ele>29.3</ele>
    <time>2026-01-14T22:28:11Z</time>
   </trkpt>
   <trkpt lat="40.7322800" lon="-74.0521480">
    <ele>29.5</ele>
    <time>2026-01-14T22:28:12Z</time>
   </trkpt>
   <trkpt lat="40.7323120" lon="-74.0521030">
    <ele>29.7</ele>
    <time>2026-01-14T22:28:13Z</time>
   </trkpt>
   <trkpt lat="40.7323420" lon="-74.0520550">
    <ele>29.8</ele>
    <time>2026-01-14T22:28:14Z</time>
   </trkpt>
   <trkpt lat="40.7323760" lon="-74.0520100">
    <ele>30.0</ele>
    <time>2026-01-14T22:28:15Z</time>
   </trkpt>
   <trkpt lat="40.7324120" lon="-74.0519590">
    <ele>30.1</ele>
    <time>2026-01-14T22:28:16Z</time>
   </trkpt>
   <trkpt lat="40.7324500" lon="-74.0519170">
    <ele>30.3</ele>
    <time>2026-01-14T22:28:17Z</time>
   </trkpt>
   <trkpt lat="40.7324790" lon="-74.0518650">
    <ele>30.4</ele>
    <time>2026-01-14T22:28:18Z</time>
   </trkpt>
   <trkpt lat="40.7325070" lon="-74.0518240">
    <ele>30.5</ele>
    <time>2026-01-14T22:28:19Z</time>
   </trkpt>
   <trkpt lat="40.7325400" lon="-74.0517810">
    <ele>30.6</ele>
    <time>2026-01-14T22:28:20Z</time>
   </trkpt>
   <trkpt lat="40.7325710" lon="-74.0517350">
    <ele>30.7</ele>
    <time>2026-01-14T22:28:21Z</time>
   </trkpt>
   <trkpt lat="40.7326070" lon="-74.0516890">
    <ele>30.7</ele>
    <time>2026-01-14T22:28:22Z</time>
   </trkpt>
   <trkpt lat="40.7326320" lon="-74.0516300">
    <ele>30.8</ele>
    <time>2026-01-14T22:28:23Z</time>
   </trkpt>
   <trkpt lat="40.7326620" lon="-74.0515850">
    <ele>30.9</ele>
    <time>2026-01-14T22:28:24Z</time>
   </trkpt>
   <trkpt lat="40.7327020" lon="-74.0515460">
    <ele>31.0</ele>
    <time>2026-01-14T22:28:25Z</time>
   </trkpt>
   <trkpt lat="40.7327400" lon="-74.0515000">
    <ele>31.1</ele>
    <time>2026-01-14T22:28:26Z</time>
   </trkpt>
   <trkpt lat="40.7327790" lon="-74.0514560">
    <ele>31.1</ele>
    <time>2026-01-14T22:28:27Z</time>
   </trkpt>
   <trkpt lat="40.7328130" lon="-74.0514200">
    <ele>31.2</ele>
    <time>2026-01-14T22:28:28Z</time>
   </trkpt>
   <trkpt lat="40.7328460" lon="-74.0513910">
    <ele>31.2</ele>
    <time>2026-01-14T22:28:29Z</time>
   </trkpt>
   <trkpt lat="40.7328830" lon="-74.0513600">
    <ele>31.3</ele>
    <time>2026-01-14T22:28:30Z</time>
   </trkpt>
   <trkpt lat="40.7329290" lon="-74.0513540">
    <ele>31.3</ele>
    <time>2026-01-14T22:28:31Z</time>
   </trkpt>
   <trkpt lat="40.7329740" lon="-74.0513330">
    <ele>31.4</ele>
    <time>2026-01-14T22:28:32Z</time>
   </trkpt>
   <trkpt lat="40.7330190" lon="-74.0513080">
    <ele>31.4</ele>
    <time>2026-01-14T22:28:33Z</time>
   </trkpt>
   <trkpt lat="40.7330660" lon="-74.0512710">
    <ele>31.5</ele>
    <time>2026-01-14T22:28:34Z</time>
   </trkpt>
   <trkpt lat="40.7331130" lon="-74.0512200">
    <ele>31.6</ele>
    <time>2026-01-14T22:28:35Z</time>
   </trkpt>
   <trkpt lat="40.7331650" lon="-74.0512000">
    <ele>31.6</ele>
    <time>2026-01-14T22:28:36Z</time>
   </trkpt>
   <trkpt lat="40.7332240" lon="-74.0511630">
    <ele>31.7</ele>
    <time>2026-01-14T22:28:37Z</time>
   </trkpt>
   <trkpt lat="40.7332780" lon="-74.0511320">
    <ele>31.8</ele>
    <time>2026-01-14T22:28:38Z</time>
   </trkpt>
   <trkpt lat="40.7333260" lon="-74.0510990">
    <ele>31.8</ele>
    <time>2026-01-14T22:28:39Z</time>
   </trkpt>
   <trkpt lat="40.7333850" lon="-74.0510600">
    <ele>31.9</ele>
    <time>2026-01-14T22:28:40Z</time>
   </trkpt>
   <trkpt lat="40.7334390" lon="-74.0510230">
    <ele>32.0</ele>
    <time>2026-01-14T22:28:41Z</time>
   </trkpt>
   <trkpt lat="40.7334790" lon="-74.0510050">
    <ele>32.0</ele>
    <time>2026-01-14T22:28:42Z</time>
   </trkpt>
   <trkpt lat="40.7335350" lon="-74.0509720">
    <ele>32.1</ele>
    <time>2026-01-14T22:28:43Z</time>
   </trkpt>
   <trkpt lat="40.7335880" lon="-74.0509410">
    <ele>32.1</ele>
    <time>2026-01-14T22:28:44Z</time>
   </trkpt>
   <trkpt lat="40.7336340" lon="-74.0509090">
    <ele>32.2</ele>
    <time>2026-01-14T22:28:45Z</time>
   </trkpt>
   <trkpt lat="40.7336880" lon="-74.0508710">
    <ele>32.3</ele>
    <time>2026-01-14T22:28:46Z</time>
   </trkpt>
   <trkpt lat="40.7337330" lon="-74.0508360">
    <ele>32.3</ele>
    <time>2026-01-14T22:28:47Z</time>
   </trkpt>
   <trkpt lat="40.7337880" lon="-74.0508060">
    <ele>32.4</ele>
    <time>2026-01-14T22:28:48Z</time>
   </trkpt>
   <trkpt lat="40.7338560" lon="-74.0507850">
    <ele>32.5</ele>
    <time>2026-01-14T22:28:49Z</time>
   </trkpt>
   <trkpt lat="40.7339130" lon="-74.0507530">
    <ele>32.5</ele>
    <time>2026-01-14T22:28:50Z</time>
   </trkpt>
   <trkpt lat="40.7339750" lon="-74.0507220">
    <ele>32.6</ele>
    <time>2026-01-14T22:28:51Z</time>
   </trkpt>
   <trkpt lat="40.7340240" lon="-74.0506820">
    <ele>32.7</ele>
    <time>2026-01-14T22:28:52Z</time>
   </trkpt>
   <trkpt lat="40.7340830" lon="-74.0506470">
    <ele>32.7</ele>
    <time>2026-01-14T22:28:53Z</time>
   </trkpt>
   <trkpt lat="40.7341490" lon="-74.0506200">
    <ele>32.8</ele>
    <time>2026-01-14T22:28:54Z</time>
   </trkpt>
   <trkpt lat="40.7342130" lon="-74.0505850">
    <ele>32.9</ele>
    <time>2026-01-14T22:28:55Z</time>
   </trkpt>
   <trkpt lat="40.7342600" lon="-74.0505520">
    <ele>32.9</ele>
    <time>2026-01-14T22:28:56Z</time>
   </trkpt>
   <trkpt lat="40.7343030" lon="-74.0505230">
    <ele>33.0</ele>
    <time>2026-01-14T22:28:57Z</time>
   </trkpt>
   <trkpt lat="40.7343310" lon="-74.0504970">
    <ele>33.0</ele>
    <time>2026-01-14T22:28:58Z</time>
   </trkpt>
   <trkpt lat="40.7343530" lon="-74.0504680">
    <ele>33.0</ele>
    <time>2026-01-14T22:28:59Z</time>
   </trkpt>
   <trkpt lat="40.7343560" lon="-74.0504520">
    <ele>33.1</ele>
    <time>2026-01-14T22:29:00Z</time>
   </trkpt>
   <trkpt lat="40.7343740" lon="-74.0504140">
    <ele>33.1</ele>
    <time>2026-01-14T22:29:01Z</time>
   </trkpt>
   <trkpt lat="40.7343840" lon="-74.0504050">
    <ele>33.1</ele>
    <time>2026-01-14T22:29:02Z</time>
   </trkpt>
   <trkpt lat="40.7343980" lon="-74.0503850">
    <ele>33.1</ele>
    <time>2026-01-14T22:29:03Z</time>
   </trkpt>
   <trkpt lat="40.7344060" lon="-74.0503790">
    <ele>33.1</ele>
    <time>2026-01-14T22:29:04Z</time>
   </trkpt>
   <trkpt lat="40.7344140" lon="-74.0503740">
    <ele>33.1</ele>
    <time>2026-01-14T22:29:05Z</time>
   </trkpt>
   <trkpt lat="40.7344380" lon="-74.0503540">
    <ele>33.2</ele>
    <time>2026-01-14T22:29:06Z</time>
   </trkpt>
   <trkpt lat="40.7344640" lon="-74.0503290">
    <ele>33.2</ele>
    <time>2026-01-14T22:29:07Z</time>
   </trkpt>
   <trkpt lat="40.7344940" lon="-74.0503110">
    <ele>33.2</ele>
    <time>2026-01-14T22:29:08Z</time>
   </trkpt>
   <trkpt lat="40.7345250" lon="-74.0503020">
    <ele>33.3</ele>
    <time>2026-01-14T22:29:09Z</time>
   </trkpt>
   <trkpt lat="40.7345660" lon="-74.0502790">
    <ele>33.3</ele>
    <time>2026-01-14T22:29:10Z</time>
   </trkpt>
   <trkpt lat="40.7346170" lon="-74.0502680">
    <ele>33.4</ele>
    <time>2026-01-14T22:29:11Z</time>
   </trkpt>
   <trkpt lat="40.7346620" lon="-74.0502570">
    <ele>33.5</ele>
    <time>2026-01-14T22:29:12Z</time>
   </trkpt>
   <trkpt lat="40.7347080" lon="-74.0502390">
    <ele>33.5</ele>
    <time>2026-01-14T22:29:13Z</time>
   </trkpt>
   <trkpt lat="40.7347580" lon="-74.0502180">
    <ele>33.6</ele>
    <time>2026-01-14T22:29:14Z</time>
   </trkpt>
   <trkpt lat="40.7348040" lon="-74.0501860">
    <ele>33.6</ele>
    <time>2026-01-14T22:29:15Z</time>
   </trkpt>
   <trkpt lat="40.7348520" lon="-74.0501520">
    <ele>33.7</ele>
    <time>2026-01-14T22:29:16Z</time>
   </trkpt>
   <trkpt lat="40.7349050" lon="-74.0501210">
    <ele>33.8</ele>
    <time>2026-01-14T22:29:17Z</time>
   </trkpt>
   <trkpt lat="40.7349610" lon="-74.0500880">
    <ele>33.9</ele>
    <time>2026-01-14T22:29:18Z</time>
   </trkpt>
   <trkpt lat="40.7350090" lon="-74.0500620">
    <ele>34.0</ele>
    <time>2026-01-14T22:29:19Z</time>
   </trkpt>
   <trkpt lat="40.7350720" lon="-74.0500320">
    <ele>34.0</ele>
    <time>2026-01-14T22:29:20Z</time>
   </trkpt>
   <trkpt lat="40.7351240" lon="-74.0499980">
    <ele>34.1</ele>
    <time>2026-01-14T22:29:21Z</time>
   </trkpt>
   <trkpt lat="40.7351780" lon="-74.0499520">
    <ele>34.2</ele>
    <time>2026-01-14T22:29:22Z</time>
   </trkpt>
   <trkpt lat="40.7352260" lon="-74.0499160">
    <ele>34.3</ele>
    <time>2026-01-14T22:29:23Z</time>
   </trkpt>
   <trkpt lat="40.7352830" lon="-74.0498710">
    <ele>34.3</ele>
    <time>2026-01-14T22:29:24Z</time>
   </trkpt>
   <trkpt lat="40.7353360" lon="-74.0498310">
    <ele>34.4</ele>
    <time>2026-01-14T22:29:25Z</time>
   </trkpt>
   <trkpt lat="40.7353940" lon="-74.0497980">
    <ele>34.5</ele>
    <time>2026-01-14T22:29:26Z</time>
   </trkpt>
   <trkpt lat="40.7354470" lon="-74.0497700">
    <ele>34.5</ele>
    <time>2026-01-14T22:29:27Z</time>
   </trkpt>
   <trkpt lat="40.7355040" lon="-74.0497360">
    <ele>34.6</ele>
    <time>2026-01-14T22:29:28Z</time>
   </trkpt>
   <trkpt lat="40.7355590" lon="-74.0497030">
    <ele>34.7</ele>
    <time>2026-01-14T22:29:29Z</time>
   </trkpt>
   <trkpt lat="40.7356130" lon="-74.0496650">
    <ele>34.7</ele>
    <time>2026-01-14T22:29:30Z</time>
   </trkpt>
   <trkpt lat="40.7356710" lon="-74.0496340">
    <ele>34.8</ele>
    <time>2026-01-14T22:29:31Z</time>
   </trkpt>
   <trkpt lat="40.7357250" lon="-74.0496000">
    <ele>34.9</ele>
    <time>2026-01-14T22:29:32Z</time>
   </trkpt>
   <trkpt lat="40.7357790" lon="-74.0495760">
    <ele>34.9</ele>
    <time>2026-01-14T22:29:33Z</time>
   </trkpt>
   <trkpt lat="40.7358390" lon="-74.0495360">
    <ele>35.0</ele>
    <time>2026-01-14T22:29:34Z</time>
   </trkpt>
   <trkpt lat="40.7358920" lon="-74.0494940">
    <ele>35.0</ele>
    <time>2026-01-14T22:29:35Z</time>
   </trkpt>
   <trkpt lat="40.7359410" lon="-74.0494570">
    <ele>35.1</ele>
    <time>2026-01-14T22:29:36Z</time>
   </trkpt>
   <trkpt lat="40.7359970" lon="-74.0494140">
    <ele>35.1</ele>
    <time>2026-01-14T22:29:37Z</time>
   </trkpt>
   <trkpt lat="40.7360510" lon="-74.0493800">
    <ele>35.1</ele>
    <time>2026-01-14T22:29:38Z</time>
   </trkpt>
   <trkpt lat="40.7361080" lon="-74.0493410">
    <ele>35.1</ele>
    <time>2026-01-14T22:29:39Z</time>
   </trkpt>
   <trkpt lat="40.7361700" lon="-74.0493060">
    <ele>35.2</ele>
    <time>2026-01-14T22:29:40Z</time>
   </trkpt>
   <trkpt lat="40.7362290" lon="-74.0492650">
    <ele>35.2</ele>
    <time>2026-01-14T22:29:41Z</time>
   </trkpt>
   <trkpt lat="40.7362850" lon="-74.0492300">
    <ele>35.2</ele>
    <time>2026-01-14T22:29:42Z</time>
   </trkpt>
   <trkpt lat="40.7363470" lon="-74.0491890">
    <ele>35.2</ele>
    <time>2026-01-14T22:29:43Z</time>
   </trkpt>
   <trkpt lat="40.7364100" lon="-74.0491510">
    <ele>35.1</ele>
    <time>2026-01-14T22:29:44Z</time>
   </trkpt>
   <trkpt lat="40.7364730" lon="-74.0491160">
    <ele>35.1</ele>
    <time>2026-01-14T22:29:45Z</time>
   </trkpt>
   <trkpt lat="40.7365360" lon="-74.0490600">
    <ele>35.0</ele>
    <time>2026-01-14T22:29:46Z</time>
   </trkpt>
   <trkpt lat="40.7365950" lon="-74.0490170">
    <ele>35.0</ele>
    <time>2026-01-14T22:29:47Z</time>
   </trkpt>
   <trkpt lat="40.7366590" lon="-74.0489750">
    <ele>35.0</ele>
    <time>2026-01-14T22:29:48Z</time>
   </trkpt>
   <trkpt lat="40.7367230" lon="-74.0489300">
    <ele>34.9</ele>
    <time>2026-01-14T22:29:49Z</time>
   </trkpt>
   <trkpt lat="40.7367860" lon="-74.0488930">
    <ele>34.9</ele>
    <time>2026-01-14T22:29:50Z</time>
   </trkpt>
   <trkpt lat="40.7368480" lon="-74.0488550">
    <ele>34.9</ele>
    <time>2026-01-14T22:29:51Z</time>
   </trkpt>
   <trkpt lat="40.7369040" lon="-74.0488220">
    <ele>34.8</ele>
    <time>2026-01-14T22:29:52Z</time>
   </trkpt>
   <trkpt lat="40.7369690" lon="-74.0487770">
    <ele>34.8</ele>
    <time>2026-01-14T22:29:53Z</time>
   </trkpt>
   <trkpt lat="40.7370290" lon="-74.0487320">
    <ele>34.7</ele>
    <time>2026-01-14T22:29:54Z</time>
   </trkpt>
   <trkpt lat="40.7370920" lon="-74.0486920">
    <ele>34.7</ele>
    <time>2026-01-14T22:29:55Z</time>
   </trkpt>
   <trkpt lat="40.7371540" lon="-74.0486500">
    <ele>34.6</ele>
    <time>2026-01-14T22:29:56Z</time>
   </trkpt>
   <trkpt lat="40.7372090" lon="-74.0486150">
    <ele>34.5</ele>
    <time>2026-01-14T22:29:57Z</time>
   </trkpt>
   <trkpt lat="40.7372730" lon="-74.0485670">
    <ele>34.4</ele>
    <time>2026-01-14T22:29:58Z</time>
   </trkpt>
   <trkpt lat="40.7373310" lon="-74.0485320">
    <ele>34.3</ele>
    <time>2026-01-14T22:29:59Z</time>
   </trkpt>
   <trkpt lat="40.7373960" lon="-74.0484960">
    <ele>34.3</ele>
    <time>2026-01-14T22:30:00Z</time>
   </trkpt>
   <trkpt lat="40.7374580" lon="-74.0484570">
    <ele>34.2</ele>
    <time>2026-01-14T22:30:01Z</time>
   </trkpt>
   <trkpt lat="40.7375170" lon="-74.0484200">
    <ele>34.1</ele>
    <time>2026-01-14T22:30:02Z</time>
   </trkpt>
   <trkpt lat="40.7375770" lon="-74.0483780">
    <ele>34.0</ele>
    <time>2026-01-14T22:30:03Z</time>
   </trkpt>
   <trkpt lat="40.7376480" lon="-74.0483410">
    <ele>33.9</ele>
    <time>2026-01-14T22:30:04Z</time>
   </trkpt>
   <trkpt lat="40.7376990" lon="-74.0483010">
    <ele>33.8</ele>
    <time>2026-01-14T22:30:05Z</time>
   </trkpt>
   <trkpt lat="40.7377650" lon="-74.0482740">
    <ele>33.7</ele>
    <time>2026-01-14T22:30:06Z</time>
   </trkpt>
   <trkpt lat="40.7378290" lon="-74.0482340">
    <ele>33.6</ele>
    <time>2026-01-14T22:30:07Z</time>
   </trkpt>
   <trkpt lat="40.7378880" lon="-74.0481890">
    <ele>33.5</ele>
    <time>2026-01-14T22:30:08Z</time>
   </trkpt>
   <trkpt lat="40.7379520" lon="-74.0481460">
    <ele>33.4</ele>
    <time>2026-01-14T22:30:09Z</time>
   </trkpt>
   <trkpt lat="40.7380160" lon="-74.0480960">
    <ele>33.3</ele>
    <time>2026-01-14T22:30:10Z</time>
   </trkpt>
   <trkpt lat="40.7380750" lon="-74.0480620">
    <ele>33.2</ele>
    <time>2026-01-14T22:30:11Z</time>
   </trkpt>
   <trkpt lat="40.7381360" lon="-74.0480210">
    <ele>33.1</ele>
    <time>2026-01-14T22:30:12Z</time>
   </trkpt>
   <trkpt lat="40.7381940" lon="-74.0479870">
    <ele>33.0</ele>
    <time>2026-01-14T22:30:13Z</time>
   </trkpt>
   <trkpt lat="40.7382580" lon="-74.0479380">
    <ele>32.8</ele>
    <time>2026-01-14T22:30:14Z</time>
   </trkpt>
   <trkpt lat="40.7383160" lon="-74.0479060">
    <ele>32.7</ele>
    <time>2026-01-14T22:30:15Z</time>
   </trkpt>
   <trkpt lat="40.7383790" lon="-74.0478700">
    <ele>32.5</ele>
    <time>2026-01-14T22:30:16Z</time>
   </trkpt>
   <trkpt lat="40.7384400" lon="-74.0478150">
    <ele>32.4</ele>
    <time>2026-01-14T22:30:17Z</time>
   </trkpt>
   <trkpt lat="40.7385340" lon="-74.0477700">
    <ele>32.2</ele>
    <time>2026-01-14T22:30:18Z</time>
   </trkpt>
   <trkpt lat="40.7385980" lon="-74.0477290">
    <ele>32.2</ele>
    <time>2026-01-14T22:30:19Z</time>
   </trkpt>
   <trkpt lat="40.7386570" lon="-74.0476980">
    <ele>32.2</ele>
    <time>2026-01-14T22:30:20Z</time>
   </trkpt>
   <trkpt lat="40.7387230" lon="-74.0476650">
    <ele>32.2</ele>
    <time>2026-01-14T22:30:21Z</time>
   </trkpt>
   <trkpt lat="40.7387830" lon="-74.0476290">
    <ele>32.2</ele>
    <time>2026-01-14T22:30:22Z</time>
   </trkpt>
   <trkpt lat="40.7388420" lon="-74.0475900">
    <ele>32.3</ele>
    <time>2026-01-14T22:30:23Z</time>
   </trkpt>
   <trkpt lat="40.7388980" lon="-74.0475630">
    <ele>32.4</ele>
    <time>2026-01-14T22:30:24Z</time>
   </trkpt>
   <trkpt lat="40.7389550" lon="-74.0475250">
    <ele>32.6</ele>
    <time>2026-01-14T22:30:25Z</time>
   </trkpt>
   <trkpt lat="40.7390070" lon="-74.0474900">
    <ele>32.7</ele>
    <time>2026-01-14T22:30:26Z</time>
   </trkpt>
   <trkpt lat="40.7390650" lon="-74.0474590">
    <ele>32.8</ele>
    <time>2026-01-14T22:30:27Z</time>
   </trkpt>
   <trkpt lat="40.7391180" lon="-74.0474250">
    <ele>32.9</ele>
    <time>2026-01-14T22:30:28Z</time>
   </trkpt>
   <trkpt lat="40.7391750" lon="-74.0473940">
    <ele>33.0</ele>
    <time>2026-01-14T22:30:29Z</time>
   </trkpt>
   <trkpt lat="40.7392410" lon="-74.0473390">
    <ele>33.1</ele>
    <time>2026-01-14T22:30:30Z</time>
   </trkpt>
   <trkpt lat="40.7392920" lon="-74.0472980">
    <ele>33.2</ele>
    <time>2026-01-14T22:30:31Z</time>
   </trkpt>
   <trkpt lat="40.7393480" lon="-74.0472600">
    <ele>33.2</ele>
    <time>2026-01-14T22:30:32Z</time>
   </trkpt>
   <trkpt lat="40.7393990" lon="-74.0472060">
    <ele>33.3</ele>
    <time>2026-01-14T22:30:33Z</time>
   </trkpt>
   <trkpt lat="40.7394520" lon="-74.0471780">
    <ele>33.4</ele>
    <time>2026-01-14T22:30:34Z</time>
   </trkpt>
   <trkpt lat="40.7395080" lon="-74.0471450">
    <ele>33.5</ele>
    <time>2026-01-14T22:30:35Z</time>
   </trkpt>
   <trkpt lat="40.7395580" lon="-74.0471100">
    <ele>33.6</ele>
    <time>2026-01-14T22:30:36Z</time>
   </trkpt>
   <trkpt lat="40.7396080" lon="-74.0470730">
    <ele>33.7</ele>
    <time>2026-01-14T22:30:37Z</time>
   </trkpt>
   <trkpt lat="40.7396620" lon="-74.0470430">
    <ele>33.8</ele>
    <time>2026-01-14T22:30:38Z</time>
   </trkpt>
   <trkpt lat="40.7397160" lon="-74.0470110">
    <ele>33.9</ele>
    <time>2026-01-14T22:30:39Z</time>
   </trkpt>
   <trkpt lat="40.7397670" lon="-74.0469780">
    <ele>33.9</ele>
    <time>2026-01-14T22:30:40Z</time>
   </trkpt>
   <trkpt lat="40.7398180" lon="-74.0469460">
    <ele>34.0</ele>
    <time>2026-01-14T22:30:41Z</time>
   </trkpt>
   <trkpt lat="40.7398760" lon="-74.0469180">
    <ele>34.0</ele>
    <time>2026-01-14T22:30:42Z</time>
   </trkpt>
   <trkpt lat="40.7399220" lon="-74.0468790">
    <ele>34.1</ele>
    <time>2026-01-14T22:30:43Z</time>
   </trkpt>
   <trkpt lat="40.7399750" lon="-74.0468530">
    <ele>34.1</ele>
    <time>2026-01-14T22:30:44Z</time>
   </trkpt>
   <trkpt lat="40.7400330" lon="-74.0468340">
    <ele>34.2</ele>
    <time>2026-01-14T22:30:45Z</time>
   </trkpt>
   <trkpt lat="40.7400930" lon="-74.0468040">
    <ele>34.2</ele>
    <time>2026-01-14T22:30:46Z</time>
   </trkpt>
   <trkpt lat="40.7401340" lon="-74.0467620">
    <ele>34.2</ele>
    <time>2026-01-14T22:30:47Z</time>
   </trkpt>
   <trkpt lat="40.7401940" lon="-74.0467330">
    <ele>34.3</ele>
    <time>2026-01-14T22:30:48Z</time>
   </trkpt>
   <trkpt lat="40.7402620" lon="-74.0466940">
    <ele>34.3</ele>
    <time>2026-01-14T22:30:49Z</time>
   </trkpt>
   <trkpt lat="40.7403090" lon="-74.0466750">
    <ele>34.4</ele>
    <time>2026-01-14T22:30:50Z</time>
   </trkpt>
   <trkpt lat="40.7403630" lon="-74.0466420">
    <ele>34.4</ele>
    <time>2026-01-14T22:30:51Z</time>
   </trkpt>
   <trkpt lat="40.7404230" lon="-74.0466060">
    <ele>34.4</ele>
    <time>2026-01-14T22:30:52Z</time>
   </trkpt>
   <trkpt lat="40.7404830" lon="-74.0465670">
    <ele>34.4</ele>
    <time>2026-01-14T22:30:53Z</time>
   </trkpt>
   <trkpt lat="40.7405380" lon="-74.0465270">
    <ele>34.4</ele>
    <time>2026-01-14T22:30:54Z</time>
   </trkpt>
   <trkpt lat="40.7405960" lon="-74.0464970">
    <ele>34.3</ele>
    <time>2026-01-14T22:30:55Z</time>
   </trkpt>
   <trkpt lat="40.7406510" lon="-74.0464800">
    <ele>34.3</ele>
    <time>2026-01-14T22:30:56Z</time>
   </trkpt>
   <trkpt lat="40.7407030" lon="-74.0464520">
    <ele>34.3</ele>
    <time>2026-01-14T22:30:57Z</time>
   </trkpt>
   <trkpt lat="40.7407570" lon="-74.0463930">
    <ele>34.2</ele>
    <time>2026-01-14T22:30:58Z</time>
   </trkpt>
   <trkpt lat="40.7408100" lon="-74.0463440">
    <ele>34.2</ele>
    <time>2026-01-14T22:30:59Z</time>
   </trkpt>
   <trkpt lat="40.7408710" lon="-74.0463110">
    <ele>34.1</ele>
    <time>2026-01-14T22:31:00Z</time>
   </trkpt>
   <trkpt lat="40.7409270" lon="-74.0462710">
    <ele>34.1</ele>
    <time>2026-01-14T22:31:01Z</time>
   </trkpt>
   <trkpt lat="40.7409890" lon="-74.0462340">
    <ele>34.1</ele>
    <time>2026-01-14T22:31:02Z</time>
   </trkpt>
   <trkpt lat="40.7410600" lon="-74.0461950">
    <ele>34.0</ele>
    <time>2026-01-14T22:31:03Z</time>
   </trkpt>
   <trkpt lat="40.7411250" lon="-74.0461580">
    <ele>34.0</ele>
    <time>2026-01-14T22:31:04Z</time>
   </trkpt>
   <trkpt lat="40.7411750" lon="-74.0461200">
    <ele>34.0</ele>
    <time>2026-01-14T22:31:05Z</time>
   </trkpt>
   <trkpt lat="40.7412420" lon="-74.0460780">
    <ele>33.9</ele>
    <time>2026-01-14T22:31:06Z</time>
   </trkpt>
   <trkpt lat="40.7413010" lon="-74.0460330">
    <ele>33.9</ele>
    <time>2026-01-14T22:31:07Z</time>
   </trkpt>
   <trkpt lat="40.7413550" lon="-74.0460010">
    <ele>34.0</ele>
    <time>2026-01-14T22:31:08Z</time>
   </trkpt>
   <trkpt lat="40.7414110" lon="-74.0459660">
    <ele>34.1</ele>
    <time>2026-01-14T22:31:09Z</time>
   </trkpt>
   <trkpt lat="40.7414660" lon="-74.0459330">
    <ele>34.1</ele>
    <time>2026-01-14T22:31:10Z</time>
   </trkpt>
   <trkpt lat="40.7415300" lon="-74.0458890">
    <ele>34.2</ele>
    <time>2026-01-14T22:31:11Z</time>
   </trkpt>
   <trkpt lat="40.7415880" lon="-74.0458480">
    <ele>34.3</ele>
    <time>2026-01-14T22:31:12Z</time>
   </trkpt>
   <trkpt lat="40.7416430" lon="-74.0458200">
    <ele>34.4</ele>
    <time>2026-01-14T22:31:13Z</time>
   </trkpt>
   <trkpt lat="40.7417050" lon="-74.0457800">
    <ele>34.5</ele>
    <time>2026-01-14T22:31:14Z</time>
   </trkpt>
   <trkpt lat="40.7417660" lon="-74.0457520">
    <ele>34.6</ele>
    <time>2026-01-14T22:31:15Z</time>
   </trkpt>
   <trkpt lat="40.7418160" lon="-74.0457010">
    <ele>34.6</ele>
    <time>2026-01-14T22:31:16Z</time>
   </trkpt>
   <trkpt lat="40.7418650" lon="-74.0456640">
    <ele>34.7</ele>
    <time>2026-01-14T22:31:17Z</time>
   </trkpt>
   <trkpt lat="40.7419260" lon="-74.0456420">
    <ele>34.8</ele>
    <time>2026-01-14T22:31:18Z</time>
   </trkpt>
   <trkpt lat="40.7419800" lon="-74.0456110">
    <ele>34.8</ele>
    <time>2026-01-14T22:31:19Z</time>
   </trkpt>
   <trkpt lat="40.7420300" lon="-74.0455790">
    <ele>34.9</ele>
    <time>2026-01-14T22:31:20Z</time>
   </trkpt>
   <trkpt lat="40.7420860" lon="-74.0455390">
    <ele>34.9</ele>
    <time>2026-01-14T22:31:21Z</time>
   </trkpt>
   <trkpt lat="40.7421430" lon="-74.0455060">
    <ele>34.9</ele>
    <time>2026-01-14T22:31:22Z</time>
   </trkpt>
   <trkpt lat="40.7421980" lon="-74.0454690">
    <ele>34.9</ele>
    <time>2026-01-14T22:31:23Z</time>
   </trkpt>
   <trkpt lat="40.7422550" lon="-74.0454280">
    <ele>34.8</ele>
    <time>2026-01-14T22:31:24Z</time>
   </trkpt>
   <trkpt lat="40.7423170" lon="-74.0453940">
    <ele>34.8</ele>
    <time>2026-01-14T22:31:25Z</time>
   </trkpt>
   <trkpt lat="40.7423790" lon="-74.0453550">
    <ele>34.8</ele>
    <time>2026-01-14T22:31:26Z</time>
   </trkpt>
   <trkpt lat="40.7424440" lon="-74.0453220">
    <ele>34.8</ele>
    <time>2026-01-14T22:31:27Z</time>
   </trkpt>
   <trkpt lat="40.7425030" lon="-74.0452860">
    <ele>34.8</ele>
    <time>2026-01-14T22:31:28Z</time>
   </trkpt>
   <trkpt lat="40.7425650" lon="-74.0452380">
    <ele>34.8</ele>
    <time>2026-01-14T22:31:29Z</time>
   </trkpt>
   <trkpt lat="40.7426290" lon="-74.0451930">
    <ele>34.8</ele>
    <time>2026-01-14T22:31:30Z</time>
   </trkpt>
   <trkpt lat="40.7426910" lon="-74.0451580">
    <ele>34.9</ele>
    <time>2026-01-14T22:31:31Z</time>
   </trkpt>
   <trkpt lat="40.7427470" lon="-74.0451180">
    <ele>34.9</ele>
    <time>2026-01-14T22:31:32Z</time>
   </trkpt>
   <trkpt lat="40.7428070" lon="-74.0450730">
    <ele>35.0</ele>
    <time>2026-01-14T22:31:33Z</time>
   </trkpt>
   <trkpt lat="40.7428610" lon="-74.0450400">
    <ele>35.0</ele>
    <time>2026-01-14T22:31:34Z</time>
   </trkpt>
   <trkpt lat="40.7429190" lon="-74.0450100">
    <ele>35.1</ele>
    <time>2026-01-14T22:31:35Z</time>
   </trkpt>
   <trkpt lat="40.7429770" lon="-74.0449750">
    <ele>35.1</ele>
    <time>2026-01-14T22:31:36Z</time>
   </trkpt>
   <trkpt lat="40.7430280" lon="-74.0449390">
    <ele>35.1</ele>
    <time>2026-01-14T22:31:37Z</time>
   </trkpt>
   <trkpt lat="40.7430840" lon="-74.0449120">
    <ele>35.2</ele>
    <time>2026-01-14T22:31:38Z</time>
   </trkpt>
   <trkpt lat="40.7431460" lon="-74.0448840">
    <ele>35.2</ele>
    <time>2026-01-14T22:31:39Z</time>
   </trkpt>
   <trkpt lat="40.7432050" lon="-74.0448330">
    <ele>35.2</ele>
    <time>2026-01-14T22:31:40Z</time>
   </trkpt>
   <trkpt lat="40.7432670" lon="-74.0447900">
    <ele>35.3</ele>
    <time>2026-01-14T22:31:41Z</time>
   </trkpt>
   <trkpt lat="40.7433200" lon="-74.0447620">
    <ele>35.3</ele>
    <time>2026-01-14T22:31:42Z</time>
   </trkpt>
   <trkpt lat="40.7433740" lon="-74.0447260">
    <ele>35.3</ele>
    <time>2026-01-14T22:31:43Z</time>
   </trkpt>
   <trkpt lat="40.7434330" lon="-74.0446950">
    <ele>35.2</ele>
    <time>2026-01-14T22:31:44Z</time>
   </trkpt>
   <trkpt lat="40.7434790" lon="-74.0446570">
    <ele>35.2</ele>
    <time>2026-01-14T22:31:45Z</time>
   </trkpt>
   <trkpt lat="40.7435420" lon="-74.0446190">
    <ele>35.2</ele>
    <time>2026-01-14T22:31:46Z</time>
   </trkpt>
   <trkpt lat="40.7435920" lon="-74.0445760">
    <ele>35.2</ele>
    <time>2026-01-14T22:31:47Z</time>
   </trkpt>
   <trkpt lat="40.7436360" lon="-74.0445450">
    <ele>35.2</ele>
    <time>2026-01-14T22:31:48Z</time>
   </trkpt>
   <trkpt lat="40.7436740" lon="-74.0445110">
    <ele>35.2</ele>
    <time>2026-01-14T22:31:49Z</time>
   </trkpt>
   <trkpt lat="40.7437160" lon="-74.0444940">
    <ele>35.2</ele>
    <time>2026-01-14T22:31:50Z</time>
   </trkpt>
   <trkpt lat="40.7437670" lon="-74.0444560">
    <ele>35.2</ele>
    <time>2026-01-14T22:31:51Z</time>
   </trkpt>
   <trkpt lat="40.7437970" lon="-74.0444210">
    <ele>35.1</ele>
    <time>2026-01-14T22:31:52Z</time>
   </trkpt>
   <trkpt lat="40.7438480" lon="-74.0443880">
    <ele>35.1</ele>
    <time>2026-01-14T22:31:53Z</time>
   </trkpt>
   <trkpt lat="40.7438940" lon="-74.0443630">
    <ele>35.1</ele>
    <time>2026-01-14T22:31:54Z</time>
   </trkpt>
   <trkpt lat="40.7439380" lon="-74.0443370">
    <ele>35.1</ele>
    <time>2026-01-14T22:31:55Z</time>
   </trkpt>
   <trkpt lat="40.7439770" lon="-74.0443210">
    <ele>35.2</ele>
    <time>2026-01-14T22:31:56Z</time>
   </trkpt>
   <trkpt lat="40.7440090" lon="-74.0442950">
    <ele>35.2</ele>
    <time>2026-01-14T22:31:57Z</time>
   </trkpt>
   <trkpt lat="40.7440490" lon="-74.0442700">
    <ele>35.2</ele>
    <time>2026-01-14T22:31:58Z</time>
   </trkpt>
   <trkpt lat="40.7440810" lon="-74.0442320">
    <ele>35.3</ele>
    <time>2026-01-14T22:31:59Z</time>
   </trkpt>
   <trkpt lat="40.7441370" lon="-74.0441920">
    <ele>35.3</ele>
    <time>2026-01-14T22:32:00Z</time>
   </trkpt>
   <trkpt lat="40.7441900" lon="-74.0441670">
    <ele>35.4</ele>
    <time>2026-01-14T22:32:01Z</time>
   </trkpt>
   <trkpt lat="40.7442330" lon="-74.0441340">
    <ele>35.4</ele>
    <time>2026-01-14T22:32:02Z</time>
   </trkpt>
   <trkpt lat="40.7442850" lon="-74.0440970">
    <ele>35.5</ele>
    <time>2026-01-14T22:32:03Z</time>
   </trkpt>
   <trkpt lat="40.7443480" lon="-74.0440670">
    <ele>35.6</ele>
    <time>2026-01-14T22:32:04Z</time>
   </trkpt>
   <trkpt lat="40.7443960" lon="-74.0440380">
    <ele>35.7</ele>
    <time>2026-01-14T22:32:05Z</time>
   </trkpt>
   <trkpt lat="40.7444470" lon="-74.0440110">
    <ele>35.7</ele>
    <time>2026-01-14T22:32:06Z</time>
   </trkpt>
   <trkpt lat="40.7445030" lon="-74.0439740">
    <ele>35.8</ele>
    <time>2026-01-14T22:32:07Z</time>
   </trkpt>
   <trkpt lat="40.7445660" lon="-74.0439270">
    <ele>35.9</ele>
    <time>2026-01-14T22:32:08Z</time>
   </trkpt>
   <trkpt lat="40.7446260" lon="-74.0438930">
    <ele>36.0</ele>
    <time>2026-01-14T22:32:09Z</time>
   </trkpt>
   <trkpt lat="40.7446840" lon="-74.0438490">
    <ele>36.1</ele>
    <time>2026-01-14T22:32:10Z</time>
   </trkpt>
   <trkpt lat="40.7447410" lon="-74.0438230">
    <ele>36.1</ele>
    <time>2026-01-14T22:32:11Z</time>
   </trkpt>
   <trkpt lat="40.7447920" lon="-74.0437920">
    <ele>36.2</ele>
    <time>2026-01-14T22:32:12Z</time>
   </trkpt>
   <trkpt lat="40.7448520" lon="-74.0437550">
    <ele>36.3</ele>
    <time>2026-01-14T22:32:13Z</time>
   </trkpt>
   <trkpt lat="40.7449130" lon="-74.0437180">
    <ele>36.3</ele>
    <time>2026-01-14T22:32:14Z</time>
   </trkpt>
   <trkpt lat="40.7449720" lon="-74.0436820">
    <ele>36.4</ele>
    <time>2026-01-14T22:32:15Z</time>
   </trkpt>
   <trkpt lat="40.7450330" lon="-74.0436540">
    <ele>36.5</ele>
    <time>2026-01-14T22:32:16Z</time>
   </trkpt>
   <trkpt lat="40.7450820" lon="-74.0436260">
    <ele>36.6</ele>
    <time>2026-01-14T22:32:17Z</time>
   </trkpt>
   <trkpt lat="40.7451290" lon="-74.0436010">
    <ele>36.6</ele>
    <time>2026-01-14T22:32:18Z</time>
   </trkpt>
   <trkpt lat="40.7451740" lon="-74.0435690">
    <ele>36.7</ele>
    <time>2026-01-14T22:32:19Z</time>
   </trkpt>
   <trkpt lat="40.7452170" lon="-74.0435420">
    <ele>36.8</ele>
    <time>2026-01-14T22:32:20Z</time>
   </trkpt>
   <trkpt lat="40.7452540" lon="-74.0435060">
    <ele>36.8</ele>
    <time>2026-01-14T22:32:21Z</time>
   </trkpt>
   <trkpt lat="40.7452900" lon="-74.0434650">
    <ele>36.9</ele>
    <time>2026-01-14T22:32:22Z</time>
   </trkpt>
   <trkpt lat="40.7453300" lon="-74.0434370">
    <ele>37.0</ele>
    <time>2026-01-14T22:32:23Z</time>
   </trkpt>
   <trkpt lat="40.7453680" lon="-74.0434130">
    <ele>37.0</ele>
    <time>2026-01-14T22:32:24Z</time>
   </trkpt>
   <trkpt lat="40.7454050" lon="-74.0434130">
    <ele>37.1</ele>
    <time>2026-01-14T22:32:25Z</time>
   </trkpt>
   <trkpt lat="40.7454420" lon="-74.0433810">
    <ele>37.1</ele>
    <time>2026-01-14T22:32:26Z</time>
   </trkpt>
   <trkpt lat="40.7454680" lon="-74.0433510">
    <ele>37.2</ele>
    <time>2026-01-14T22:32:27Z</time>
   </trkpt>
   <trkpt lat="40.7455010" lon="-74.0433350">
    <ele>37.2</ele>
    <time>2026-01-14T22:32:28Z</time>
   </trkpt>
   <trkpt lat="40.7455440" lon="-74.0433190">
    <ele>37.3</ele>
    <time>2026-01-14T22:32:29Z</time>
   </trkpt>
   <trkpt lat="40.7455770" lon="-74.0433170">
    <ele>37.3</ele>
    <time>2026-01-14T22:32:30Z</time>
   </trkpt>
   <trkpt lat="40.7456360" lon="-74.0432760">
    <ele>37.3</ele>
    <time>2026-01-14T22:32:31Z</time>
   </trkpt>
   <trkpt lat="40.7456800" lon="-74.0432390">
    <ele>37.4</ele>
    <time>2026-01-14T22:32:32Z</time>
   </trkpt>
   <trkpt lat="40.7457380" lon="-74.0432090">
    <ele>37.4</ele>
    <time>2026-01-14T22:32:33Z</time>
   </trkpt>
   <trkpt lat="40.7457870" lon="-74.0431790">
    <ele>37.5</ele>
    <time>2026-01-14T22:32:34Z</time>
   </trkpt>
   <trkpt lat="40.7458270" lon="-74.0431420">
    <ele>37.5</ele>
    <time>2026-01-14T22:32:35Z</time>
   </trkpt>
   <trkpt lat="40.7458730" lon="-74.0431070">
    <ele>37.6</ele>
    <time>2026-01-14T22:32:36Z</time>
   </trkpt>
   <trkpt lat="40.7459220" lon="-74.0430770">
    <ele>37.6</ele>
    <time>2026-01-14T22:32:37Z</time>
   </trkpt>
   <trkpt lat="40.7459700" lon="-74.0430300">
    <ele>37.7</ele>
    <time>2026-01-14T22:32:38Z</time>
   </trkpt>
   <trkpt lat="40.7460200" lon="-74.0429970">
    <ele>37.8</ele>
    <time>2026-01-14T22:32:39Z</time>
   </trkpt>
   <trkpt lat="40.7460770" lon="-74.0429690">
    <ele>37.9</ele>
    <time>2026-01-14T22:32:40Z</time>
   </trkpt>
   <trkpt lat="40.7461280" lon="-74.0429430">
    <ele>37.9</ele>
    <time>2026-01-14T22:32:41Z</time>
   </trkpt>
   <trkpt lat="40.7461740" lon="-74.0429020">
    <ele>38.0</ele>
    <time>2026-01-14T22:32:42Z</time>
   </trkpt>
   <trkpt lat="40.7462200" lon="-74.0428670">
    <ele>38.0</ele>
    <time>2026-01-14T22:32:43Z</time>
   </trkpt>
   <trkpt lat="40.7462800" lon="-74.0428160">
    <ele>38.1</ele>
    <time>2026-01-14T22:32:44Z</time>
   </trkpt>
   <trkpt lat="40.7463430" lon="-74.0427730">
    <ele>38.1</ele>
    <time>2026-01-14T22:32:45Z</time>
   </trkpt>
   <trkpt lat="40.7463850" lon="-74.0427420">
    <ele>38.2</ele>
    <time>2026-01-14T22:32:46Z</time>
   </trkpt>
   <trkpt lat="40.7464350" lon="-74.0427130">
    <ele>38.2</ele>
    <time>2026-01-14T22:32:47Z</time>
   </trkpt>
   <trkpt lat="40.7464960" lon="-74.0426800">
    <ele>38.3</ele>
    <time>2026-01-14T22:32:48Z</time>
   </trkpt>
   <trkpt lat="40.7465410" lon="-74.0426520">
    <ele>38.3</ele>
    <time>2026-01-14T22:32:49Z</time>
   </trkpt>
   <trkpt lat="40.7465960" lon="-74.0426190">
    <ele>38.4</ele>
    <time>2026-01-14T22:32:50Z</time>
   </trkpt>
   <trkpt lat="40.7466480" lon="-74.0425920">
    <ele>38.5</ele>
    <time>2026-01-14T22:32:51Z</time>
   </trkpt>
   <trkpt lat="40.7467020" lon="-74.0425550">
    <ele>38.5</ele>
    <time>2026-01-14T22:32:52Z</time>
   </trkpt>
   <trkpt lat="40.7467520" lon="-74.0425190">
    <ele>38.6</ele>
    <time>2026-01-14T22:32:53Z</time>
   </trkpt>
   <trkpt lat="40.7467960" lon="-74.0424900">
    <ele>38.6</ele>
    <time>2026-01-14T22:32:54Z</time>
   </trkpt>
   <trkpt lat="40.7468510" lon="-74.0424660">
    <ele>38.7</ele>
    <time>2026-01-14T22:32:55Z</time>
   </trkpt>
   <trkpt lat="40.7469030" lon="-74.0424360">
    <ele>38.7</ele>
    <time>2026-01-14T22:32:56Z</time>
   </trkpt>
   <trkpt lat="40.7469520" lon="-74.0424160">
    <ele>38.8</ele>
    <time>2026-01-14T22:32:57Z</time>
   </trkpt>
   <trkpt lat="40.7469930" lon="-74.0423850">
    <ele>38.8</ele>
    <time>2026-01-14T22:32:58Z</time>
   </trkpt>
   <trkpt lat="40.7470520" lon="-74.0423570">
    <ele>38.9</ele>
    <time>2026-01-14T22:32:59Z</time>
   </trkpt>
   <trkpt lat="40.7470920" lon="-74.0423400">
    <ele>38.9</ele>
    <time>2026-01-14T22:33:00Z</time>
   </trkpt>
   <trkpt lat="40.7471040" lon="-74.0423240">
    <ele>38.9</ele>
    <time>2026-01-14T22:33:01Z</time>
   </trkpt>
   <trkpt lat="40.7471140" lon="-74.0423170">
    <ele>38.9</ele>
    <time>2026-01-14T22:33:02Z</time>
   </trkpt>
   <trkpt lat="40.7471330" lon="-74.0422950">
    <ele>39.0</ele>
    <time>2026-01-14T22:33:03Z</time>
   </trkpt>
   <trkpt lat="40.7471410" lon="-74.0422910">
    <ele>39.0</ele>
    <time>2026-01-14T22:33:04Z</time>
   </trkpt>
   <trkpt lat="40.7471500" lon="-74.0422860">
    <ele>39.0</ele>
    <time>2026-01-14T22:33:05Z</time>
   </trkpt>
   <trkpt lat="40.7471890" lon="-74.0422650">
    <ele>39.0</ele>
    <time>2026-01-14T22:33:06Z</time>
   </trkpt>
   <trkpt lat="40.7472020" lon="-74.0422540">
    <ele>39.1</ele>
    <time>2026-01-14T22:33:07Z</time>
   </trkpt>
   <trkpt lat="40.7472370" lon="-74.0422280">
    <ele>39.1</ele>
    <time>2026-01-14T22:33:08Z</time>
   </trkpt>
   <trkpt lat="40.7472820" lon="-74.0422010">
    <ele>39.1</ele>
    <time>2026-01-14T22:33:09Z</time>
   </trkpt>
   <trkpt lat="40.7473270" lon="-74.0421740">
    <ele>39.2</ele>
    <time>2026-01-14T22:33:10Z</time>
   </trkpt>
   <trkpt lat="40.7473730" lon="-74.0421400">
    <ele>39.2</ele>
    <time>2026-01-14T22:33:11Z</time>
   </trkpt>
   <trkpt lat="40.7474200" lon="-74.0421060">
    <ele>39.3</ele>
    <time>2026-01-14T22:33:12Z</time>
   </trkpt>
   <trkpt lat="40.7474640" lon="-74.0420820">
    <ele>39.3</ele>
    <time>2026-01-14T22:33:13Z</time>
   </trkpt>
   <trkpt lat="40.7475170" lon="-74.0420500">
    <ele>39.3</ele>
    <time>2026-01-14T22:33:14Z</time>
   </trkpt>
   <trkpt lat="40.7475740" lon="-74.0420100">
    <ele>39.4</ele>
    <time>2026-01-14T22:33:15Z</time>
   </trkpt>
   <trkpt lat="40.7476220" lon="-74.0419830">
    <ele>39.5</ele>
    <time>2026-01-14T22:33:16Z</time>
   </trkpt>
   <trkpt lat="40.7476680" lon="-74.0419620">
    <ele>39.6</ele>
    <time>2026-01-14T22:33:17Z</time>
   </trkpt>
   <trkpt lat="40.7477190" lon="-74.0419280">
    <ele>39.7</ele>
    <time>2026-01-14T22:33:18Z</time>
   </trkpt>
   <trkpt lat="40.7477640" lon="-74.0418900">
    <ele>39.7</ele>
    <time>2026-01-14T22:33:19Z</time>
   </trkpt>
   <trkpt lat="40.7478190" lon="-74.0418560">
    <ele>39.8</ele>
    <time>2026-01-14T22:33:20Z</time>
   </trkpt>
   <trkpt lat="40.7478750" lon="-74.0418270">
    <ele>39.9</ele>
    <time>2026-01-14T22:33:21Z</time>
   </trkpt>
   <trkpt lat="40.7479280" lon="-74.0417890">
    <ele>40.0</ele>
    <time>2026-01-14T22:33:22Z</time>
   </trkpt>
   <trkpt lat="40.7479810" lon="-74.0417580">
    <ele>40.1</ele>
    <time>2026-01-14T22:33:23Z</time>
   </trkpt>
   <trkpt lat="40.7480260" lon="-74.0417290">
    <ele>40.2</ele>
    <time>2026-01-14T22:33:24Z</time>
   </trkpt>
   <trkpt lat="40.7480660" lon="-74.0417070">
    <ele>40.3</ele>
    <time>2026-01-14T22:33:25Z</time>
   </trkpt>
   <trkpt lat="40.7481070" lon="-74.0416800">
    <ele>40.3</ele>
    <time>2026-01-14T22:33:26Z</time>
   </trkpt>
   <trkpt lat="40.7481430" lon="-74.0416600">
    <ele>40.4</ele>
    <time>2026-01-14T22:33:27Z</time>
   </trkpt>
   <trkpt lat="40.7481730" lon="-74.0416290">
    <ele>40.4</ele>
    <time>2026-01-14T22:33:28Z</time>
   </trkpt>
   <trkpt lat="40.7482110" lon="-74.0415920">
    <ele>40.5</ele>
    <time>2026-01-14T22:33:29Z</time>
   </trkpt>
   <trkpt lat="40.7482430" lon="-74.0415940">
    <ele>40.6</ele>
    <time>2026-01-14T22:33:30Z</time>
   </trkpt>
   <trkpt lat="40.7482580" lon="-74.0415870">
    <ele>40.6</ele>
    <time>2026-01-14T22:33:31Z</time>
   </trkpt>
   <trkpt lat="40.7482970" lon="-74.0415620">
    <ele>40.6</ele>
    <time>2026-01-14T22:33:32Z</time>
   </trkpt>
   <trkpt lat="40.7483250" lon="-74.0415470">
    <ele>40.7</ele>
    <time>2026-01-14T22:33:33Z</time>
   </trkpt>
   <trkpt lat="40.7483540" lon="-74.0415230">
    <ele>40.7</ele>
    <time>2026-01-14T22:33:34Z</time>
   </trkpt>
   <trkpt lat="40.7483960" lon="-74.0414960">
    <ele>40.8</ele>
    <time>2026-01-14T22:33:35Z</time>
   </trkpt>
   <trkpt lat="40.7484140" lon="-74.0414860">
    <ele>40.8</ele>
    <time>2026-01-14T22:33:36Z</time>
   </trkpt>
   <trkpt lat="40.7484490" lon="-74.0414480">
    <ele>40.9</ele>
    <time>2026-01-14T22:33:37Z</time>
   </trkpt>
   <trkpt lat="40.7484810" lon="-74.0414260">
    <ele>41.0</ele>
    <time>2026-01-14T22:33:38Z</time>
   </trkpt>
   <trkpt lat="40.7485150" lon="-74.0414150">
    <ele>41.0</ele>
    <time>2026-01-14T22:33:39Z</time>
   </trkpt>
   <trkpt lat="40.7485400" lon="-74.0414010">
    <ele>41.0</ele>
    <time>2026-01-14T22:33:40Z</time>
   </trkpt>
   <trkpt lat="40.7485670" lon="-74.0413820">
    <ele>41.0</ele>
    <time>2026-01-14T22:33:41Z</time>
   </trkpt>
   <trkpt lat="40.7485980" lon="-74.0413560">
    <ele>41.1</ele>
    <time>2026-01-14T22:33:42Z</time>
   </trkpt>
   <trkpt lat="40.7486350" lon="-74.0413370">
    <ele>41.1</ele>
    <time>2026-01-14T22:33:43Z</time>
   </trkpt>
   <trkpt lat="40.7486480" lon="-74.0413280">
    <ele>41.1</ele>
    <time>2026-01-14T22:33:44Z</time>
   </trkpt>
   <trkpt lat="40.7486940" lon="-74.0413070">
    <ele>41.1</ele>
    <time>2026-01-14T22:33:45Z</time>
   </trkpt>
   <trkpt lat="40.7487160" lon="-74.0412860">
    <ele>41.2</ele>
    <time>2026-01-14T22:33:46Z</time>
   </trkpt>
   <trkpt lat="40.7487560" lon="-74.0412490">
    <ele>41.2</ele>
    <time>2026-01-14T22:33:47Z</time>
   </trkpt>
   <trkpt lat="40.7487780" lon="-74.0412280">
    <ele>41.2</ele>
    <time>2026-01-14T22:33:48Z</time>
   </trkpt>
   <trkpt lat="40.7487840" lon="-74.0412180">
    <ele>41.2</ele>
    <time>2026-01-14T22:33:49Z</time>
   </trkpt>
   <trkpt lat="40.7488050" lon="-74.0411940">
    <ele>41.3</ele>
    <time>2026-01-14T22:33:50Z</time>
   </trkpt>
   <trkpt lat="40.7488310" lon="-74.0411750">
    <ele>41.3</ele>
    <time>2026-01-14T22:33:51Z</time>
   </trkpt>
   <trkpt lat="40.7488560" lon="-74.0411570">
    <ele>41.3</ele>
    <time>2026-01-14T22:33:52Z</time>
   </trkpt>
   <trkpt lat="40.7488650" lon="-74.0411480">
    <ele>41.3</ele>
    <time>2026-01-14T22:33:53Z</time>
   </trkpt>
   <trkpt lat="40.7488820" lon="-74.0411290">
    <ele>41.4</ele>
    <time>2026-01-14T22:33:54Z</time>
   </trkpt>
   <trkpt lat="40.7488870" lon="-74.0411270">
    <ele>41.4</ele>
    <time>2026-01-14T22:33:55Z</time>
   </trkpt>
   <trkpt lat="40.7488930" lon="-74.0411240">
    <ele>41.4</ele>
    <time>2026-01-14T22:33:56Z</time>
   </trkpt>
   <trkpt lat="40.7488980" lon="-74.0411210">
    <ele>41.4</ele>
    <time>2026-01-14T22:33:57Z</time>
   </trkpt>
   <trkpt lat="40.7489010" lon="-74.0411110">
    <ele>41.4</ele>
    <time>2026-01-14T22:33:58Z</time>
   </trkpt>
   <trkpt lat="40.7489080" lon="-74.0411060">
    <ele>41.4</ele>
    <time>2026-01-14T22:33:59Z</time>
   </trkpt>
   <trkpt lat="40.7489160" lon="-74.0410940">
    <ele>41.4</ele>
    <time>2026-01-14T22:34:00Z</time>
   </trkpt>
   <trkpt lat="40.7489260" lon="-74.0410840">
    <ele>41.4</ele>
    <time>2026-01-14T22:34:01Z</time>
   </trkpt>
   <trkpt lat="40.7489410" lon="-74.0410670">
    <ele>41.4</ele>
    <time>2026-01-14T22:34:02Z</time>
   </trkpt>
   <trkpt lat="40.7489680" lon="-74.0410400">
    <ele>41.5</ele>
    <time>2026-01-14T22:34:03Z</time>
   </trkpt>
   <trkpt lat="40.7489770" lon="-74.0410350">
    <ele>41.5</ele>
    <time>2026-01-14T22:34:04Z</time>
   </trkpt>
   <trkpt lat="40.7490090" lon="-74.0410220">
    <ele>41.5</ele>
    <time>2026-01-14T22:34:05Z</time>
   </trkpt>
   <trkpt lat="40.7490200" lon="-74.0410220">
    <ele>41.5</ele>
    <time>2026-01-14T22:34:06Z</time>
   </trkpt>
   <trkpt lat="40.7490250" lon="-74.0410060">
    <ele>41.5</ele>
    <time>2026-01-14T22:34:07Z</time>
   </trkpt>
   <trkpt lat="40.7490370" lon="-74.0409980">
    <ele>41.5</ele>
    <time>2026-01-14T22:34:08Z</time>
   </trkpt>
   <trkpt lat="40.7490450" lon="-74.0410140">
    <ele>41.5</ele>
    <time>2026-01-14T22:34:09Z</time>
   </trkpt>
   <trkpt lat="40.7490520" lon="-74.0410140">
    <ele>41.5</ele>
    <time>2026-01-14T22:34:10Z</time>
   </trkpt>
   <trkpt lat="40.7490640" lon="-74.0410170">
    <ele>41.5</ele>
    <time>2026-01-14T22:34:11Z</time>
   </trkpt>
   <trkpt lat="40.7490600" lon="-74.0410290">
    <ele>41.5</ele>
    <time>2026-01-14T22:34:12Z</time>
   </trkpt>
   <trkpt lat="40.7490600" lon="-74.0410310">
    <ele>41.5</ele>
    <time>2026-01-14T22:34:13Z</time>
   </trkpt>
   <trkpt lat="40.7490590" lon="-74.0410340">
    <ele>41.5</ele>
    <time>2026-01-14T22:34:14Z</time>
   </trkpt>
   <trkpt lat="40.7490590" lon="-74.0410360">
    <ele>41.5</ele>
    <time>2026-01-14T22:34:15Z</time>
   </trkpt>
   <trkpt lat="40.7490590" lon="-74.0410390">
    <ele>41.5</ele>
    <time>2026-01-14T22:34:16Z</time>
   </trkpt>
   <trkpt lat="40.7490590" lon="-74.0410410">
    <ele>41.5</ele>
    <time>2026-01-14T22:34:17Z</time>
   </trkpt>
   <trkpt lat="40.7490590" lon="-74.0410440">
    <ele>41.5</ele>
    <time>2026-01-14T22:34:18Z</time>
   </trkpt>
   <trkpt lat="40.7490580" lon="-74.0410460">
    <ele>41.5</ele>
    <time>2026-01-14T22:34:19Z</time>
   </trkpt>
   <trkpt lat="40.7490580" lon="-74.0410490">
    <ele>41.5</ele>
    <time>2026-01-14T22:34:20Z</time>
   </trkpt>
   <trkpt lat="40.7490580" lon="-74.0410510">
    <ele>41.5</ele>
    <time>2026-01-14T22:34:21Z</time>
   </trkpt>
   <trkpt lat="40.7490580" lon="-74.0410540">
    <ele>41.5</ele>
    <time>2026-01-14T22:34:22Z</time>
   </trkpt>
   <trkpt lat="40.7490580" lon="-74.0410560">
    <ele>41.5</ele>
    <time>2026-01-14T22:34:23Z</time>
   </trkpt>
   <trkpt lat="40.7490570" lon="-74.0410590">
    <ele>41.5</ele>
    <time>2026-01-14T22:34:24Z</time>
   </trkpt>
   <trkpt lat="40.7490570" lon="-74.0410610">
    <ele>41.5</ele>
    <time>2026-01-14T22:34:25Z</time>
   </trkpt>
   <trkpt lat="40.7490570" lon="-74.0410640">
    <ele>41.5</ele>
    <time>2026-01-14T22:34:26Z</time>
   </trkpt>
   <trkpt lat="40.7490570" lon="-74.0410660">
    <ele>41.5</ele>
    <time>2026-01-14T22:34:27Z</time>
   </trkpt>
   <trkpt lat="40.7490570" lon="-74.0410690">
    <ele>41.5</ele>
    <time>2026-01-14T22:34:28Z</time>
   </trkpt>
   <trkpt lat="40.7490560" lon="-74.0410710">
    <ele>41.5</ele>
    <time>2026-01-14T22:34:29Z</time>
   </trkpt>
   <trkpt lat="40.7490560" lon="-74.0410740">
    <ele>41.5</ele>
    <time>2026-01-14T22:34:30Z</time>
   </trkpt>
   <trkpt lat="40.7490560" lon="-74.0410760">
    <ele>41.5</ele>
    <time>2026-01-14T22:34:31Z</time>
   </trkpt>
   <trkpt lat="40.7490560" lon="-74.0410790">
    <ele>41.5</ele>
    <time>2026-01-14T22:34:32Z</time>
   </trkpt>
   <trkpt lat="40.7490560" lon="-74.0410810">
    <ele>41.5</ele>
    <time>2026-01-14T22:34:33Z</time>
   </trkpt>
   <trkpt lat="40.7490550" lon="-74.0410840">
    <ele>41.5</ele>
    <time>2026-01-14T22:34:34Z</time>
   </trkpt>
   <trkpt lat="40.7490550" lon="-74.0410860">
    <ele>41.5</ele>
    <time>2026-01-14T22:34:35Z</time>
   </trkpt>
   <trkpt lat="40.7490550" lon="-74.0410890">
    <ele>41.5</ele>
    <time>2026-01-14T22:34:36Z</time>
   </trkpt>
   <trkpt lat="40.7490520" lon="-74.0410900">
    <ele>41.5</ele>
    <time>2026-01-14T22:34:37Z</time>
   </trkpt>
   <trkpt lat="40.7490500" lon="-74.0410920">
    <ele>41.5</ele>
    <time>2026-01-14T22:34:38Z</time>
   </trkpt>
   <trkpt lat="40.7490480" lon="-74.0410950">
    <ele>41.5</ele>
    <time>2026-01-14T22:34:39Z</time>
   </trkpt>
   <trkpt lat="40.7490460" lon="-74.0410980">
    <ele>41.5</ele>
    <time>2026-01-14T22:34:40Z</time>
   </trkpt>
   <trkpt lat="40.7490440" lon="-74.0411000">
    <ele>41.5</ele>
    <time>2026-01-14T22:34:41Z</time>
   </trkpt>
   <trkpt lat="40.7490420" lon="-74.0411030">
    <ele>41.5</ele>
    <time>2026-01-14T22:34:42Z</time>
   </trkpt>
   <trkpt lat="40.7490400" lon="-74.0411060">
    <ele>41.4</ele>
    <time>2026-01-14T22:34:43Z</time>
   </trkpt>
   <trkpt lat="40.7490380" lon="-74.0411080">
    <ele>41.4</ele>
    <time>2026-01-14T22:34:44Z</time>
   </trkpt>
   <trkpt lat="40.7490360" lon="-74.0411110">
    <ele>41.4</ele>
    <time>2026-01-14T22:34:45Z</time>
   </trkpt>
   <trkpt lat="40.7490340" lon="-74.0411130">
    <ele>41.4</ele>
    <time>2026-01-14T22:34:46Z</time>
   </trkpt>
   <trkpt lat="40.7490320" lon="-74.0411160">
    <ele>41.4</ele>
    <time>2026-01-14T22:34:47Z</time>
   </trkpt>
   <trkpt lat="40.7490300" lon="-74.0411190">
    <ele>41.4</ele>
    <time>2026-01-14T22:34:48Z</time>
   </trkpt>
   <trkpt lat="40.7490280" lon="-74.0411210">
    <ele>41.4</ele>
    <time>2026-01-14T22:34:49Z</time>
   </trkpt>
   <trkpt lat="40.7490260" lon="-74.0411240">
    <ele>41.4</ele>
    <time>2026-01-14T22:34:50Z</time>
   </trkpt>
   <trkpt lat="40.7490260" lon="-74.0411730">
    <ele>41.4</ele>
    <time>2026-01-14T22:34:51Z</time>
   </trkpt>
   <trkpt lat="40.7490300" lon="-74.0411920">
    <ele>41.4</ele>
    <time>2026-01-14T22:34:52Z</time>
   </trkpt>
   <trkpt lat="40.7490440" lon="-74.0412450">
    <ele>41.4</ele>
    <time>2026-01-14T22:34:53Z</time>
   </trkpt>
   <trkpt lat="40.7490580" lon="-74.0412990">
    <ele>41.4</ele>
    <time>2026-01-14T22:34:54Z</time>
   </trkpt>
   <trkpt lat="40.7490770" lon="-74.0413550">
    <ele>41.4</ele>
    <time>2026-01-14T22:34:55Z</time>
   </trkpt>
   <trkpt lat="40.7491010" lon="-74.0414210">
    <ele>41.3</ele>
    <time>2026-01-14T22:34:56Z</time>
   </trkpt>
   <trkpt lat="40.7491330" lon="-74.0414970">
    <ele>41.3</ele>
    <time>2026-01-14T22:34:57Z</time>
   </trkpt>
   <trkpt lat="40.7491670" lon="-74.0415740">
    <ele>41.2</ele>
    <time>2026-01-14T22:34:58Z</time>
   </trkpt>
   <trkpt lat="40.7492000" lon="-74.0416520">
    <ele>41.1</ele>
    <time>2026-01-14T22:34:59Z</time>
   </trkpt>
   <trkpt lat="40.7492370" lon="-74.0417360">
    <ele>41.1</ele>
    <time>2026-01-14T22:35:00Z</time>
   </trkpt>
   <trkpt lat="40.7492570" lon="-74.0418090">
    <ele>41.0</ele>
    <time>2026-01-14T22:35:01Z</time>
   </trkpt>
   <trkpt lat="40.7492870" lon="-74.0418750">
    <ele>41.0</ele>
    <time>2026-01-14T22:35:02Z</time>
   </trkpt>
   <trkpt lat="40.7493180" lon="-74.0419380">
    <ele>40.9</ele>
    <time>2026-01-14T22:35:03Z</time>
   </trkpt>
   <trkpt lat="40.7493450" lon="-74.0420040">
    <ele>40.9</ele>
    <time>2026-01-14T22:35:04Z</time>
   </trkpt>
   <trkpt lat="40.7493670" lon="-74.0420690">
    <ele>40.9</ele>
    <time>2026-01-14T22:35:05Z</time>
   </trkpt>
   <trkpt lat="40.7493920" lon="-74.0421430">
    <ele>40.8</ele>
    <time>2026-01-14T22:35:06Z</time>
   </trkpt>
   <trkpt lat="40.7494210" lon="-74.0422110">
    <ele>40.8</ele>
    <time>2026-01-14T22:35:07Z</time>
   </trkpt>
   <trkpt lat="40.7494490" lon="-74.0422780">
    <ele>40.8</ele>
    <time>2026-01-14T22:35:08Z</time>
   </trkpt>
   <trkpt lat="40.7494740" lon="-74.0423450">
    <ele>40.8</ele>
    <time>2026-01-14T22:35:09Z</time>
   </trkpt>
   <trkpt lat="40.7494980" lon="-74.0424100">
    <ele>40.8</ele>
    <time>2026-01-14T22:35:10Z</time>
   </trkpt>
   <trkpt lat="40.7495210" lon="-74.0424700">
    <ele>40.8</ele>
    <time>2026-01-14T22:35:11Z</time>
   </trkpt>
   <trkpt lat="40.7495450" lon="-74.0425220">
    <ele>40.8</ele>
    <time>2026-01-14T22:35:12Z</time>
   </trkpt>
   <trkpt lat="40.7495710" lon="-74.0425750">
    <ele>40.8</ele>
    <time>2026-01-14T22:35:13Z</time>
   </trkpt>
   <trkpt lat="40.7495930" lon="-74.0426290">
    <ele>40.8</ele>
    <time>2026-01-14T22:35:14Z</time>
   </trkpt>
   <trkpt lat="40.7496110" lon="-74.0426830">
    <ele>40.8</ele>
    <time>2026-01-14T22:35:15Z</time>
   </trkpt>
   <trkpt lat="40.7496250" lon="-74.0427210">
    <ele>40.8</ele>
    <time>2026-01-14T22:35:16Z</time>
   </trkpt>
   <trkpt lat="40.7496450" lon="-74.0427610">
    <ele>40.9</ele>
    <time>2026-01-14T22:35:17Z</time>
   </trkpt>
   <trkpt lat="40.7496680" lon="-74.0428300">
    <ele>40.9</ele>
    <time>2026-01-14T22:35:18Z</time>
   </trkpt>
   <trkpt lat="40.7496820" lon="-74.0428790">
    <ele>41.0</ele>
    <time>2026-01-14T22:35:19Z</time>
   </trkpt>
   <trkpt lat="40.7496950" lon="-74.0429360">
    <ele>41.1</ele>
    <time>2026-01-14T22:35:20Z</time>
   </trkpt>
   <trkpt lat="40.7497150" lon="-74.0429990">
    <ele>41.2</ele>
    <time>2026-01-14T22:35:21Z</time>
   </trkpt>
   <trkpt lat="40.7497390" lon="-74.0430600">
    <ele>41.3</ele>
    <time>2026-01-14T22:35:22Z</time>
   </trkpt>
   <trkpt lat="40.7497600" lon="-74.0431210">
    <ele>41.5</ele>
    <time>2026-01-14T22:35:23Z</time>
   </trkpt>
   <trkpt lat="40.7497900" lon="-74.0431810">
    <ele>41.6</ele>
    <time>2026-01-14T22:35:24Z</time>
   </trkpt>
   <trkpt lat="40.7498140" lon="-74.0432470">
    <ele>41.7</ele>
    <time>2026-01-14T22:35:25Z</time>
   </trkpt>
   <trkpt lat="40.7498410" lon="-74.0433180">
    <ele>41.9</ele>
    <time>2026-01-14T22:35:26Z</time>
   </trkpt>
   <trkpt lat="40.7498660" lon="-74.0433860">
    <ele>42.1</ele>
    <time>2026-01-14T22:35:27Z</time>
   </trkpt>
   <trkpt lat="40.7498920" lon="-74.0434520">
    <ele>42.2</ele>
    <time>2026-01-14T22:35:28Z</time>
   </trkpt>
   <trkpt lat="40.7499180" lon="-74.0435220">
    <ele>42.4</ele>
    <time>2026-01-14T22:35:29Z</time>
   </trkpt>
   <trkpt lat="40.7499400" lon="-74.0435800">
    <ele>42.6</ele>
    <time>2026-01-14T22:35:30Z</time>
   </trkpt>
   <trkpt lat="40.7499650" lon="-74.0436360">
    <ele>42.8</ele>
    <time>2026-01-14T22:35:31Z</time>
   </trkpt>
   <trkpt lat="40.7499880" lon="-74.0437040">
    <ele>42.9</ele>
    <time>2026-01-14T22:35:32Z</time>
   </trkpt>
   <trkpt lat="40.7500180" lon="-74.0437650">
    <ele>43.1</ele>
    <time>2026-01-14T22:35:33Z</time>
   </trkpt>
   <trkpt lat="40.7500380" lon="-74.0438210">
    <ele>43.3</ele>
    <time>2026-01-14T22:35:34Z</time>
   </trkpt>
   <trkpt lat="40.7500580" lon="-74.0438780">
    <ele>43.6</ele>
    <time>2026-01-14T22:35:35Z</time>
   </trkpt>
   <trkpt lat="40.7500730" lon="-74.0439440">
    <ele>43.9</ele>
    <time>2026-01-14T22:35:36Z</time>
   </trkpt>
   <trkpt lat="40.7500940" lon="-74.0440030">
    <ele>44.2</ele>
    <time>2026-01-14T22:35:37Z</time>
   </trkpt>
   <trkpt lat="40.7501110" lon="-74.0440680">
    <ele>44.5</ele>
    <time>2026-01-14T22:35:38Z</time>
   </trkpt>
   <trkpt lat="40.7501310" lon="-74.0441240">
    <ele>44.8</ele>
    <time>2026-01-14T22:35:39Z</time>
   </trkpt>
   <trkpt lat="40.7501460" lon="-74.0441890">
    <ele>45.1</ele>
    <time>2026-01-14T22:35:40Z</time>
   </trkpt>
   <trkpt lat="40.7501760" lon="-74.0442520">
    <ele>45.5</ele>
    <time>2026-01-14T22:35:41Z</time>
   </trkpt>
   <trkpt lat="40.7501930" lon="-74.0443050">
    <ele>45.7</ele>
    <time>2026-01-14T22:35:42Z</time>
   </trkpt>
   <trkpt lat="40.7502140" lon="-74.0443550">
    <ele>46.0</ele>
    <time>2026-01-14T22:35:43Z</time>
   </trkpt>
   <trkpt lat="40.7502270" lon="-74.0444110">
    <ele>46.2</ele>
    <time>2026-01-14T22:35:44Z</time>
   </trkpt>
   <trkpt lat="40.7502450" lon="-74.0444510">
    <ele>46.4</ele>
    <time>2026-01-14T22:35:45Z</time>
   </trkpt>
   <trkpt lat="40.7502620" lon="-74.0444840">
    <ele>46.4</ele>
    <time>2026-01-14T22:35:46Z</time>
   </trkpt>
   <trkpt lat="40.7502760" lon="-74.0445360">
    <ele>46.5</ele>
    <time>2026-01-14T22:35:47Z</time>
   </trkpt>
   <trkpt lat="40.7502860" lon="-74.0445830">
    <ele>46.6</ele>
    <time>2026-01-14T22:35:48Z</time>
   </trkpt>
   <trkpt lat="40.7502990" lon="-74.0446240">
    <ele>46.6</ele>
    <time>2026-01-14T22:35:49Z</time>
   </trkpt>
   <trkpt lat="40.7503180" lon="-74.0446610">
    <ele>46.6</ele>
    <time>2026-01-14T22:35:50Z</time>
   </trkpt>
   <trkpt lat="40.7503400" lon="-74.0447080">
    <ele>46.7</ele>
    <time>2026-01-14T22:35:51Z</time>
   </trkpt>
   <trkpt lat="40.7503590" lon="-74.0447530">
    <ele>46.7</ele>
    <time>2026-01-14T22:35:52Z</time>
   </trkpt>
   <trkpt lat="40.7503690" lon="-74.0448000">
    <ele>46.7</ele>
    <time>2026-01-14T22:35:53Z</time>
   </trkpt>
   <trkpt lat="40.7503990" lon="-74.0448470">
    <ele>46.7</ele>
    <time>2026-01-14T22:35:54Z</time>
   </trkpt>
   <trkpt lat="40.7504070" lon="-74.0448840">
    <ele>46.7</ele>
    <time>2026-01-14T22:35:55Z</time>
   </trkpt>
   <trkpt lat="40.7504160" lon="-74.0449260">
    <ele>46.8</ele>
    <time>2026-01-14T22:35:56Z</time>
   </trkpt>
   <trkpt lat="40.7504330" lon="-74.0449540">
    <ele>46.8</ele>
    <time>2026-01-14T22:35:57Z</time>
   </trkpt>
   <trkpt lat="40.7504500" lon="-74.0449950">
    <ele>46.8</ele>
    <time>2026-01-14T22:35:58Z</time>
   </trkpt>
   <trkpt lat="40.7504720" lon="-74.0450340">
    <ele>46.8</ele>
    <time>2026-01-14T22:35:59Z</time>
   </trkpt>
   <trkpt lat="40.7504860" lon="-74.0450860">
    <ele>46.8</ele>
    <time>2026-01-14T22:36:00Z</time>
   </trkpt>
   <trkpt lat="40.7504920" lon="-74.0451070">
    <ele>46.8</ele>
    <time>2026-01-14T22:36:01Z</time>
   </trkpt>
   <trkpt lat="40.7505110" lon="-74.0451490">
    <ele>46.8</ele>
    <time>2026-01-14T22:36:02Z</time>
   </trkpt>
   <trkpt lat="40.7505250" lon="-74.0451840">
    <ele>46.8</ele>
    <time>2026-01-14T22:36:03Z</time>
   </trkpt>
   <trkpt lat="40.7505300" lon="-74.0452310">
    <ele>46.9</ele>
    <time>2026-01-14T22:36:04Z</time>
   </trkpt>
   <trkpt lat="40.7505580" lon="-74.0452760">
    <ele>46.9</ele>
    <time>2026-01-14T22:36:05Z</time>
   </trkpt>
   <trkpt lat="40.7505790" lon="-74.0453110">
    <ele>46.9</ele>
    <time>2026-01-14T22:36:06Z</time>
   </trkpt>
   <trkpt lat="40.7505990" lon="-74.0453550">
    <ele>47.0</ele>
    <time>2026-01-14T22:36:07Z</time>
   </trkpt>
   <trkpt lat="40.7506210" lon="-74.0454030">
    <ele>47.0</ele>
    <time>2026-01-14T22:36:08Z</time>
   </trkpt>
   <trkpt lat="40.7506410" lon="-74.0454550">
    <ele>47.1</ele>
    <time>2026-01-14T22:36:09Z</time>
   </trkpt>
   <trkpt lat="40.7506590" lon="-74.0454910">
    <ele>47.2</ele>
    <time>2026-01-14T22:36:10Z</time>
   </trkpt>
   <trkpt lat="40.7506730" lon="-74.0455450">
    <ele>47.4</ele>
    <time>2026-01-14T22:36:11Z</time>
   </trkpt>
   <trkpt lat="40.7506870" lon="-74.0455960">
    <ele>47.5</ele>
    <time>2026-01-14T22:36:12Z</time>
   </trkpt>
   <trkpt lat="40.7506930" lon="-74.0456410">
    <ele>47.6</ele>
    <time>2026-01-14T22:36:13Z</time>
   </trkpt>
   <trkpt lat="40.7507120" lon="-74.0456820">
    <ele>47.7</ele>
    <time>2026-01-14T22:36:14Z</time>
   </trkpt>
   <trkpt lat="40.7507460" lon="-74.0457150">
    <ele>47.9</ele>
    <time>2026-01-14T22:36:15Z</time>
   </trkpt>
   <trkpt lat="40.7507590" lon="-74.0457640">
    <ele>48.0</ele>
    <time>2026-01-14T22:36:16Z</time>
   </trkpt>
   <trkpt lat="40.7507860" lon="-74.0458180">
    <ele>48.2</ele>
    <time>2026-01-14T22:36:17Z</time>
   </trkpt>
   <trkpt lat="40.7508000" lon="-74.0458690">
    <ele>48.4</ele>
    <time>2026-01-14T22:36:18Z</time>
   </trkpt>
   <trkpt lat="40.7508200" lon="-74.0459210">
    <ele>48.6</ele>
    <time>2026-01-14T22:36:19Z</time>
   </trkpt>
   <trkpt lat="40.7508430" lon="-74.0459720">
    <ele>48.7</ele>
    <time>2026-01-14T22:36:20Z</time>
   </trkpt>
   <trkpt lat="40.7508880" lon="-74.0459820">
    <ele>48.8</ele>
    <time>2026-01-14T22:36:21Z</time>
   </trkpt>
   <trkpt lat="40.7509390" lon="-74.0459600">
    <ele>49.0</ele>
    <time>2026-01-14T22:36:22Z</time>
   </trkpt>
   <trkpt lat="40.7509870" lon="-74.0459270">
    <ele>49.0</ele>
    <time>2026-01-14T22:36:23Z</time>
   </trkpt>
   <trkpt lat="40.7510100" lon="-74.0458980">
    <ele>49.1</ele>
    <time>2026-01-14T22:36:24Z</time>
   </trkpt>
   <trkpt lat="40.7510450" lon="-74.0458770">
    <ele>49.1</ele>
    <time>2026-01-14T22:36:25Z</time>
   </trkpt>
   <trkpt lat="40.7511010" lon="-74.0458480">
    <ele>49.1</ele>
    <time>2026-01-14T22:36:26Z</time>
   </trkpt>
   <trkpt lat="40.7511450" lon="-74.0458140">
    <ele>49.0</ele>
    <time>2026-01-14T22:36:27Z</time>
   </trkpt>
   <trkpt lat="40.7511920" lon="-74.0457820">
    <ele>49.0</ele>
    <time>2026-01-14T22:36:28Z</time>
   </trkpt>
   <trkpt lat="40.7512450" lon="-74.0457560">
    <ele>49.0</ele>
    <time>2026-01-14T22:36:29Z</time>
   </trkpt>
   <trkpt lat="40.7512930" lon="-74.0457240">
    <ele>48.9</ele>
    <time>2026-01-14T22:36:30Z</time>
   </trkpt>
   <trkpt lat="40.7513430" lon="-74.0456940">
    <ele>48.9</ele>
    <time>2026-01-14T22:36:31Z</time>
   </trkpt>
   <trkpt lat="40.7513820" lon="-74.0456500">
    <ele>48.8</ele>
    <time>2026-01-14T22:36:32Z</time>
   </trkpt>
   <trkpt lat="40.7514430" lon="-74.0456160">
    <ele>48.8</ele>
    <time>2026-01-14T22:36:33Z</time>
   </trkpt>
   <trkpt lat="40.7514900" lon="-74.0455830">
    <ele>48.8</ele>
    <time>2026-01-14T22:36:34Z</time>
   </trkpt>
   <trkpt lat="40.7515410" lon="-74.0455540">
    <ele>48.7</ele>
    <time>2026-01-14T22:36:35Z</time>
   </trkpt>
   <trkpt lat="40.7515880" lon="-74.0455270">
    <ele>48.7</ele>
    <time>2026-01-14T22:36:36Z</time>
   </trkpt>
   <trkpt lat="40.7516430" lon="-74.0454840">
    <ele>48.7</ele>
    <time>2026-01-14T22:36:37Z</time>
   </trkpt>
   <trkpt lat="40.7516790" lon="-74.0454420">
    <ele>48.6</ele>
    <time>2026-01-14T22:36:38Z</time>
   </trkpt>
   <trkpt lat="40.7517160" lon="-74.0454130">
    <ele>48.6</ele>
    <time>2026-01-14T22:36:39Z</time>
   </trkpt>
   <trkpt lat="40.7517560" lon="-74.0453800">
    <ele>48.5</ele>
    <time>2026-01-14T22:36:40Z</time>
   </trkpt>
   <trkpt lat="40.7518030" lon="-74.0453300">
    <ele>48.5</ele>
    <time>2026-01-14T22:36:41Z</time>
   </trkpt>
   <trkpt lat="40.7518510" lon="-74.0452990">
    <ele>48.4</ele>
    <time>2026-01-14T22:36:42Z</time>
   </trkpt>
   <trkpt lat="40.7518810" lon="-74.0452800">
    <ele>48.4</ele>
    <time>2026-01-14T22:36:43Z</time>
   </trkpt>
   <trkpt lat="40.7519210" lon="-74.0452510">
    <ele>48.3</ele>
    <time>2026-01-14T22:36:44Z</time>
   </trkpt>
   <trkpt lat="40.7519550" lon="-74.0452240">
    <ele>48.2</ele>
    <time>2026-01-14T22:36:45Z</time>
   </trkpt>
   <trkpt lat="40.7519880" lon="-74.0451950">
    <ele>48.2</ele>
    <time>2026-01-14T22:36:46Z</time>
   </trkpt>
   <trkpt lat="40.7520280" lon="-74.0451690">
    <ele>48.1</ele>
    <time>2026-01-14T22:36:47Z</time>
   </trkpt>
   <trkpt lat="40.7520810" lon="-74.0451470">
    <ele>48.1</ele>
    <time>2026-01-14T22:36:48Z</time>
   </trkpt>
   <trkpt lat="40.7521080" lon="-74.0451310">
    <ele>48.0</ele>
    <time>2026-01-14T22:36:49Z</time>
   </trkpt>
   <trkpt lat="40.7521390" lon="-74.0451010">
    <ele>48.0</ele>
    <time>2026-01-14T22:36:50Z</time>
   </trkpt>
   <trkpt lat="40.7521620" lon="-74.0450690">
    <ele>48.0</ele>
    <time>2026-01-14T22:36:51Z</time>
   </trkpt>
   <trkpt lat="40.7522020" lon="-74.0450420">
    <ele>48.0</ele>
    <time>2026-01-14T22:36:52Z</time>
   </trkpt>
   <trkpt lat="40.7522190" lon="-74.0450320">
    <ele>48.0</ele>
    <time>2026-01-14T22:36:53Z</time>
   </trkpt>
   <trkpt lat="40.7522180" lon="-74.0450210">
    <ele>47.9</ele>
    <time>2026-01-14T22:36:54Z</time>
   </trkpt>
   <trkpt lat="40.7522370" lon="-74.0450340">
    <ele>47.9</ele>
    <time>2026-01-14T22:36:55Z</time>
   </trkpt>
   <trkpt lat="40.7522260" lon="-74.0450440">
    <ele>47.9</ele>
    <time>2026-01-14T22:36:56Z</time>
   </trkpt>
   <trkpt lat="40.7522240" lon="-74.0450450">
    <ele>47.9</ele>
    <time>2026-01-14T22:36:57Z</time>
   </trkpt>
   <trkpt lat="40.7522250" lon="-74.0450490">
    <ele>47.9</ele>
    <time>2026-01-14T22:36:58Z</time>
   </trkpt>
   <trkpt lat="40.7522250" lon="-74.0450490">
    <ele>47.9</ele>
    <time>2026-01-14T22:36:59Z</time>
   </trkpt>
   <trkpt lat="40.7522250" lon="-74.0450550">
    <ele>47.9</ele>
    <time>2026-01-14T22:37:00Z</time>
   </trkpt>
   <trkpt lat="40.7522240" lon="-74.0450550">
    <ele>47.9</ele>
    <time>2026-01-14T22:37:01Z</time>
   </trkpt>
   <trkpt lat="40.7522240" lon="-74.0450550">
    <ele>47.9</ele>
    <time>2026-01-14T22:37:02Z</time>
   </trkpt>
   <trkpt lat="40.7522260" lon="-74.0450650">
    <ele>47.9</ele>
    <time>2026-01-14T22:37:03Z</time>
   </trkpt>
   <trkpt lat="40.7522260" lon="-74.0450650">
    <ele>47.9</ele>
    <time>2026-01-14T22:37:04Z</time>
   </trkpt>
   <trkpt lat="40.7522260" lon="-74.0450680">
    <ele>47.9</ele>
    <time>2026-01-14T22:37:05Z</time>
   </trkpt>
   <trkpt lat="40.7522260" lon="-74.0450680">
    <ele>47.9</ele>
    <time>2026-01-14T22:37:06Z</time>
   </trkpt>
   <trkpt lat="40.7522260" lon="-74.0450680">
    <ele>47.9</ele>
    <time>2026-01-14T22:37:07Z</time>
   </trkpt>
   <trkpt lat="40.7522260" lon="-74.0450680">
    <ele>47.9</ele>
    <time>2026-01-14T22:37:08Z</time>
   </trkpt>
   <trkpt lat="40.7522260" lon="-74.0450680">
    <ele>47.9</ele>
    <time>2026-01-14T22:37:09Z</time>
   </trkpt>
   <trkpt lat="40.7522260" lon="-74.0450680">
    <ele>47.9</ele>
    <time>2026-01-14T22:37:10Z</time>
   </trkpt>
   <trkpt lat="40.7522310" lon="-74.0450850">
    <ele>47.9</ele>
    <time>2026-01-14T22:37:11Z</time>
   </trkpt>
   <trkpt lat="40.7522380" lon="-74.0450820">
    <ele>47.9</ele>
    <time>2026-01-14T22:37:12Z</time>
   </trkpt>
   <trkpt lat="40.7522450" lon="-74.0450820">
    <ele>47.9</ele>
    <time>2026-01-14T22:37:13Z</time>
   </trkpt>
   <trkpt lat="40.7522470" lon="-74.0450790">
    <ele>47.9</ele>
    <time>2026-01-14T22:37:14Z</time>
   </trkpt>
   <trkpt lat="40.7522540" lon="-74.0450770">
    <ele>47.9</ele>
    <time>2026-01-14T22:37:15Z</time>
   </trkpt>
   <trkpt lat="40.7522670" lon="-74.0450680">
    <ele>47.9</ele>
    <time>2026-01-14T22:37:16Z</time>
   </trkpt>
   <trkpt lat="40.7522770" lon="-74.0450620">
    <ele>47.9</ele>
    <time>2026-01-14T22:37:17Z</time>
   </trkpt>
   <trkpt lat="40.7522870" lon="-74.0450550">
    <ele>47.9</ele>
    <time>2026-01-14T22:37:18Z</time>
   </trkpt>
   <trkpt lat="40.7522970" lon="-74.0450490">
    <ele>47.9</ele>
    <time>2026-01-14T22:37:19Z</time>
   </trkpt>
   <trkpt lat="40.7523220" lon="-74.0450340">
    <ele>47.8</ele>
    <time>2026-01-14T22:37:20Z</time>
   </trkpt>
   <trkpt lat="40.7523540" lon="-74.0450250">
    <ele>47.8</ele>
    <time>2026-01-14T22:37:21Z</time>
   </trkpt>
   <trkpt lat="40.7523660" lon="-74.0450180">
    <ele>47.8</ele>
    <time>2026-01-14T22:37:22Z</time>
   </trkpt>
   <trkpt lat="40.7523940" lon="-74.0450150">
    <ele>47.8</ele>
    <time>2026-01-14T22:37:23Z</time>
   </trkpt>
   <trkpt lat="40.7524210" lon="-74.0449900">
    <ele>47.8</ele>
    <time>2026-01-14T22:37:24Z</time>
   </trkpt>
   <trkpt lat="40.7524580" lon="-74.0449590">
    <ele>47.7</ele>
    <time>2026-01-14T22:37:25Z</time>
   </trkpt>
   <trkpt lat="40.7524900" lon="-74.0449340">
    <ele>47.7</ele>
    <time>2026-01-14T22:37:26Z</time>
   </trkpt>
   <trkpt lat="40.7525280" lon="-74.0449040">
    <ele>47.7</ele>
    <time>2026-01-14T22:37:27Z</time>
   </trkpt>
   <trkpt lat="40.7525650" lon="-74.0448690">
    <ele>47.7</ele>
    <time>2026-01-14T22:37:28Z</time>
   </trkpt>
   <trkpt lat="40.7526000" lon="-74.0448340">
    <ele>47.8</ele>
    <time>2026-01-14T22:37:29Z</time>
   </trkpt>
   <trkpt lat="40.7526350" lon="-74.0448070">
    <ele>47.8</ele>
    <time>2026-01-14T22:37:30Z</time>
   </trkpt>
   <trkpt lat="40.7526650" lon="-74.0447870">
    <ele>47.8</ele>
    <time>2026-01-14T22:37:31Z</time>
   </trkpt>
   <trkpt lat="40.7526910" lon="-74.0447460">
    <ele>47.8</ele>
    <time>2026-01-14T22:37:32Z</time>
   </trkpt>
   <trkpt lat="40.7527180" lon="-74.0447170">
    <ele>47.9</ele>
    <time>2026-01-14T22:37:33Z</time>
   </trkpt>
   <trkpt lat="40.7527390" lon="-74.0446900">
    <ele>47.9</ele>
    <time>2026-01-14T22:37:34Z</time>
   </trkpt>
   <trkpt lat="40.7527560" lon="-74.0446830">
    <ele>47.9</ele>
    <time>2026-01-14T22:37:35Z</time>
   </trkpt>
   <trkpt lat="40.7527640" lon="-74.0446800">
    <ele>47.9</ele>
    <time>2026-01-14T22:37:37Z</time>
   </trkpt>
   <trkpt lat="40.7527620" lon="-74.0446880">
    <ele>47.9</ele>
    <time>2026-01-14T22:37:38Z</time>
   </trkpt>
   <trkpt lat="40.7527600" lon="-74.0446880">
    <ele>47.9</ele>
    <time>2026-01-14T22:37:39Z</time>
   </trkpt>
   <trkpt lat="40.7527620" lon="-74.0446900">
    <ele>47.9</ele>
    <time>2026-01-14T22:37:40Z</time>
   </trkpt>
   <trkpt lat="40.7527620" lon="-74.0446900">
    <ele>47.9</ele>
    <time>2026-01-14T22:37:41Z</time>
   </trkpt>
   <trkpt lat="40.7527620" lon="-74.0446910">
    <ele>47.9</ele>
    <time>2026-01-14T22:37:42Z</time>
   </trkpt>
   <trkpt lat="40.7527680" lon="-74.0446930">
    <ele>47.9</ele>
    <time>2026-01-14T22:37:43Z</time>
   </trkpt>
   <trkpt lat="40.7527810" lon="-74.0446990">
    <ele>47.9</ele>
    <time>2026-01-14T22:37:44Z</time>
   </trkpt>
   <trkpt lat="40.7527930" lon="-74.0447090">
    <ele>47.9</ele>
    <time>2026-01-14T22:37:45Z</time>
   </trkpt>
   <trkpt lat="40.7528180" lon="-74.0447330">
    <ele>47.9</ele>
    <time>2026-01-14T22:37:46Z</time>
   </trkpt>
   <trkpt lat="40.7528250" lon="-74.0447410">
    <ele>48.0</ele>
    <time>2026-01-14T22:37:47Z</time>
   </trkpt>
   <trkpt lat="40.7528390" lon="-74.0447720">
    <ele>48.0</ele>
    <time>2026-01-14T22:37:48Z</time>
   </trkpt>
   <trkpt lat="40.7528630" lon="-74.0448230">
    <ele>48.2</ele>
    <time>2026-01-14T22:37:49Z</time>
   </trkpt>
   <trkpt lat="40.7528730" lon="-74.0448470">
    <ele>48.3</ele>
    <time>2026-01-14T22:37:50Z</time>
   </trkpt>
   <trkpt lat="40.7528930" lon="-74.0448910">
    <ele>48.5</ele>
    <time>2026-01-14T22:37:51Z</time>
   </trkpt>
   <trkpt lat="40.7529110" lon="-74.0449390">
    <ele>48.6</ele>
    <time>2026-01-14T22:37:52Z</time>
   </trkpt>
   <trkpt lat="40.7529300" lon="-74.0449810">
    <ele>48.8</ele>
    <time>2026-01-14T22:37:53Z</time>
   </trkpt>
   <trkpt lat="40.7529550" lon="-74.0450410">
    <ele>49.0</ele>
    <time>2026-01-14T22:37:54Z</time>
   </trkpt>
   <trkpt lat="40.7529730" lon="-74.0450930">
    <ele>49.2</ele>
    <time>2026-01-14T22:37:55Z</time>
   </trkpt>
   <trkpt lat="40.7529960" lon="-74.0451450">
    <ele>49.4</ele>
    <time>2026-01-14T22:37:56Z</time>
   </trkpt>
   <trkpt lat="40.7530390" lon="-74.0452480">
    <ele>49.8</ele>
    <time>2026-01-14T22:37:57Z</time>
   </trkpt>
   <trkpt lat="40.7530550" lon="-74.0452940">
    <ele>49.9</ele>
    <time>2026-01-14T22:37:58Z</time>
   </trkpt>
   <trkpt lat="40.7530780" lon="-74.0453420">
    <ele>50.0</ele>
    <time>2026-01-14T22:37:59Z</time>
   </trkpt>
   <trkpt lat="40.7530980" lon="-74.0453860">
    <ele>50.1</ele>
    <time>2026-01-14T22:38:00Z</time>
   </trkpt>
   <trkpt lat="40.7531110" lon="-74.0454390">
    <ele>50.3</ele>
    <time>2026-01-14T22:38:01Z</time>
   </trkpt>
   <trkpt lat="40.7531370" lon="-74.0454890">
    <ele>50.4</ele>
    <time>2026-01-14T22:38:02Z</time>
   </trkpt>
   <trkpt lat="40.7531600" lon="-74.0455400">
    <ele>50.5</ele>
    <time>2026-01-14T22:38:03Z</time>
   </trkpt>
   <trkpt lat="40.7531720" lon="-74.0455830">
    <ele>50.6</ele>
    <time>2026-01-14T22:38:04Z</time>
   </trkpt>
   <trkpt lat="40.7531960" lon="-74.0456300">
    <ele>50.7</ele>
    <time>2026-01-14T22:38:05Z</time>
   </trkpt>
   <trkpt lat="40.7532200" lon="-74.0456910">
    <ele>50.9</ele>
    <time>2026-01-14T22:38:06Z</time>
   </trkpt>
   <trkpt lat="40.7532430" lon="-74.0457390">
    <ele>50.9</ele>
    <time>2026-01-14T22:38:07Z</time>
   </trkpt>
   <trkpt lat="40.7532670" lon="-74.0457890">
    <ele>51.0</ele>
    <time>2026-01-14T22:38:08Z</time>
   </trkpt>
   <trkpt lat="40.7532900" lon="-74.0458440">
    <ele>51.1</ele>
    <time>2026-01-14T22:38:09Z</time>
   </trkpt>
   <trkpt lat="40.7533140" lon="-74.0458990">
    <ele>51.2</ele>
    <time>2026-01-14T22:38:10Z</time>
   </trkpt>
   <trkpt lat="40.7533300" lon="-74.0459440">
    <ele>51.2</ele>
    <time>2026-01-14T22:38:11Z</time>
   </trkpt>
   <trkpt lat="40.7533440" lon="-74.0459980">
    <ele>51.3</ele>
    <time>2026-01-14T22:38:12Z</time>
   </trkpt>
   <trkpt lat="40.7533630" lon="-74.0460580">
    <ele>51.3</ele>
    <time>2026-01-14T22:38:13Z</time>
   </trkpt>
   <trkpt lat="40.7533830" lon="-74.0461150">
    <ele>51.4</ele>
    <time>2026-01-14T22:38:14Z</time>
   </trkpt>
   <trkpt lat="40.7534070" lon="-74.0461640">
    <ele>51.5</ele>
    <time>2026-01-14T22:38:15Z</time>
   </trkpt>
   <trkpt lat="40.7534270" lon="-74.0462220">
    <ele>51.5</ele>
    <time>2026-01-14T22:38:16Z</time>
   </trkpt>
   <trkpt lat="40.7534480" lon="-74.0462690">
    <ele>51.6</ele>
    <time>2026-01-14T22:38:17Z</time>
   </trkpt>
   <trkpt lat="40.7534750" lon="-74.0463180">
    <ele>51.6</ele>
    <time>2026-01-14T22:38:18Z</time>
   </trkpt>
   <trkpt lat="40.7534960" lon="-74.0463700">
    <ele>51.7</ele>
    <time>2026-01-14T22:38:19Z</time>
   </trkpt>
   <trkpt lat="40.7535250" lon="-74.0464160">
    <ele>51.7</ele>
    <time>2026-01-14T22:38:20Z</time>
   </trkpt>
   <trkpt lat="40.7535460" lon="-74.0464700">
    <ele>51.7</ele>
    <time>2026-01-14T22:38:21Z</time>
   </trkpt>
   <trkpt lat="40.7535690" lon="-74.0465140">
    <ele>51.7</ele>
    <time>2026-01-14T22:38:22Z</time>
   </trkpt>
   <trkpt lat="40.7535900" lon="-74.0465660">
    <ele>51.7</ele>
    <time>2026-01-14T22:38:23Z</time>
   </trkpt>
   <trkpt lat="40.7536120" lon="-74.0466230">
    <ele>51.7</ele>
    <time>2026-01-14T22:38:24Z</time>
   </trkpt>
   <trkpt lat="40.7536260" lon="-74.0466730">
    <ele>51.7</ele>
    <time>2026-01-14T22:38:25Z</time>
   </trkpt>
   <trkpt lat="40.7536520" lon="-74.0467290">
    <ele>51.6</ele>
    <time>2026-01-14T22:38:26Z</time>
   </trkpt>
   <trkpt lat="40.7536760" lon="-74.0467820">
    <ele>51.6</ele>
    <time>2026-01-14T22:38:27Z</time>
   </trkpt>
   <trkpt lat="40.7536990" lon="-74.0468310">
    <ele>51.6</ele>
    <time>2026-01-14T22:38:28Z</time>
   </trkpt>
   <trkpt lat="40.7537190" lon="-74.0468910">
    <ele>51.6</ele>
    <time>2026-01-14T22:38:29Z</time>
   </trkpt>
   <trkpt lat="40.7537370" lon="-74.0469520">
    <ele>51.6</ele>
    <time>2026-01-14T22:38:30Z</time>
   </trkpt>
   <trkpt lat="40.7537510" lon="-74.0469930">
    <ele>51.6</ele>
    <time>2026-01-14T22:38:31Z</time>
   </trkpt>
   <trkpt lat="40.7537630" lon="-74.0470260">
    <ele>51.6</ele>
    <time>2026-01-14T22:38:32Z</time>
   </trkpt>
   <trkpt lat="40.7537780" lon="-74.0470640">
    <ele>51.6</ele>
    <time>2026-01-14T22:38:33Z</time>
   </trkpt>
   <trkpt lat="40.7538010" lon="-74.0470930">
    <ele>51.6</ele>
    <time>2026-01-14T22:38:34Z</time>
   </trkpt>
   <trkpt lat="40.7538190" lon="-74.0471390">
    <ele>51.6</ele>
    <time>2026-01-14T22:38:35Z</time>
   </trkpt>
   <trkpt lat="40.7538400" lon="-74.0471850">
    <ele>51.6</ele>
    <time>2026-01-14T22:38:36Z</time>
   </trkpt>
   <trkpt lat="40.7538650" lon="-74.0472410">
    <ele>51.6</ele>
    <time>2026-01-14T22:38:37Z</time>
   </trkpt>
   <trkpt lat="40.7538850" lon="-74.0472950">
    <ele>51.7</ele>
    <time>2026-01-14T22:38:38Z</time>
   </trkpt>
   <trkpt lat="40.7539020" lon="-74.0473500">
    <ele>51.7</ele>
    <time>2026-01-14T22:38:39Z</time>
   </trkpt>
   <trkpt lat="40.7539290" lon="-74.0473950">
    <ele>51.7</ele>
    <time>2026-01-14T22:38:40Z</time>
   </trkpt>
   <trkpt lat="40.7539500" lon="-74.0474450">
    <ele>51.8</ele>
    <time>2026-01-14T22:38:41Z</time>
   </trkpt>
   <trkpt lat="40.7539670" lon="-74.0475080">
    <ele>51.8</ele>
    <time>2026-01-14T22:38:42Z</time>
   </trkpt>
   <trkpt lat="40.7539860" lon="-74.0475570">
    <ele>51.8</ele>
    <time>2026-01-14T22:38:43Z</time>
   </trkpt>
   <trkpt lat="40.7540040" lon="-74.0476070">
    <ele>51.9</ele>
    <time>2026-01-14T22:38:44Z</time>
   </trkpt>
   <trkpt lat="40.7540200" lon="-74.0476420">
    <ele>51.8</ele>
    <time>2026-01-14T22:38:45Z</time>
   </trkpt>
   <trkpt lat="40.7540370" lon="-74.0476840">
    <ele>51.8</ele>
    <time>2026-01-14T22:38:46Z</time>
   </trkpt>
   <trkpt lat="40.7540520" lon="-74.0477310">
    <ele>51.8</ele>
    <time>2026-01-14T22:38:47Z</time>
   </trkpt>
   <trkpt lat="40.7540680" lon="-74.0477670">
    <ele>51.8</ele>
    <time>2026-01-14T22:38:48Z</time>
   </trkpt>
   <trkpt lat="40.7540830" lon="-74.0478140">
    <ele>51.7</ele>
    <time>2026-01-14T22:38:49Z</time>
   </trkpt>
   <trkpt lat="40.7540940" lon="-74.0478630">
    <ele>51.7</ele>
    <time>2026-01-14T22:38:50Z</time>
   </trkpt>
   <trkpt lat="40.7541130" lon="-74.0479030">
    <ele>51.7</ele>
    <time>2026-01-14T22:38:51Z</time>
   </trkpt>
   <trkpt lat="40.7541270" lon="-74.0479410">
    <ele>51.6</ele>
    <time>2026-01-14T22:38:52Z</time>
   </trkpt>
   <trkpt lat="40.7541390" lon="-74.0479780">
    <ele>51.6</ele>
    <time>2026-01-14T22:38:53Z</time>
   </trkpt>
   <trkpt lat="40.7541450" lon="-74.0479900">
    <ele>51.6</ele>
    <time>2026-01-14T22:38:54Z</time>
   </trkpt>
   <trkpt lat="40.7541490" lon="-74.0480120">
    <ele>51.7</ele>
    <time>2026-01-14T22:38:55Z</time>
   </trkpt>
   <trkpt lat="40.7541510" lon="-74.0480330">
    <ele>51.7</ele>
    <time>2026-01-14T22:38:56Z</time>
   </trkpt>
   <trkpt lat="40.7541540" lon="-74.0480470">
    <ele>51.7</ele>
    <time>2026-01-14T22:38:57Z</time>
   </trkpt>
   <trkpt lat="40.7541640" lon="-74.0480660">
    <ele>51.7</ele>
    <time>2026-01-14T22:38:58Z</time>
   </trkpt>
   <trkpt lat="40.7541800" lon="-74.0480980">
    <ele>51.7</ele>
    <time>2026-01-14T22:38:59Z</time>
   </trkpt>
   <trkpt lat="40.7541960" lon="-74.0481350">
    <ele>51.5</ele>
    <time>2026-01-14T22:39:00Z</time>
   </trkpt>
   <trkpt lat="40.7542090" lon="-74.0481700">
    <ele>51.4</ele>
    <time>2026-01-14T22:39:01Z</time>
   </trkpt>
   <trkpt lat="40.7542320" lon="-74.0482190">
    <ele>51.2</ele>
    <time>2026-01-14T22:39:02Z</time>
   </trkpt>
   <trkpt lat="40.7542560" lon="-74.0482700">
    <ele>51.0</ele>
    <time>2026-01-14T22:39:03Z</time>
   </trkpt>
   <trkpt lat="40.7542840" lon="-74.0483210">
    <ele>50.9</ele>
    <time>2026-01-14T22:39:04Z</time>
   </trkpt>
   <trkpt lat="40.7543100" lon="-74.0483770">
    <ele>50.8</ele>
    <time>2026-01-14T22:39:05Z</time>
   </trkpt>
   <trkpt lat="40.7543340" lon="-74.0484370">
    <ele>50.6</ele>
    <time>2026-01-14T22:39:06Z</time>
   </trkpt>
   <trkpt lat="40.7543690" lon="-74.0485020">
    <ele>50.5</ele>
    <time>2026-01-14T22:39:07Z</time>
   </trkpt>
   <trkpt lat="40.7543950" lon="-74.0485730">
    <ele>50.3</ele>
    <time>2026-01-14T22:39:08Z</time>
   </trkpt>
   <trkpt lat="40.7544250" lon="-74.0486390">
    <ele>50.1</ele>
    <time>2026-01-14T22:39:09Z</time>
   </trkpt>
   <trkpt lat="40.7544520" lon="-74.0487080">
    <ele>50.0</ele>
    <time>2026-01-14T22:39:10Z</time>
   </trkpt>
   <trkpt lat="40.7544770" lon="-74.0487690">
    <ele>49.7</ele>
    <time>2026-01-14T22:39:11Z</time>
   </trkpt>
   <trkpt lat="40.7545050" lon="-74.0488250">
    <ele>49.5</ele>
    <time>2026-01-14T22:39:12Z</time>
   </trkpt>
   <trkpt lat="40.7545300" lon="-74.0488890">
    <ele>49.4</ele>
    <time>2026-01-14T22:39:13Z</time>
   </trkpt>
   <trkpt lat="40.7545520" lon="-74.0489540">
    <ele>49.2</ele>
    <time>2026-01-14T22:39:14Z</time>
   </trkpt>
   <trkpt lat="40.7545710" lon="-74.0490160">
    <ele>49.1</ele>
    <time>2026-01-14T22:39:15Z</time>
   </trkpt>
   <trkpt lat="40.7545920" lon="-74.0490620">
    <ele>49.0</ele>
    <time>2026-01-14T22:39:16Z</time>
   </trkpt>
   <trkpt lat="40.7546040" lon="-74.0490840">
    <ele>48.9</ele>
    <time>2026-01-14T22:39:17Z</time>
   </trkpt>
   <trkpt lat="40.7546210" lon="-74.0490710">
    <ele>48.9</ele>
    <time>2026-01-14T22:39:18Z</time>
   </trkpt>
   <trkpt lat="40.7546390" lon="-74.0490640">
    <ele>48.8</ele>
    <time>2026-01-14T22:39:19Z</time>
   </trkpt>
   <trkpt lat="40.7546490" lon="-74.0490730">
    <ele>48.8</ele>
    <time>2026-01-14T22:39:20Z</time>
   </trkpt>
   <trkpt lat="40.7546530" lon="-74.0490810">
    <ele>48.8</ele>
    <time>2026-01-14T22:39:21Z</time>
   </trkpt>
   <trkpt lat="40.7546540" lon="-74.0490870">
    <ele>48.7</ele>
    <time>2026-01-14T22:39:22Z</time>
   </trkpt>
   <trkpt lat="40.7546560" lon="-74.0490930">
    <ele>48.7</ele>
    <time>2026-01-14T22:39:23Z</time>
   </trkpt>
   <trkpt lat="40.7546580" lon="-74.0490990">
    <ele>48.7</ele>
    <time>2026-01-14T22:39:24Z</time>
   </trkpt>
   <trkpt lat="40.7546590" lon="-74.0491050">
    <ele>48.7</ele>
    <time>2026-01-14T22:39:25Z</time>
   </trkpt>
   <trkpt lat="40.7546610" lon="-74.0491100">
    <ele>48.7</ele>
    <time>2026-01-14T22:39:26Z</time>
   </trkpt>
   <trkpt lat="40.7546620" lon="-74.0491160">
    <ele>48.7</ele>
    <time>2026-01-14T22:39:27Z</time>
   </trkpt>
   <trkpt lat="40.7546640" lon="-74.0491220">
    <ele>48.7</ele>
    <time>2026-01-14T22:39:28Z</time>
   </trkpt>
   <trkpt lat="40.7546660" lon="-74.0491280">
    <ele>48.7</ele>
    <time>2026-01-14T22:39:29Z</time>
   </trkpt>
   <trkpt lat="40.7546670" lon="-74.0491340">
    <ele>48.6</ele>
    <time>2026-01-14T22:39:30Z</time>
   </trkpt>
   <trkpt lat="40.7546690" lon="-74.0491400">
    <ele>48.6</ele>
    <time>2026-01-14T22:39:31Z</time>
   </trkpt>
   <trkpt lat="40.7546780" lon="-74.0492050">
    <ele>48.5</ele>
    <time>2026-01-14T22:39:32Z</time>
   </trkpt>
   <trkpt lat="40.7546960" lon="-74.0492740">
    <ele>48.4</ele>
    <time>2026-01-14T22:39:33Z</time>
   </trkpt>
   <trkpt lat="40.7547160" lon="-74.0493450">
    <ele>48.2</ele>
    <time>2026-01-14T22:39:34Z</time>
   </trkpt>
   <trkpt lat="40.7547460" lon="-74.0494150">
    <ele>48.1</ele>
    <time>2026-01-14T22:39:35Z</time>
   </trkpt>
   <trkpt lat="40.7547810" lon="-74.0494850">
    <ele>47.9</ele>
    <time>2026-01-14T22:39:36Z</time>
   </trkpt>
   <trkpt lat="40.7548030" lon="-74.0495630">
    <ele>47.8</ele>
    <time>2026-01-14T22:39:37Z</time>
   </trkpt>
   <trkpt lat="40.7548320" lon="-74.0496280">
    <ele>47.6</ele>
    <time>2026-01-14T22:39:38Z</time>
   </trkpt>
   <trkpt lat="40.7548770" lon="-74.0496980">
    <ele>47.5</ele>
    <time>2026-01-14T22:39:39Z</time>
   </trkpt>
   <trkpt lat="40.7549120" lon="-74.0497740">
    <ele>47.3</ele>
    <time>2026-01-14T22:39:40Z</time>
   </trkpt>
   <trkpt lat="40.7549360" lon="-74.0498510">
    <ele>47.1</ele>
    <time>2026-01-14T22:39:41Z</time>
   </trkpt>
   <trkpt lat="40.7549620" lon="-74.0499270">
    <ele>47.0</ele>
    <time>2026-01-14T22:39:43Z</time>
   </trkpt>
   <trkpt lat="40.7549940" lon="-74.0499860">
    <ele>46.8</ele>
    <time>2026-01-14T22:39:44Z</time>
   </trkpt>
   <trkpt lat="40.7550180" lon="-74.0500620">
    <ele>46.6</ele>
    <time>2026-01-14T22:39:45Z</time>
   </trkpt>
   <trkpt lat="40.7550430" lon="-74.0501160">
    <ele>46.5</ele>
    <time>2026-01-14T22:39:46Z</time>
   </trkpt>
   <trkpt lat="40.7550600" lon="-74.0501460">
    <ele>46.4</ele>
    <time>2026-01-14T22:39:47Z</time>
   </trkpt>
   <trkpt lat="40.7550660" lon="-74.0501430">
    <ele>46.4</ele>
    <time>2026-01-14T22:39:48Z</time>
   </trkpt>
   <trkpt lat="40.7550600" lon="-74.0501400">
    <ele>46.4</ele>
    <time>2026-01-14T22:39:49Z</time>
   </trkpt>
   <trkpt lat="40.7550550" lon="-74.0501370">
    <ele>46.3</ele>
    <time>2026-01-14T22:39:50Z</time>
   </trkpt>
   <trkpt lat="40.7550490" lon="-74.0501330">
    <ele>46.3</ele>
    <time>2026-01-14T22:39:51Z</time>
   </trkpt>
   <trkpt lat="40.7550440" lon="-74.0501300">
    <ele>46.3</ele>
    <time>2026-01-14T22:39:52Z</time>
   </trkpt>
   <trkpt lat="40.7550380" lon="-74.0501270">
    <ele>46.3</ele>
    <time>2026-01-14T22:39:53Z</time>
   </trkpt>
   <trkpt lat="40.7550330" lon="-74.0501240">
    <ele>46.3</ele>
    <time>2026-01-14T22:39:54Z</time>
   </trkpt>
   <trkpt lat="40.7550270" lon="-74.0501210">
    <ele>46.3</ele>
    <time>2026-01-14T22:39:55Z</time>
   </trkpt>
   <trkpt lat="40.7550090" lon="-74.0501200">
    <ele>46.2</ele>
    <time>2026-01-14T22:39:56Z</time>
   </trkpt>
   <trkpt lat="40.7550010" lon="-74.0501060">
    <ele>46.2</ele>
    <time>2026-01-14T22:39:57Z</time>
   </trkpt>
   <trkpt lat="40.7549940" lon="-74.0500910">
    <ele>46.1</ele>
    <time>2026-01-14T22:39:58Z</time>
   </trkpt>
   <trkpt lat="40.7549940" lon="-74.0500900">
    <ele>46.1</ele>
    <time>2026-01-14T22:39:59Z</time>
   </trkpt>
   <trkpt lat="40.7549920" lon="-74.0500920">
    <ele>46.1</ele>
    <time>2026-01-14T22:40:00Z</time>
   </trkpt>
   <trkpt lat="40.7549920" lon="-74.0500910">
    <ele>46.1</ele>
    <time>2026-01-14T22:40:01Z</time>
   </trkpt>
   <trkpt lat="40.7549910" lon="-74.0500910">
    <ele>46.1</ele>
    <time>2026-01-14T22:40:02Z</time>
   </trkpt>
   <trkpt lat="40.7549910" lon="-74.0500800">
    <ele>46.1</ele>
    <time>2026-01-14T22:40:03Z</time>
   </trkpt>
   <trkpt lat="40.7549940" lon="-74.0500780">
    <ele>46.1</ele>
    <time>2026-01-14T22:40:04Z</time>
   </trkpt>
   <trkpt lat="40.7549950" lon="-74.0500690">
    <ele>46.1</ele>
    <time>2026-01-14T22:40:05Z</time>
   </trkpt>
   <trkpt lat="40.7549990" lon="-74.0500680">
    <ele>46.0</ele>
    <time>2026-01-14T22:40:06Z</time>
   </trkpt>
   <trkpt lat="40.7549960" lon="-74.0500690">
    <ele>46.0</ele>
    <time>2026-01-14T22:40:07Z</time>
   </trkpt>
   <trkpt lat="40.7549960" lon="-74.0500690">
    <ele>46.0</ele>
    <time>2026-01-14T22:40:08Z</time>
   </trkpt>
   <trkpt lat="40.7549960" lon="-74.0500690">
    <ele>46.0</ele>
    <time>2026-01-14T22:40:09Z</time>
   </trkpt>
   <trkpt lat="40.7549960" lon="-74.0500690">
    <ele>46.0</ele>
    <time>2026-01-14T22:40:10Z</time>
   </trkpt>
   <trkpt lat="40.7549960" lon="-74.0500690">
    <ele>46.0</ele>
    <time>2026-01-14T22:40:11Z</time>
   </trkpt>
   <trkpt lat="40.7549930" lon="-74.0500670">
    <ele>46.0</ele>
    <time>2026-01-14T22:40:12Z</time>
   </trkpt>
   <trkpt lat="40.7549970" lon="-74.0500630">
    <ele>46.0</ele>
    <time>2026-01-14T22:40:13Z</time>
   </trkpt>
   <trkpt lat="40.7550020" lon="-74.0500600">
    <ele>46.0</ele>
    <time>2026-01-14T22:40:14Z</time>
   </trkpt>
   <trkpt lat="40.7550020" lon="-74.0500600">
    <ele>46.0</ele>
    <time>2026-01-14T22:40:15Z</time>
   </trkpt>
   <trkpt lat="40.7550020" lon="-74.0500600">
    <ele>46.0</ele>
    <time>2026-01-14T22:40:16Z</time>
   </trkpt>
   <trkpt lat="40.7550020" lon="-74.0500740">
    <ele>46.0</ele>
    <time>2026-01-14T22:40:17Z</time>
   </trkpt>
   <trkpt lat="40.7549990" lon="-74.0500790">
    <ele>46.0</ele>
    <time>2026-01-14T22:40:18Z</time>
   </trkpt>
   <trkpt lat="40.7549970" lon="-74.0500870">
    <ele>45.9</ele>
    <time>2026-01-14T22:40:19Z</time>
   </trkpt>
   <trkpt lat="40.7549970" lon="-74.0500820">
    <ele>45.9</ele>
    <time>2026-01-14T22:40:20Z</time>
   </trkpt>
   <trkpt lat="40.7550150" lon="-74.0500710">
    <ele>45.9</ele>
    <time>2026-01-14T22:40:21Z</time>
   </trkpt>
   <trkpt lat="40.7550100" lon="-74.0500680">
    <ele>45.8</ele>
    <time>2026-01-14T22:40:22Z</time>
   </trkpt>
   <trkpt lat="40.7550110" lon="-74.0500710">
    <ele>45.8</ele>
    <time>2026-01-14T22:40:23Z</time>
   </trkpt>
   <trkpt lat="40.7550110" lon="-74.0500710">
    <ele>45.8</ele>
    <time>2026-01-14T22:40:24Z</time>
   </trkpt>
   <trkpt lat="40.7550110" lon="-74.0500710">
    <ele>45.8</ele>
    <time>2026-01-14T22:40:25Z</time>
   </trkpt>
   <trkpt lat="40.7550110" lon="-74.0500710">
    <ele>45.8</ele>
    <time>2026-01-14T22:40:26Z</time>
   </trkpt>
   <trkpt lat="40.7550120" lon="-74.0500840">
    <ele>45.8</ele>
    <time>2026-01-14T22:40:27Z</time>
   </trkpt>
   <trkpt lat="40.7550150" lon="-74.0500830">
    <ele>45.8</ele>
    <time>2026-01-14T22:40:28Z</time>
   </trkpt>
   <trkpt lat="40.7550170" lon="-74.0500840">
    <ele>45.8</ele>
    <time>2026-01-14T22:40:29Z</time>
   </trkpt>
   <trkpt lat="40.7550170" lon="-74.0500850">
    <ele>45.8</ele>
    <time>2026-01-14T22:40:30Z</time>
   </trkpt>
   <trkpt lat="40.7550200" lon="-74.0500870">
    <ele>45.8</ele>
    <time>2026-01-14T22:40:31Z</time>
   </trkpt>
   <trkpt lat="40.7550190" lon="-74.0500840">
    <ele>45.8</ele>
    <time>2026-01-14T22:40:32Z</time>
   </trkpt>
   <trkpt lat="40.7550190" lon="-74.0500840">
    <ele>45.8</ele>
    <time>2026-01-14T22:40:33Z</time>
   </trkpt>
   <trkpt lat="40.7550190" lon="-74.0500840">
    <ele>45.8</ele>
    <time>2026-01-14T22:40:34Z</time>
   </trkpt>
   <trkpt lat="40.7550250" lon="-74.0500990">
    <ele>45.7</ele>
    <time>2026-01-14T22:40:35Z</time>
   </trkpt>
   <trkpt lat="40.7550260" lon="-74.0500980">
    <ele>45.7</ele>
    <time>2026-01-14T22:40:36Z</time>
   </trkpt>
   <trkpt lat="40.7550270" lon="-74.0501030">
    <ele>45.7</ele>
    <time>2026-01-14T22:40:37Z</time>
   </trkpt>
   <trkpt lat="40.7550340" lon="-74.0500970">
    <ele>45.7</ele>
    <time>2026-01-14T22:40:38Z</time>
   </trkpt>
   <trkpt lat="40.7550390" lon="-74.0500920">
    <ele>45.7</ele>
    <time>2026-01-14T22:40:39Z</time>
   </trkpt>
   <trkpt lat="40.7550390" lon="-74.0500940">
    <ele>45.7</ele>
    <time>2026-01-14T22:40:40Z</time>
   </trkpt>
   <trkpt lat="40.7550370" lon="-74.0500930">
    <ele>45.7</ele>
    <time>2026-01-14T22:40:41Z</time>
   </trkpt>
   <trkpt lat="40.7550370" lon="-74.0500930">
    <ele>45.7</ele>
    <time>2026-01-14T22:40:42Z</time>
   </trkpt>
   <trkpt lat="40.7550430" lon="-74.0500880">
    <ele>45.7</ele>
    <time>2026-01-14T22:40:43Z</time>
   </trkpt>
   <trkpt lat="40.7550500" lon="-74.0500840">
    <ele>45.6</ele>
    <time>2026-01-14T22:40:44Z</time>
   </trkpt>
   <trkpt lat="40.7550520" lon="-74.0500780">
    <ele>45.6</ele>
    <time>2026-01-14T22:40:45Z</time>
   </trkpt>
   <trkpt lat="40.7550520" lon="-74.0500720">
    <ele>45.6</ele>
    <time>2026-01-14T22:40:46Z</time>
   </trkpt>
   <trkpt lat="40.7550510" lon="-74.0500680">
    <ele>45.6</ele>
    <time>2026-01-14T22:40:47Z</time>
   </trkpt>
   <trkpt lat="40.7550520" lon="-74.0500590">
    <ele>45.6</ele>
    <time>2026-01-14T22:40:48Z</time>
   </trkpt>
   <trkpt lat="40.7550530" lon="-74.0500530">
    <ele>45.6</ele>
    <time>2026-01-14T22:40:49Z</time>
   </trkpt>
   <trkpt lat="40.7550530" lon="-74.0500540">
    <ele>45.6</ele>
    <time>2026-01-14T22:40:50Z</time>
   </trkpt>
   <trkpt lat="40.7550560" lon="-74.0500490">
    <ele>45.5</ele>
    <time>2026-01-14T22:40:51Z</time>
   </trkpt>
   <trkpt lat="40.7550570" lon="-74.0500390">
    <ele>45.5</ele>
    <time>2026-01-14T22:40:52Z</time>
   </trkpt>
   <trkpt lat="40.7550490" lon="-74.0500380">
    <ele>45.5</ele>
    <time>2026-01-14T22:40:53Z</time>
   </trkpt>
   <trkpt lat="40.7550350" lon="-74.0500480">
    <ele>45.5</ele>
    <time>2026-01-14T22:40:54Z</time>
   </trkpt>
   <trkpt lat="40.7550240" lon="-74.0500590">
    <ele>45.4</ele>
    <time>2026-01-14T22:40:55Z</time>
   </trkpt>
   <trkpt lat="40.7550080" lon="-74.0500670">
    <ele>45.4</ele>
    <time>2026-01-14T22:40:56Z</time>
   </trkpt>
   <trkpt lat="40.7550000" lon="-74.0500700">
    <ele>45.4</ele>
    <time>2026-01-14T22:40:57Z</time>
   </trkpt>
   <trkpt lat="40.7549930" lon="-74.0500740">
    <ele>45.3</ele>
    <time>2026-01-14T22:40:58Z</time>
   </trkpt>
   <trkpt lat="40.7549850" lon="-74.0500770">
    <ele>45.3</ele>
    <time>2026-01-14T22:40:59Z</time>
   </trkpt>
   <trkpt lat="40.7549770" lon="-74.0500810">
    <ele>45.3</ele>
    <time>2026-01-14T22:41:00Z</time>
   </trkpt>
   <trkpt lat="40.7549540" lon="-74.0500950">
    <ele>45.2</ele>
    <time>2026-01-14T22:41:01Z</time>
   </trkpt>
   <trkpt lat="40.7549430" lon="-74.0501020">
    <ele>45.2</ele>
    <time>2026-01-14T22:41:02Z</time>
   </trkpt>
   <trkpt lat="40.7549430" lon="-74.0501010">
    <ele>45.2</ele>
    <time>2026-01-14T22:41:03Z</time>
   </trkpt>
   <trkpt lat="40.7549380" lon="-74.0501020">
    <ele>45.2</ele>
    <time>2026-01-14T22:41:04Z</time>
   </trkpt>
   <trkpt lat="40.7549340" lon="-74.0500990">
    <ele>45.2</ele>
    <time>2026-01-14T22:41:05Z</time>
   </trkpt>
   <trkpt lat="40.7549330" lon="-74.0500940">
    <ele>45.2</ele>
    <time>2026-01-14T22:41:06Z</time>
   </trkpt>
   <trkpt lat="40.7549280" lon="-74.0500970">
    <ele>45.2</ele>
    <time>2026-01-14T22:41:07Z</time>
   </trkpt>
   <trkpt lat="40.7549090" lon="-74.0501150">
    <ele>45.1</ele>
    <time>2026-01-14T22:41:08Z</time>
   </trkpt>
   <trkpt lat="40.7549090" lon="-74.0501200">
    <ele>45.1</ele>
    <time>2026-01-14T22:41:09Z</time>
   </trkpt>
   <trkpt lat="40.7549120" lon="-74.0501230">
    <ele>45.1</ele>
    <time>2026-01-14T22:41:10Z</time>
   </trkpt>
   <trkpt lat="40.7549150" lon="-74.0501250">
    <ele>45.1</ele>
    <time>2026-01-14T22:41:11Z</time>
   </trkpt>
   <trkpt lat="40.7549180" lon="-74.0501280">
    <ele>45.1</ele>
    <time>2026-01-14T22:41:12Z</time>
   </trkpt>
   <trkpt lat="40.7549210" lon="-74.0501300">
    <ele>45.1</ele>
    <time>2026-01-14T22:41:13Z</time>
   </trkpt>
   <trkpt lat="40.7549240" lon="-74.0501330">
    <ele>45.1</ele>
    <time>2026-01-14T22:41:14Z</time>
   </trkpt>
   <trkpt lat="40.7549280" lon="-74.0501350">
    <ele>45.1</ele>
    <time>2026-01-14T22:41:15Z</time>
   </trkpt>
   <trkpt lat="40.7549310" lon="-74.0501380">
    <ele>45.1</ele>
    <time>2026-01-14T22:41:16Z</time>
   </trkpt>
   <trkpt lat="40.7549340" lon="-74.0501400">
    <ele>45.1</ele>
    <time>2026-01-14T22:41:17Z</time>
   </trkpt>
   <trkpt lat="40.7549370" lon="-74.0501430">
    <ele>45.0</ele>
    <time>2026-01-14T22:41:18Z</time>
   </trkpt>
   <trkpt lat="40.7549400" lon="-74.0501450">
    <ele>45.0</ele>
    <time>2026-01-14T22:41:19Z</time>
   </trkpt>
   <trkpt lat="40.7549430" lon="-74.0501480">
    <ele>45.0</ele>
    <time>2026-01-14T22:41:20Z</time>
   </trkpt>
   <trkpt lat="40.7549460" lon="-74.0501500">
    <ele>45.0</ele>
    <time>2026-01-14T22:41:21Z</time>
   </trkpt>
   <trkpt lat="40.7549820" lon="-74.0501460">
    <ele>45.0</ele>
    <time>2026-01-14T22:41:22Z</time>
   </trkpt>
   <trkpt lat="40.7550090" lon="-74.0501380">
    <ele>44.9</ele>
    <time>2026-01-14T22:41:23Z</time>
   </trkpt>
   <trkpt lat="40.7550330" lon="-74.0501280">
    <ele>44.9</ele>
    <time>2026-01-14T22:41:24Z</time>
   </trkpt>
   <trkpt lat="40.7550420" lon="-74.0501270">
    <ele>44.9</ele>
    <time>2026-01-14T22:41:25Z</time>
   </trkpt>
   <trkpt lat="40.7550500" lon="-74.0501260">
    <ele>44.9</ele>
    <time>2026-01-14T22:41:26Z</time>
   </trkpt>
   <trkpt lat="40.7550590" lon="-74.0501250">
    <ele>44.9</ele>
    <time>2026-01-14T22:41:27Z</time>
   </trkpt>
   <trkpt lat="40.7550660" lon="-74.0501240">
    <ele>44.8</ele>
    <time>2026-01-14T22:41:28Z</time>
   </trkpt>
   <trkpt lat="40.7550750" lon="-74.0501190">
    <ele>44.8</ele>
    <time>2026-01-14T22:41:29Z</time>
   </trkpt>
   <trkpt lat="40.7550830" lon="-74.0500940">
    <ele>44.8</ele>
    <time>2026-01-14T22:41:30Z</time>
   </trkpt>
   <trkpt lat="40.7550800" lon="-74.0500880">
    <ele>44.8</ele>
    <time>2026-01-14T22:41:31Z</time>
   </trkpt>
   <trkpt lat="40.7550890" lon="-74.0500500">
    <ele>44.8</ele>
    <time>2026-01-14T22:41:32Z</time>
   </trkpt>
   <trkpt lat="40.7550890" lon="-74.0500500">
    <ele>44.8</ele>
    <time>2026-01-14T22:41:33Z</time>
   </trkpt>
   <trkpt lat="40.7550760" lon="-74.0500550">
    <ele>44.7</ele>
    <time>2026-01-14T22:41:34Z</time>
   </trkpt>
   <trkpt lat="40.7550610" lon="-74.0500660">
    <ele>44.7</ele>
    <time>2026-01-14T22:41:35Z</time>
   </trkpt>
   <trkpt lat="40.7550610" lon="-74.0500670">
    <ele>44.7</ele>
    <time>2026-01-14T22:41:36Z</time>
   </trkpt>
   <trkpt lat="40.7550610" lon="-74.0500670">
    <ele>44.7</ele>
    <time>2026-01-14T22:41:37Z</time>
   </trkpt>
   <trkpt lat="40.7550730" lon="-74.0500500">
    <ele>44.7</ele>
    <time>2026-01-14T22:41:38Z</time>
   </trkpt>
   <trkpt lat="40.7550820" lon="-74.0500390">
    <ele>44.7</ele>
    <time>2026-01-14T22:41:39Z</time>
   </trkpt>
   <trkpt lat="40.7551060" lon="-74.0500280">
    <ele>44.7</ele>
    <time>2026-01-14T22:41:40Z</time>
   </trkpt>
   <trkpt lat="40.7551130" lon="-74.0500260">
    <ele>44.7</ele>
    <time>2026-01-14T22:41:41Z</time>
   </trkpt>
   <trkpt lat="40.7551200" lon="-74.0500230">
    <ele>44.6</ele>
    <time>2026-01-14T22:41:42Z</time>
   </trkpt>
   <trkpt lat="40.7551270" lon="-74.0500200">
    <ele>44.6</ele>
    <time>2026-01-14T22:41:43Z</time>
   </trkpt>
   <trkpt lat="40.7550990" lon="-74.0500460">
    <ele>44.6</ele>
    <time>2026-01-14T22:41:44Z</time>
   </trkpt>
   <trkpt lat="40.7550510" lon="-74.0500520">
    <ele>44.5</ele>
    <time>2026-01-14T22:41:45Z</time>
   </trkpt>
   <trkpt lat="40.7550470" lon="-74.0500630">
    <ele>44.5</ele>
    <time>2026-01-14T22:41:46Z</time>
   </trkpt>
   <trkpt lat="40.7550270" lon="-74.0500730">
    <ele>44.5</ele>
    <time>2026-01-14T22:41:47Z</time>
   </trkpt>
   <trkpt lat="40.7550260" lon="-74.0500730">
    <ele>44.5</ele>
    <time>2026-01-14T22:41:49Z</time>
   </trkpt>
   <trkpt lat="40.7550260" lon="-74.0500730">
    <ele>44.5</ele>
    <time>2026-01-14T22:41:50Z</time>
   </trkpt>
   <trkpt lat="40.7550260" lon="-74.0500730">
    <ele>44.5</ele>
    <time>2026-01-14T22:41:51Z</time>
   </trkpt>
   <trkpt lat="40.7550000" lon="-74.0500840">
    <ele>44.5</ele>
    <time>2026-01-14T22:41:52Z</time>
   </trkpt>
   <trkpt lat="40.7550040" lon="-74.0500910">
    <ele>44.5</ele>
    <time>2026-01-14T22:41:53Z</time>
   </trkpt>
   <trkpt lat="40.7550110" lon="-74.0500950">
    <ele>44.5</ele>
    <time>2026-01-14T22:41:54Z</time>
   </trkpt>
   <trkpt lat="40.7550180" lon="-74.0500980">
    <ele>44.4</ele>
    <time>2026-01-14T22:41:55Z</time>
   </trkpt>
   <trkpt lat="40.7550250" lon="-74.0501020">
    <ele>44.4</ele>
    <time>2026-01-14T22:41:56Z</time>
   </trkpt>
   <trkpt lat="40.7550320" lon="-74.0501060">
    <ele>44.4</ele>
    <time>2026-01-14T22:41:57Z</time>
   </trkpt>
   <trkpt lat="40.7550120" lon="-74.0500950">
    <ele>44.4</ele>
    <time>2026-01-14T22:41:58Z</time>
   </trkpt>
   <trkpt lat="40.7550110" lon="-74.0500940">
    <ele>44.4</ele>
    <time>2026-01-14T22:41:59Z</time>
   </trkpt>
   <trkpt lat="40.7550110" lon="-74.0500930">
    <ele>44.4</ele>
    <time>2026-01-14T22:42:00Z</time>
   </trkpt>
   <trkpt lat="40.7550100" lon="-74.0500920">
    <ele>44.4</ele>
    <time>2026-01-14T22:42:01Z</time>
   </trkpt>
   <trkpt lat="40.7550090" lon="-74.0500910">
    <ele>44.4</ele>
    <time>2026-01-14T22:42:02Z</time>
   </trkpt>
   <trkpt lat="40.7550080" lon="-74.0500900">
    <ele>44.4</ele>
    <time>2026-01-14T22:42:03Z</time>
   </trkpt>
   <trkpt lat="40.7550070" lon="-74.0500890">
    <ele>44.4</ele>
    <time>2026-01-14T22:42:04Z</time>
   </trkpt>
   <trkpt lat="40.7550070" lon="-74.0500880">
    <ele>44.4</ele>
    <time>2026-01-14T22:42:05Z</time>
   </trkpt>
   <trkpt lat="40.7550060" lon="-74.0500870">
    <ele>44.4</ele>
    <time>2026-01-14T22:42:06Z</time>
   </trkpt>
   <trkpt lat="40.7550050" lon="-74.0500860">
    <ele>44.4</ele>
    <time>2026-01-14T22:42:07Z</time>
   </trkpt>
   <trkpt lat="40.7550040" lon="-74.0500850">
    <ele>44.4</ele>
    <time>2026-01-14T22:42:08Z</time>
   </trkpt>
   <trkpt lat="40.7550030" lon="-74.0500840">
    <ele>44.4</ele>
    <time>2026-01-14T22:42:09Z</time>
   </trkpt>
   <trkpt lat="40.7550020" lon="-74.0500830">
    <ele>44.4</ele>
    <time>2026-01-14T22:42:10Z</time>
   </trkpt>
   <trkpt lat="40.7550020" lon="-74.0500820">
    <ele>44.4</ele>
    <time>2026-01-14T22:42:11Z</time>
   </trkpt>
   <trkpt lat="40.7550010" lon="-74.0500810">
    <ele>44.4</ele>
    <time>2026-01-14T22:42:12Z</time>
   </trkpt>
   <trkpt lat="40.7550000" lon="-74.0500800">
    <ele>44.4</ele>
    <time>2026-01-14T22:42:13Z</time>
   </trkpt>
   <trkpt lat="40.7549990" lon="-74.0500790">
    <ele>44.4</ele>
    <time>2026-01-14T22:42:14Z</time>
   </trkpt>
   <trkpt lat="40.7549980" lon="-74.0500780">
    <ele>44.4</ele>
    <time>2026-01-14T22:42:15Z</time>
   </trkpt>
   <trkpt lat="40.7549980" lon="-74.0500770">
    <ele>44.4</ele>
    <time>2026-01-14T22:42:16Z</time>
   </trkpt>
   <trkpt lat="40.7549970" lon="-74.0500760">
    <ele>44.4</ele>
    <time>2026-01-14T22:42:17Z</time>
   </trkpt>
   <trkpt lat="40.7549960" lon="-74.0500750">
    <ele>44.4</ele>
    <time>2026-01-14T22:42:18Z</time>
   </trkpt>
   <trkpt lat="40.7549990" lon="-74.0500790">
    <ele>44.4</ele>
    <time>2026-01-14T22:42:19Z</time>
   </trkpt>
   <trkpt lat="40.7549980" lon="-74.0500770">
    <ele>44.4</ele>
    <time>2026-01-14T22:42:20Z</time>
   </trkpt>
   <trkpt lat="40.7549950" lon="-74.0500800">
    <ele>44.4</ele>
    <time>2026-01-14T22:42:21Z</time>
   </trkpt>
   <trkpt lat="40.7549970" lon="-74.0500820">
    <ele>44.4</ele>
    <time>2026-01-14T22:42:22Z</time>
   </trkpt>
   <trkpt lat="40.7549970" lon="-74.0500820">
    <ele>44.4</ele>
    <time>2026-01-14T22:42:23Z</time>
   </trkpt>
   <trkpt lat="40.7550020" lon="-74.0500840">
    <ele>44.4</ele>
    <time>2026-01-14T22:42:24Z</time>
   </trkpt>
   <trkpt lat="40.7550060" lon="-74.0500860">
    <ele>44.3</ele>
    <time>2026-01-14T22:42:25Z</time>
   </trkpt>
   <trkpt lat="40.7549990" lon="-74.0500920">
    <ele>44.3</ele>
    <time>2026-01-14T22:42:26Z</time>
   </trkpt>
   <trkpt lat="40.7550030" lon="-74.0500880">
    <ele>44.3</ele>
    <time>2026-01-14T22:42:27Z</time>
   </trkpt>
   <trkpt lat="40.7550050" lon="-74.0500890">
    <ele>44.3</ele>
    <time>2026-01-14T22:42:28Z</time>
   </trkpt>
   <trkpt lat="40.7550160" lon="-74.0500830">
    <ele>44.3</ele>
    <time>2026-01-14T22:42:29Z</time>
   </trkpt>
   <trkpt lat="40.7550180" lon="-74.0500820">
    <ele>44.3</ele>
    <time>2026-01-14T22:42:30Z</time>
   </trkpt>
   <trkpt lat="40.7550270" lon="-74.0500770">
    <ele>44.3</ele>
    <time>2026-01-14T22:42:31Z</time>
   </trkpt>
   <trkpt lat="40.7550280" lon="-74.0500640">
    <ele>44.3</ele>
    <time>2026-01-14T22:42:32Z</time>
   </trkpt>
   <trkpt lat="40.7550120" lon="-74.0500700">
    <ele>44.3</ele>
    <time>2026-01-14T22:42:33Z</time>
   </trkpt>
   <trkpt lat="40.7550160" lon="-74.0500740">
    <ele>44.3</ele>
    <time>2026-01-14T22:42:34Z</time>
   </trkpt>
   <trkpt lat="40.7550130" lon="-74.0500620">
    <ele>44.3</ele>
    <time>2026-01-14T22:42:35Z</time>
   </trkpt>
   <trkpt lat="40.7550200" lon="-74.0500510">
    <ele>44.2</ele>
    <time>2026-01-14T22:42:36Z</time>
   </trkpt>
   <trkpt lat="40.7550140" lon="-74.0500610">
    <ele>44.2</ele>
    <time>2026-01-14T22:42:37Z</time>
   </trkpt>
   <trkpt lat="40.7550200" lon="-74.0500470">
    <ele>44.2</ele>
    <time>2026-01-14T22:42:38Z</time>
   </trkpt>
   <trkpt lat="40.7550270" lon="-74.0500320">
    <ele>44.2</ele>
    <time>2026-01-14T22:42:39Z</time>
   </trkpt>
   <trkpt lat="40.7550340" lon="-74.0500120">
    <ele>44.2</ele>
    <time>2026-01-14T22:42:40Z</time>
   </trkpt>
   <trkpt lat="40.7550300" lon="-74.0500120">
    <ele>44.2</ele>
    <time>2026-01-14T22:42:41Z</time>
   </trkpt>
   <trkpt lat="40.7550380" lon="-74.0500100">
    <ele>44.2</ele>
    <time>2026-01-14T22:42:42Z</time>
   </trkpt>
   <trkpt lat="40.7550400" lon="-74.0500000">
    <ele>44.1</ele>
    <time>2026-01-14T22:42:43Z</time>
   </trkpt>
   <trkpt lat="40.7550270" lon="-74.0499900">
    <ele>44.1</ele>
    <time>2026-01-14T22:42:44Z</time>
   </trkpt>
   <trkpt lat="40.7550230" lon="-74.0499830">
    <ele>44.1</ele>
    <time>2026-01-14T22:42:45Z</time>
   </trkpt>
   <trkpt lat="40.7550180" lon="-74.0499770">
    <ele>44.1</ele>
    <time>2026-01-14T22:42:46Z</time>
   </trkpt>
   <trkpt lat="40.7550140" lon="-74.0499700">
    <ele>44.1</ele>
    <time>2026-01-14T22:42:47Z</time>
   </trkpt>
   <trkpt lat="40.7550090" lon="-74.0499640">
    <ele>44.1</ele>
    <time>2026-01-14T22:42:48Z</time>
   </trkpt>
   <trkpt lat="40.7550030" lon="-74.0499600">
    <ele>44.1</ele>
    <time>2026-01-14T22:42:49Z</time>
   </trkpt>
   <trkpt lat="40.7549940" lon="-74.0499610">
    <ele>44.1</ele>
    <time>2026-01-14T22:42:50Z</time>
   </trkpt>
   <trkpt lat="40.7549820" lon="-74.0499500">
    <ele>44.1</ele>
    <time>2026-01-14T22:42:51Z</time>
   </trkpt>
   <trkpt lat="40.7549770" lon="-74.0499440">
    <ele>44.0</ele>
    <time>2026-01-14T22:42:52Z</time>
   </trkpt>
   <trkpt lat="40.7549800" lon="-74.0499450">
    <ele>44.0</ele>
    <time>2026-01-14T22:42:53Z</time>
   </trkpt>
   <trkpt lat="40.7549820" lon="-74.0499450">
    <ele>44.0</ele>
    <time>2026-01-14T22:42:54Z</time>
   </trkpt>
   <trkpt lat="40.7549840" lon="-74.0499450">
    <ele>44.0</ele>
    <time>2026-01-14T22:42:55Z</time>
   </trkpt>
   <trkpt lat="40.7549860" lon="-74.0499460">
    <ele>44.0</ele>
    <time>2026-01-14T22:42:56Z</time>
   </trkpt>
   <trkpt lat="40.7549890" lon="-74.0499460">
    <ele>44.0</ele>
    <time>2026-01-14T22:42:57Z</time>
   </trkpt>
   <trkpt lat="40.7549910" lon="-74.0499470">
    <ele>44.0</ele>
    <time>2026-01-14T22:42:58Z</time>
   </trkpt>
   <trkpt lat="40.7549930" lon="-74.0499470">
    <ele>44.0</ele>
    <time>2026-01-14T22:42:59Z</time>
   </trkpt>
   <trkpt lat="40.7549960" lon="-74.0499470">
    <ele>44.0</ele>
    <time>2026-01-14T22:43:00Z</time>
   </trkpt>
   <trkpt lat="40.7549980" lon="-74.0499480">
    <ele>44.0</ele>
    <time>2026-01-14T22:43:01Z</time>
   </trkpt>
   <trkpt lat="40.7550000" lon="-74.0499480">
    <ele>44.0</ele>
    <time>2026-01-14T22:43:02Z</time>
   </trkpt>
   <trkpt lat="40.7550030" lon="-74.0499480">
    <ele>44.0</ele>
    <time>2026-01-14T22:43:03Z</time>
   </trkpt>
   <trkpt lat="40.7550050" lon="-74.0499490">
    <ele>44.0</ele>
    <time>2026-01-14T22:43:04Z</time>
   </trkpt>
   <trkpt lat="40.7550070" lon="-74.0499490">
    <ele>44.0</ele>
    <time>2026-01-14T22:43:05Z</time>
   </trkpt>
   <trkpt lat="40.7550090" lon="-74.0499500">
    <ele>44.0</ele>
    <time>2026-01-14T22:43:06Z</time>
   </trkpt>
   <trkpt lat="40.7550120" lon="-74.0499500">
    <ele>44.0</ele>
    <time>2026-01-14T22:43:07Z</time>
   </trkpt>
   <trkpt lat="40.7550140" lon="-74.0499500">
    <ele>44.0</ele>
    <time>2026-01-14T22:43:08Z</time>
   </trkpt>
   <trkpt lat="40.7550160" lon="-74.0499510">
    <ele>44.0</ele>
    <time>2026-01-14T22:43:09Z</time>
   </trkpt>
   <trkpt lat="40.7550190" lon="-74.0499510">
    <ele>44.0</ele>
    <time>2026-01-14T22:43:10Z</time>
   </trkpt>
   <trkpt lat="40.7550210" lon="-74.0499510">
    <ele>44.0</ele>
    <time>2026-01-14T22:43:11Z</time>
   </trkpt>
   <trkpt lat="40.7550230" lon="-74.0499520">
    <ele>44.0</ele>
    <time>2026-01-14T22:43:12Z</time>
   </trkpt>
   <trkpt lat="40.7550260" lon="-74.0499520">
    <ele>44.0</ele>
    <time>2026-01-14T22:43:13Z</time>
   </trkpt>
   <trkpt lat="40.7550280" lon="-74.0499530">
    <ele>44.0</ele>
    <time>2026-01-14T22:43:14Z</time>
   </trkpt>
   <trkpt lat="40.7550300" lon="-74.0499530">
    <ele>44.0</ele>
    <time>2026-01-14T22:43:15Z</time>
   </trkpt>
   <trkpt lat="40.7550320" lon="-74.0499530">
    <ele>44.0</ele>
    <time>2026-01-14T22:43:16Z</time>
   </trkpt>
   <trkpt lat="40.7550350" lon="-74.0499540">
    <ele>44.0</ele>
    <time>2026-01-14T22:43:17Z</time>
   </trkpt>
   <trkpt lat="40.7550370" lon="-74.0499540">
    <ele>44.0</ele>
    <time>2026-01-14T22:43:18Z</time>
   </trkpt>
   <trkpt lat="40.7550360" lon="-74.0499520">
    <ele>44.0</ele>
    <time>2026-01-14T22:43:19Z</time>
   </trkpt>
   <trkpt lat="40.7550340" lon="-74.0499430">
    <ele>44.0</ele>
    <time>2026-01-14T22:43:20Z</time>
   </trkpt>
   <trkpt lat="40.7550270" lon="-74.0499440">
    <ele>44.0</ele>
    <time>2026-01-14T22:43:21Z</time>
   </trkpt>
   <trkpt lat="40.7550290" lon="-74.0499460">
    <ele>44.0</ele>
    <time>2026-01-14T22:43:22Z</time>
   </trkpt>
   <trkpt lat="40.7550320" lon="-74.0499440">
    <ele>43.9</ele>
    <time>2026-01-14T22:43:23Z</time>
   </trkpt>
   <trkpt lat="40.7550320" lon="-74.0499500">
    <ele>43.9</ele>
    <time>2026-01-14T22:43:24Z</time>
   </trkpt>
   <trkpt lat="40.7550340" lon="-74.0499420">
    <ele>43.9</ele>
    <time>2026-01-14T22:43:25Z</time>
   </trkpt>
   <trkpt lat="40.7550290" lon="-74.0499460">
    <ele>43.9</ele>
    <time>2026-01-14T22:43:26Z</time>
   </trkpt>
   <trkpt lat="40.7550210" lon="-74.0499460">
    <ele>43.9</ele>
    <time>2026-01-14T22:43:27Z</time>
   </trkpt>
   <trkpt lat="40.7550200" lon="-74.0499450">
    <ele>43.9</ele>
    <time>2026-01-14T22:43:28Z</time>
   </trkpt>
   <trkpt lat="40.7550200" lon="-74.0499450">
    <ele>43.9</ele>
    <time>2026-01-14T22:43:29Z</time>
   </trkpt>
   <trkpt lat="40.7550140" lon="-74.0499480">
    <ele>43.9</ele>
    <time>2026-01-14T22:43:30Z</time>
   </trkpt>
   <trkpt lat="40.7550140" lon="-74.0499480">
    <ele>43.9</ele>
    <time>2026-01-14T22:43:31Z</time>
   </trkpt>
   <trkpt lat="40.7550140" lon="-74.0499480">
    <ele>43.9</ele>
    <time>2026-01-14T22:43:32Z</time>
   </trkpt>
   <trkpt lat="40.7550140" lon="-74.0499480">
    <ele>43.9</ele>
    <time>2026-01-14T22:43:33Z</time>
   </trkpt>
   <trkpt lat="40.7550100" lon="-74.0499410">
    <ele>43.9</ele>
    <time>2026-01-14T22:43:34Z</time>
   </trkpt>
   <trkpt lat="40.7550070" lon="-74.0499430">
    <ele>43.9</ele>
    <time>2026-01-14T22:43:35Z</time>
   </trkpt>
   <trkpt lat="40.7550010" lon="-74.0499460">
    <ele>43.9</ele>
    <time>2026-01-14T22:43:36Z</time>
   </trkpt>
   <trkpt lat="40.7549990" lon="-74.0499500">
    <ele>43.9</ele>
    <time>2026-01-14T22:43:37Z</time>
   </trkpt>
   <trkpt lat="40.7549960" lon="-74.0499470">
    <ele>43.9</ele>
    <time>2026-01-14T22:43:38Z</time>
   </trkpt>
   <trkpt lat="40.7549910" lon="-74.0499470">
    <ele>43.9</ele>
    <time>2026-01-14T22:43:39Z</time>
   </trkpt>
   <trkpt lat="40.7549880" lon="-74.0499400">
    <ele>43.9</ele>
    <time>2026-01-14T22:43:40Z</time>
   </trkpt>
   <trkpt lat="40.7549880" lon="-74.0499370">
    <ele>43.9</ele>
    <time>2026-01-14T22:43:41Z</time>
   </trkpt>
   <trkpt lat="40.7549850" lon="-74.0499310">
    <ele>43.9</ele>
    <time>2026-01-14T22:43:42Z</time>
   </trkpt>
   <trkpt lat="40.7549780" lon="-74.0499350">
    <ele>43.8</ele>
    <time>2026-01-14T22:43:43Z</time>
   </trkpt>
   <trkpt lat="40.7549740" lon="-74.0499330">
    <ele>43.8</ele>
    <time>2026-01-14T22:43:44Z</time>
   </trkpt>
   <trkpt lat="40.7549700" lon="-74.0499320">
    <ele>43.8</ele>
    <time>2026-01-14T22:43:45Z</time>
   </trkpt>
   <trkpt lat="40.7549650" lon="-74.0499270">
    <ele>43.8</ele>
    <time>2026-01-14T22:43:46Z</time>
   </trkpt>
   <trkpt lat="40.7549540" lon="-74.0499380">
    <ele>43.8</ele>
    <time>2026-01-14T22:43:47Z</time>
   </trkpt>
   <trkpt lat="40.7549480" lon="-74.0499460">
    <ele>43.8</ele>
    <time>2026-01-14T22:43:48Z</time>
   </trkpt>
   <trkpt lat="40.7549400" lon="-74.0499580">
    <ele>43.8</ele>
    <time>2026-01-14T22:43:49Z</time>
   </trkpt>
   <trkpt lat="40.7549370" lon="-74.0499580">
    <ele>43.8</ele>
    <time>2026-01-14T22:43:50Z</time>
   </trkpt>
   <trkpt lat="40.7549330" lon="-74.0499640">
    <ele>43.8</ele>
    <time>2026-01-14T22:43:51Z</time>
   </trkpt>
   <trkpt lat="40.7549290" lon="-74.0499690">
    <ele>43.8</ele>
    <time>2026-01-14T22:43:52Z</time>
   </trkpt>
   <trkpt lat="40.7549270" lon="-74.0499690">
    <ele>43.8</ele>
    <time>2026-01-14T22:43:53Z</time>
   </trkpt>
   <trkpt lat="40.7549270" lon="-74.0499690">
    <ele>43.8</ele>
    <time>2026-01-14T22:43:55Z</time>
   </trkpt>
   <trkpt lat="40.7549270" lon="-74.0499690">
    <ele>43.8</ele>
    <time>2026-01-14T22:43:56Z</time>
   </trkpt>
   <trkpt lat="40.7549270" lon="-74.0499690">
    <ele>43.8</ele>
    <time>2026-01-14T22:43:57Z</time>
   </trkpt>
   <trkpt lat="40.7549310" lon="-74.0499600">
    <ele>43.8</ele>
    <time>2026-01-14T22:43:58Z</time>
   </trkpt>
   <trkpt lat="40.7549320" lon="-74.0499610">
    <ele>43.8</ele>
    <time>2026-01-14T22:43:59Z</time>
   </trkpt>
   <trkpt lat="40.7549310" lon="-74.0499600">
    <ele>43.8</ele>
    <time>2026-01-14T22:44:00Z</time>
   </trkpt>
   <trkpt lat="40.7549210" lon="-74.0499660">
    <ele>43.8</ele>
    <time>2026-01-14T22:44:01Z</time>
   </trkpt>
   <trkpt lat="40.7549210" lon="-74.0499670">
    <ele>43.8</ele>
    <time>2026-01-14T22:44:02Z</time>
   </trkpt>
   <trkpt lat="40.7549240" lon="-74.0499770">
    <ele>43.7</ele>
    <time>2026-01-14T22:44:03Z</time>
   </trkpt>
   <trkpt lat="40.7549330" lon="-74.0499790">
    <ele>43.7</ele>
    <time>2026-01-14T22:44:04Z</time>
   </trkpt>
   <trkpt lat="40.7549450" lon="-74.0499790">
    <ele>43.7</ele>
    <time>2026-01-14T22:44:05Z</time>
   </trkpt>
   <trkpt lat="40.7549500" lon="-74.0499820">
    <ele>43.7</ele>
    <time>2026-01-14T22:44:06Z</time>
   </trkpt>
   <trkpt lat="40.7549410" lon="-74.0500020">
    <ele>43.7</ele>
    <time>2026-01-14T22:44:07Z</time>
   </trkpt>
   <trkpt lat="40.7549540" lon="-74.0500010">
    <ele>43.7</ele>
    <time>2026-01-14T22:44:08Z</time>
   </trkpt>
   <trkpt lat="40.7549500" lon="-74.0500050">
    <ele>43.7</ele>
    <time>2026-01-14T22:44:09Z</time>
   </trkpt>
   <trkpt lat="40.7549510" lon="-74.0500060">
    <ele>43.7</ele>
    <time>2026-01-14T22:44:10Z</time>
   </trkpt>
   <trkpt lat="40.7549530" lon="-74.0500040">
    <ele>43.7</ele>
    <time>2026-01-14T22:44:11Z</time>
   </trkpt>
   <trkpt lat="40.7549530" lon="-74.0500040">
    <ele>43.7</ele>
    <time>2026-01-14T22:44:12Z</time>
   </trkpt>
   <trkpt lat="40.7549530" lon="-74.0500040">
    <ele>43.7</ele>
    <time>2026-01-14T22:44:13Z</time>
   </trkpt>
   <trkpt lat="40.7549510" lon="-74.0500070">
    <ele>43.7</ele>
    <time>2026-01-14T22:44:14Z</time>
   </trkpt>
   <trkpt lat="40.7549510" lon="-74.0500080">
    <ele>43.7</ele>
    <time>2026-01-14T22:44:15Z</time>
   </trkpt>
   <trkpt lat="40.7549510" lon="-74.0500080">
    <ele>43.7</ele>
    <time>2026-01-14T22:44:16Z</time>
   </trkpt>
   <trkpt lat="40.7549460" lon="-74.0500140">
    <ele>43.7</ele>
    <time>2026-01-14T22:44:17Z</time>
   </trkpt>
   <trkpt lat="40.7549480" lon="-74.0500120">
    <ele>43.7</ele>
    <time>2026-01-14T22:44:18Z</time>
   </trkpt>
   <trkpt lat="40.7549480" lon="-74.0500140">
    <ele>43.7</ele>
    <time>2026-01-14T22:44:19Z</time>
   </trkpt>
   <trkpt lat="40.7549510" lon="-74.0500170">
    <ele>43.7</ele>
    <time>2026-01-14T22:44:20Z</time>
   </trkpt>
   <trkpt lat="40.7549530" lon="-74.0500160">
    <ele>43.7</ele>
    <time>2026-01-14T22:44:21Z</time>
   </trkpt>
   <trkpt lat="40.7549530" lon="-74.0500160">
    <ele>43.7</ele>
    <time>2026-01-14T22:44:22Z</time>
   </trkpt>
   <trkpt lat="40.7549530" lon="-74.0500160">
    <ele>43.7</ele>
    <time>2026-01-14T22:44:23Z</time>
   </trkpt>
   <trkpt lat="40.7549530" lon="-74.0500160">
    <ele>43.7</ele>
    <time>2026-01-14T22:44:24Z</time>
   </trkpt>
   <trkpt lat="40.7549530" lon="-74.0500160">
    <ele>43.7</ele>
    <time>2026-01-14T22:44:25Z</time>
   </trkpt>
   <trkpt lat="40.7549530" lon="-74.0500160">
    <ele>43.7</ele>
    <time>2026-01-14T22:44:26Z</time>
   </trkpt>
   <trkpt lat="40.7549530" lon="-74.0500160">
    <ele>43.7</ele>
    <time>2026-01-14T22:44:27Z</time>
   </trkpt>
   <trkpt lat="40.7549560" lon="-74.0500180">
    <ele>43.7</ele>
    <time>2026-01-14T22:44:28Z</time>
   </trkpt>
   <trkpt lat="40.7549570" lon="-74.0500170">
    <ele>43.7</ele>
    <time>2026-01-14T22:44:29Z</time>
   </trkpt>
   <trkpt lat="40.7549530" lon="-74.0500230">
    <ele>43.7</ele>
    <time>2026-01-14T22:44:30Z</time>
   </trkpt>
   <trkpt lat="40.7549570" lon="-74.0500300">
    <ele>43.6</ele>
    <time>2026-01-14T22:44:31Z</time>
   </trkpt>
   <trkpt lat="40.7549590" lon="-74.0500520">
    <ele>43.6</ele>
    <time>2026-01-14T22:44:32Z</time>
   </trkpt>
   <trkpt lat="40.7549710" lon="-74.0500730">
    <ele>43.6</ele>
    <time>2026-01-14T22:44:33Z</time>
   </trkpt>
   <trkpt lat="40.7549950" lon="-74.0501050">
    <ele>43.6</ele>
    <time>2026-01-14T22:44:34Z</time>
   </trkpt>
   <trkpt lat="40.7550040" lon="-74.0501260">
    <ele>43.6</ele>
    <time>2026-01-14T22:44:35Z</time>
   </trkpt>
   <trkpt lat="40.7550090" lon="-74.0501870">
    <ele>43.6</ele>
    <time>2026-01-14T22:44:36Z</time>
   </trkpt>
   <trkpt lat="40.7550090" lon="-74.0502160">
    <ele>43.5</ele>
    <time>2026-01-14T22:44:37Z</time>
   </trkpt>
   <trkpt lat="40.7550320" lon="-74.0502510">
    <ele>43.5</ele>
    <time>2026-01-14T22:44:38Z</time>
   </trkpt>
   <trkpt lat="40.7550570" lon="-74.0503000">
    <ele>43.5</ele>
    <time>2026-01-14T22:44:39Z</time>
   </trkpt>
   <trkpt lat="40.7550750" lon="-74.0503400">
    <ele>43.5</ele>
    <time>2026-01-14T22:44:40Z</time>
   </trkpt>
   <trkpt lat="40.7550910" lon="-74.0503870">
    <ele>43.5</ele>
    <time>2026-01-14T22:44:41Z</time>
   </trkpt>
   <trkpt lat="40.7551100" lon="-74.0504370">
    <ele>43.5</ele>
    <time>2026-01-14T22:44:42Z</time>
   </trkpt>
   <trkpt lat="40.7551310" lon="-74.0504780">
    <ele>43.5</ele>
    <time>2026-01-14T22:44:43Z</time>
   </trkpt>
   <trkpt lat="40.7551550" lon="-74.0505150">
    <ele>43.5</ele>
    <time>2026-01-14T22:44:44Z</time>
   </trkpt>
   <trkpt lat="40.7551660" lon="-74.0505700">
    <ele>43.5</ele>
    <time>2026-01-14T22:44:45Z</time>
   </trkpt>
   <trkpt lat="40.7551820" lon="-74.0506100">
    <ele>43.5</ele>
    <time>2026-01-14T22:44:46Z</time>
   </trkpt>
   <trkpt lat="40.7552030" lon="-74.0506600">
    <ele>43.5</ele>
    <time>2026-01-14T22:44:47Z</time>
   </trkpt>
   <trkpt lat="40.7552220" lon="-74.0507100">
    <ele>43.5</ele>
    <time>2026-01-14T22:44:48Z</time>
   </trkpt>
   <trkpt lat="40.7552460" lon="-74.0507600">
    <ele>43.5</ele>
    <time>2026-01-14T22:44:49Z</time>
   </trkpt>
   <trkpt lat="40.7552650" lon="-74.0508090">
    <ele>43.5</ele>
    <time>2026-01-14T22:44:50Z</time>
   </trkpt>
   <trkpt lat="40.7552830" lon="-74.0508550">
    <ele>43.5</ele>
    <time>2026-01-14T22:44:51Z</time>
   </trkpt>
   <trkpt lat="40.7553030" lon="-74.0509010">
    <ele>43.6</ele>
    <time>2026-01-14T22:44:52Z</time>
   </trkpt>
   <trkpt lat="40.7553240" lon="-74.0509390">
    <ele>43.4</ele>
    <time>2026-01-14T22:44:53Z</time>
   </trkpt>
   <trkpt lat="40.7553480" lon="-74.0509610">
    <ele>43.3</ele>
    <time>2026-01-14T22:44:54Z</time>
   </trkpt>
   <trkpt lat="40.7553590" lon="-74.0509640">
    <ele>43.3</ele>
    <time>2026-01-14T22:44:55Z</time>
   </trkpt>
   <trkpt lat="40.7553870" lon="-74.0509510">
    <ele>43.2</ele>
    <time>2026-01-14T22:44:56Z</time>
   </trkpt>
   <trkpt lat="40.7553970" lon="-74.0509440">
    <ele>43.2</ele>
    <time>2026-01-14T22:44:57Z</time>
   </trkpt>
   <trkpt lat="40.7554220" lon="-74.0509280">
    <ele>43.1</ele>
    <time>2026-01-14T22:44:58Z</time>
   </trkpt>
   <trkpt lat="40.7554310" lon="-74.0509190">
    <ele>43.1</ele>
    <time>2026-01-14T22:44:59Z</time>
   </trkpt>
   <trkpt lat="40.7554390" lon="-74.0509190">
    <ele>43.0</ele>
    <time>2026-01-14T22:45:00Z</time>
   </trkpt>
   <trkpt lat="40.7554460" lon="-74.0509180">
    <ele>43.0</ele>
    <time>2026-01-14T22:45:01Z</time>
   </trkpt>
   <trkpt lat="40.7554530" lon="-74.0509180">
    <ele>43.0</ele>
    <time>2026-01-14T22:45:02Z</time>
   </trkpt>
   <trkpt lat="40.7554600" lon="-74.0509170">
    <ele>43.0</ele>
    <time>2026-01-14T22:45:03Z</time>
   </trkpt>
   <trkpt lat="40.7554680" lon="-74.0509170">
    <ele>42.9</ele>
    <time>2026-01-14T22:45:04Z</time>
   </trkpt>
   <trkpt lat="40.7554750" lon="-74.0509160">
    <ele>42.9</ele>
    <time>2026-01-14T22:45:05Z</time>
   </trkpt>
   <trkpt lat="40.7555120" lon="-74.0508920">
    <ele>42.8</ele>
    <time>2026-01-14T22:45:06Z</time>
   </trkpt>
   <trkpt lat="40.7555520" lon="-74.0508560">
    <ele>42.6</ele>
    <time>2026-01-14T22:45:07Z</time>
   </trkpt>
   <trkpt lat="40.7555980" lon="-74.0508140">
    <ele>42.4</ele>
    <time>2026-01-14T22:45:08Z</time>
   </trkpt>
   <trkpt lat="40.7556500" lon="-74.0507780">
    <ele>42.2</ele>
    <time>2026-01-14T22:45:09Z</time>
   </trkpt>
   <trkpt lat="40.7557070" lon="-74.0507370">
    <ele>42.0</ele>
    <time>2026-01-14T22:45:10Z</time>
   </trkpt>
   <trkpt lat="40.7557660" lon="-74.0506960">
    <ele>41.7</ele>
    <time>2026-01-14T22:45:11Z</time>
   </trkpt>
   <trkpt lat="40.7558250" lon="-74.0506510">
    <ele>41.5</ele>
    <time>2026-01-14T22:45:12Z</time>
   </trkpt>
   <trkpt lat="40.7558850" lon="-74.0506070">
    <ele>41.3</ele>
    <time>2026-01-14T22:45:13Z</time>
   </trkpt>
   <trkpt lat="40.7559470" lon="-74.0505650">
    <ele>41.1</ele>
    <time>2026-01-14T22:45:14Z</time>
   </trkpt>
   <trkpt lat="40.7560110" lon="-74.0505220">
    <ele>41.0</ele>
    <time>2026-01-14T22:45:15Z</time>
   </trkpt>
   <trkpt lat="40.7560730" lon="-74.0504770">
    <ele>40.9</ele>
    <time>2026-01-14T22:45:16Z</time>
   </trkpt>
   <trkpt lat="40.7561400" lon="-74.0504300">
    <ele>40.8</ele>
    <time>2026-01-14T22:45:17Z</time>
   </trkpt>
   <trkpt lat="40.7562070" lon="-74.0503850">
    <ele>40.7</ele>
    <time>2026-01-14T22:45:18Z</time>
   </trkpt>
   <trkpt lat="40.7562750" lon="-74.0503480">
    <ele>40.5</ele>
    <time>2026-01-14T22:45:19Z</time>
   </trkpt>
   <trkpt lat="40.7563420" lon="-74.0503060">
    <ele>40.4</ele>
    <time>2026-01-14T22:45:20Z</time>
   </trkpt>
   <trkpt lat="40.7563930" lon="-74.0502650">
    <ele>40.3</ele>
    <time>2026-01-14T22:45:21Z</time>
   </trkpt>
   <trkpt lat="40.7564520" lon="-74.0502210">
    <ele>40.2</ele>
    <time>2026-01-14T22:45:22Z</time>
   </trkpt>
   <trkpt lat="40.7565120" lon="-74.0501780">
    <ele>40.1</ele>
    <time>2026-01-14T22:45:23Z</time>
   </trkpt>
   <trkpt lat="40.7565830" lon="-74.0501480">
    <ele>39.9</ele>
    <time>2026-01-14T22:45:24Z</time>
   </trkpt>
   <trkpt lat="40.7566290" lon="-74.0501020">
    <ele>39.9</ele>
    <time>2026-01-14T22:45:25Z</time>
   </trkpt>
   <trkpt lat="40.7566970" lon="-74.0500550">
    <ele>39.8</ele>
    <time>2026-01-14T22:45:26Z</time>
   </trkpt>
   <trkpt lat="40.7567600" lon="-74.0500140">
    <ele>39.6</ele>
    <time>2026-01-14T22:45:27Z</time>
   </trkpt>
   <trkpt lat="40.7568290" lon="-74.0499690">
    <ele>39.5</ele>
    <time>2026-01-14T22:45:28Z</time>
   </trkpt>
   <trkpt lat="40.7568950" lon="-74.0499300">
    <ele>39.4</ele>
    <time>2026-01-14T22:45:29Z</time>
   </trkpt>
   <trkpt lat="40.7569670" lon="-74.0498890">
    <ele>39.3</ele>
    <time>2026-01-14T22:45:30Z</time>
   </trkpt>
   <trkpt lat="40.7570320" lon="-74.0498390">
    <ele>39.1</ele>
    <time>2026-01-14T22:45:31Z</time>
   </trkpt>
   <trkpt lat="40.7571050" lon="-74.0498010">
    <ele>39.0</ele>
    <time>2026-01-14T22:45:32Z</time>
   </trkpt>
   <trkpt lat="40.7571700" lon="-74.0497550">
    <ele>38.8</ele>
    <time>2026-01-14T22:45:33Z</time>
   </trkpt>
   <trkpt lat="40.7572290" lon="-74.0497110">
    <ele>38.6</ele>
    <time>2026-01-14T22:45:34Z</time>
   </trkpt>
   <trkpt lat="40.7572900" lon="-74.0496660">
    <ele>38.5</ele>
    <time>2026-01-14T22:45:35Z</time>
   </trkpt>
   <trkpt lat="40.7573500" lon="-74.0496260">
    <ele>38.4</ele>
    <time>2026-01-14T22:45:36Z</time>
   </trkpt>
   <trkpt lat="40.7574160" lon="-74.0495850">
    <ele>38.2</ele>
    <time>2026-01-14T22:45:37Z</time>
   </trkpt>
   <trkpt lat="40.7574770" lon="-74.0495460">
    <ele>38.0</ele>
    <time>2026-01-14T22:45:38Z</time>
   </trkpt>
   <trkpt lat="40.7575440" lon="-74.0495030">
    <ele>37.8</ele>
    <time>2026-01-14T22:45:39Z</time>
   </trkpt>
   <trkpt lat="40.7576150" lon="-74.0494570">
    <ele>37.6</ele>
    <time>2026-01-14T22:45:40Z</time>
   </trkpt>
   <trkpt lat="40.7576810" lon="-74.0494130">
    <ele>37.4</ele>
    <time>2026-01-14T22:45:41Z</time>
   </trkpt>
   <trkpt lat="40.7577490" lon="-74.0493730">
    <ele>37.1</ele>
    <time>2026-01-14T22:45:42Z</time>
   </trkpt>
   <trkpt lat="40.7578070" lon="-74.0493270">
    <ele>36.9</ele>
    <time>2026-01-14T22:45:43Z</time>
   </trkpt>
   <trkpt lat="40.7578610" lon="-74.0492780">
    <ele>36.7</ele>
    <time>2026-01-14T22:45:44Z</time>
   </trkpt>
   <trkpt lat="40.7579280" lon="-74.0492350">
    <ele>36.5</ele>
    <time>2026-01-14T22:45:45Z</time>
   </trkpt>
   <trkpt lat="40.7579930" lon="-74.0491970">
    <ele>36.3</ele>
    <time>2026-01-14T22:45:46Z</time>
   </trkpt>
   <trkpt lat="40.7580540" lon="-74.0491490">
    <ele>36.2</ele>
    <time>2026-01-14T22:45:47Z</time>
   </trkpt>
   <trkpt lat="40.7581150" lon="-74.0491030">
    <ele>36.2</ele>
    <time>2026-01-14T22:45:48Z</time>
   </trkpt>
   <trkpt lat="40.7581700" lon="-74.0490530">
    <ele>36.2</ele>
    <time>2026-01-14T22:45:49Z</time>
   </trkpt>
   <trkpt lat="40.7582270" lon="-74.0490150">
    <ele>36.2</ele>
    <time>2026-01-14T22:45:50Z</time>
   </trkpt>
   <trkpt lat="40.7582810" lon="-74.0489790">
    <ele>36.2</ele>
    <time>2026-01-14T22:45:51Z</time>
   </trkpt>
   <trkpt lat="40.7583370" lon="-74.0489520">
    <ele>36.3</ele>
    <time>2026-01-14T22:45:52Z</time>
   </trkpt>
   <trkpt lat="40.7583870" lon="-74.0489210">
    <ele>36.4</ele>
    <time>2026-01-14T22:45:53Z</time>
   </trkpt>
   <trkpt lat="40.7584410" lon="-74.0488880">
    <ele>36.3</ele>
    <time>2026-01-14T22:45:54Z</time>
   </trkpt>
   <trkpt lat="40.7584930" lon="-74.0488510">
    <ele>36.3</ele>
    <time>2026-01-14T22:45:55Z</time>
   </trkpt>
   <trkpt lat="40.7585460" lon="-74.0488130">
    <ele>36.3</ele>
    <time>2026-01-14T22:45:56Z</time>
   </trkpt>
   <trkpt lat="40.7586050" lon="-74.0487830">
    <ele>36.4</ele>
    <time>2026-01-14T22:45:57Z</time>
   </trkpt>
   <trkpt lat="40.7586460" lon="-74.0487550">
    <ele>36.6</ele>
    <time>2026-01-14T22:45:58Z</time>
   </trkpt>
   <trkpt lat="40.7586900" lon="-74.0487260">
    <ele>36.8</ele>
    <time>2026-01-14T22:45:59Z</time>
   </trkpt>
   <trkpt lat="40.7587370" lon="-74.0486940">
    <ele>37.1</ele>
    <time>2026-01-14T22:46:01Z</time>
   </trkpt>
   <trkpt lat="40.7587790" lon="-74.0486620">
    <ele>37.4</ele>
    <time>2026-01-14T22:46:02Z</time>
   </trkpt>
   <trkpt lat="40.7588280" lon="-74.0486280">
    <ele>37.7</ele>
    <time>2026-01-14T22:46:03Z</time>
   </trkpt>
   <trkpt lat="40.7588670" lon="-74.0486000">
    <ele>37.9</ele>
    <time>2026-01-14T22:46:04Z</time>
   </trkpt>
   <trkpt lat="40.7589150" lon="-74.0485740">
    <ele>38.2</ele>
    <time>2026-01-14T22:46:05Z</time>
   </trkpt>
   <trkpt lat="40.7589560" lon="-74.0485530">
    <ele>38.4</ele>
    <time>2026-01-14T22:46:06Z</time>
   </trkpt>
   <trkpt lat="40.7590020" lon="-74.0485210">
    <ele>38.6</ele>
    <time>2026-01-14T22:46:07Z</time>
   </trkpt>
   <trkpt lat="40.7590460" lon="-74.0484870">
    <ele>38.9</ele>
    <time>2026-01-14T22:46:08Z</time>
   </trkpt>
   <trkpt lat="40.7590850" lon="-74.0484570">
    <ele>39.1</ele>
    <time>2026-01-14T22:46:09Z</time>
   </trkpt>
   <trkpt lat="40.7591280" lon="-74.0484280">
    <ele>39.4</ele>
    <time>2026-01-14T22:46:10Z</time>
   </trkpt>
   <trkpt lat="40.7591680" lon="-74.0483900">
    <ele>39.7</ele>
    <time>2026-01-14T22:46:11Z</time>
   </trkpt>
   <trkpt lat="40.7592060" lon="-74.0483600">
    <ele>39.9</ele>
    <time>2026-01-14T22:46:12Z</time>
   </trkpt>
   <trkpt lat="40.7592390" lon="-74.0483310">
    <ele>40.0</ele>
    <time>2026-01-14T22:46:13Z</time>
   </trkpt>
   <trkpt lat="40.7592860" lon="-74.0483090">
    <ele>40.3</ele>
    <time>2026-01-14T22:46:14Z</time>
   </trkpt>
   <trkpt lat="40.7593310" lon="-74.0482820">
    <ele>40.5</ele>
    <time>2026-01-14T22:46:15Z</time>
   </trkpt>
   <trkpt lat="40.7593690" lon="-74.0482520">
    <ele>40.7</ele>
    <time>2026-01-14T22:46:16Z</time>
   </trkpt>
   <trkpt lat="40.7594150" lon="-74.0482190">
    <ele>40.9</ele>
    <time>2026-01-14T22:46:17Z</time>
   </trkpt>
   <trkpt lat="40.7594530" lon="-74.0481910">
    <ele>41.0</ele>
    <time>2026-01-14T22:46:18Z</time>
   </trkpt>
   <trkpt lat="40.7594690" lon="-74.0481810">
    <ele>41.1</ele>
    <time>2026-01-14T22:46:19Z</time>
   </trkpt>
   <trkpt lat="40.7595030" lon="-74.0481570">
    <ele>41.2</ele>
    <time>2026-01-14T22:46:20Z</time>
   </trkpt>
   <trkpt lat="40.7595900" lon="-74.0480680">
    <ele>41.4</ele>
    <time>2026-01-14T22:46:21Z</time>
   </trkpt>
   <trkpt lat="40.7596320" lon="-74.0480410">
    <ele>41.5</ele>
    <time>2026-01-14T22:46:22Z</time>
   </trkpt>
   <trkpt lat="40.7596750" lon="-74.0480060">
    <ele>41.6</ele>
    <time>2026-01-14T22:46:23Z</time>
   </trkpt>
   <trkpt lat="40.7597240" lon="-74.0479770">
    <ele>41.8</ele>
    <time>2026-01-14T22:46:24Z</time>
   </trkpt>
   <trkpt lat="40.7597660" lon="-74.0479440">
    <ele>41.8</ele>
    <time>2026-01-14T22:46:25Z</time>
   </trkpt>
   <trkpt lat="40.7598080" lon="-74.0479210">
    <ele>41.9</ele>
    <time>2026-01-14T22:46:26Z</time>
   </trkpt>
   <trkpt lat="40.7598550" lon="-74.0478950">
    <ele>41.9</ele>
    <time>2026-01-14T22:46:27Z</time>
   </trkpt>
   <trkpt lat="40.7599000" lon="-74.0478570">
    <ele>42.1</ele>
    <time>2026-01-14T22:46:28Z</time>
   </trkpt>
   <trkpt lat="40.7599450" lon="-74.0478300">
    <ele>42.2</ele>
    <time>2026-01-14T22:46:29Z</time>
   </trkpt>
   <trkpt lat="40.7599840" lon="-74.0477990">
    <ele>42.4</ele>
    <time>2026-01-14T22:46:30Z</time>
   </trkpt>
   <trkpt lat="40.7600300" lon="-74.0477760">
    <ele>42.5</ele>
    <time>2026-01-14T22:46:31Z</time>
   </trkpt>
   <trkpt lat="40.7600820" lon="-74.0477380">
    <ele>42.7</ele>
    <time>2026-01-14T22:46:32Z</time>
   </trkpt>
   <trkpt lat="40.7601640" lon="-74.0476730">
    <ele>43.0</ele>
    <time>2026-01-14T22:46:33Z</time>
   </trkpt>
   <trkpt lat="40.7602040" lon="-74.0476380">
    <ele>43.2</ele>
    <time>2026-01-14T22:46:34Z</time>
   </trkpt>
   <trkpt lat="40.7602380" lon="-74.0476070">
    <ele>43.3</ele>
    <time>2026-01-14T22:46:35Z</time>
   </trkpt>
   <trkpt lat="40.7602860" lon="-74.0476030">
    <ele>43.5</ele>
    <time>2026-01-14T22:46:36Z</time>
   </trkpt>
   <trkpt lat="40.7603330" lon="-74.0475450">
    <ele>43.7</ele>
    <time>2026-01-14T22:46:37Z</time>
   </trkpt>
   <trkpt lat="40.7603820" lon="-74.0475240">
    <ele>43.9</ele>
    <time>2026-01-14T22:46:38Z</time>
   </trkpt>
   <trkpt lat="40.7604130" lon="-74.0475130">
    <ele>44.0</ele>
    <time>2026-01-14T22:46:39Z</time>
   </trkpt>
   <trkpt lat="40.7604450" lon="-74.0474860">
    <ele>44.1</ele>
    <time>2026-01-14T22:46:40Z</time>
   </trkpt>
   <trkpt lat="40.7604930" lon="-74.0474440">
    <ele>44.2</ele>
    <time>2026-01-14T22:46:41Z</time>
   </trkpt>
   <trkpt lat="40.7605550" lon="-74.0473800">
    <ele>44.2</ele>
    <time>2026-01-14T22:46:42Z</time>
   </trkpt>
   <trkpt lat="40.7605860" lon="-74.0473750">
    <ele>44.2</ele>
    <time>2026-01-14T22:46:43Z</time>
   </trkpt>
   <trkpt lat="40.7606440" lon="-74.0473380">
    <ele>44.2</ele>
    <time>2026-01-14T22:46:44Z</time>
   </trkpt>
   <trkpt lat="40.7606730" lon="-74.0473200">
    <ele>44.2</ele>
    <time>2026-01-14T22:46:45Z</time>
   </trkpt>
   <trkpt lat="40.7606980" lon="-74.0472990">
    <ele>44.2</ele>
    <time>2026-01-14T22:46:46Z</time>
   </trkpt>
   <trkpt lat="40.7607340" lon="-74.0472620">
    <ele>44.2</ele>
    <time>2026-01-14T22:46:47Z</time>
   </trkpt>
   <trkpt lat="40.7608350" lon="-74.0471890">
    <ele>44.3</ele>
    <time>2026-01-14T22:46:48Z</time>
   </trkpt>
   <trkpt lat="40.7608850" lon="-74.0471660">
    <ele>44.3</ele>
    <time>2026-01-14T22:46:49Z</time>
   </trkpt>
   <trkpt lat="40.7609240" lon="-74.0471210">
    <ele>44.3</ele>
    <time>2026-01-14T22:46:50Z</time>
   </trkpt>
   <trkpt lat="40.7609700" lon="-74.0470980">
    <ele>44.2</ele>
    <time>2026-01-14T22:46:51Z</time>
   </trkpt>
   <trkpt lat="40.7610190" lon="-74.0470780">
    <ele>44.2</ele>
    <time>2026-01-14T22:46:52Z</time>
   </trkpt>
   <trkpt lat="40.7610670" lon="-74.0470410">
    <ele>43.8</ele>
    <time>2026-01-14T22:46:53Z</time>
   </trkpt>
   <trkpt lat="40.7611080" lon="-74.0470130">
    <ele>43.7</ele>
    <time>2026-01-14T22:46:54Z</time>
   </trkpt>
   <trkpt lat="40.7611550" lon="-74.0469880">
    <ele>43.6</ele>
    <time>2026-01-14T22:46:55Z</time>
   </trkpt>
   <trkpt lat="40.7611870" lon="-74.0469420">
    <ele>43.5</ele>
    <time>2026-01-14T22:46:56Z</time>
   </trkpt>
   <trkpt lat="40.7612240" lon="-74.0469150">
    <ele>43.4</ele>
    <time>2026-01-14T22:46:57Z</time>
   </trkpt>
   <trkpt lat="40.7612720" lon="-74.0468940">
    <ele>43.3</ele>
    <time>2026-01-14T22:46:58Z</time>
   </trkpt>
   <trkpt lat="40.7613260" lon="-74.0468690">
    <ele>43.1</ele>
    <time>2026-01-14T22:46:59Z</time>
   </trkpt>
   <trkpt lat="40.7613770" lon="-74.0468360">
    <ele>43.0</ele>
    <time>2026-01-14T22:47:00Z</time>
   </trkpt>
   <trkpt lat="40.7614220" lon="-74.0468100">
    <ele>42.8</ele>
    <time>2026-01-14T22:47:01Z</time>
   </trkpt>
   <trkpt lat="40.7614660" lon="-74.0467720">
    <ele>42.7</ele>
    <time>2026-01-14T22:47:02Z</time>
   </trkpt>
   <trkpt lat="40.7615120" lon="-74.0467330">
    <ele>42.5</ele>
    <time>2026-01-14T22:47:03Z</time>
   </trkpt>
   <trkpt lat="40.7615560" lon="-74.0466940">
    <ele>42.4</ele>
    <time>2026-01-14T22:47:04Z</time>
   </trkpt>
   <trkpt lat="40.7616050" lon="-74.0466630">
    <ele>42.2</ele>
    <time>2026-01-14T22:47:05Z</time>
   </trkpt>
   <trkpt lat="40.7616300" lon="-74.0466380">
    <ele>42.1</ele>
    <time>2026-01-14T22:47:06Z</time>
   </trkpt>
   <trkpt lat="40.7616660" lon="-74.0466190">
    <ele>42.0</ele>
    <time>2026-01-14T22:47:07Z</time>
   </trkpt>
   <trkpt lat="40.7616800" lon="-74.0466090">
    <ele>42.0</ele>
    <time>2026-01-14T22:47:08Z</time>
   </trkpt>
   <trkpt lat="40.7617140" lon="-74.0465690">
    <ele>41.9</ele>
    <time>2026-01-14T22:47:09Z</time>
   </trkpt>
   <trkpt lat="40.7617570" lon="-74.0465490">
    <ele>41.8</ele>
    <time>2026-01-14T22:47:10Z</time>
   </trkpt>
   <trkpt lat="40.7617930" lon="-74.0465290">
    <ele>41.8</ele>
    <time>2026-01-14T22:47:11Z</time>
   </trkpt>
   <trkpt lat="40.7618490" lon="-74.0464820">
    <ele>41.8</ele>
    <time>2026-01-14T22:47:12Z</time>
   </trkpt>
   <trkpt lat="40.7619010" lon="-74.0464490">
    <ele>41.7</ele>
    <time>2026-01-14T22:47:13Z</time>
   </trkpt>
   <trkpt lat="40.7619550" lon="-74.0464080">
    <ele>41.7</ele>
    <time>2026-01-14T22:47:14Z</time>
   </trkpt>
   <trkpt lat="40.7620100" lon="-74.0463700">
    <ele>41.7</ele>
    <time>2026-01-14T22:47:15Z</time>
   </trkpt>
   <trkpt lat="40.7620680" lon="-74.0463360">
    <ele>41.6</ele>
    <time>2026-01-14T22:47:16Z</time>
   </trkpt>
   <trkpt lat="40.7621270" lon="-74.0462980">
    <ele>41.6</ele>
    <time>2026-01-14T22:47:17Z</time>
   </trkpt>
   <trkpt lat="40.7621860" lon="-74.0462520">
    <ele>41.5</ele>
    <time>2026-01-14T22:47:18Z</time>
   </trkpt>
   <trkpt lat="40.7622420" lon="-74.0462130">
    <ele>41.4</ele>
    <time>2026-01-14T22:47:19Z</time>
   </trkpt>
   <trkpt lat="40.7622950" lon="-74.0461720">
    <ele>41.3</ele>
    <time>2026-01-14T22:47:20Z</time>
   </trkpt>
   <trkpt lat="40.7623480" lon="-74.0461440">
    <ele>40.9</ele>
    <time>2026-01-14T22:47:21Z</time>
   </trkpt>
   <trkpt lat="40.7624000" lon="-74.0461140">
    <ele>41.1</ele>
    <time>2026-01-14T22:47:22Z</time>
   </trkpt>
   <trkpt lat="40.7624460" lon="-74.0460740">
    <ele>41.3</ele>
    <time>2026-01-14T22:47:23Z</time>
   </trkpt>
   <trkpt lat="40.7624890" lon="-74.0460390">
    <ele>41.6</ele>
    <time>2026-01-14T22:47:24Z</time>
   </trkpt>
   <trkpt lat="40.7625360" lon="-74.0460040">
    <ele>41.9</ele>
    <time>2026-01-14T22:47:25Z</time>
   </trkpt>
   <trkpt lat="40.7625700" lon="-74.0459810">
    <ele>42.2</ele>
    <time>2026-01-14T22:47:26Z</time>
   </trkpt>
   <trkpt lat="40.7626110" lon="-74.0459580">
    <ele>42.5</ele>
    <time>2026-01-14T22:47:27Z</time>
   </trkpt>
   <trkpt lat="40.7626410" lon="-74.0459310">
    <ele>42.8</ele>
    <time>2026-01-14T22:47:28Z</time>
   </trkpt>
   <trkpt lat="40.7626700" lon="-74.0459200">
    <ele>42.9</ele>
    <time>2026-01-14T22:47:29Z</time>
   </trkpt>
   <trkpt lat="40.7627090" lon="-74.0458940">
    <ele>43.0</ele>
    <time>2026-01-14T22:47:30Z</time>
   </trkpt>
   <trkpt lat="40.7627250" lon="-74.0458810">
    <ele>43.0</ele>
    <time>2026-01-14T22:47:31Z</time>
   </trkpt>
   <trkpt lat="40.7627540" lon="-74.0458590">
    <ele>43.2</ele>
    <time>2026-01-14T22:47:32Z</time>
   </trkpt>
   <trkpt lat="40.7627710" lon="-74.0458270">
    <ele>43.5</ele>
    <time>2026-01-14T22:47:33Z</time>
   </trkpt>
   <trkpt lat="40.7628110" lon="-74.0458010">
    <ele>43.9</ele>
    <time>2026-01-14T22:47:34Z</time>
   </trkpt>
   <trkpt lat="40.7628440" lon="-74.0457790">
    <ele>44.2</ele>
    <time>2026-01-14T22:47:35Z</time>
   </trkpt>
   <trkpt lat="40.7628810" lon="-74.0457570">
    <ele>44.6</ele>
    <time>2026-01-14T22:47:36Z</time>
   </trkpt>
   <trkpt lat="40.7629250" lon="-74.0457390">
    <ele>45.0</ele>
    <time>2026-01-14T22:47:37Z</time>
   </trkpt>
   <trkpt lat="40.7629600" lon="-74.0457220">
    <ele>45.4</ele>
    <time>2026-01-14T22:47:38Z</time>
   </trkpt>
   <trkpt lat="40.7629910" lon="-74.0456930">
    <ele>45.7</ele>
    <time>2026-01-14T22:47:39Z</time>
   </trkpt>
   <trkpt lat="40.7630290" lon="-74.0456620">
    <ele>46.2</ele>
    <time>2026-01-14T22:47:40Z</time>
   </trkpt>
   <trkpt lat="40.7630460" lon="-74.0456280">
    <ele>46.5</ele>
    <time>2026-01-14T22:47:41Z</time>
   </trkpt>
   <trkpt lat="40.7630750" lon="-74.0456000">
    <ele>46.8</ele>
    <time>2026-01-14T22:47:42Z</time>
   </trkpt>
   <trkpt lat="40.7631120" lon="-74.0455700">
    <ele>47.3</ele>
    <time>2026-01-14T22:47:43Z</time>
   </trkpt>
   <trkpt lat="40.7631470" lon="-74.0455480">
    <ele>47.7</ele>
    <time>2026-01-14T22:47:44Z</time>
   </trkpt>
   <trkpt lat="40.7631820" lon="-74.0455250">
    <ele>48.1</ele>
    <time>2026-01-14T22:47:45Z</time>
   </trkpt>
   <trkpt lat="40.7632150" lon="-74.0455020">
    <ele>48.5</ele>
    <time>2026-01-14T22:47:46Z</time>
   </trkpt>
   <trkpt lat="40.7632460" lon="-74.0454830">
    <ele>48.8</ele>
    <time>2026-01-14T22:47:47Z</time>
   </trkpt>
   <trkpt lat="40.7632780" lon="-74.0454610">
    <ele>49.2</ele>
    <time>2026-01-14T22:47:48Z</time>
   </trkpt>
   <trkpt lat="40.7633090" lon="-74.0454440">
    <ele>49.6</ele>
    <time>2026-01-14T22:47:49Z</time>
   </trkpt>
   <trkpt lat="40.7633370" lon="-74.0454240">
    <ele>49.9</ele>
    <time>2026-01-14T22:47:50Z</time>
   </trkpt>
   <trkpt lat="40.7633640" lon="-74.0454080">
    <ele>50.2</ele>
    <time>2026-01-14T22:47:51Z</time>
   </trkpt>
   <trkpt lat="40.7633920" lon="-74.0453920">
    <ele>50.5</ele>
    <time>2026-01-14T22:47:52Z</time>
   </trkpt>
   <trkpt lat="40.7634030" lon="-74.0453830">
    <ele>50.6</ele>
    <time>2026-01-14T22:47:53Z</time>
   </trkpt>
   <trkpt lat="40.7634290" lon="-74.0453370">
    <ele>50.8</ele>
    <time>2026-01-14T22:47:54Z</time>
   </trkpt>
   <trkpt lat="40.7634370" lon="-74.0453150">
    <ele>50.9</ele>
    <time>2026-01-14T22:47:55Z</time>
   </trkpt>
   <trkpt lat="40.7634490" lon="-74.0452650">
    <ele>51.0</ele>
    <time>2026-01-14T22:47:56Z</time>
   </trkpt>
   <trkpt lat="40.7634740" lon="-74.0452280">
    <ele>51.2</ele>
    <time>2026-01-14T22:47:57Z</time>
   </trkpt>
   <trkpt lat="40.7635010" lon="-74.0451890">
    <ele>51.2</ele>
    <time>2026-01-14T22:47:58Z</time>
   </trkpt>
   <trkpt lat="40.7635430" lon="-74.0451730">
    <ele>51.3</ele>
    <time>2026-01-14T22:47:59Z</time>
   </trkpt>
   <trkpt lat="40.7635830" lon="-74.0451640">
    <ele>51.3</ele>
    <time>2026-01-14T22:48:00Z</time>
   </trkpt>
   <trkpt lat="40.7636310" lon="-74.0451580">
    <ele>51.3</ele>
    <time>2026-01-14T22:48:01Z</time>
   </trkpt>
   <trkpt lat="40.7636810" lon="-74.0451380">
    <ele>51.4</ele>
    <time>2026-01-14T22:48:02Z</time>
   </trkpt>
   <trkpt lat="40.7637230" lon="-74.0451170">
    <ele>51.4</ele>
    <time>2026-01-14T22:48:03Z</time>
   </trkpt>
   <trkpt lat="40.7637750" lon="-74.0451050">
    <ele>51.5</ele>
    <time>2026-01-14T22:48:04Z</time>
   </trkpt>
   <trkpt lat="40.7638180" lon="-74.0450790">
    <ele>51.5</ele>
    <time>2026-01-14T22:48:05Z</time>
   </trkpt>
   <trkpt lat="40.7638700" lon="-74.0450590">
    <ele>51.5</ele>
    <time>2026-01-14T22:48:07Z</time>
   </trkpt>
   <trkpt lat="40.7639200" lon="-74.0450440">
    <ele>51.6</ele>
    <time>2026-01-14T22:48:08Z</time>
   </trkpt>
   <trkpt lat="40.7639640" lon="-74.0450160">
    <ele>51.6</ele>
    <time>2026-01-14T22:48:09Z</time>
   </trkpt>
   <trkpt lat="40.7640030" lon="-74.0449970">
    <ele>51.6</ele>
    <time>2026-01-14T22:48:10Z</time>
   </trkpt>
   <trkpt lat="40.7640350" lon="-74.0449550">
    <ele>51.6</ele>
    <time>2026-01-14T22:48:11Z</time>
   </trkpt>
   <trkpt lat="40.7640360" lon="-74.0448820">
    <ele>51.8</ele>
    <time>2026-01-14T22:48:12Z</time>
   </trkpt>
   <trkpt lat="40.7640230" lon="-74.0448400">
    <ele>51.9</ele>
    <time>2026-01-14T22:48:13Z</time>
   </trkpt>
   <trkpt lat="40.7639920" lon="-74.0447950">
    <ele>52.0</ele>
    <time>2026-01-14T22:48:14Z</time>
   </trkpt>
   <trkpt lat="40.7639700" lon="-74.0447440">
    <ele>52.3</ele>
    <time>2026-01-14T22:48:15Z</time>
   </trkpt>
   <trkpt lat="40.7639550" lon="-74.0446990">
    <ele>52.5</ele>
    <time>2026-01-14T22:48:16Z</time>
   </trkpt>
   <trkpt lat="40.7639280" lon="-74.0446470">
    <ele>52.8</ele>
    <time>2026-01-14T22:48:17Z</time>
   </trkpt>
   <trkpt lat="40.7639080" lon="-74.0445990">
    <ele>53.0</ele>
    <time>2026-01-14T22:48:18Z</time>
   </trkpt>
   <trkpt lat="40.7638930" lon="-74.0445550">
    <ele>53.2</ele>
    <time>2026-01-14T22:48:19Z</time>
   </trkpt>
   <trkpt lat="40.7638690" lon="-74.0445060">
    <ele>53.4</ele>
    <time>2026-01-14T22:48:20Z</time>
   </trkpt>
   <trkpt lat="40.7638510" lon="-74.0444190">
    <ele>53.8</ele>
    <time>2026-01-14T22:48:21Z</time>
   </trkpt>
   <trkpt lat="40.7638430" lon="-74.0443800">
    <ele>54.0</ele>
    <time>2026-01-14T22:48:22Z</time>
   </trkpt>
   <trkpt lat="40.7638250" lon="-74.0443380">
    <ele>54.2</ele>
    <time>2026-01-14T22:48:23Z</time>
   </trkpt>
   <trkpt lat="40.7638140" lon="-74.0442990">
    <ele>54.4</ele>
    <time>2026-01-14T22:48:24Z</time>
   </trkpt>
   <trkpt lat="40.7637930" lon="-74.0442550">
    <ele>54.6</ele>
    <time>2026-01-14T22:48:25Z</time>
   </trkpt>
   <trkpt lat="40.7637720" lon="-74.0441970">
    <ele>54.9</ele>
    <time>2026-01-14T22:48:26Z</time>
   </trkpt>
   <trkpt lat="40.7637560" lon="-74.0441680">
    <ele>55.1</ele>
    <time>2026-01-14T22:48:27Z</time>
   </trkpt>
   <trkpt lat="40.7637380" lon="-74.0441300">
    <ele>55.3</ele>
    <time>2026-01-14T22:48:28Z</time>
   </trkpt>
   <trkpt lat="40.7637210" lon="-74.0440910">
    <ele>55.5</ele>
    <time>2026-01-14T22:48:29Z</time>
   </trkpt>
   <trkpt lat="40.7637060" lon="-74.0440460">
    <ele>55.7</ele>
    <time>2026-01-14T22:48:30Z</time>
   </trkpt>
   <trkpt lat="40.7636890" lon="-74.0439930">
    <ele>55.9</ele>
    <time>2026-01-14T22:48:31Z</time>
   </trkpt>
   <trkpt lat="40.7636660" lon="-74.0439490">
    <ele>56.1</ele>
    <time>2026-01-14T22:48:32Z</time>
   </trkpt>
   <trkpt lat="40.7636450" lon="-74.0439080">
    <ele>56.2</ele>
    <time>2026-01-14T22:48:33Z</time>
   </trkpt>
   <trkpt lat="40.7636260" lon="-74.0438630">
    <ele>56.4</ele>
    <time>2026-01-14T22:48:34Z</time>
   </trkpt>
   <trkpt lat="40.7636060" lon="-74.0438110">
    <ele>56.5</ele>
    <time>2026-01-14T22:48:35Z</time>
   </trkpt>
   <trkpt lat="40.7635920" lon="-74.0437700">
    <ele>56.6</ele>
    <time>2026-01-14T22:48:36Z</time>
   </trkpt>
   <trkpt lat="40.7635810" lon="-74.0437240">
    <ele>56.7</ele>
    <time>2026-01-14T22:48:37Z</time>
   </trkpt>
   <trkpt lat="40.7635560" lon="-74.0436740">
    <ele>56.7</ele>
    <time>2026-01-14T22:48:38Z</time>
   </trkpt>
   <trkpt lat="40.7635510" lon="-74.0436300">
    <ele>56.8</ele>
    <time>2026-01-14T22:48:39Z</time>
   </trkpt>
   <trkpt lat="40.7635250" lon="-74.0435880">
    <ele>56.9</ele>
    <time>2026-01-14T22:48:40Z</time>
   </trkpt>
   <trkpt lat="40.7635140" lon="-74.0435230">
    <ele>57.0</ele>
    <time>2026-01-14T22:48:41Z</time>
   </trkpt>
   <trkpt lat="40.7634890" lon="-74.0434820">
    <ele>57.0</ele>
    <time>2026-01-14T22:48:42Z</time>
   </trkpt>
   <trkpt lat="40.7634650" lon="-74.0434280">
    <ele>57.1</ele>
    <time>2026-01-14T22:48:43Z</time>
   </trkpt>
   <trkpt lat="40.7634480" lon="-74.0433830">
    <ele>57.2</ele>
    <time>2026-01-14T22:48:44Z</time>
   </trkpt>
   <trkpt lat="40.7634270" lon="-74.0433420">
    <ele>57.2</ele>
    <time>2026-01-14T22:48:45Z</time>
   </trkpt>
   <trkpt lat="40.7634170" lon="-74.0432940">
    <ele>57.3</ele>
    <time>2026-01-14T22:48:46Z</time>
   </trkpt>
   <trkpt lat="40.7634020" lon="-74.0432540">
    <ele>57.4</ele>
    <time>2026-01-14T22:48:47Z</time>
   </trkpt>
   <trkpt lat="40.7633730" lon="-74.0431950">
    <ele>57.5</ele>
    <time>2026-01-14T22:48:48Z</time>
   </trkpt>
   <trkpt lat="40.7633490" lon="-74.0431560">
    <ele>57.6</ele>
    <time>2026-01-14T22:48:49Z</time>
   </trkpt>
   <trkpt lat="40.7633290" lon="-74.0431070">
    <ele>57.7</ele>
    <time>2026-01-14T22:48:50Z</time>
   </trkpt>
   <trkpt lat="40.7633080" lon="-74.0430570">
    <ele>57.8</ele>
    <time>2026-01-14T22:48:51Z</time>
   </trkpt>
   <trkpt lat="40.7632880" lon="-74.0430090">
    <ele>57.9</ele>
    <time>2026-01-14T22:48:52Z</time>
   </trkpt>
   <trkpt lat="40.7632680" lon="-74.0429570">
    <ele>57.9</ele>
    <time>2026-01-14T22:48:53Z</time>
   </trkpt>
   <trkpt lat="40.7632520" lon="-74.0429060">
    <ele>58.0</ele>
    <time>2026-01-14T22:48:54Z</time>
   </trkpt>
   <trkpt lat="40.7632390" lon="-74.0428610">
    <ele>58.1</ele>
    <time>2026-01-14T22:48:55Z</time>
   </trkpt>
   <trkpt lat="40.7632210" lon="-74.0428140">
    <ele>58.1</ele>
    <time>2026-01-14T22:48:56Z</time>
   </trkpt>
   <trkpt lat="40.7631990" lon="-74.0427690">
    <ele>58.2</ele>
    <time>2026-01-14T22:48:57Z</time>
   </trkpt>
   <trkpt lat="40.7631830" lon="-74.0427110">
    <ele>58.4</ele>
    <time>2026-01-14T22:48:58Z</time>
   </trkpt>
   <trkpt lat="40.7631620" lon="-74.0426580">
    <ele>58.5</ele>
    <time>2026-01-14T22:48:59Z</time>
   </trkpt>
   <trkpt lat="40.7631410" lon="-74.0426030">
    <ele>58.7</ele>
    <time>2026-01-14T22:49:00Z</time>
   </trkpt>
   <trkpt lat="40.7631140" lon="-74.0425390">
    <ele>59.0</ele>
    <time>2026-01-14T22:49:01Z</time>
   </trkpt>
   <trkpt lat="40.7630870" lon="-74.0424700">
    <ele>59.3</ele>
    <time>2026-01-14T22:49:02Z</time>
   </trkpt>
   <trkpt lat="40.7630660" lon="-74.0424090">
    <ele>59.6</ele>
    <time>2026-01-14T22:49:03Z</time>
   </trkpt>
   <trkpt lat="40.7630440" lon="-74.0423540">
    <ele>59.9</ele>
    <time>2026-01-14T22:49:04Z</time>
   </trkpt>
   <trkpt lat="40.7630240" lon="-74.0422970">
    <ele>60.1</ele>
    <time>2026-01-14T22:49:05Z</time>
   </trkpt>
   <trkpt lat="40.7630070" lon="-74.0422420">
    <ele>60.4</ele>
    <time>2026-01-14T22:49:06Z</time>
   </trkpt>
   <trkpt lat="40.7630100" lon="-74.0422060">
    <ele>60.6</ele>
    <time>2026-01-14T22:49:07Z</time>
   </trkpt>
   <trkpt lat="40.7630100" lon="-74.0421800">
    <ele>60.7</ele>
    <time>2026-01-14T22:49:08Z</time>
   </trkpt>
   <trkpt lat="40.7630430" lon="-74.0421500">
    <ele>60.7</ele>
    <time>2026-01-14T22:49:09Z</time>
   </trkpt>
   <trkpt lat="40.7630620" lon="-74.0421160">
    <ele>60.5</ele>
    <time>2026-01-14T22:49:10Z</time>
   </trkpt>
   <trkpt lat="40.7631110" lon="-74.0420920">
    <ele>60.3</ele>
    <time>2026-01-14T22:49:11Z</time>
   </trkpt>
   <trkpt lat="40.7631440" lon="-74.0420770">
    <ele>60.3</ele>
    <time>2026-01-14T22:49:12Z</time>
   </trkpt>
   <trkpt lat="40.7632050" lon="-74.0420530">
    <ele>60.1</ele>
    <time>2026-01-14T22:49:13Z</time>
   </trkpt>
   <trkpt lat="40.7632500" lon="-74.0420490">
    <ele>60.0</ele>
    <time>2026-01-14T22:49:14Z</time>
   </trkpt>
   <trkpt lat="40.7632920" lon="-74.0420390">
    <ele>59.9</ele>
    <time>2026-01-14T22:49:15Z</time>
   </trkpt>
   <trkpt lat="40.7633450" lon="-74.0420360">
    <ele>59.9</ele>
    <time>2026-01-14T22:49:16Z</time>
   </trkpt>
   <trkpt lat="40.7634040" lon="-74.0420310">
    <ele>59.8</ele>
    <time>2026-01-14T22:49:17Z</time>
   </trkpt>
   <trkpt lat="40.7634630" lon="-74.0420230">
    <ele>59.8</ele>
    <time>2026-01-14T22:49:18Z</time>
   </trkpt>
   <trkpt lat="40.7635300" lon="-74.0420240">
    <ele>59.7</ele>
    <time>2026-01-14T22:49:19Z</time>
   </trkpt>
   <trkpt lat="40.7635970" lon="-74.0420220">
    <ele>59.7</ele>
    <time>2026-01-14T22:49:20Z</time>
   </trkpt>
   <trkpt lat="40.7636550" lon="-74.0420280">
    <ele>59.6</ele>
    <time>2026-01-14T22:49:21Z</time>
   </trkpt>
   <trkpt lat="40.7637110" lon="-74.0420520">
    <ele>59.6</ele>
    <time>2026-01-14T22:49:22Z</time>
   </trkpt>
   <trkpt lat="40.7637610" lon="-74.0420540">
    <ele>59.6</ele>
    <time>2026-01-14T22:49:23Z</time>
   </trkpt>
   <trkpt lat="40.7637980" lon="-74.0420550">
    <ele>59.6</ele>
    <time>2026-01-14T22:49:24Z</time>
   </trkpt>
   <trkpt lat="40.7638200" lon="-74.0420580">
    <ele>59.6</ele>
    <time>2026-01-14T22:49:25Z</time>
   </trkpt>
   <trkpt lat="40.7638320" lon="-74.0420590">
    <ele>59.6</ele>
    <time>2026-01-14T22:49:26Z</time>
   </trkpt>
   <trkpt lat="40.7638510" lon="-74.0420540">
    <ele>59.6</ele>
    <time>2026-01-14T22:49:27Z</time>
   </trkpt>
   <trkpt lat="40.7638550" lon="-74.0420550">
    <ele>59.6</ele>
    <time>2026-01-14T22:49:28Z</time>
   </trkpt>
   <trkpt lat="40.7638590" lon="-74.0420550">
    <ele>59.6</ele>
    <time>2026-01-14T22:49:29Z</time>
   </trkpt>
   <trkpt lat="40.7638630" lon="-74.0420550">
    <ele>59.6</ele>
    <time>2026-01-14T22:49:30Z</time>
   </trkpt>
   <trkpt lat="40.7638670" lon="-74.0420560">
    <ele>59.6</ele>
    <time>2026-01-14T22:49:31Z</time>
   </trkpt>
   <trkpt lat="40.7638710" lon="-74.0420560">
    <ele>59.6</ele>
    <time>2026-01-14T22:49:32Z</time>
   </trkpt>
   <trkpt lat="40.7638990" lon="-74.0420520">
    <ele>59.6</ele>
    <time>2026-01-14T22:49:33Z</time>
   </trkpt>
   <trkpt lat="40.7639100" lon="-74.0420530">
    <ele>59.6</ele>
    <time>2026-01-14T22:49:34Z</time>
   </trkpt>
   <trkpt lat="40.7639460" lon="-74.0420560">
    <ele>59.6</ele>
    <time>2026-01-14T22:49:35Z</time>
   </trkpt>
   <trkpt lat="40.7639840" lon="-74.0420690">
    <ele>59.6</ele>
    <time>2026-01-14T22:49:36Z</time>
   </trkpt>
   <trkpt lat="40.7640250" lon="-74.0420930">
    <ele>59.7</ele>
    <time>2026-01-14T22:49:37Z</time>
   </trkpt>
   <trkpt lat="40.7640740" lon="-74.0421020">
    <ele>59.7</ele>
    <time>2026-01-14T22:49:38Z</time>
   </trkpt>
   <trkpt lat="40.7641200" lon="-74.0421070">
    <ele>59.8</ele>
    <time>2026-01-14T22:49:39Z</time>
   </trkpt>
   <trkpt lat="40.7641790" lon="-74.0421110">
    <ele>59.8</ele>
    <time>2026-01-14T22:49:40Z</time>
   </trkpt>
   <trkpt lat="40.7642350" lon="-74.0421210">
    <ele>59.9</ele>
    <time>2026-01-14T22:49:41Z</time>
   </trkpt>
   <trkpt lat="40.7642880" lon="-74.0421300">
    <ele>59.9</ele>
    <time>2026-01-14T22:49:42Z</time>
   </trkpt>
   <trkpt lat="40.7643410" lon="-74.0421400">
    <ele>60.0</ele>
    <time>2026-01-14T22:49:43Z</time>
   </trkpt>
   <trkpt lat="40.7643960" lon="-74.0421440">
    <ele>60.1</ele>
    <time>2026-01-14T22:49:44Z</time>
   </trkpt>
   <trkpt lat="40.7644480" lon="-74.0421480">
    <ele>60.2</ele>
    <time>2026-01-14T22:49:45Z</time>
   </trkpt>
   <trkpt lat="40.7645020" lon="-74.0421570">
    <ele>60.3</ele>
    <time>2026-01-14T22:49:46Z</time>
   </trkpt>
   <trkpt lat="40.7645600" lon="-74.0421640">
    <ele>60.4</ele>
    <time>2026-01-14T22:49:47Z</time>
   </trkpt>
   <trkpt lat="40.7646120" lon="-74.0421690">
    <ele>60.5</ele>
    <time>2026-01-14T22:49:48Z</time>
   </trkpt>
   <trkpt lat="40.7646640" lon="-74.0421770">
    <ele>60.6</ele>
    <time>2026-01-14T22:49:49Z</time>
   </trkpt>
   <trkpt lat="40.7647140" lon="-74.0421790">
    <ele>60.7</ele>
    <time>2026-01-14T22:49:50Z</time>
   </trkpt>
   <trkpt lat="40.7647650" lon="-74.0421800">
    <ele>60.7</ele>
    <time>2026-01-14T22:49:51Z</time>
   </trkpt>
   <trkpt lat="40.7648180" lon="-74.0421850">
    <ele>60.8</ele>
    <time>2026-01-14T22:49:52Z</time>
   </trkpt>
   <trkpt lat="40.7648680" lon="-74.0421930">
    <ele>60.9</ele>
    <time>2026-01-14T22:49:53Z</time>
   </trkpt>
   <trkpt lat="40.7649190" lon="-74.0422070">
    <ele>60.9</ele>
    <time>2026-01-14T22:49:54Z</time>
   </trkpt>
   <trkpt lat="40.7649750" lon="-74.0422220">
    <ele>61.0</ele>
    <time>2026-01-14T22:49:55Z</time>
   </trkpt>
   <trkpt lat="40.7650220" lon="-74.0422290">
    <ele>61.1</ele>
    <time>2026-01-14T22:49:56Z</time>
   </trkpt>
   <trkpt lat="40.7650650" lon="-74.0422390">
    <ele>61.1</ele>
    <time>2026-01-14T22:49:57Z</time>
   </trkpt>
   <trkpt lat="40.7651100" lon="-74.0422480">
    <ele>61.2</ele>
    <time>2026-01-14T22:49:58Z</time>
   </trkpt>
   <trkpt lat="40.7651720" lon="-74.0422530">
    <ele>61.3</ele>
    <time>2026-01-14T22:49:59Z</time>
   </trkpt>
   <trkpt lat="40.7652320" lon="-74.0422530">
    <ele>61.4</ele>
    <time>2026-01-14T22:50:00Z</time>
   </trkpt>
   <trkpt lat="40.7652800" lon="-74.0422680">
    <ele>61.5</ele>
    <time>2026-01-14T22:50:01Z</time>
   </trkpt>
   <trkpt lat="40.7653360" lon="-74.0422790">
    <ele>61.6</ele>
    <time>2026-01-14T22:50:02Z</time>
   </trkpt>
   <trkpt lat="40.7653890" lon="-74.0422810">
    <ele>61.6</ele>
    <time>2026-01-14T22:50:03Z</time>
   </trkpt>
   <trkpt lat="40.7654390" lon="-74.0422910">
    <ele>61.7</ele>
    <time>2026-01-14T22:50:04Z</time>
   </trkpt>
   <trkpt lat="40.7654880" lon="-74.0422850">
    <ele>61.7</ele>
    <time>2026-01-14T22:50:05Z</time>
   </trkpt>
   <trkpt lat="40.7655380" lon="-74.0422890">
    <ele>61.7</ele>
    <time>2026-01-14T22:50:06Z</time>
   </trkpt>
   <trkpt lat="40.7655910" lon="-74.0423000">
    <ele>61.8</ele>
    <time>2026-01-14T22:50:07Z</time>
   </trkpt>
   <trkpt lat="40.7656570" lon="-74.0422980">
    <ele>61.9</ele>
    <time>2026-01-14T22:50:08Z</time>
   </trkpt>
   <trkpt lat="40.7657110" lon="-74.0423160">
    <ele>62.0</ele>
    <time>2026-01-14T22:50:09Z</time>
   </trkpt>
   <trkpt lat="40.7657640" lon="-74.0423180">
    <ele>62.1</ele>
    <time>2026-01-14T22:50:10Z</time>
   </trkpt>
   <trkpt lat="40.7658180" lon="-74.0423200">
    <ele>62.2</ele>
    <time>2026-01-14T22:50:11Z</time>
   </trkpt>
   <trkpt lat="40.7658780" lon="-74.0423250">
    <ele>62.3</ele>
    <time>2026-01-14T22:50:12Z</time>
   </trkpt>
   <trkpt lat="40.7659550" lon="-74.0423000">
    <ele>62.4</ele>
    <time>2026-01-14T22:50:13Z</time>
   </trkpt>
   <trkpt lat="40.7660190" lon="-74.0422930">
    <ele>62.5</ele>
    <time>2026-01-14T22:50:14Z</time>
   </trkpt>
   <trkpt lat="40.7660760" lon="-74.0422720">
    <ele>62.6</ele>
    <time>2026-01-14T22:50:15Z</time>
   </trkpt>
   <trkpt lat="40.7661300" lon="-74.0422490">
    <ele>62.6</ele>
    <time>2026-01-14T22:50:16Z</time>
   </trkpt>
   <trkpt lat="40.7661860" lon="-74.0422160">
    <ele>62.7</ele>
    <time>2026-01-14T22:50:17Z</time>
   </trkpt>
   <trkpt lat="40.7662430" lon="-74.0421860">
    <ele>62.8</ele>
    <time>2026-01-14T22:50:18Z</time>
   </trkpt>
   <trkpt lat="40.7663010" lon="-74.0421550">
    <ele>62.9</ele>
    <time>2026-01-14T22:50:19Z</time>
   </trkpt>
   <trkpt lat="40.7663530" lon="-74.0421250">
    <ele>63.0</ele>
    <time>2026-01-14T22:50:20Z</time>
   </trkpt>
   <trkpt lat="40.7664050" lon="-74.0420940">
    <ele>63.1</ele>
    <time>2026-01-14T22:50:21Z</time>
   </trkpt>
   <trkpt lat="40.7664590" lon="-74.0420640">
    <ele>63.1</ele>
    <time>2026-01-14T22:50:22Z</time>
   </trkpt>
   <trkpt lat="40.7665100" lon="-74.0420290">
    <ele>63.2</ele>
    <time>2026-01-14T22:50:23Z</time>
   </trkpt>
   <trkpt lat="40.7665640" lon="-74.0419950">
    <ele>63.3</ele>
    <time>2026-01-14T22:50:24Z</time>
   </trkpt>
   <trkpt lat="40.7666150" lon="-74.0419580">
    <ele>63.3</ele>
    <time>2026-01-14T22:50:25Z</time>
   </trkpt>
   <trkpt lat="40.7666670" lon="-74.0419260">
    <ele>63.3</ele>
    <time>2026-01-14T22:50:26Z</time>
   </trkpt>
   <trkpt lat="40.7667220" lon="-74.0419000">
    <ele>63.3</ele>
    <time>2026-01-14T22:50:27Z</time>
   </trkpt>
   <trkpt lat="40.7667830" lon="-74.0418760">
    <ele>63.3</ele>
    <time>2026-01-14T22:50:28Z</time>
   </trkpt>
   <trkpt lat="40.7668290" lon="-74.0418200">
    <ele>63.3</ele>
    <time>2026-01-14T22:50:29Z</time>
   </trkpt>
   <trkpt lat="40.7668830" lon="-74.0417890">
    <ele>63.2</ele>
    <time>2026-01-14T22:50:30Z</time>
   </trkpt>
   <trkpt lat="40.7669380" lon="-74.0417550">
    <ele>63.2</ele>
    <time>2026-01-14T22:50:31Z</time>
   </trkpt>
   <trkpt lat="40.7669840" lon="-74.0417300">
    <ele>63.1</ele>
    <time>2026-01-14T22:50:32Z</time>
   </trkpt>
   <trkpt lat="40.7670230" lon="-74.0417010">
    <ele>63.1</ele>
    <time>2026-01-14T22:50:33Z</time>
   </trkpt>
   <trkpt lat="40.7670510" lon="-74.0416820">
    <ele>63.1</ele>
    <time>2026-01-14T22:50:34Z</time>
   </trkpt>
   <trkpt lat="40.7670660" lon="-74.0416620">
    <ele>63.0</ele>
    <time>2026-01-14T22:50:35Z</time>
   </trkpt>
   <trkpt lat="40.7670800" lon="-74.0416560">
    <ele>63.0</ele>
    <time>2026-01-14T22:50:36Z</time>
   </trkpt>
   <trkpt lat="40.7670990" lon="-74.0416370">
    <ele>63.0</ele>
    <time>2026-01-14T22:50:37Z</time>
   </trkpt>
   <trkpt lat="40.7671100" lon="-74.0416270">
    <ele>63.0</ele>
    <time>2026-01-14T22:50:38Z</time>
   </trkpt>
   <trkpt lat="40.7671200" lon="-74.0416170">
    <ele>63.0</ele>
    <time>2026-01-14T22:50:39Z</time>
   </trkpt>
   <trkpt lat="40.7671440" lon="-74.0415920">
    <ele>63.0</ele>
    <time>2026-01-14T22:50:40Z</time>
   </trkpt>
   <trkpt lat="40.7671550" lon="-74.0415840">
    <ele>63.1</ele>
    <time>2026-01-14T22:50:41Z</time>
   </trkpt>
   <trkpt lat="40.7671870" lon="-74.0415700">
    <ele>63.1</ele>
    <time>2026-01-14T22:50:42Z</time>
   </trkpt>
   <trkpt lat="40.7672260" lon="-74.0415610">
    <ele>63.1</ele>
    <time>2026-01-14T22:50:43Z</time>
   </trkpt>
   <trkpt lat="40.7672720" lon="-74.0415450">
    <ele>63.1</ele>
    <time>2026-01-14T22:50:44Z</time>
   </trkpt>
   <trkpt lat="40.7673110" lon="-74.0415290">
    <ele>63.1</ele>
    <time>2026-01-14T22:50:45Z</time>
   </trkpt>
   <trkpt lat="40.7673540" lon="-74.0415120">
    <ele>63.1</ele>
    <time>2026-01-14T22:50:46Z</time>
   </trkpt>
   <trkpt lat="40.7673940" lon="-74.0414850">
    <ele>63.1</ele>
    <time>2026-01-14T22:50:47Z</time>
   </trkpt>
   <trkpt lat="40.7674380" lon="-74.0414580">
    <ele>63.1</ele>
    <time>2026-01-14T22:50:48Z</time>
   </trkpt>
   <trkpt lat="40.7674840" lon="-74.0414330">
    <ele>63.1</ele>
    <time>2026-01-14T22:50:49Z</time>
   </trkpt>
   <trkpt lat="40.7675240" lon="-74.0414050">
    <ele>63.1</ele>
    <time>2026-01-14T22:50:50Z</time>
   </trkpt>
   <trkpt lat="40.7675770" lon="-74.0413810">
    <ele>63.1</ele>
    <time>2026-01-14T22:50:51Z</time>
   </trkpt>
   <trkpt lat="40.7676200" lon="-74.0413490">
    <ele>63.1</ele>
    <time>2026-01-14T22:50:52Z</time>
   </trkpt>
   <trkpt lat="40.7676690" lon="-74.0413220">
    <ele>63.2</ele>
    <time>2026-01-14T22:50:53Z</time>
   </trkpt>
   <trkpt lat="40.7677120" lon="-74.0412950">
    <ele>63.2</ele>
    <time>2026-01-14T22:50:54Z</time>
   </trkpt>
   <trkpt lat="40.7677450" lon="-74.0412720">
    <ele>63.2</ele>
    <time>2026-01-14T22:50:55Z</time>
   </trkpt>
   <trkpt lat="40.7677810" lon="-74.0412470">
    <ele>63.1</ele>
    <time>2026-01-14T22:50:56Z</time>
   </trkpt>
   <trkpt lat="40.7678230" lon="-74.0412380">
    <ele>63.1</ele>
    <time>2026-01-14T22:50:57Z</time>
   </trkpt>
   <trkpt lat="40.7678690" lon="-74.0412210">
    <ele>63.1</ele>
    <time>2026-01-14T22:50:58Z</time>
   </trkpt>
   <trkpt lat="40.7679060" lon="-74.0411870">
    <ele>63.1</ele>
    <time>2026-01-14T22:50:59Z</time>
   </trkpt>
   <trkpt lat="40.7679440" lon="-74.0411560">
    <ele>63.0</ele>
    <time>2026-01-14T22:51:00Z</time>
   </trkpt>
   <trkpt lat="40.7679820" lon="-74.0411180">
    <ele>63.0</ele>
    <time>2026-01-14T22:51:01Z</time>
   </trkpt>
   <trkpt lat="40.7680230" lon="-74.0410920">
    <ele>63.0</ele>
    <time>2026-01-14T22:51:02Z</time>
   </trkpt>
   <trkpt lat="40.7680660" lon="-74.0410690">
    <ele>62.9</ele>
    <time>2026-01-14T22:51:03Z</time>
   </trkpt>
   <trkpt lat="40.7680960" lon="-74.0410420">
    <ele>62.9</ele>
    <time>2026-01-14T22:51:04Z</time>
   </trkpt>
   <trkpt lat="40.7680980" lon="-74.0410010">
    <ele>62.9</ele>
    <time>2026-01-14T22:51:05Z</time>
   </trkpt>
   <trkpt lat="40.7681120" lon="-74.0409470">
    <ele>62.8</ele>
    <time>2026-01-14T22:51:06Z</time>
   </trkpt>
   <trkpt lat="40.7681390" lon="-74.0409340">
    <ele>62.8</ele>
    <time>2026-01-14T22:51:07Z</time>
   </trkpt>
   <trkpt lat="40.7681590" lon="-74.0408990">
    <ele>62.8</ele>
    <time>2026-01-14T22:51:08Z</time>
   </trkpt>
   <trkpt lat="40.7681590" lon="-74.0408880">
    <ele>62.8</ele>
    <time>2026-01-14T22:51:09Z</time>
   </trkpt>
   <trkpt lat="40.7681550" lon="-74.0408590">
    <ele>62.8</ele>
    <time>2026-01-14T22:51:10Z</time>
   </trkpt>
   <trkpt lat="40.7681510" lon="-74.0408600">
    <ele>62.8</ele>
    <time>2026-01-14T22:51:11Z</time>
   </trkpt>
   <trkpt lat="40.7681470" lon="-74.0408560">
    <ele>62.8</ele>
    <time>2026-01-14T22:51:12Z</time>
   </trkpt>
   <trkpt lat="40.7681420" lon="-74.0408540">
    <ele>62.8</ele>
    <time>2026-01-14T22:51:13Z</time>
   </trkpt>
   <trkpt lat="40.7681390" lon="-74.0408540">
    <ele>62.7</ele>
    <time>2026-01-14T22:51:14Z</time>
   </trkpt>
   <trkpt lat="40.7681490" lon="-74.0408620">
    <ele>62.7</ele>
    <time>2026-01-14T22:51:15Z</time>
   </trkpt>
   <trkpt lat="40.7681460" lon="-74.0408630">
    <ele>62.7</ele>
    <time>2026-01-14T22:51:16Z</time>
   </trkpt>
   <trkpt lat="40.7681510" lon="-74.0408610">
    <ele>62.7</ele>
    <time>2026-01-14T22:51:17Z</time>
   </trkpt>
   <trkpt lat="40.7681690" lon="-74.0408630">
    <ele>62.7</ele>
    <time>2026-01-14T22:51:18Z</time>
   </trkpt>
   <trkpt lat="40.7681770" lon="-74.0408670">
    <ele>62.7</ele>
    <time>2026-01-14T22:51:19Z</time>
   </trkpt>
   <trkpt lat="40.7681830" lon="-74.0408610">
    <ele>62.7</ele>
    <time>2026-01-14T22:51:20Z</time>
   </trkpt>
   <trkpt lat="40.7681880" lon="-74.0408610">
    <ele>62.7</ele>
    <time>2026-01-14T22:51:21Z</time>
   </trkpt>
   <trkpt lat="40.7681880" lon="-74.0408620">
    <ele>62.7</ele>
    <time>2026-01-14T22:51:22Z</time>
   </trkpt>
   <trkpt lat="40.7681980" lon="-74.0408570">
    <ele>62.7</ele>
    <time>2026-01-14T22:51:23Z</time>
   </trkpt>
   <trkpt lat="40.7682020" lon="-74.0408580">
    <ele>62.7</ele>
    <time>2026-01-14T22:51:24Z</time>
   </trkpt>
   <trkpt lat="40.7681930" lon="-74.0408540">
    <ele>62.7</ele>
    <time>2026-01-14T22:51:25Z</time>
   </trkpt>
   <trkpt lat="40.7681830" lon="-74.0408450">
    <ele>62.7</ele>
    <time>2026-01-14T22:51:26Z</time>
   </trkpt>
   <trkpt lat="40.7681760" lon="-74.0408600">
    <ele>62.7</ele>
    <time>2026-01-14T22:51:27Z</time>
   </trkpt>
   <trkpt lat="40.7681780" lon="-74.0408690">
    <ele>62.7</ele>
    <time>2026-01-14T22:51:28Z</time>
   </trkpt>
   <trkpt lat="40.7681780" lon="-74.0408790">
    <ele>62.7</ele>
    <time>2026-01-14T22:51:29Z</time>
   </trkpt>
   <trkpt lat="40.7681740" lon="-74.0408860">
    <ele>62.7</ele>
    <time>2026-01-14T22:51:30Z</time>
   </trkpt>
   <trkpt lat="40.7681750" lon="-74.0408870">
    <ele>62.7</ele>
    <time>2026-01-14T22:51:31Z</time>
   </trkpt>
   <trkpt lat="40.7681830" lon="-74.0408990">
    <ele>62.7</ele>
    <time>2026-01-14T22:51:32Z</time>
   </trkpt>
   <trkpt lat="40.7681830" lon="-74.0408990">
    <ele>62.7</ele>
    <time>2026-01-14T22:51:33Z</time>
   </trkpt>
   <trkpt lat="40.7681950" lon="-74.0409040">
    <ele>62.7</ele>
    <time>2026-01-14T22:51:34Z</time>
   </trkpt>
   <trkpt lat="40.7681960" lon="-74.0409040">
    <ele>62.7</ele>
    <time>2026-01-14T22:51:35Z</time>
   </trkpt>
   <trkpt lat="40.7681920" lon="-74.0409200">
    <ele>62.7</ele>
    <time>2026-01-14T22:51:36Z</time>
   </trkpt>
   <trkpt lat="40.7681890" lon="-74.0409240">
    <ele>62.7</ele>
    <time>2026-01-14T22:51:37Z</time>
   </trkpt>
   <trkpt lat="40.7681890" lon="-74.0409230">
    <ele>62.7</ele>
    <time>2026-01-14T22:51:38Z</time>
   </trkpt>
   <trkpt lat="40.7681890" lon="-74.0409230">
    <ele>62.7</ele>
    <time>2026-01-14T22:51:39Z</time>
   </trkpt>
   <trkpt lat="40.7681900" lon="-74.0409390">
    <ele>62.7</ele>
    <time>2026-01-14T22:51:40Z</time>
   </trkpt>
   <trkpt lat="40.7682000" lon="-74.0409420">
    <ele>62.7</ele>
    <time>2026-01-14T22:51:41Z</time>
   </trkpt>
   <trkpt lat="40.7682050" lon="-74.0409430">
    <ele>62.7</ele>
    <time>2026-01-14T22:51:42Z</time>
   </trkpt>
   <trkpt lat="40.7682020" lon="-74.0409400">
    <ele>62.7</ele>
    <time>2026-01-14T22:51:43Z</time>
   </trkpt>
   <trkpt lat="40.7681990" lon="-74.0409310">
    <ele>62.7</ele>
    <time>2026-01-14T22:51:44Z</time>
   </trkpt>
   <trkpt lat="40.7681960" lon="-74.0409170">
    <ele>62.7</ele>
    <time>2026-01-14T22:51:45Z</time>
   </trkpt>
   <trkpt lat="40.7681770" lon="-74.0408960">
    <ele>62.7</ele>
    <time>2026-01-14T22:51:46Z</time>
   </trkpt>
   <trkpt lat="40.7681950" lon="-74.0409010">
    <ele>62.7</ele>
    <time>2026-01-14T22:51:47Z</time>
   </trkpt>
   <trkpt lat="40.7681930" lon="-74.0408990">
    <ele>62.7</ele>
    <time>2026-01-14T22:51:48Z</time>
   </trkpt>
   <trkpt lat="40.7681900" lon="-74.0408970">
    <ele>62.7</ele>
    <time>2026-01-14T22:51:49Z</time>
   </trkpt>
   <trkpt lat="40.7681870" lon="-74.0408950">
    <ele>62.7</ele>
    <time>2026-01-14T22:51:50Z</time>
   </trkpt>
   <trkpt lat="40.7681840" lon="-74.0408940">
    <ele>62.7</ele>
    <time>2026-01-14T22:51:51Z</time>
   </trkpt>
   <trkpt lat="40.7681820" lon="-74.0408920">
    <ele>62.7</ele>
    <time>2026-01-14T22:51:52Z</time>
   </trkpt>
   <trkpt lat="40.7681790" lon="-74.0408900">
    <ele>62.7</ele>
    <time>2026-01-14T22:51:53Z</time>
   </trkpt>
   <trkpt lat="40.7681760" lon="-74.0408880">
    <ele>62.7</ele>
    <time>2026-01-14T22:51:54Z</time>
   </trkpt>
   <trkpt lat="40.7681730" lon="-74.0408860">
    <ele>62.7</ele>
    <time>2026-01-14T22:51:55Z</time>
   </trkpt>
   <trkpt lat="40.7681710" lon="-74.0408840">
    <ele>62.7</ele>
    <time>2026-01-14T22:51:56Z</time>
   </trkpt>
   <trkpt lat="40.7681680" lon="-74.0408820">
    <ele>62.7</ele>
    <time>2026-01-14T22:51:57Z</time>
   </trkpt>
   <trkpt lat="40.7681650" lon="-74.0408800">
    <ele>62.7</ele>
    <time>2026-01-14T22:51:58Z</time>
   </trkpt>
   <trkpt lat="40.7681620" lon="-74.0408780">
    <ele>62.7</ele>
    <time>2026-01-14T22:51:59Z</time>
   </trkpt>
   <trkpt lat="40.7681600" lon="-74.0408760">
    <ele>62.7</ele>
    <time>2026-01-14T22:52:00Z</time>
   </trkpt>
   <trkpt lat="40.7681570" lon="-74.0408750">
    <ele>62.7</ele>
    <time>2026-01-14T22:52:01Z</time>
   </trkpt>
   <trkpt lat="40.7681540" lon="-74.0408730">
    <ele>62.7</ele>
    <time>2026-01-14T22:52:02Z</time>
   </trkpt>
   <trkpt lat="40.7681510" lon="-74.0408710">
    <ele>62.7</ele>
    <time>2026-01-14T22:52:03Z</time>
   </trkpt>
   <trkpt lat="40.7681490" lon="-74.0408690">
    <ele>62.7</ele>
    <time>2026-01-14T22:52:04Z</time>
   </trkpt>
   <trkpt lat="40.7681460" lon="-74.0408670">
    <ele>62.7</ele>
    <time>2026-01-14T22:52:05Z</time>
   </trkpt>
   <trkpt lat="40.7681460" lon="-74.0408750">
    <ele>62.7</ele>
    <time>2026-01-14T22:52:06Z</time>
   </trkpt>
   <trkpt lat="40.7681370" lon="-74.0408770">
    <ele>62.7</ele>
    <time>2026-01-14T22:52:07Z</time>
   </trkpt>
   <trkpt lat="40.7681360" lon="-74.0408780">
    <ele>62.7</ele>
    <time>2026-01-14T22:52:08Z</time>
   </trkpt>
   <trkpt lat="40.7681330" lon="-74.0408900">
    <ele>62.7</ele>
    <time>2026-01-14T22:52:09Z</time>
   </trkpt>
   <trkpt lat="40.7681290" lon="-74.0408810">
    <ele>62.7</ele>
    <time>2026-01-14T22:52:10Z</time>
   </trkpt>
   <trkpt lat="40.7681310" lon="-74.0408880">
    <ele>62.6</ele>
    <time>2026-01-14T22:52:11Z</time>
   </trkpt>
   <trkpt lat="40.7681330" lon="-74.0408820">
    <ele>62.6</ele>
    <time>2026-01-14T22:52:12Z</time>
   </trkpt>
   <trkpt lat="40.7681400" lon="-74.0408740">
    <ele>62.6</ele>
    <time>2026-01-14T22:52:13Z</time>
   </trkpt>
   <trkpt lat="40.7681340" lon="-74.0408910">
    <ele>62.6</ele>
    <time>2026-01-14T22:52:14Z</time>
   </trkpt>
   <trkpt lat="40.7681330" lon="-74.0408800">
    <ele>62.6</ele>
    <time>2026-01-14T22:52:15Z</time>
   </trkpt>
   <trkpt lat="40.7681380" lon="-74.0408690">
    <ele>62.6</ele>
    <time>2026-01-14T22:52:16Z</time>
   </trkpt>
   <trkpt lat="40.7681550" lon="-74.0408730">
    <ele>62.6</ele>
    <time>2026-01-14T22:52:17Z</time>
   </trkpt>
   <trkpt lat="40.7681670" lon="-74.0408650">
    <ele>62.6</ele>
    <time>2026-01-14T22:52:18Z</time>
   </trkpt>
   <trkpt lat="40.7681580" lon="-74.0408830">
    <ele>62.6</ele>
    <time>2026-01-14T22:52:19Z</time>
   </trkpt>
   <trkpt lat="40.7681650" lon="-74.0408780">
    <ele>62.6</ele>
    <time>2026-01-14T22:52:20Z</time>
   </trkpt>
   <trkpt lat="40.7681720" lon="-74.0408680">
    <ele>62.6</ele>
    <time>2026-01-14T22:52:21Z</time>
   </trkpt>
   <trkpt lat="40.7681770" lon="-74.0408510">
    <ele>62.6</ele>
    <time>2026-01-14T22:52:22Z</time>
   </trkpt>
   <trkpt lat="40.7681790" lon="-74.0408550">
    <ele>62.6</ele>
    <time>2026-01-14T22:52:23Z</time>
   </trkpt>
   <trkpt lat="40.7681840" lon="-74.0408530">
    <ele>62.6</ele>
    <time>2026-01-14T22:52:24Z</time>
   </trkpt>
   <trkpt lat="40.7681810" lon="-74.0408560">
    <ele>62.6</ele>
    <time>2026-01-14T22:52:25Z</time>
   </trkpt>
   <trkpt lat="40.7681880" lon="-74.0408520">
    <ele>62.6</ele>
    <time>2026-01-14T22:52:26Z</time>
   </trkpt>
   <trkpt lat="40.7681960" lon="-74.0408510">
    <ele>62.6</ele>
    <time>2026-01-14T22:52:27Z</time>
   </trkpt>
   <trkpt lat="40.7682060" lon="-74.0408480">
    <ele>62.6</ele>
    <time>2026-01-14T22:52:28Z</time>
   </trkpt>
   <trkpt lat="40.7682010" lon="-74.0408470">
    <ele>62.6</ele>
    <time>2026-01-14T22:52:29Z</time>
   </trkpt>
   <trkpt lat="40.7681930" lon="-74.0408500">
    <ele>62.6</ele>
    <time>2026-01-14T22:52:30Z</time>
   </trkpt>
   <trkpt lat="40.7681850" lon="-74.0408540">
    <ele>62.6</ele>
    <time>2026-01-14T22:52:31Z</time>
   </trkpt>
   <trkpt lat="40.7681770" lon="-74.0408570">
    <ele>62.6</ele>
    <time>2026-01-14T22:52:32Z</time>
   </trkpt>
   <trkpt lat="40.7681690" lon="-74.0408600">
    <ele>62.6</ele>
    <time>2026-01-14T22:52:33Z</time>
   </trkpt>
   <trkpt lat="40.7681690" lon="-74.0408600">
    <ele>62.6</ele>
    <time>2026-01-14T22:52:34Z</time>
   </trkpt>
   <trkpt lat="40.7681690" lon="-74.0408600">
    <ele>62.6</ele>
    <time>2026-01-14T22:52:35Z</time>
   </trkpt>
   <trkpt lat="40.7681690" lon="-74.0408600">
    <ele>62.6</ele>
    <time>2026-01-14T22:52:36Z</time>
   </trkpt>
   <trkpt lat="40.7681540" lon="-74.0408570">
    <ele>62.6</ele>
    <time>2026-01-14T22:52:37Z</time>
   </trkpt>
   <trkpt lat="40.7681540" lon="-74.0408570">
    <ele>62.6</ele>
    <time>2026-01-14T22:52:38Z</time>
   </trkpt>
   <trkpt lat="40.7681540" lon="-74.0408570">
    <ele>62.6</ele>
    <time>2026-01-14T22:52:39Z</time>
   </trkpt>
   <trkpt lat="40.7681540" lon="-74.0408570">
    <ele>62.6</ele>
    <time>2026-01-14T22:52:40Z</time>
   </trkpt>
   <trkpt lat="40.7681540" lon="-74.0408570">
    <ele>62.6</ele>
    <time>2026-01-14T22:52:41Z</time>
   </trkpt>
   <trkpt lat="40.7681540" lon="-74.0408570">
    <ele>62.6</ele>
    <time>2026-01-14T22:52:42Z</time>
   </trkpt>
   <trkpt lat="40.7681540" lon="-74.0408570">
    <ele>62.6</ele>
    <time>2026-01-14T22:52:43Z</time>
   </trkpt>
   <trkpt lat="40.7681540" lon="-74.0408570">
    <ele>62.6</ele>
    <time>2026-01-14T22:52:44Z</time>
   </trkpt>
   <trkpt lat="40.7681540" lon="-74.0408570">
    <ele>62.6</ele>
    <time>2026-01-14T22:52:45Z</time>
   </trkpt>
   <trkpt lat="40.7681540" lon="-74.0408570">
    <ele>62.6</ele>
    <time>2026-01-14T22:52:46Z</time>
   </trkpt>
   <trkpt lat="40.7681540" lon="-74.0408570">
    <ele>62.6</ele>
    <time>2026-01-14T22:52:47Z</time>
   </trkpt>
   <trkpt lat="40.7681540" lon="-74.0408570">
    <ele>62.6</ele>
    <time>2026-01-14T22:52:48Z</time>
   </trkpt>
   <trkpt lat="40.7681540" lon="-74.0408570">
    <ele>62.6</ele>
    <time>2026-01-14T22:52:49Z</time>
   </trkpt>
   <trkpt lat="40.7681540" lon="-74.0408570">
    <ele>62.6</ele>
    <time>2026-01-14T22:52:50Z</time>
   </trkpt>
   <trkpt lat="40.7681570" lon="-74.0408310">
    <ele>62.6</ele>
    <time>2026-01-14T22:52:51Z</time>
   </trkpt>
   <trkpt lat="40.7681510" lon="-74.0408440">
    <ele>62.6</ele>
    <time>2026-01-14T22:52:52Z</time>
   </trkpt>
   <trkpt lat="40.7681600" lon="-74.0408350">
    <ele>62.6</ele>
    <time>2026-01-14T22:52:53Z</time>
   </trkpt>
   <trkpt lat="40.7681600" lon="-74.0408350">
    <ele>62.6</ele>
    <time>2026-01-14T22:52:54Z</time>
   </trkpt>
   <trkpt lat="40.7681710" lon="-74.0408360">
    <ele>62.6</ele>
    <time>2026-01-14T22:52:55Z</time>
   </trkpt>
   <trkpt lat="40.7681700" lon="-74.0408370">
    <ele>62.6</ele>
    <time>2026-01-14T22:52:56Z</time>
   </trkpt>
   <trkpt lat="40.7681750" lon="-74.0408390">
    <ele>62.6</ele>
    <time>2026-01-14T22:52:57Z</time>
   </trkpt>
   <trkpt lat="40.7681930" lon="-74.0408330">
    <ele>62.6</ele>
    <time>2026-01-14T22:52:58Z</time>
   </trkpt>
   <trkpt lat="40.7681630" lon="-74.0408240">
    <ele>62.6</ele>
    <time>2026-01-14T22:52:59Z</time>
   </trkpt>
   <trkpt lat="40.7681640" lon="-74.0408140">
    <ele>62.6</ele>
    <time>2026-01-14T22:53:00Z</time>
   </trkpt>
   <trkpt lat="40.7681670" lon="-74.0408040">
    <ele>62.6</ele>
    <time>2026-01-14T22:53:01Z</time>
   </trkpt>
   <trkpt lat="40.7681700" lon="-74.0407950">
    <ele>62.6</ele>
    <time>2026-01-14T22:53:02Z</time>
   </trkpt>
   <trkpt lat="40.7681730" lon="-74.0407850">
    <ele>62.6</ele>
    <time>2026-01-14T22:53:03Z</time>
   </trkpt>
   <trkpt lat="40.7681760" lon="-74.0407760">
    <ele>62.6</ele>
    <time>2026-01-14T22:53:04Z</time>
   </trkpt>
   <trkpt lat="40.7681780" lon="-74.0407670">
    <ele>62.6</ele>
    <time>2026-01-14T22:53:05Z</time>
   </trkpt>
   <trkpt lat="40.7681810" lon="-74.0407570">
    <ele>62.6</ele>
    <time>2026-01-14T22:53:06Z</time>
   </trkpt>
   <trkpt lat="40.7681840" lon="-74.0407480">
    <ele>62.6</ele>
    <time>2026-01-14T22:53:07Z</time>
   </trkpt>
   <trkpt lat="40.7681870" lon="-74.0407380">
    <ele>62.6</ele>
    <time>2026-01-14T22:53:08Z</time>
   </trkpt>
   <trkpt lat="40.7681900" lon="-74.0407290">
    <ele>62.6</ele>
    <time>2026-01-14T22:53:09Z</time>
   </trkpt>
   <trkpt lat="40.7681830" lon="-74.0407440">
    <ele>62.6</ele>
    <time>2026-01-14T22:53:10Z</time>
   </trkpt>
   <trkpt lat="40.7681860" lon="-74.0407500">
    <ele>62.6</ele>
    <time>2026-01-14T22:53:11Z</time>
   </trkpt>
   <trkpt lat="40.7681990" lon="-74.0407440">
    <ele>62.6</ele>
    <time>2026-01-14T22:53:12Z</time>
   </trkpt>
   <trkpt lat="40.7681980" lon="-74.0407450">
    <ele>62.6</ele>
    <time>2026-01-14T22:53:13Z</time>
   </trkpt>
   <trkpt lat="40.7681980" lon="-74.0407450">
    <ele>62.6</ele>
    <time>2026-01-14T22:53:14Z</time>
   </trkpt>
   <trkpt lat="40.7681980" lon="-74.0407450">
    <ele>62.6</ele>
    <time>2026-01-14T22:53:15Z</time>
   </trkpt>
   <trkpt lat="40.7681980" lon="-74.0407450">
    <ele>62.6</ele>
    <time>2026-01-14T22:53:16Z</time>
   </trkpt>
   <trkpt lat="40.7681980" lon="-74.0407450">
    <ele>62.6</ele>
    <time>2026-01-14T22:53:17Z</time>
   </trkpt>
   <trkpt lat="40.7681980" lon="-74.0407450">
    <ele>62.6</ele>
    <time>2026-01-14T22:53:18Z</time>
   </trkpt>
   <trkpt lat="40.7681980" lon="-74.0407450">
    <ele>62.6</ele>
    <time>2026-01-14T22:53:19Z</time>
   </trkpt>
   <trkpt lat="40.7681980" lon="-74.0407450">
    <ele>62.6</ele>
    <time>2026-01-14T22:53:20Z</time>
   </trkpt>
   <trkpt lat="40.7681980" lon="-74.0407450">
    <ele>62.6</ele>
    <time>2026-01-14T22:53:21Z</time>
   </trkpt>
   <trkpt lat="40.7681980" lon="-74.0407450">
    <ele>62.6</ele>
    <time>2026-01-14T22:53:22Z</time>
   </trkpt>
   <trkpt lat="40.7682050" lon="-74.0407540">
    <ele>62.6</ele>
    <time>2026-01-14T22:53:23Z</time>
   </trkpt>
   <trkpt lat="40.7681910" lon="-74.0407720">
    <ele>62.6</ele>
    <time>2026-01-14T22:53:24Z</time>
   </trkpt>
   <trkpt lat="40.7681740" lon="-74.0408010">
    <ele>62.6</ele>
    <time>2026-01-14T22:53:25Z</time>
   </trkpt>
   <trkpt lat="40.7681610" lon="-74.0408360">
    <ele>62.6</ele>
    <time>2026-01-14T22:53:26Z</time>
   </trkpt>
   <trkpt lat="40.7681620" lon="-74.0408300">
    <ele>62.6</ele>
    <time>2026-01-14T22:53:27Z</time>
   </trkpt>
   <trkpt lat="40.7681790" lon="-74.0408310">
    <ele>62.6</ele>
    <time>2026-01-14T22:53:28Z</time>
   </trkpt>
   <trkpt lat="40.7681840" lon="-74.0408310">
    <ele>62.6</ele>
    <time>2026-01-14T22:53:29Z</time>
   </trkpt>
   <trkpt lat="40.7681790" lon="-74.0408310">
    <ele>62.6</ele>
    <time>2026-01-14T22:53:30Z</time>
   </trkpt>
   <trkpt lat="40.7681790" lon="-74.0408310">
    <ele>62.6</ele>
    <time>2026-01-14T22:53:31Z</time>
   </trkpt>
   <trkpt lat="40.7681790" lon="-74.0408310">
    <ele>62.6</ele>
    <time>2026-01-14T22:53:32Z</time>
   </trkpt>
   <trkpt lat="40.7681790" lon="-74.0408310">
    <ele>62.6</ele>
    <time>2026-01-14T22:53:33Z</time>
   </trkpt>
   <trkpt lat="40.7681950" lon="-74.0408240">
    <ele>62.6</ele>
    <time>2026-01-14T22:53:34Z</time>
   </trkpt>
   <trkpt lat="40.7681950" lon="-74.0408230">
    <ele>62.6</ele>
    <time>2026-01-14T22:53:35Z</time>
   </trkpt>
   <trkpt lat="40.7681950" lon="-74.0408230">
    <ele>62.6</ele>
    <time>2026-01-14T22:53:36Z</time>
   </trkpt>
   <trkpt lat="40.7681950" lon="-74.0408230">
    <ele>62.6</ele>
    <time>2026-01-14T22:53:37Z</time>
   </trkpt>
   <trkpt lat="40.7681950" lon="-74.0408230">
    <ele>62.6</ele>
    <time>2026-01-14T22:53:38Z</time>
   </trkpt>
   <trkpt lat="40.7682180" lon="-74.0407940">
    <ele>62.6</ele>
    <time>2026-01-14T22:53:39Z</time>
   </trkpt>
   <trkpt lat="40.7682180" lon="-74.0407940">
    <ele>62.6</ele>
    <time>2026-01-14T22:53:40Z</time>
   </trkpt>
   <trkpt lat="40.7682180" lon="-74.0407940">
    <ele>62.6</ele>
    <time>2026-01-14T22:53:41Z</time>
   </trkpt>
   <trkpt lat="40.7682180" lon="-74.0407940">
    <ele>62.6</ele>
    <time>2026-01-14T22:53:42Z</time>
   </trkpt>
   <trkpt lat="40.7682270" lon="-74.0407950">
    <ele>62.6</ele>
    <time>2026-01-14T22:53:43Z</time>
   </trkpt>
   <trkpt lat="40.7682160" lon="-74.0408000">
    <ele>62.6</ele>
    <time>2026-01-14T22:53:44Z</time>
   </trkpt>
   <trkpt lat="40.7682100" lon="-74.0407970">
    <ele>62.6</ele>
    <time>2026-01-14T22:53:45Z</time>
   </trkpt>
   <trkpt lat="40.7681870" lon="-74.0407930">
    <ele>62.6</ele>
    <time>2026-01-14T22:53:46Z</time>
   </trkpt>
   <trkpt lat="40.7681890" lon="-74.0407800">
    <ele>62.6</ele>
    <time>2026-01-14T22:53:47Z</time>
   </trkpt>
   <trkpt lat="40.7681870" lon="-74.0407680">
    <ele>62.6</ele>
    <time>2026-01-14T22:53:48Z</time>
   </trkpt>
   <trkpt lat="40.7681860" lon="-74.0407570">
    <ele>62.6</ele>
    <time>2026-01-14T22:53:49Z</time>
   </trkpt>
   <trkpt lat="40.7681850" lon="-74.0407460">
    <ele>62.6</ele>
    <time>2026-01-14T22:53:50Z</time>
   </trkpt>
   <trkpt lat="40.7681830" lon="-74.0407340">
    <ele>62.6</ele>
    <time>2026-01-14T22:53:51Z</time>
   </trkpt>
   <trkpt lat="40.7681820" lon="-74.0407230">
    <ele>62.6</ele>
    <time>2026-01-14T22:53:52Z</time>
   </trkpt>
   <trkpt lat="40.7681810" lon="-74.0407120">
    <ele>62.6</ele>
    <time>2026-01-14T22:53:53Z</time>
   </trkpt>
   <trkpt lat="40.7681790" lon="-74.0407000">
    <ele>62.6</ele>
    <time>2026-01-14T22:53:54Z</time>
   </trkpt>
   <trkpt lat="40.7681780" lon="-74.0406890">
    <ele>62.6</ele>
    <time>2026-01-14T22:53:55Z</time>
   </trkpt>
   <trkpt lat="40.7681700" lon="-74.0407470">
    <ele>62.6</ele>
    <time>2026-01-14T22:53:56Z</time>
   </trkpt>
   <trkpt lat="40.7681540" lon="-74.0407910">
    <ele>62.6</ele>
    <time>2026-01-14T22:53:57Z</time>
   </trkpt>
   <trkpt lat="40.7681650" lon="-74.0408200">
    <ele>62.6</ele>
    <time>2026-01-14T22:53:58Z</time>
   </trkpt>
   <trkpt lat="40.7681820" lon="-74.0408150">
    <ele>62.6</ele>
    <time>2026-01-14T22:53:59Z</time>
   </trkpt>
   <trkpt lat="40.7681580" lon="-74.0408130">
    <ele>62.6</ele>
    <time>2026-01-14T22:54:00Z</time>
   </trkpt>
   <trkpt lat="40.7681610" lon="-74.0408150">
    <ele>62.6</ele>
    <time>2026-01-14T22:54:01Z</time>
   </trkpt>
   <trkpt lat="40.7681610" lon="-74.0408150">
    <ele>62.6</ele>
    <time>2026-01-14T22:54:02Z</time>
   </trkpt>
   <trkpt lat="40.7681610" lon="-74.0408150">
    <ele>62.6</ele>
    <time>2026-01-14T22:54:03Z</time>
   </trkpt>
   <trkpt lat="40.7681610" lon="-74.0408150">
    <ele>62.6</ele>
    <time>2026-01-14T22:54:04Z</time>
   </trkpt>
   <trkpt lat="40.7681610" lon="-74.0408150">
    <ele>62.6</ele>
    <time>2026-01-14T22:54:05Z</time>
   </trkpt>
   <trkpt lat="40.7681610" lon="-74.0408150">
    <ele>62.6</ele>
    <time>2026-01-14T22:54:06Z</time>
   </trkpt>
   <trkpt lat="40.7681610" lon="-74.0408150">
    <ele>62.6</ele>
    <time>2026-01-14T22:54:07Z</time>
   </trkpt>
   <trkpt lat="40.7681610" lon="-74.0408150">
    <ele>62.6</ele>
    <time>2026-01-14T22:54:08Z</time>
   </trkpt>
   <trkpt lat="40.7681610" lon="-74.0408150">
    <ele>62.6</ele>
    <time>2026-01-14T22:54:09Z</time>
   </trkpt>
   <trkpt lat="40.7681610" lon="-74.0408150">
    <ele>62.6</ele>
    <time>2026-01-14T22:54:10Z</time>
   </trkpt>
   <trkpt lat="40.7681610" lon="-74.0408150">
    <ele>62.6</ele>
    <time>2026-01-14T22:54:11Z</time>
   </trkpt>
   <trkpt lat="40.7681610" lon="-74.0408150">
    <ele>62.6</ele>
    <time>2026-01-14T22:54:12Z</time>
   </trkpt>
   <trkpt lat="40.7681610" lon="-74.0408150">
    <ele>62.6</ele>
    <time>2026-01-14T22:54:13Z</time>
   </trkpt>
   <trkpt lat="40.7681610" lon="-74.0408150">
    <ele>62.6</ele>
    <time>2026-01-14T22:54:14Z</time>
   </trkpt>
   <trkpt lat="40.7681610" lon="-74.0408150">
    <ele>62.6</ele>
    <time>2026-01-14T22:54:15Z</time>
   </trkpt>
   <trkpt lat="40.7681610" lon="-74.0408150">
    <ele>62.6</ele>
    <time>2026-01-14T22:54:16Z</time>
   </trkpt>
   <trkpt lat="40.7681610" lon="-74.0408150">
    <ele>62.6</ele>
    <time>2026-01-14T22:54:17Z</time>
   </trkpt>
   <trkpt lat="40.7681560" lon="-74.0407940">
    <ele>62.6</ele>
    <time>2026-01-14T22:54:18Z</time>
   </trkpt>
   <trkpt lat="40.7681560" lon="-74.0407940">
    <ele>62.6</ele>
    <time>2026-01-14T22:54:19Z</time>
   </trkpt>
   <trkpt lat="40.7681560" lon="-74.0407940">
    <ele>62.6</ele>
    <time>2026-01-14T22:54:20Z</time>
   </trkpt>
   <trkpt lat="40.7681800" lon="-74.0407850">
    <ele>62.6</ele>
    <time>2026-01-14T22:54:21Z</time>
   </trkpt>
   <trkpt lat="40.7681710" lon="-74.0407870">
    <ele>62.6</ele>
    <time>2026-01-14T22:54:22Z</time>
   </trkpt>
   <trkpt lat="40.7681650" lon="-74.0407870">
    <ele>62.6</ele>
    <time>2026-01-14T22:54:23Z</time>
   </trkpt>
   <trkpt lat="40.7681650" lon="-74.0407870">
    <ele>62.6</ele>
    <time>2026-01-14T22:54:25Z</time>
   </trkpt>
   <trkpt lat="40.7681430" lon="-74.0407850">
    <ele>62.6</ele>
    <time>2026-01-14T22:54:26Z</time>
   </trkpt>
   <trkpt lat="40.7681380" lon="-74.0407900">
    <ele>62.6</ele>
    <time>2026-01-14T22:54:27Z</time>
   </trkpt>
   <trkpt lat="40.7681340" lon="-74.0407810">
    <ele>62.6</ele>
    <time>2026-01-14T22:54:28Z</time>
   </trkpt>
   <trkpt lat="40.7681370" lon="-74.0407730">
    <ele>62.6</ele>
    <time>2026-01-14T22:54:29Z</time>
   </trkpt>
   <trkpt lat="40.7681500" lon="-74.0407690">
    <ele>62.6</ele>
    <time>2026-01-14T22:54:30Z</time>
   </trkpt>
   <trkpt lat="40.7681490" lon="-74.0407720">
    <ele>62.6</ele>
    <time>2026-01-14T22:54:31Z</time>
   </trkpt>
   <trkpt lat="40.7681490" lon="-74.0407720">
    <ele>62.6</ele>
    <time>2026-01-14T22:54:32Z</time>
   </trkpt>
   <trkpt lat="40.7681590" lon="-74.0407830">
    <ele>62.6</ele>
    <time>2026-01-14T22:54:33Z</time>
   </trkpt>
   <trkpt lat="40.7681650" lon="-74.0407800">
    <ele>62.6</ele>
    <time>2026-01-14T22:54:34Z</time>
   </trkpt>
   <trkpt lat="40.7681570" lon="-74.0407800">
    <ele>62.6</ele>
    <time>2026-01-14T22:54:35Z</time>
   </trkpt>
   <trkpt lat="40.7681530" lon="-74.0407870">
    <ele>62.6</ele>
    <time>2026-01-14T22:54:36Z</time>
   </trkpt>
   <trkpt lat="40.7681610" lon="-74.0408230">
    <ele>62.6</ele>
    <time>2026-01-14T22:54:37Z</time>
   </trkpt>
   <trkpt lat="40.7681600" lon="-74.0408200">
    <ele>62.6</ele>
    <time>2026-01-14T22:54:38Z</time>
   </trkpt>
   <trkpt lat="40.7681770" lon="-74.0408230">
    <ele>62.6</ele>
    <time>2026-01-14T22:54:39Z</time>
   </trkpt>
   <trkpt lat="40.7681790" lon="-74.0408330">
    <ele>62.6</ele>
    <time>2026-01-14T22:54:40Z</time>
   </trkpt>
   <trkpt lat="40.7681680" lon="-74.0408260">
    <ele>62.6</ele>
    <time>2026-01-14T22:54:41Z</time>
   </trkpt>
   <trkpt lat="40.7681790" lon="-74.0407850">
    <ele>62.6</ele>
    <time>2026-01-14T22:54:42Z</time>
   </trkpt>
   <trkpt lat="40.7681850" lon="-74.0407720">
    <ele>62.6</ele>
    <time>2026-01-14T22:54:43Z</time>
   </trkpt>
   <trkpt lat="40.7681970" lon="-74.0407690">
    <ele>62.6</ele>
    <time>2026-01-14T22:54:44Z</time>
   </trkpt>
   <trkpt lat="40.7681940" lon="-74.0407870">
    <ele>62.6</ele>
    <time>2026-01-14T22:54:45Z</time>
   </trkpt>
   <trkpt lat="40.7681760" lon="-74.0407970">
    <ele>62.6</ele>
    <time>2026-01-14T22:54:46Z</time>
   </trkpt>
   <trkpt lat="40.7681860" lon="-74.0407840">
    <ele>62.6</ele>
    <time>2026-01-14T22:54:47Z</time>
   </trkpt>
   <trkpt lat="40.7681760" lon="-74.0407910">
    <ele>62.6</ele>
    <time>2026-01-14T22:54:48Z</time>
   </trkpt>
   <trkpt lat="40.7681950" lon="-74.0407940">
    <ele>62.6</ele>
    <time>2026-01-14T22:54:49Z</time>
   </trkpt>
   <trkpt lat="40.7682000" lon="-74.0407890">
    <ele>62.6</ele>
    <time>2026-01-14T22:54:50Z</time>
   </trkpt>
   <trkpt lat="40.7681940" lon="-74.0407910">
    <ele>62.6</ele>
    <time>2026-01-14T22:54:51Z</time>
   </trkpt>
   <trkpt lat="40.7682100" lon="-74.0407940">
    <ele>62.6</ele>
    <time>2026-01-14T22:54:52Z</time>
   </trkpt>
   <trkpt lat="40.7682150" lon="-74.0407860">
    <ele>62.6</ele>
    <time>2026-01-14T22:54:53Z</time>
   </trkpt>
   <trkpt lat="40.7682230" lon="-74.0407900">
    <ele>62.6</ele>
    <time>2026-01-14T22:54:54Z</time>
   </trkpt>
   <trkpt lat="40.7682180" lon="-74.0407890">
    <ele>62.6</ele>
    <time>2026-01-14T22:54:55Z</time>
   </trkpt>
   <trkpt lat="40.7682170" lon="-74.0407890">
    <ele>62.6</ele>
    <time>2026-01-14T22:54:56Z</time>
   </trkpt>
   <trkpt lat="40.7682170" lon="-74.0407890">
    <ele>62.6</ele>
    <time>2026-01-14T22:54:57Z</time>
   </trkpt>
   <trkpt lat="40.7682170" lon="-74.0407890">
    <ele>62.6</ele>
    <time>2026-01-14T22:54:58Z</time>
   </trkpt>
   <trkpt lat="40.7682170" lon="-74.0407890">
    <ele>62.6</ele>
    <time>2026-01-14T22:54:59Z</time>
   </trkpt>
   <trkpt lat="40.7682170" lon="-74.0407960">
    <ele>62.6</ele>
    <time>2026-01-14T22:55:00Z</time>
   </trkpt>
   <trkpt lat="40.7682140" lon="-74.0407920">
    <ele>62.6</ele>
    <time>2026-01-14T22:55:01Z</time>
   </trkpt>
   <trkpt lat="40.7682140" lon="-74.0407920">
    <ele>62.6</ele>
    <time>2026-01-14T22:55:02Z</time>
   </trkpt>
   <trkpt lat="40.7682090" lon="-74.0407890">
    <ele>62.6</ele>
    <time>2026-01-14T22:55:03Z</time>
   </trkpt>
   <trkpt lat="40.7682030" lon="-74.0407940">
    <ele>62.6</ele>
    <time>2026-01-14T22:55:04Z</time>
   </trkpt>
   <trkpt lat="40.7682040" lon="-74.0407930">
    <ele>62.6</ele>
    <time>2026-01-14T22:55:05Z</time>
   </trkpt>
   <trkpt lat="40.7681960" lon="-74.0408010">
    <ele>62.6</ele>
    <time>2026-01-14T22:55:06Z</time>
   </trkpt>
   <trkpt lat="40.7681990" lon="-74.0408010">
    <ele>62.6</ele>
    <time>2026-01-14T22:55:07Z</time>
   </trkpt>
   <trkpt lat="40.7681930" lon="-74.0407960">
    <ele>62.6</ele>
    <time>2026-01-14T22:55:08Z</time>
   </trkpt>
   <trkpt lat="40.7681930" lon="-74.0407850">
    <ele>62.6</ele>
    <time>2026-01-14T22:55:09Z</time>
   </trkpt>
   <trkpt lat="40.7681930" lon="-74.0407830">
    <ele>62.6</ele>
    <time>2026-01-14T22:55:10Z</time>
   </trkpt>
   <trkpt lat="40.7681930" lon="-74.0407750">
    <ele>62.6</ele>
    <time>2026-01-14T22:55:11Z</time>
   </trkpt>
   <trkpt lat="40.7681870" lon="-74.0407730">
    <ele>62.6</ele>
    <time>2026-01-14T22:55:12Z</time>
   </trkpt>
   <trkpt lat="40.7681860" lon="-74.0407760">
    <ele>62.6</ele>
    <time>2026-01-14T22:55:13Z</time>
   </trkpt>
   <trkpt lat="40.7681860" lon="-74.0407760">
    <ele>62.6</ele>
    <time>2026-01-14T22:55:14Z</time>
   </trkpt>
   <trkpt lat="40.7681860" lon="-74.0407760">
    <ele>62.6</ele>
    <time>2026-01-14T22:55:15Z</time>
   </trkpt>
   <trkpt lat="40.7681860" lon="-74.0407760">
    <ele>62.6</ele>
    <time>2026-01-14T22:55:16Z</time>
   </trkpt>
   <trkpt lat="40.7681990" lon="-74.0407610">
    <ele>62.6</ele>
    <time>2026-01-14T22:55:17Z</time>
   </trkpt>
   <trkpt lat="40.7681970" lon="-74.0407580">
    <ele>62.6</ele>
    <time>2026-01-14T22:55:18Z</time>
   </trkpt>
   <trkpt lat="40.7681970" lon="-74.0407580">
    <ele>62.6</ele>
    <time>2026-01-14T22:55:19Z</time>
   </trkpt>
   <trkpt lat="40.7681960" lon="-74.0407520">
    <ele>62.6</ele>
    <time>2026-01-14T22:55:20Z</time>
   </trkpt>
   <trkpt lat="40.7682050" lon="-74.0407510">
    <ele>62.6</ele>
    <time>2026-01-14T22:55:21Z</time>
   </trkpt>
   <trkpt lat="40.7682130" lon="-74.0407470">
    <ele>62.6</ele>
    <time>2026-01-14T22:55:22Z</time>
   </trkpt>
   <trkpt lat="40.7682120" lon="-74.0407470">
    <ele>62.6</ele>
    <time>2026-01-14T22:55:23Z</time>
   </trkpt>
   <trkpt lat="40.7682110" lon="-74.0407470">
    <ele>62.6</ele>
    <time>2026-01-14T22:55:24Z</time>
   </trkpt>
   <trkpt lat="40.7682100" lon="-74.0407470">
    <ele>62.6</ele>
    <time>2026-01-14T22:55:25Z</time>
   </trkpt>
   <trkpt lat="40.7682090" lon="-74.0407460">
    <ele>62.6</ele>
    <time>2026-01-14T22:55:26Z</time>
   </trkpt>
   <trkpt lat="40.7682080" lon="-74.0407460">
    <ele>62.6</ele>
    <time>2026-01-14T22:55:27Z</time>
   </trkpt>
   <trkpt lat="40.7682070" lon="-74.0407460">
    <ele>62.6</ele>
    <time>2026-01-14T22:55:28Z</time>
   </trkpt>
   <trkpt lat="40.7682050" lon="-74.0407460">
    <ele>62.6</ele>
    <time>2026-01-14T22:55:29Z</time>
   </trkpt>
   <trkpt lat="40.7682040" lon="-74.0407460">
    <ele>62.6</ele>
    <time>2026-01-14T22:55:30Z</time>
   </trkpt>
   <trkpt lat="40.7682030" lon="-74.0407460">
    <ele>62.6</ele>
    <time>2026-01-14T22:55:31Z</time>
   </trkpt>
   <trkpt lat="40.7682020" lon="-74.0407460">
    <ele>62.6</ele>
    <time>2026-01-14T22:55:32Z</time>
   </trkpt>
   <trkpt lat="40.7682010" lon="-74.0407460">
    <ele>62.6</ele>
    <time>2026-01-14T22:55:33Z</time>
   </trkpt>
   <trkpt lat="40.7682000" lon="-74.0407460">
    <ele>62.6</ele>
    <time>2026-01-14T22:55:34Z</time>
   </trkpt>
   <trkpt lat="40.7681990" lon="-74.0407450">
    <ele>62.6</ele>
    <time>2026-01-14T22:55:35Z</time>
   </trkpt>
   <trkpt lat="40.7681980" lon="-74.0407450">
    <ele>62.6</ele>
    <time>2026-01-14T22:55:36Z</time>
   </trkpt>
   <trkpt lat="40.7681970" lon="-74.0407450">
    <ele>62.6</ele>
    <time>2026-01-14T22:55:37Z</time>
   </trkpt>
   <trkpt lat="40.7681960" lon="-74.0407450">
    <ele>62.6</ele>
    <time>2026-01-14T22:55:38Z</time>
   </trkpt>
   <trkpt lat="40.7681950" lon="-74.0407450">
    <ele>62.6</ele>
    <time>2026-01-14T22:55:39Z</time>
   </trkpt>
   <trkpt lat="40.7681940" lon="-74.0407450">
    <ele>62.6</ele>
    <time>2026-01-14T22:55:40Z</time>
   </trkpt>
   <trkpt lat="40.7681930" lon="-74.0407450">
    <ele>62.6</ele>
    <time>2026-01-14T22:55:41Z</time>
   </trkpt>
   <trkpt lat="40.7681920" lon="-74.0407450">
    <ele>62.6</ele>
    <time>2026-01-14T22:55:42Z</time>
   </trkpt>
   <trkpt lat="40.7681910" lon="-74.0407450">
    <ele>62.6</ele>
    <time>2026-01-14T22:55:43Z</time>
   </trkpt>
   <trkpt lat="40.7681890" lon="-74.0407440">
    <ele>62.6</ele>
    <time>2026-01-14T22:55:44Z</time>
   </trkpt>
   <trkpt lat="40.7681880" lon="-74.0407440">
    <ele>62.6</ele>
    <time>2026-01-14T22:55:45Z</time>
   </trkpt>
   <trkpt lat="40.7681870" lon="-74.0407440">
    <ele>62.6</ele>
    <time>2026-01-14T22:55:46Z</time>
   </trkpt>
   <trkpt lat="40.7681860" lon="-74.0407440">
    <ele>62.6</ele>
    <time>2026-01-14T22:55:47Z</time>
   </trkpt>
   <trkpt lat="40.7681850" lon="-74.0407440">
    <ele>62.6</ele>
    <time>2026-01-14T22:55:48Z</time>
   </trkpt>
   <trkpt lat="40.7681840" lon="-74.0407440">
    <ele>62.6</ele>
    <time>2026-01-14T22:55:49Z</time>
   </trkpt>
   <trkpt lat="40.7681830" lon="-74.0407440">
    <ele>62.6</ele>
    <time>2026-01-14T22:55:50Z</time>
   </trkpt>
   <trkpt lat="40.7681820" lon="-74.0407440">
    <ele>62.6</ele>
    <time>2026-01-14T22:55:51Z</time>
   </trkpt>
   <trkpt lat="40.7681810" lon="-74.0407440">
    <ele>62.6</ele>
    <time>2026-01-14T22:55:52Z</time>
   </trkpt>
   <trkpt lat="40.7681800" lon="-74.0407430">
    <ele>62.6</ele>
    <time>2026-01-14T22:55:53Z</time>
   </trkpt>
   <trkpt lat="40.7681790" lon="-74.0407430">
    <ele>62.6</ele>
    <time>2026-01-14T22:55:54Z</time>
   </trkpt>
   <trkpt lat="40.7681780" lon="-74.0407430">
    <ele>62.6</ele>
    <time>2026-01-14T22:55:55Z</time>
   </trkpt>
   <trkpt lat="40.7681770" lon="-74.0407430">
    <ele>62.6</ele>
    <time>2026-01-14T22:55:56Z</time>
   </trkpt>
   <trkpt lat="40.7681760" lon="-74.0407430">
    <ele>62.6</ele>
    <time>2026-01-14T22:55:57Z</time>
   </trkpt>
   <trkpt lat="40.7681750" lon="-74.0407430">
    <ele>62.6</ele>
    <time>2026-01-14T22:55:58Z</time>
   </trkpt>
   <trkpt lat="40.7681730" lon="-74.0407430">
    <ele>62.6</ele>
    <time>2026-01-14T22:55:59Z</time>
   </trkpt>
   <trkpt lat="40.7681720" lon="-74.0407430">
    <ele>62.6</ele>
    <time>2026-01-14T22:56:00Z</time>
   </trkpt>
   <trkpt lat="40.7681710" lon="-74.0407430">
    <ele>62.6</ele>
    <time>2026-01-14T22:56:01Z</time>
   </trkpt>
   <trkpt lat="40.7681700" lon="-74.0407420">
    <ele>62.6</ele>
    <time>2026-01-14T22:56:02Z</time>
   </trkpt>
   <trkpt lat="40.7681690" lon="-74.0407420">
    <ele>62.6</ele>
    <time>2026-01-14T22:56:03Z</time>
   </trkpt>
   <trkpt lat="40.7681680" lon="-74.0407420">
    <ele>62.6</ele>
    <time>2026-01-14T22:56:04Z</time>
   </trkpt>
   <trkpt lat="40.7681670" lon="-74.0407420">
    <ele>62.6</ele>
    <time>2026-01-14T22:56:05Z</time>
   </trkpt>
   <trkpt lat="40.7681660" lon="-74.0407420">
    <ele>62.6</ele>
    <time>2026-01-14T22:56:06Z</time>
   </trkpt>
   <trkpt lat="40.7681630" lon="-74.0407440">
    <ele>62.6</ele>
    <time>2026-01-14T22:56:07Z</time>
   </trkpt>
   <trkpt lat="40.7681600" lon="-74.0407560">
    <ele>62.6</ele>
    <time>2026-01-14T22:56:08Z</time>
   </trkpt>
   <trkpt lat="40.7681530" lon="-74.0407680">
    <ele>62.6</ele>
    <time>2026-01-14T22:56:09Z</time>
   </trkpt>
   <trkpt lat="40.7681680" lon="-74.0407780">
    <ele>62.6</ele>
    <time>2026-01-14T22:56:10Z</time>
   </trkpt>
   <trkpt lat="40.7681590" lon="-74.0407830">
    <ele>62.6</ele>
    <time>2026-01-14T22:56:11Z</time>
   </trkpt>
   <trkpt lat="40.7681600" lon="-74.0407940">
    <ele>62.6</ele>
    <time>2026-01-14T22:56:12Z</time>
   </trkpt>
   <trkpt lat="40.7681620" lon="-74.0408040">
    <ele>62.6</ele>
    <time>2026-01-14T22:56:13Z</time>
   </trkpt>
   <trkpt lat="40.7681630" lon="-74.0408140">
    <ele>62.6</ele>
    <time>2026-01-14T22:56:14Z</time>
   </trkpt>
   <trkpt lat="40.7681650" lon="-74.0408240">
    <ele>62.6</ele>
    <time>2026-01-14T22:56:15Z</time>
   </trkpt>
   <trkpt lat="40.7681660" lon="-74.0408350">
    <ele>62.6</ele>
    <time>2026-01-14T22:56:16Z</time>
   </trkpt>
   <trkpt lat="40.7681680" lon="-74.0408450">
    <ele>62.6</ele>
    <time>2026-01-14T22:56:17Z</time>
   </trkpt>
   <trkpt lat="40.7681680" lon="-74.0408440">
    <ele>62.6</ele>
    <time>2026-01-14T22:56:18Z</time>
   </trkpt>
   <trkpt lat="40.7681680" lon="-74.0408440">
    <ele>62.6</ele>
    <time>2026-01-14T22:56:19Z</time>
   </trkpt>
   <trkpt lat="40.7681680" lon="-74.0408440">
    <ele>62.6</ele>
    <time>2026-01-14T22:56:20Z</time>
   </trkpt>
   <trkpt lat="40.7681680" lon="-74.0408440">
    <ele>62.6</ele>
    <time>2026-01-14T22:56:21Z</time>
   </trkpt>
   <trkpt lat="40.7681680" lon="-74.0408440">
    <ele>62.6</ele>
    <time>2026-01-14T22:56:22Z</time>
   </trkpt>
   <trkpt lat="40.7681680" lon="-74.0408440">
    <ele>62.6</ele>
    <time>2026-01-14T22:56:23Z</time>
   </trkpt>
   <trkpt lat="40.7681680" lon="-74.0408440">
    <ele>62.6</ele>
    <time>2026-01-14T22:56:24Z</time>
   </trkpt>
   <trkpt lat="40.7681570" lon="-74.0408630">
    <ele>62.6</ele>
    <time>2026-01-14T22:56:25Z</time>
   </trkpt>
   <trkpt lat="40.7681740" lon="-74.0408590">
    <ele>62.6</ele>
    <time>2026-01-14T22:56:26Z</time>
   </trkpt>
   <trkpt lat="40.7681900" lon="-74.0408480">
    <ele>62.6</ele>
    <time>2026-01-14T22:56:27Z</time>
   </trkpt>
   <trkpt lat="40.7681870" lon="-74.0408380">
    <ele>62.6</ele>
    <time>2026-01-14T22:56:28Z</time>
   </trkpt>
   <trkpt lat="40.7681940" lon="-74.0408320">
    <ele>62.6</ele>
    <time>2026-01-14T22:56:29Z</time>
   </trkpt>
   <trkpt lat="40.7681950" lon="-74.0408160">
    <ele>62.6</ele>
    <time>2026-01-14T22:56:31Z</time>
   </trkpt>
   <trkpt lat="40.7681840" lon="-74.0408040">
    <ele>62.6</ele>
    <time>2026-01-14T22:56:32Z</time>
   </trkpt>
   <trkpt lat="40.7681730" lon="-74.0408050">
    <ele>62.6</ele>
    <time>2026-01-14T22:56:33Z</time>
   </trkpt>
   <trkpt lat="40.7682110" lon="-74.0408250">
    <ele>62.6</ele>
    <time>2026-01-14T22:56:34Z</time>
   </trkpt>
   <trkpt lat="40.7682040" lon="-74.0408260">
    <ele>62.6</ele>
    <time>2026-01-14T22:56:35Z</time>
   </trkpt>
   <trkpt lat="40.7682000" lon="-74.0408460">
    <ele>62.6</ele>
    <time>2026-01-14T22:56:36Z</time>
   </trkpt>
   <trkpt lat="40.7682130" lon="-74.0408660">
    <ele>62.6</ele>
    <time>2026-01-14T22:56:37Z</time>
   </trkpt>
   <trkpt lat="40.7682000" lon="-74.0408760">
    <ele>62.6</ele>
    <time>2026-01-14T22:56:38Z</time>
   </trkpt>
   <trkpt lat="40.7681890" lon="-74.0408760">
    <ele>62.6</ele>
    <time>2026-01-14T22:56:39Z</time>
   </trkpt>
   <trkpt lat="40.7681840" lon="-74.0408800">
    <ele>62.6</ele>
    <time>2026-01-14T22:56:40Z</time>
   </trkpt>
   <trkpt lat="40.7681810" lon="-74.0408740">
    <ele>62.6</ele>
    <time>2026-01-14T22:56:41Z</time>
   </trkpt>
   <trkpt lat="40.7681870" lon="-74.0408640">
    <ele>62.6</ele>
    <time>2026-01-14T22:56:42Z</time>
   </trkpt>
   <trkpt lat="40.7681740" lon="-74.0408600">
    <ele>62.6</ele>
    <time>2026-01-14T22:56:43Z</time>
   </trkpt>
   <trkpt lat="40.7681820" lon="-74.0408520">
    <ele>62.6</ele>
    <time>2026-01-14T22:56:44Z</time>
   </trkpt>
   <trkpt lat="40.7681820" lon="-74.0408460">
    <ele>62.6</ele>
    <time>2026-01-14T22:56:45Z</time>
   </trkpt>
   <trkpt lat="40.7681840" lon="-74.0408430">
    <ele>62.6</ele>
    <time>2026-01-14T22:56:46Z</time>
   </trkpt>
   <trkpt lat="40.7681830" lon="-74.0408390">
    <ele>62.6</ele>
    <time>2026-01-14T22:56:47Z</time>
   </trkpt>
   <trkpt lat="40.7681840" lon="-74.0408350">
    <ele>62.6</ele>
    <time>2026-01-14T22:56:48Z</time>
   </trkpt>
   <trkpt lat="40.7681710" lon="-74.0408400">
    <ele>62.6</ele>
    <time>2026-01-14T22:56:49Z</time>
   </trkpt>
   <trkpt lat="40.7681860" lon="-74.0408310">
    <ele>62.6</ele>
    <time>2026-01-14T22:56:50Z</time>
   </trkpt>
   <trkpt lat="40.7681910" lon="-74.0408260">
    <ele>62.6</ele>
    <time>2026-01-14T22:56:51Z</time>
   </trkpt>
   <trkpt lat="40.7681990" lon="-74.0408260">
    <ele>62.6</ele>
    <time>2026-01-14T22:56:52Z</time>
   </trkpt>
   <trkpt lat="40.7682090" lon="-74.0408250">
    <ele>62.6</ele>
    <time>2026-01-14T22:56:53Z</time>
   </trkpt>
   <trkpt lat="40.7682090" lon="-74.0408250">
    <ele>62.6</ele>
    <time>2026-01-14T22:56:54Z</time>
   </trkpt>
   <trkpt lat="40.7682230" lon="-74.0408210">
    <ele>62.6</ele>
    <time>2026-01-14T22:56:55Z</time>
   </trkpt>
   <trkpt lat="40.7682300" lon="-74.0408170">
    <ele>62.6</ele>
    <time>2026-01-14T22:56:56Z</time>
   </trkpt>
   <trkpt lat="40.7682310" lon="-74.0408090">
    <ele>62.6</ele>
    <time>2026-01-14T22:56:57Z</time>
   </trkpt>
   <trkpt lat="40.7682340" lon="-74.0408020">
    <ele>62.6</ele>
    <time>2026-01-14T22:56:58Z</time>
   </trkpt>
   <trkpt lat="40.7682370" lon="-74.0408020">
    <ele>62.6</ele>
    <time>2026-01-14T22:56:59Z</time>
   </trkpt>
   <trkpt lat="40.7682370" lon="-74.0408020">
    <ele>62.6</ele>
    <time>2026-01-14T22:57:00Z</time>
   </trkpt>
   <trkpt lat="40.7682370" lon="-74.0408020">
    <ele>62.6</ele>
    <time>2026-01-14T22:57:01Z</time>
   </trkpt>
   <trkpt lat="40.7682370" lon="-74.0408020">
    <ele>62.6</ele>
    <time>2026-01-14T22:57:02Z</time>
   </trkpt>
   <trkpt lat="40.7682370" lon="-74.0408020">
    <ele>62.6</ele>
    <time>2026-01-14T22:57:03Z</time>
   </trkpt>
   <trkpt lat="40.7682370" lon="-74.0408020">
    <ele>62.6</ele>
    <time>2026-01-14T22:57:04Z</time>
   </trkpt>
   <trkpt lat="40.7682370" lon="-74.0408020">
    <ele>62.6</ele>
    <time>2026-01-14T22:57:05Z</time>
   </trkpt>
   <trkpt lat="40.7682370" lon="-74.0408020">
    <ele>62.6</ele>
    <time>2026-01-14T22:57:06Z</time>
   </trkpt>
   <trkpt lat="40.7682300" lon="-74.0407930">
    <ele>62.6</ele>
    <time>2026-01-14T22:57:07Z</time>
   </trkpt>
   <trkpt lat="40.7682300" lon="-74.0407910">
    <ele>62.6</ele>
    <time>2026-01-14T22:57:08Z</time>
   </trkpt>
   <trkpt lat="40.7682370" lon="-74.0407880">
    <ele>62.6</ele>
    <time>2026-01-14T22:57:09Z</time>
   </trkpt>
   <trkpt lat="40.7682410" lon="-74.0407830">
    <ele>62.6</ele>
    <time>2026-01-14T22:57:10Z</time>
   </trkpt>
   <trkpt lat="40.7682380" lon="-74.0407940">
    <ele>62.6</ele>
    <time>2026-01-14T22:57:11Z</time>
   </trkpt>
   <trkpt lat="40.7682440" lon="-74.0407910">
    <ele>62.6</ele>
    <time>2026-01-14T22:57:12Z</time>
   </trkpt>
   <trkpt lat="40.7682430" lon="-74.0408000">
    <ele>62.6</ele>
    <time>2026-01-14T22:57:13Z</time>
   </trkpt>
   <trkpt lat="40.7682360" lon="-74.0408220">
    <ele>62.6</ele>
    <time>2026-01-14T22:57:14Z</time>
   </trkpt>
   <trkpt lat="40.7682430" lon="-74.0408360">
    <ele>62.6</ele>
    <time>2026-01-14T22:57:15Z</time>
   </trkpt>
   <trkpt lat="40.7682470" lon="-74.0408420">
    <ele>62.6</ele>
    <time>2026-01-14T22:57:16Z</time>
   </trkpt>
   <trkpt lat="40.7682490" lon="-74.0408530">
    <ele>62.6</ele>
    <time>2026-01-14T22:57:17Z</time>
   </trkpt>
   <trkpt lat="40.7682410" lon="-74.0408870">
    <ele>62.6</ele>
    <time>2026-01-14T22:57:18Z</time>
   </trkpt>
   <trkpt lat="40.7682290" lon="-74.0409210">
    <ele>62.6</ele>
    <time>2026-01-14T22:57:19Z</time>
   </trkpt>
   <trkpt lat="40.7681900" lon="-74.0409490">
    <ele>62.6</ele>
    <time>2026-01-14T22:57:20Z</time>
   </trkpt>
   <trkpt lat="40.7681540" lon="-74.0409570">
    <ele>62.7</ele>
    <time>2026-01-14T22:57:21Z</time>
   </trkpt>
   <trkpt lat="40.7681320" lon="-74.0409820">
    <ele>62.7</ele>
    <time>2026-01-14T22:57:22Z</time>
   </trkpt>
   <trkpt lat="40.7681190" lon="-74.0410260">
    <ele>62.7</ele>
    <time>2026-01-14T22:57:23Z</time>
   </trkpt>
   <trkpt lat="40.7681060" lon="-74.0410630">
    <ele>62.7</ele>
    <time>2026-01-14T22:57:24Z</time>
   </trkpt>
   <trkpt lat="40.7680710" lon="-74.0410780">
    <ele>62.8</ele>
    <time>2026-01-14T22:57:25Z</time>
   </trkpt>
   <trkpt lat="40.7680410" lon="-74.0411020">
    <ele>62.8</ele>
    <time>2026-01-14T22:57:26Z</time>
   </trkpt>
   <trkpt lat="40.7680070" lon="-74.0411260">
    <ele>62.8</ele>
    <time>2026-01-14T22:57:27Z</time>
   </trkpt>
   <trkpt lat="40.7679660" lon="-74.0411570">
    <ele>62.8</ele>
    <time>2026-01-14T22:57:28Z</time>
   </trkpt>
   <trkpt lat="40.7679250" lon="-74.0411820">
    <ele>62.9</ele>
    <time>2026-01-14T22:57:29Z</time>
   </trkpt>
   <trkpt lat="40.7678860" lon="-74.0412080">
    <ele>62.9</ele>
    <time>2026-01-14T22:57:30Z</time>
   </trkpt>
   <trkpt lat="40.7678610" lon="-74.0412260">
    <ele>62.9</ele>
    <time>2026-01-14T22:57:31Z</time>
   </trkpt>
   <trkpt lat="40.7678290" lon="-74.0412360">
    <ele>62.9</ele>
    <time>2026-01-14T22:57:32Z</time>
   </trkpt>
   <trkpt lat="40.7678000" lon="-74.0412290">
    <ele>62.9</ele>
    <time>2026-01-14T22:57:33Z</time>
   </trkpt>
   <trkpt lat="40.7677680" lon="-74.0412120">
    <ele>62.9</ele>
    <time>2026-01-14T22:57:34Z</time>
   </trkpt>
   <trkpt lat="40.7677320" lon="-74.0411770">
    <ele>62.9</ele>
    <time>2026-01-14T22:57:35Z</time>
   </trkpt>
   <trkpt lat="40.7677110" lon="-74.0411290">
    <ele>63.0</ele>
    <time>2026-01-14T22:57:36Z</time>
   </trkpt>
   <trkpt lat="40.7676890" lon="-74.0410780">
    <ele>63.0</ele>
    <time>2026-01-14T22:57:37Z</time>
   </trkpt>
   <trkpt lat="40.7676700" lon="-74.0410270">
    <ele>63.1</ele>
    <time>2026-01-14T22:57:38Z</time>
   </trkpt>
   <trkpt lat="40.7676410" lon="-74.0409770">
    <ele>63.1</ele>
    <time>2026-01-14T22:57:39Z</time>
   </trkpt>
   <trkpt lat="40.7676090" lon="-74.0409270">
    <ele>63.2</ele>
    <time>2026-01-14T22:57:40Z</time>
   </trkpt>
   <trkpt lat="40.7675880" lon="-74.0408830">
    <ele>63.2</ele>
    <time>2026-01-14T22:57:41Z</time>
   </trkpt>
   <trkpt lat="40.7675660" lon="-74.0408440">
    <ele>63.2</ele>
    <time>2026-01-14T22:57:42Z</time>
   </trkpt>
   <trkpt lat="40.7675480" lon="-74.0407900">
    <ele>63.3</ele>
    <time>2026-01-14T22:57:43Z</time>
   </trkpt>
   <trkpt lat="40.7675270" lon="-74.0407320">
    <ele>63.3</ele>
    <time>2026-01-14T22:57:44Z</time>
   </trkpt>
   <trkpt lat="40.7675090" lon="-74.0406590">
    <ele>63.2</ele>
    <time>2026-01-14T22:57:45Z</time>
   </trkpt>
   <trkpt lat="40.7674790" lon="-74.0406070">
    <ele>63.1</ele>
    <time>2026-01-14T22:57:46Z</time>
   </trkpt>
   <trkpt lat="40.7674620" lon="-74.0405480">
    <ele>63.0</ele>
    <time>2026-01-14T22:57:47Z</time>
   </trkpt>
   <trkpt lat="40.7674340" lon="-74.0404860">
    <ele>62.9</ele>
    <time>2026-01-14T22:57:48Z</time>
   </trkpt>
   <trkpt lat="40.7674080" lon="-74.0404310">
    <ele>62.8</ele>
    <time>2026-01-14T22:57:49Z</time>
   </trkpt>
   <trkpt lat="40.7673830" lon="-74.0403690">
    <ele>62.8</ele>
    <time>2026-01-14T22:57:50Z</time>
   </trkpt>
   <trkpt lat="40.7673580" lon="-74.0403360">
    <ele>62.8</ele>
    <time>2026-01-14T22:57:51Z</time>
   </trkpt>
   <trkpt lat="40.7673440" lon="-74.0403060">
    <ele>62.7</ele>
    <time>2026-01-14T22:57:52Z</time>
   </trkpt>
   <trkpt lat="40.7673210" lon="-74.0402820">
    <ele>62.7</ele>
    <time>2026-01-14T22:57:53Z</time>
   </trkpt>
   <trkpt lat="40.7672760" lon="-74.0401810">
    <ele>62.6</ele>
    <time>2026-01-14T22:57:54Z</time>
   </trkpt>
   <trkpt lat="40.7672580" lon="-74.0401110">
    <ele>62.6</ele>
    <time>2026-01-14T22:57:55Z</time>
   </trkpt>
   <trkpt lat="40.7672400" lon="-74.0400440">
    <ele>62.5</ele>
    <time>2026-01-14T22:57:56Z</time>
   </trkpt>
   <trkpt lat="40.7672320" lon="-74.0399740">
    <ele>62.4</ele>
    <time>2026-01-14T22:57:57Z</time>
   </trkpt>
   <trkpt lat="40.7672090" lon="-74.0399140">
    <ele>62.3</ele>
    <time>2026-01-14T22:57:58Z</time>
   </trkpt>
   <trkpt lat="40.7671870" lon="-74.0398490">
    <ele>62.2</ele>
    <time>2026-01-14T22:57:59Z</time>
   </trkpt>
   <trkpt lat="40.7671570" lon="-74.0397930">
    <ele>62.1</ele>
    <time>2026-01-14T22:58:00Z</time>
   </trkpt>
   <trkpt lat="40.7671320" lon="-74.0397320">
    <ele>62.0</ele>
    <time>2026-01-14T22:58:01Z</time>
   </trkpt>
   <trkpt lat="40.7671180" lon="-74.0396840">
    <ele>62.0</ele>
    <time>2026-01-14T22:58:02Z</time>
   </trkpt>
   <trkpt lat="40.7671020" lon="-74.0396280">
    <ele>61.9</ele>
    <time>2026-01-14T22:58:03Z</time>
   </trkpt>
   <trkpt lat="40.7670720" lon="-74.0395740">
    <ele>61.8</ele>
    <time>2026-01-14T22:58:04Z</time>
   </trkpt>
   <trkpt lat="40.7670680" lon="-74.0395310">
    <ele>61.9</ele>
    <time>2026-01-14T22:58:05Z</time>
   </trkpt>
   <trkpt lat="40.7670820" lon="-74.0394680">
    <ele>62.1</ele>
    <time>2026-01-14T22:58:06Z</time>
   </trkpt>
   <trkpt lat="40.7671240" lon="-74.0394220">
    <ele>62.1</ele>
    <time>2026-01-14T22:58:07Z</time>
   </trkpt>
   <trkpt lat="40.7671760" lon="-74.0393870">
    <ele>62.2</ele>
    <time>2026-01-14T22:58:08Z</time>
   </trkpt>
   <trkpt lat="40.7672090" lon="-74.0393280">
    <ele>62.2</ele>
    <time>2026-01-14T22:58:09Z</time>
   </trkpt>
   <trkpt lat="40.7672500" lon="-74.0392920">
    <ele>62.2</ele>
    <time>2026-01-14T22:58:10Z</time>
   </trkpt>
   <trkpt lat="40.7672990" lon="-74.0392610">
    <ele>62.2</ele>
    <time>2026-01-14T22:58:11Z</time>
   </trkpt>
   <trkpt lat="40.7673460" lon="-74.0392240">
    <ele>62.2</ele>
    <time>2026-01-14T22:58:12Z</time>
   </trkpt>
   <trkpt lat="40.7673870" lon="-74.0391920">
    <ele>62.1</ele>
    <time>2026-01-14T22:58:13Z</time>
   </trkpt>
   <trkpt lat="40.7674350" lon="-74.0391640">
    <ele>62.1</ele>
    <time>2026-01-14T22:58:14Z</time>
   </trkpt>
   <trkpt lat="40.7674790" lon="-74.0391390">
    <ele>62.0</ele>
    <time>2026-01-14T22:58:15Z</time>
   </trkpt>
   <trkpt lat="40.7675230" lon="-74.0391050">
    <ele>62.0</ele>
    <time>2026-01-14T22:58:16Z</time>
   </trkpt>
   <trkpt lat="40.7675650" lon="-74.0390730">
    <ele>62.0</ele>
    <time>2026-01-14T22:58:17Z</time>
   </trkpt>
   <trkpt lat="40.7676010" lon="-74.0390390">
    <ele>61.9</ele>
    <time>2026-01-14T22:58:18Z</time>
   </trkpt>
   <trkpt lat="40.7676370" lon="-74.0390070">
    <ele>61.9</ele>
    <time>2026-01-14T22:58:19Z</time>
   </trkpt>
   <trkpt lat="40.7676680" lon="-74.0389710">
    <ele>61.9</ele>
    <time>2026-01-14T22:58:20Z</time>
   </trkpt>
   <trkpt lat="40.7677030" lon="-74.0389450">
    <ele>61.8</ele>
    <time>2026-01-14T22:58:21Z</time>
   </trkpt>
   <trkpt lat="40.7677430" lon="-74.0389130">
    <ele>61.8</ele>
    <time>2026-01-14T22:58:22Z</time>
   </trkpt>
   <trkpt lat="40.7677690" lon="-74.0388760">
    <ele>61.8</ele>
    <time>2026-01-14T22:58:23Z</time>
   </trkpt>
   <trkpt lat="40.7678040" lon="-74.0388460">
    <ele>61.8</ele>
    <time>2026-01-14T22:58:24Z</time>
   </trkpt>
   <trkpt lat="40.7678350" lon="-74.0388140">
    <ele>61.7</ele>
    <time>2026-01-14T22:58:25Z</time>
   </trkpt>
   <trkpt lat="40.7678600" lon="-74.0387790">
    <ele>61.7</ele>
    <time>2026-01-14T22:58:26Z</time>
   </trkpt>
   <trkpt lat="40.7678870" lon="-74.0387360">
    <ele>61.7</ele>
    <time>2026-01-14T22:58:27Z</time>
   </trkpt>
   <trkpt lat="40.7679060" lon="-74.0387260">
    <ele>61.7</ele>
    <time>2026-01-14T22:58:28Z</time>
   </trkpt>
   <trkpt lat="40.7679340" lon="-74.0387270">
    <ele>61.7</ele>
    <time>2026-01-14T22:58:29Z</time>
   </trkpt>
   <trkpt lat="40.7679650" lon="-74.0387120">
    <ele>61.7</ele>
    <time>2026-01-14T22:58:30Z</time>
   </trkpt>
   <trkpt lat="40.7679870" lon="-74.0386960">
    <ele>61.6</ele>
    <time>2026-01-14T22:58:31Z</time>
   </trkpt>
   <trkpt lat="40.7679950" lon="-74.0387070">
    <ele>61.6</ele>
    <time>2026-01-14T22:58:32Z</time>
   </trkpt>
   <trkpt lat="40.7680010" lon="-74.0387110">
    <ele>61.6</ele>
    <time>2026-01-14T22:58:33Z</time>
   </trkpt>
   <trkpt lat="40.7679990" lon="-74.0387210">
    <ele>61.6</ele>
    <time>2026-01-14T22:58:34Z</time>
   </trkpt>
   <trkpt lat="40.7679990" lon="-74.0387320">
    <ele>61.6</ele>
    <time>2026-01-14T22:58:35Z</time>
   </trkpt>
   <trkpt lat="40.7679990" lon="-74.0387590">
    <ele>61.6</ele>
    <time>2026-01-14T22:58:37Z</time>
   </trkpt>
   <trkpt lat="40.7680030" lon="-74.0387630">
    <ele>61.6</ele>
    <time>2026-01-14T22:58:38Z</time>
   </trkpt>
   <trkpt lat="40.7680050" lon="-74.0387600">
    <ele>61.6</ele>
    <time>2026-01-14T22:58:39Z</time>
   </trkpt>
   <trkpt lat="40.7680040" lon="-74.0387590">
    <ele>61.6</ele>
    <time>2026-01-14T22:58:40Z</time>
   </trkpt>
   <trkpt lat="40.7680040" lon="-74.0387590">
    <ele>61.6</ele>
    <time>2026-01-14T22:58:41Z</time>
   </trkpt>
   <trkpt lat="40.7680040" lon="-74.0387590">
    <ele>61.6</ele>
    <time>2026-01-14T22:58:42Z</time>
   </trkpt>
   <trkpt lat="40.7680060" lon="-74.0387580">
    <ele>61.6</ele>
    <time>2026-01-14T22:58:43Z</time>
   </trkpt>
   <trkpt lat="40.7680160" lon="-74.0387570">
    <ele>61.6</ele>
    <time>2026-01-14T22:58:44Z</time>
   </trkpt>
   <trkpt lat="40.7680120" lon="-74.0387530">
    <ele>61.6</ele>
    <time>2026-01-14T22:58:45Z</time>
   </trkpt>
   <trkpt lat="40.7680150" lon="-74.0387510">
    <ele>61.6</ele>
    <time>2026-01-14T22:58:46Z</time>
   </trkpt>
   <trkpt lat="40.7680200" lon="-74.0387290">
    <ele>61.6</ele>
    <time>2026-01-14T22:58:47Z</time>
   </trkpt>
   <trkpt lat="40.7680120" lon="-74.0387450">
    <ele>61.6</ele>
    <time>2026-01-14T22:58:48Z</time>
   </trkpt>
   <trkpt lat="40.7680120" lon="-74.0387450">
    <ele>61.6</ele>
    <time>2026-01-14T22:58:49Z</time>
   </trkpt>
   <trkpt lat="40.7680120" lon="-74.0387460">
    <ele>61.6</ele>
    <time>2026-01-14T22:58:50Z</time>
   </trkpt>
   <trkpt lat="40.7680100" lon="-74.0387430">
    <ele>61.6</ele>
    <time>2026-01-14T22:58:51Z</time>
   </trkpt>
   <trkpt lat="40.7680160" lon="-74.0387460">
    <ele>61.6</ele>
    <time>2026-01-14T22:58:52Z</time>
   </trkpt>
   <trkpt lat="40.7680140" lon="-74.0387480">
    <ele>61.6</ele>
    <time>2026-01-14T22:58:53Z</time>
   </trkpt>
   <trkpt lat="40.7680120" lon="-74.0387570">
    <ele>61.6</ele>
    <time>2026-01-14T22:58:54Z</time>
   </trkpt>
   <trkpt lat="40.7680170" lon="-74.0387550">
    <ele>61.6</ele>
    <time>2026-01-14T22:58:55Z</time>
   </trkpt>
   <trkpt lat="40.7680190" lon="-74.0387540">
    <ele>61.6</ele>
    <time>2026-01-14T22:58:56Z</time>
   </trkpt>
   <trkpt lat="40.7680180" lon="-74.0387560">
    <ele>61.6</ele>
    <time>2026-01-14T22:58:57Z</time>
   </trkpt>
   <trkpt lat="40.7680290" lon="-74.0387680">
    <ele>61.6</ele>
    <time>2026-01-14T22:58:58Z</time>
   </trkpt>
   <trkpt lat="40.7680350" lon="-74.0387460">
    <ele>61.6</ele>
    <time>2026-01-14T22:58:59Z</time>
   </trkpt>
   <trkpt lat="40.7680370" lon="-74.0387460">
    <ele>61.6</ele>
    <time>2026-01-14T22:59:00Z</time>
   </trkpt>
   <trkpt lat="40.7680390" lon="-74.0387470">
    <ele>61.6</ele>
    <time>2026-01-14T22:59:01Z</time>
   </trkpt>
   <trkpt lat="40.7680410" lon="-74.0387470">
    <ele>61.6</ele>
    <time>2026-01-14T22:59:02Z</time>
   </trkpt>
   <trkpt lat="40.7680430" lon="-74.0387480">
    <ele>61.6</ele>
    <time>2026-01-14T22:59:03Z</time>
   </trkpt>
   <trkpt lat="40.7680450" lon="-74.0387480">
    <ele>61.6</ele>
    <time>2026-01-14T22:59:04Z</time>
   </trkpt>
   <trkpt lat="40.7680470" lon="-74.0387490">
    <ele>61.6</ele>
    <time>2026-01-14T22:59:05Z</time>
   </trkpt>
   <trkpt lat="40.7680490" lon="-74.0387490">
    <ele>61.6</ele>
    <time>2026-01-14T22:59:06Z</time>
   </trkpt>
   <trkpt lat="40.7680510" lon="-74.0387500">
    <ele>61.6</ele>
    <time>2026-01-14T22:59:08Z</time>
   </trkpt>
   <trkpt lat="40.7680530" lon="-74.0387500">
    <ele>61.6</ele>
    <time>2026-01-14T22:59:09Z</time>
   </trkpt>
   <trkpt lat="40.7680550" lon="-74.0387510">
    <ele>61.6</ele>
    <time>2026-01-14T22:59:10Z</time>
   </trkpt>
   <trkpt lat="40.7680570" lon="-74.0387510">
    <ele>61.6</ele>
    <time>2026-01-14T22:59:11Z</time>
   </trkpt>
   <trkpt lat="40.7680590" lon="-74.0387520">
    <ele>61.6</ele>
    <time>2026-01-14T23:01:28Z</time>
   </trkpt>
   <trkpt lat="40.7680610" lon="-74.0387520">
    <ele>61.6</ele>
    <time>2026-01-14T23:01:40Z</time>
   </trkpt>
   <trkpt lat="40.7680630" lon="-74.0387530">
    <ele>61.6</ele>
    <time>2026-01-14T23:01:41Z</time>
   </trkpt>
   <trkpt lat="40.7680650" lon="-74.0387530">
    <ele>61.6</ele>
    <time>2026-01-14T23:01:53Z</time>
   </trkpt>
   <trkpt lat="40.7680670" lon="-74.0387540">
    <ele>61.6</ele>
    <time>2026-01-14T23:01:56Z</time>
   </trkpt>
   <trkpt lat="40.7680690" lon="-74.0387540">
    <ele>61.6</ele>
    <time>2026-01-14T23:03:50Z</time>
   </trkpt>
   <trkpt lat="40.7680710" lon="-74.0387550">
    <ele>61.6</ele>
    <time>2026-01-14T23:03:51Z</time>
   </trkpt>
   <trkpt lat="40.7680710" lon="-74.0387550">
    <ele>61.6</ele>
    <time>2026-01-14T23:03:52Z</time>
   </trkpt>
   <trkpt lat="40.7680710" lon="-74.0387550">
    <ele>61.6</ele>
    <time>2026-01-14T23:03:53Z</time>
   </trkpt>
   <trkpt lat="40.7680710" lon="-74.0387550">
    <ele>61.6</ele>
    <time>2026-01-14T23:03:54Z</time>
   </trkpt>
   <trkpt lat="40.7680710" lon="-74.0387550">
    <ele>61.6</ele>
    <time>2026-01-14T23:03:55Z</time>
   </trkpt>
   <trkpt lat="40.7680680" lon="-74.0387730">
    <ele>61.6</ele>
    <time>2026-01-14T23:03:57Z</time>
   </trkpt>
   <trkpt lat="40.7680680" lon="-74.0387730">
    <ele>61.6</ele>
    <time>2026-01-14T23:03:58Z</time>
   </trkpt>
   <trkpt lat="40.7680680" lon="-74.0387730">
    <ele>61.6</ele>
    <time>2026-01-14T23:03:59Z</time>
   </trkpt>
   <trkpt lat="40.7680680" lon="-74.0387730">
    <ele>61.6</ele>
    <time>2026-01-14T23:04:00Z</time>
   </trkpt>
   <trkpt lat="40.7680680" lon="-74.0387730">
    <ele>61.6</ele>
    <time>2026-01-14T23:04:01Z</time>
   </trkpt>
   <trkpt lat="40.7680680" lon="-74.0387730">
    <ele>61.6</ele>
    <time>2026-01-14T23:04:02Z</time>
   </trkpt>
   <trkpt lat="40.7680660" lon="-74.0387560">
    <ele>61.6</ele>
    <time>2026-01-14T23:04:03Z</time>
   </trkpt>
   <trkpt lat="40.7680660" lon="-74.0387550">
    <ele>61.6</ele>
    <time>2026-01-14T23:04:04Z</time>
   </trkpt>
   <trkpt lat="40.7680690" lon="-74.0387560">
    <ele>61.6</ele>
    <time>2026-01-14T23:04:05Z</time>
   </trkpt>
   <trkpt lat="40.7680680" lon="-74.0387530">
    <ele>61.6</ele>
    <time>2026-01-14T23:04:06Z</time>
   </trkpt>
   <trkpt lat="40.7680670" lon="-74.0387530">
    <ele>61.6</ele>
    <time>2026-01-14T23:04:07Z</time>
   </trkpt>
   <trkpt lat="40.7680650" lon="-74.0387440">
    <ele>61.6</ele>
    <time>2026-01-14T23:04:08Z</time>
   </trkpt>
   <trkpt lat="40.7680640" lon="-74.0387390">
    <ele>61.5</ele>
    <time>2026-01-14T23:04:09Z</time>
   </trkpt>
   <trkpt lat="40.7680610" lon="-74.0387340">
    <ele>61.5</ele>
    <time>2026-01-14T23:04:10Z</time>
   </trkpt>
   <trkpt lat="40.7680600" lon="-74.0387300">
    <ele>61.5</ele>
    <time>2026-01-14T23:04:11Z</time>
   </trkpt>
   <trkpt lat="40.7680570" lon="-74.0387250">
    <ele>61.5</ele>
    <time>2026-01-14T23:04:12Z</time>
   </trkpt>
   <trkpt lat="40.7680570" lon="-74.0387210">
    <ele>61.5</ele>
    <time>2026-01-14T23:04:13Z</time>
   </trkpt>
   <trkpt lat="40.7680560" lon="-74.0387180">
    <ele>61.5</ele>
    <time>2026-01-14T23:04:14Z</time>
   </trkpt>
   <trkpt lat="40.7680540" lon="-74.0387140">
    <ele>61.5</ele>
    <time>2026-01-14T23:04:15Z</time>
   </trkpt>
   <trkpt lat="40.7680550" lon="-74.0387130">
    <ele>61.5</ele>
    <time>2026-01-14T23:04:16Z</time>
   </trkpt>
   <trkpt lat="40.7680530" lon="-74.0387150">
    <ele>61.5</ele>
    <time>2026-01-14T23:04:17Z</time>
   </trkpt>
   <trkpt lat="40.7680530" lon="-74.0387140">
    <ele>61.5</ele>
    <time>2026-01-14T23:04:18Z</time>
   </trkpt>
   <trkpt lat="40.7680530" lon="-74.0387150">
    <ele>61.5</ele>
    <time>2026-01-14T23:04:19Z</time>
   </trkpt>
   <trkpt lat="40.7680520" lon="-74.0387140">
    <ele>61.5</ele>
    <time>2026-01-14T23:04:20Z</time>
   </trkpt>
   <trkpt lat="40.7680470" lon="-74.0387120">
    <ele>61.5</ele>
    <time>2026-01-14T23:04:21Z</time>
   </trkpt>
   <trkpt lat="40.7680480" lon="-74.0387050">
    <ele>61.5</ele>
    <time>2026-01-14T23:04:22Z</time>
   </trkpt>
   <trkpt lat="40.7680460" lon="-74.0387040">
    <ele>61.5</ele>
    <time>2026-01-14T23:04:23Z</time>
   </trkpt>
   <trkpt lat="40.7680460" lon="-74.0386990">
    <ele>61.5</ele>
    <time>2026-01-14T23:04:24Z</time>
   </trkpt>
   <trkpt lat="40.7680460" lon="-74.0386980">
    <ele>61.5</ele>
    <time>2026-01-14T23:04:25Z</time>
   </trkpt>
   <trkpt lat="40.7680480" lon="-74.0386930">
    <ele>61.5</ele>
    <time>2026-01-14T23:04:26Z</time>
   </trkpt>
   <trkpt lat="40.7680490" lon="-74.0386930">
    <ele>61.5</ele>
    <time>2026-01-14T23:04:27Z</time>
   </trkpt>
   <trkpt lat="40.7680470" lon="-74.0386850">
    <ele>61.5</ele>
    <time>2026-01-14T23:04:28Z</time>
   </trkpt>
   <trkpt lat="40.7680470" lon="-74.0386850">
    <ele>61.5</ele>
    <time>2026-01-14T23:04:29Z</time>
   </trkpt>
   <trkpt lat="40.7680470" lon="-74.0386830">
    <ele>61.5</ele>
    <time>2026-01-14T23:04:30Z</time>
   </trkpt>
   <trkpt lat="40.7680460" lon="-74.0386850">
    <ele>61.5</ele>
    <time>2026-01-14T23:04:31Z</time>
   </trkpt>
   <trkpt lat="40.7680450" lon="-74.0386820">
    <ele>61.5</ele>
    <time>2026-01-14T23:04:32Z</time>
   </trkpt>
   <trkpt lat="40.7680450" lon="-74.0386820">
    <ele>61.5</ele>
    <time>2026-01-14T23:04:33Z</time>
   </trkpt>
   <trkpt lat="40.7680450" lon="-74.0386820">
    <ele>61.5</ele>
    <time>2026-01-14T23:04:34Z</time>
   </trkpt>
   <trkpt lat="40.7680420" lon="-74.0386790">
    <ele>61.5</ele>
    <time>2026-01-14T23:04:35Z</time>
   </trkpt>
   <trkpt lat="40.7680420" lon="-74.0386730">
    <ele>61.5</ele>
    <time>2026-01-14T23:04:36Z</time>
   </trkpt>
   <trkpt lat="40.7680420" lon="-74.0386750">
    <ele>61.5</ele>
    <time>2026-01-14T23:04:37Z</time>
   </trkpt>
   <trkpt lat="40.7680420" lon="-74.0386750">
    <ele>61.5</ele>
    <time>2026-01-14T23:04:38Z</time>
   </trkpt>
   <trkpt lat="40.7680450" lon="-74.0386700">
    <ele>61.5</ele>
    <time>2026-01-14T23:04:39Z</time>
   </trkpt>
   <trkpt lat="40.7680450" lon="-74.0386730">
    <ele>61.5</ele>
    <time>2026-01-14T23:04:40Z</time>
   </trkpt>
   <trkpt lat="40.7680460" lon="-74.0386730">
    <ele>61.5</ele>
    <time>2026-01-14T23:04:41Z</time>
   </trkpt>
   <trkpt lat="40.7680460" lon="-74.0386730">
    <ele>61.5</ele>
    <time>2026-01-14T23:04:42Z</time>
   </trkpt>
   <trkpt lat="40.7680440" lon="-74.0386750">
    <ele>61.5</ele>
    <time>2026-01-14T23:04:43Z</time>
   </trkpt>
   <trkpt lat="40.7680440" lon="-74.0386770">
    <ele>61.5</ele>
    <time>2026-01-14T23:04:44Z</time>
   </trkpt>
   <trkpt lat="40.7680440" lon="-74.0386770">
    <ele>61.5</ele>
    <time>2026-01-14T23:04:45Z</time>
   </trkpt>
   <trkpt lat="40.7680440" lon="-74.0386790">
    <ele>61.5</ele>
    <time>2026-01-14T23:04:46Z</time>
   </trkpt>
   <trkpt lat="40.7680420" lon="-74.0386880">
    <ele>61.5</ele>
    <time>2026-01-14T23:04:47Z</time>
   </trkpt>
   <trkpt lat="40.7680410" lon="-74.0386910">
    <ele>61.5</ele>
    <time>2026-01-14T23:04:48Z</time>
   </trkpt>
   <trkpt lat="40.7680400" lon="-74.0386940">
    <ele>61.5</ele>
    <time>2026-01-14T23:04:49Z</time>
   </trkpt>
   <trkpt lat="40.7680390" lon="-74.0386940">
    <ele>61.5</ele>
    <time>2026-01-14T23:04:50Z</time>
   </trkpt>
   <trkpt lat="40.7680390" lon="-74.0386940">
    <ele>61.5</ele>
    <time>2026-01-14T23:04:51Z</time>
   </trkpt>
   <trkpt lat="40.7680400" lon="-74.0386940">
    <ele>61.5</ele>
    <time>2026-01-14T23:04:52Z</time>
   </trkpt>
   <trkpt lat="40.7680400" lon="-74.0386910">
    <ele>61.5</ele>
    <time>2026-01-14T23:04:53Z</time>
   </trkpt>
   <trkpt lat="40.7680380" lon="-74.0386920">
    <ele>61.5</ele>
    <time>2026-01-14T23:04:54Z</time>
   </trkpt>
   <trkpt lat="40.7680370" lon="-74.0386920">
    <ele>61.5</ele>
    <time>2026-01-14T23:04:55Z</time>
   </trkpt>
   <trkpt lat="40.7680370" lon="-74.0386950">
    <ele>61.5</ele>
    <time>2026-01-14T23:04:56Z</time>
   </trkpt>
   <trkpt lat="40.7680350" lon="-74.0386980">
    <ele>61.5</ele>
    <time>2026-01-14T23:04:57Z</time>
   </trkpt>
   <trkpt lat="40.7680350" lon="-74.0386990">
    <ele>61.5</ele>
    <time>2026-01-14T23:04:58Z</time>
   </trkpt>
   <trkpt lat="40.7680340" lon="-74.0387090">
    <ele>61.5</ele>
    <time>2026-01-14T23:04:59Z</time>
   </trkpt>
   <trkpt lat="40.7680400" lon="-74.0387110">
    <ele>61.5</ele>
    <time>2026-01-14T23:05:00Z</time>
   </trkpt>
   <trkpt lat="40.7680420" lon="-74.0387040">
    <ele>61.5</ele>
    <time>2026-01-14T23:05:01Z</time>
   </trkpt>
   <trkpt lat="40.7680410" lon="-74.0387120">
    <ele>61.5</ele>
    <time>2026-01-14T23:05:02Z</time>
   </trkpt>
   <trkpt lat="40.7680320" lon="-74.0387190">
    <ele>61.5</ele>
    <time>2026-01-14T23:05:03Z</time>
   </trkpt>
   <trkpt lat="40.7680290" lon="-74.0387180">
    <ele>61.5</ele>
    <time>2026-01-14T23:05:04Z</time>
   </trkpt>
   <trkpt lat="40.7680280" lon="-74.0387130">
    <ele>61.5</ele>
    <time>2026-01-14T23:05:05Z</time>
   </trkpt>
   <trkpt lat="40.7680270" lon="-74.0387070">
    <ele>61.5</ele>
    <time>2026-01-14T23:05:06Z</time>
   </trkpt>
   <trkpt lat="40.7680250" lon="-74.0387010">
    <ele>61.5</ele>
    <time>2026-01-14T23:05:07Z</time>
   </trkpt>
   <trkpt lat="40.7680240" lon="-74.0386960">
    <ele>61.5</ele>
    <time>2026-01-14T23:05:08Z</time>
   </trkpt>
   <trkpt lat="40.7680230" lon="-74.0386900">
    <ele>61.5</ele>
    <time>2026-01-14T23:05:09Z</time>
   </trkpt>
   <trkpt lat="40.7680220" lon="-74.0386840">
    <ele>61.5</ele>
    <time>2026-01-14T23:05:10Z</time>
   </trkpt>
   <trkpt lat="40.7680210" lon="-74.0386790">
    <ele>61.5</ele>
    <time>2026-01-14T23:05:11Z</time>
   </trkpt>
   <trkpt lat="40.7680200" lon="-74.0386730">
    <ele>61.5</ele>
    <time>2026-01-14T23:05:12Z</time>
   </trkpt>
   <trkpt lat="40.7680190" lon="-74.0386670">
    <ele>61.5</ele>
    <time>2026-01-14T23:05:13Z</time>
   </trkpt>
   <trkpt lat="40.7680170" lon="-74.0386620">
    <ele>61.5</ele>
    <time>2026-01-14T23:05:14Z</time>
   </trkpt>
   <trkpt lat="40.7680160" lon="-74.0386560">
    <ele>61.5</ele>
    <time>2026-01-14T23:05:15Z</time>
   </trkpt>
   <trkpt lat="40.7680150" lon="-74.0386500">
    <ele>61.5</ele>
    <time>2026-01-14T23:05:16Z</time>
   </trkpt>
   <trkpt lat="40.7680140" lon="-74.0386450">
    <ele>61.5</ele>
    <time>2026-01-14T23:05:17Z</time>
   </trkpt>
   <trkpt lat="40.7680130" lon="-74.0386390">
    <ele>61.5</ele>
    <time>2026-01-14T23:05:18Z</time>
   </trkpt>
   <trkpt lat="40.7680120" lon="-74.0386330">
    <ele>61.5</ele>
    <time>2026-01-14T23:05:19Z</time>
   </trkpt>
   <trkpt lat="40.7680100" lon="-74.0386280">
    <ele>61.5</ele>
    <time>2026-01-14T23:05:20Z</time>
   </trkpt>
   <trkpt lat="40.7680090" lon="-74.0386220">
    <ele>61.5</ele>
    <time>2026-01-14T23:05:21Z</time>
   </trkpt>
   <trkpt lat="40.7680080" lon="-74.0386160">
    <ele>61.5</ele>
    <time>2026-01-14T23:05:22Z</time>
   </trkpt>
   <trkpt lat="40.7680070" lon="-74.0386110">
    <ele>61.5</ele>
    <time>2026-01-14T23:05:23Z</time>
   </trkpt>
   <trkpt lat="40.7680060" lon="-74.0386050">
    <ele>61.5</ele>
    <time>2026-01-14T23:05:24Z</time>
   </trkpt>
   <trkpt lat="40.7680050" lon="-74.0385990">
    <ele>61.5</ele>
    <time>2026-01-14T23:05:25Z</time>
   </trkpt>
   <trkpt lat="40.7680040" lon="-74.0385940">
    <ele>61.5</ele>
    <time>2026-01-14T23:05:26Z</time>
   </trkpt>
   <trkpt lat="40.7680020" lon="-74.0385880">
    <ele>61.5</ele>
    <time>2026-01-14T23:05:27Z</time>
   </trkpt>
   <trkpt lat="40.7680010" lon="-74.0385820">
    <ele>61.5</ele>
    <time>2026-01-14T23:05:28Z</time>
   </trkpt>
   <trkpt lat="40.7680000" lon="-74.0385770">
    <ele>61.5</ele>
    <time>2026-01-14T23:05:29Z</time>
   </trkpt>
   <trkpt lat="40.7679990" lon="-74.0385710">
    <ele>61.5</ele>
    <time>2026-01-14T23:05:30Z</time>
   </trkpt>
   <trkpt lat="40.7679940" lon="-74.0385680">
    <ele>61.5</ele>
    <time>2026-01-14T23:05:31Z</time>
   </trkpt>
   <trkpt lat="40.7679950" lon="-74.0385740">
    <ele>61.4</ele>
    <time>2026-01-14T23:05:32Z</time>
   </trkpt>
   <trkpt lat="40.7679950" lon="-74.0385810">
    <ele>61.4</ele>
    <time>2026-01-14T23:05:33Z</time>
   </trkpt>
   <trkpt lat="40.7679950" lon="-74.0385880">
    <ele>61.4</ele>
    <time>2026-01-14T23:05:34Z</time>
   </trkpt>
   <trkpt lat="40.7679960" lon="-74.0385940">
    <ele>61.4</ele>
    <time>2026-01-14T23:05:35Z</time>
   </trkpt>
   <trkpt lat="40.7679960" lon="-74.0386010">
    <ele>61.4</ele>
    <time>2026-01-14T23:05:36Z</time>
   </trkpt>
   <trkpt lat="40.7679960" lon="-74.0386080">
    <ele>61.4</ele>
    <time>2026-01-14T23:05:37Z</time>
   </trkpt>
   <trkpt lat="40.7679970" lon="-74.0386140">
    <ele>61.4</ele>
    <time>2026-01-14T23:05:38Z</time>
   </trkpt>
   <trkpt lat="40.7679970" lon="-74.0386210">
    <ele>61.4</ele>
    <time>2026-01-14T23:05:39Z</time>
   </trkpt>
   <trkpt lat="40.7679970" lon="-74.0386280">
    <ele>61.4</ele>
    <time>2026-01-14T23:05:40Z</time>
   </trkpt>
   <trkpt lat="40.7679970" lon="-74.0386350">
    <ele>61.4</ele>
    <time>2026-01-14T23:05:41Z</time>
   </trkpt>
   <trkpt lat="40.7679980" lon="-74.0386410">
    <ele>61.4</ele>
    <time>2026-01-14T23:05:42Z</time>
   </trkpt>
   <trkpt lat="40.7679980" lon="-74.0386480">
    <ele>61.4</ele>
    <time>2026-01-14T23:05:43Z</time>
   </trkpt>
   <trkpt lat="40.7679980" lon="-74.0386550">
    <ele>61.4</ele>
    <time>2026-01-14T23:05:44Z</time>
   </trkpt>
   <trkpt lat="40.7679990" lon="-74.0386610">
    <ele>61.4</ele>
    <time>2026-01-14T23:07:32Z</time>
   </trkpt>
   <trkpt lat="40.7679990" lon="-74.0386680">
    <ele>61.4</ele>
    <time>2026-01-14T23:07:33Z</time>
   </trkpt>
   <trkpt lat="40.7680860" lon="-74.0387290">
    <ele>61.4</ele>
    <time>2026-01-14T23:07:34Z</time>
   </trkpt>
   <trkpt lat="40.7680960" lon="-74.0387220">
    <ele>61.4</ele>
    <time>2026-01-14T23:07:35Z</time>
   </trkpt>
   <trkpt lat="40.7681100" lon="-74.0387210">
    <ele>61.4</ele>
    <time>2026-01-14T23:07:36Z</time>
   </trkpt>
   <trkpt lat="40.7681140" lon="-74.0387190">
    <ele>61.4</ele>
    <time>2026-01-14T23:07:37Z</time>
   </trkpt>
   <trkpt lat="40.7681100" lon="-74.0387130">
    <ele>61.4</ele>
    <time>2026-01-14T23:07:39Z</time>
   </trkpt>
   <trkpt lat="40.7681100" lon="-74.0387010">
    <ele>61.4</ele>
    <time>2026-01-14T23:07:40Z</time>
   </trkpt>
   <trkpt lat="40.7681090" lon="-74.0386980">
    <ele>61.4</ele>
    <time>2026-01-14T23:07:41Z</time>
   </trkpt>
   <trkpt lat="40.7681090" lon="-74.0386990">
    <ele>61.4</ele>
    <time>2026-01-14T23:07:42Z</time>
   </trkpt>
   <trkpt lat="40.7681090" lon="-74.0386990">
    <ele>61.4</ele>
    <time>2026-01-14T23:07:43Z</time>
   </trkpt>
   <trkpt lat="40.7681150" lon="-74.0386880">
    <ele>61.4</ele>
    <time>2026-01-14T23:07:44Z</time>
   </trkpt>
   <trkpt lat="40.7681150" lon="-74.0386890">
    <ele>61.4</ele>
    <time>2026-01-14T23:07:45Z</time>
   </trkpt>
   <trkpt lat="40.7681150" lon="-74.0386890">
    <ele>61.4</ele>
    <time>2026-01-14T23:07:46Z</time>
   </trkpt>
   <trkpt lat="40.7681120" lon="-74.0386810">
    <ele>61.4</ele>
    <time>2026-01-14T23:07:47Z</time>
   </trkpt>
   <trkpt lat="40.7681120" lon="-74.0386810">
    <ele>61.4</ele>
    <time>2026-01-14T23:07:48Z</time>
   </trkpt>
   <trkpt lat="40.7681120" lon="-74.0386810">
    <ele>61.4</ele>
    <time>2026-01-14T23:07:49Z</time>
   </trkpt>
   <trkpt lat="40.7681140" lon="-74.0386770">
    <ele>61.4</ele>
    <time>2026-01-14T23:07:50Z</time>
   </trkpt>
   <trkpt lat="40.7681130" lon="-74.0386770">
    <ele>61.4</ele>
    <time>2026-01-14T23:07:51Z</time>
   </trkpt>
   <trkpt lat="40.7681130" lon="-74.0386770">
    <ele>61.4</ele>
    <time>2026-01-14T23:07:52Z</time>
   </trkpt>
   <trkpt lat="40.7681220" lon="-74.0386750">
    <ele>61.4</ele>
    <time>2026-01-14T23:07:53Z</time>
   </trkpt>
   <trkpt lat="40.7681050" lon="-74.0386760">
    <ele>61.4</ele>
    <time>2026-01-14T23:07:54Z</time>
   </trkpt>
   <trkpt lat="40.7681040" lon="-74.0386740">
    <ele>61.4</ele>
    <time>2026-01-14T23:07:55Z</time>
   </trkpt>
   <trkpt lat="40.7681050" lon="-74.0386730">
    <ele>61.4</ele>
    <time>2026-01-14T23:07:56Z</time>
   </trkpt>
   <trkpt lat="40.7680960" lon="-74.0386680">
    <ele>61.4</ele>
    <time>2026-01-14T23:07:57Z</time>
   </trkpt>
   <trkpt lat="40.7680970" lon="-74.0386710">
    <ele>61.4</ele>
    <time>2026-01-14T23:07:58Z</time>
   </trkpt>
   <trkpt lat="40.7680970" lon="-74.0386710">
    <ele>61.4</ele>
    <time>2026-01-14T23:07:59Z</time>
   </trkpt>
   <trkpt lat="40.7680980" lon="-74.0386740">
    <ele>61.4</ele>
    <time>2026-01-14T23:08:00Z</time>
   </trkpt>
   <trkpt lat="40.7680940" lon="-74.0386760">
    <ele>61.3</ele>
    <time>2026-01-14T23:08:01Z</time>
   </trkpt>
   <trkpt lat="40.7680850" lon="-74.0386880">
    <ele>61.3</ele>
    <time>2026-01-14T23:08:02Z</time>
   </trkpt>
   <trkpt lat="40.7680810" lon="-74.0386890">
    <ele>61.3</ele>
    <time>2026-01-14T23:08:03Z</time>
   </trkpt>
   <trkpt lat="40.7680810" lon="-74.0386930">
    <ele>61.3</ele>
    <time>2026-01-14T23:08:04Z</time>
   </trkpt>
   <trkpt lat="40.7680780" lon="-74.0386970">
    <ele>61.3</ele>
    <time>2026-01-14T23:08:05Z</time>
   </trkpt>
   <trkpt lat="40.7680780" lon="-74.0387040">
    <ele>61.3</ele>
    <time>2026-01-14T23:08:06Z</time>
   </trkpt>
   <trkpt lat="40.7680790" lon="-74.0387050">
    <ele>61.3</ele>
    <time>2026-01-14T23:08:07Z</time>
   </trkpt>
   <trkpt lat="40.7680820" lon="-74.0387080">
    <ele>61.3</ele>
    <time>2026-01-14T23:08:08Z</time>
   </trkpt>
   <trkpt lat="40.7680840" lon="-74.0387030">
    <ele>61.3</ele>
    <time>2026-01-14T23:08:09Z</time>
   </trkpt>
   <trkpt lat="40.7680820" lon="-74.0387000">
    <ele>61.3</ele>
    <time>2026-01-14T23:08:10Z</time>
   </trkpt>
   <trkpt lat="40.7680860" lon="-74.0387040">
    <ele>61.3</ele>
    <time>2026-01-14T23:08:11Z</time>
   </trkpt>
   <trkpt lat="40.7680860" lon="-74.0387040">
    <ele>61.3</ele>
    <time>2026-01-14T23:08:12Z</time>
   </trkpt>
   <trkpt lat="40.7680860" lon="-74.0387040">
    <ele>61.3</ele>
    <time>2026-01-14T23:08:13Z</time>
   </trkpt>
   <trkpt lat="40.7680860" lon="-74.0387040">
    <ele>61.3</ele>
    <time>2026-01-14T23:08:14Z</time>
   </trkpt>
   <trkpt lat="40.7680860" lon="-74.0387040">
    <ele>61.3</ele>
    <time>2026-01-14T23:08:15Z</time>
   </trkpt>
   <trkpt lat="40.7680860" lon="-74.0387040">
    <ele>61.3</ele>
    <time>2026-01-14T23:08:16Z</time>
   </trkpt>
   <trkpt lat="40.7680860" lon="-74.0387040">
    <ele>61.3</ele>
    <time>2026-01-14T23:08:17Z</time>
   </trkpt>
   <trkpt lat="40.7680860" lon="-74.0387040">
    <ele>61.3</ele>
    <time>2026-01-14T23:08:18Z</time>
   </trkpt>
   <trkpt lat="40.7680890" lon="-74.0387140">
    <ele>61.3</ele>
    <time>2026-01-14T23:08:19Z</time>
   </trkpt>
   <trkpt lat="40.7680930" lon="-74.0387150">
    <ele>61.3</ele>
    <time>2026-01-14T23:08:20Z</time>
   </trkpt>
   <trkpt lat="40.7681000" lon="-74.0387230">
    <ele>61.3</ele>
    <time>2026-01-14T23:08:21Z</time>
   </trkpt>
   <trkpt lat="40.7681000" lon="-74.0387150">
    <ele>61.3</ele>
    <time>2026-01-14T23:08:22Z</time>
   </trkpt>
   <trkpt lat="40.7681000" lon="-74.0387110">
    <ele>61.3</ele>
    <time>2026-01-14T23:08:23Z</time>
   </trkpt>
   <trkpt lat="40.7681030" lon="-74.0387070">
    <ele>61.3</ele>
    <time>2026-01-14T23:08:24Z</time>
   </trkpt>
   <trkpt lat="40.7681040" lon="-74.0387080">
    <ele>61.3</ele>
    <time>2026-01-14T23:08:25Z</time>
   </trkpt>
   <trkpt lat="40.7681150" lon="-74.0387120">
    <ele>61.3</ele>
    <time>2026-01-14T23:08:26Z</time>
   </trkpt>
   <trkpt lat="40.7681340" lon="-74.0387220">
    <ele>61.3</ele>
    <time>2026-01-14T23:08:27Z</time>
   </trkpt>
   <trkpt lat="40.7681480" lon="-74.0387220">
    <ele>61.3</ele>
    <time>2026-01-14T23:08:28Z</time>
   </trkpt>
   <trkpt lat="40.7681510" lon="-74.0387230">
    <ele>61.3</ele>
    <time>2026-01-14T23:08:29Z</time>
   </trkpt>
   <trkpt lat="40.7681540" lon="-74.0387230">
    <ele>61.3</ele>
    <time>2026-01-14T23:08:30Z</time>
   </trkpt>
   <trkpt lat="40.7681570" lon="-74.0387230">
    <ele>61.3</ele>
    <time>2026-01-14T23:08:31Z</time>
   </trkpt>
   <trkpt lat="40.7681600" lon="-74.0387230">
    <ele>61.3</ele>
    <time>2026-01-14T23:08:32Z</time>
   </trkpt>
   <trkpt lat="40.7681620" lon="-74.0387240">
    <ele>61.3</ele>
    <time>2026-01-14T23:08:33Z</time>
   </trkpt>
   <trkpt lat="40.7681650" lon="-74.0387240">
    <ele>61.3</ele>
    <time>2026-01-14T23:08:34Z</time>
   </trkpt>
   <trkpt lat="40.7681680" lon="-74.0387240">
    <ele>61.3</ele>
    <time>2026-01-14T23:08:35Z</time>
   </trkpt>
   <trkpt lat="40.7681710" lon="-74.0387250">
    <ele>61.3</ele>
    <time>2026-01-14T23:08:36Z</time>
   </trkpt>
   <trkpt lat="40.7681740" lon="-74.0387250">
    <ele>61.3</ele>
    <time>2026-01-14T23:08:37Z</time>
   </trkpt>
   <trkpt lat="40.7681980" lon="-74.0386770">
    <ele>61.3</ele>
    <time>2026-01-14T23:08:38Z</time>
   </trkpt>
   <trkpt lat="40.7682070" lon="-74.0386580">
    <ele>61.3</ele>
    <time>2026-01-14T23:08:39Z</time>
   </trkpt>
   <trkpt lat="40.7682470" lon="-74.0386630">
    <ele>61.3</ele>
    <time>2026-01-14T23:08:40Z</time>
   </trkpt>
   <trkpt lat="40.7682600" lon="-74.0386770">
    <ele>61.3</ele>
    <time>2026-01-14T23:08:41Z</time>
   </trkpt>
   <trkpt lat="40.7682760" lon="-74.0386430">
    <ele>61.3</ele>
    <time>2026-01-14T23:08:42Z</time>
   </trkpt>
   <trkpt lat="40.7683130" lon="-74.0386120">
    <ele>61.3</ele>
    <time>2026-01-14T23:08:43Z</time>
   </trkpt>
   <trkpt lat="40.7683640" lon="-74.0385900">
    <ele>61.3</ele>
    <time>2026-01-14T23:08:44Z</time>
   </trkpt>
   <trkpt lat="40.7683910" lon="-74.0385630">
    <ele>61.3</ele>
    <time>2026-01-14T23:08:45Z</time>
   </trkpt>
   <trkpt lat="40.7684230" lon="-74.0385300">
    <ele>61.3</ele>
    <time>2026-01-14T23:08:46Z</time>
   </trkpt>
   <trkpt lat="40.7684320" lon="-74.0385170">
    <ele>61.3</ele>
    <time>2026-01-14T23:08:47Z</time>
   </trkpt>
   <trkpt lat="40.7684650" lon="-74.0384880">
    <ele>61.3</ele>
    <time>2026-01-14T23:08:48Z</time>
   </trkpt>
   <trkpt lat="40.7684860" lon="-74.0384600">
    <ele>61.3</ele>
    <time>2026-01-14T23:08:49Z</time>
   </trkpt>
   <trkpt lat="40.7684990" lon="-74.0384260">
    <ele>61.2</ele>
    <time>2026-01-14T23:08:50Z</time>
   </trkpt>
   <trkpt lat="40.7685010" lon="-74.0384100">
    <ele>61.2</ele>
    <time>2026-01-14T23:08:51Z</time>
   </trkpt>
   <trkpt lat="40.7684970" lon="-74.0383720">
    <ele>61.1</ele>
    <time>2026-01-14T23:08:52Z</time>
   </trkpt>
   <trkpt lat="40.7685060" lon="-74.0383260">
    <ele>60.8</ele>
    <time>2026-01-14T23:08:53Z</time>
   </trkpt>
   <trkpt lat="40.7684820" lon="-74.0382830">
    <ele>60.9</ele>
    <time>2026-01-14T23:08:54Z</time>
   </trkpt>
   <trkpt lat="40.7684620" lon="-74.0382320">
    <ele>61.1</ele>
    <time>2026-01-14T23:08:55Z</time>
   </trkpt>
   <trkpt lat="40.7684380" lon="-74.0381810">
    <ele>61.2</ele>
    <time>2026-01-14T23:08:56Z</time>
   </trkpt>
   <trkpt lat="40.7684080" lon="-74.0381300">
    <ele>61.4</ele>
    <time>2026-01-14T23:08:57Z</time>
   </trkpt>
   <trkpt lat="40.7683850" lon="-74.0380820">
    <ele>61.5</ele>
    <time>2026-01-14T23:08:58Z</time>
   </trkpt>
   <trkpt lat="40.7683600" lon="-74.0380280">
    <ele>61.7</ele>
    <time>2026-01-14T23:08:59Z</time>
   </trkpt>
   <trkpt lat="40.7683430" lon="-74.0379700">
    <ele>61.9</ele>
    <time>2026-01-14T23:09:00Z</time>
   </trkpt>
   <trkpt lat="40.7683140" lon="-74.0379160">
    <ele>62.1</ele>
    <time>2026-01-14T23:09:01Z</time>
   </trkpt>
   <trkpt lat="40.7682850" lon="-74.0378580">
    <ele>62.4</ele>
    <time>2026-01-14T23:09:02Z</time>
   </trkpt>
   <trkpt lat="40.7682630" lon="-74.0378030">
    <ele>62.6</ele>
    <time>2026-01-14T23:09:03Z</time>
   </trkpt>
   <trkpt lat="40.7682510" lon="-74.0377600">
    <ele>62.7</ele>
    <time>2026-01-14T23:09:04Z</time>
   </trkpt>
   <trkpt lat="40.7682190" lon="-74.0377080">
    <ele>63.0</ele>
    <time>2026-01-14T23:09:05Z</time>
   </trkpt>
   <trkpt lat="40.7681980" lon="-74.0376520">
    <ele>63.2</ele>
    <time>2026-01-14T23:09:06Z</time>
   </trkpt>
   <trkpt lat="40.7681790" lon="-74.0376060">
    <ele>63.3</ele>
    <time>2026-01-14T23:09:07Z</time>
   </trkpt>
   <trkpt lat="40.7681580" lon="-74.0375550">
    <ele>63.5</ele>
    <time>2026-01-14T23:09:08Z</time>
   </trkpt>
   <trkpt lat="40.7681410" lon="-74.0375000">
    <ele>63.7</ele>
    <time>2026-01-14T23:09:09Z</time>
   </trkpt>
   <trkpt lat="40.7681290" lon="-74.0374590">
    <ele>63.9</ele>
    <time>2026-01-14T23:09:10Z</time>
   </trkpt>
   <trkpt lat="40.7681070" lon="-74.0374140">
    <ele>64.0</ele>
    <time>2026-01-14T23:09:11Z</time>
   </trkpt>
   <trkpt lat="40.7680850" lon="-74.0373670">
    <ele>64.2</ele>
    <time>2026-01-14T23:09:12Z</time>
   </trkpt>
   <trkpt lat="40.7680600" lon="-74.0373350">
    <ele>64.3</ele>
    <time>2026-01-14T23:09:13Z</time>
   </trkpt>
   <trkpt lat="40.7680530" lon="-74.0373270">
    <ele>64.3</ele>
    <time>2026-01-14T23:09:14Z</time>
   </trkpt>
   <trkpt lat="40.7680390" lon="-74.0373140">
    <ele>64.4</ele>
    <time>2026-01-14T23:09:15Z</time>
   </trkpt>
   <trkpt lat="40.7680360" lon="-74.0373100">
    <ele>64.4</ele>
    <time>2026-01-14T23:09:16Z</time>
   </trkpt>
   <trkpt lat="40.7680340" lon="-74.0373060">
    <ele>64.4</ele>
    <time>2026-01-14T23:09:17Z</time>
   </trkpt>
   <trkpt lat="40.7680310" lon="-74.0373030">
    <ele>64.4</ele>
    <time>2026-01-14T23:09:18Z</time>
   </trkpt>
   <trkpt lat="40.7680280" lon="-74.0372990">
    <ele>64.4</ele>
    <time>2026-01-14T23:09:19Z</time>
   </trkpt>
   <trkpt lat="40.7680250" lon="-74.0372950">
    <ele>64.4</ele>
    <time>2026-01-14T23:09:20Z</time>
   </trkpt>
   <trkpt lat="40.7680190" lon="-74.0372710">
    <ele>64.5</ele>
    <time>2026-01-14T23:09:21Z</time>
   </trkpt>
   <trkpt lat="40.7680150" lon="-74.0372610">
    <ele>64.5</ele>
    <time>2026-01-14T23:09:22Z</time>
   </trkpt>
   <trkpt lat="40.7680110" lon="-74.0372500">
    <ele>64.6</ele>
    <time>2026-01-14T23:09:23Z</time>
   </trkpt>
   <trkpt lat="40.7680140" lon="-74.0372370">
    <ele>64.6</ele>
    <time>2026-01-14T23:09:24Z</time>
   </trkpt>
   <trkpt lat="40.7680210" lon="-74.0372160">
    <ele>64.7</ele>
    <time>2026-01-14T23:09:25Z</time>
   </trkpt>
   <trkpt lat="40.7680190" lon="-74.0371800">
    <ele>64.6</ele>
    <time>2026-01-14T23:09:26Z</time>
   </trkpt>
   <trkpt lat="40.7679980" lon="-74.0371410">
    <ele>64.6</ele>
    <time>2026-01-14T23:09:27Z</time>
   </trkpt>
   <trkpt lat="40.7679850" lon="-74.0371250">
    <ele>64.5</ele>
    <time>2026-01-14T23:09:28Z</time>
   </trkpt>
   <trkpt lat="40.7679610" lon="-74.0370900">
    <ele>64.4</ele>
    <time>2026-01-14T23:09:29Z</time>
   </trkpt>
   <trkpt lat="40.7679360" lon="-74.0370250">
    <ele>64.2</ele>
    <time>2026-01-14T23:09:30Z</time>
   </trkpt>
   <trkpt lat="40.7679160" lon="-74.0369560">
    <ele>64.0</ele>
    <time>2026-01-14T23:09:31Z</time>
   </trkpt>
   <trkpt lat="40.7678810" lon="-74.0369070">
    <ele>63.9</ele>
    <time>2026-01-14T23:09:32Z</time>
   </trkpt>
   <trkpt lat="40.7678510" lon="-74.0368470">
    <ele>63.7</ele>
    <time>2026-01-14T23:09:33Z</time>
   </trkpt>
   <trkpt lat="40.7678260" lon="-74.0367900">
    <ele>63.5</ele>
    <time>2026-01-14T23:09:34Z</time>
   </trkpt>
   <trkpt lat="40.7678060" lon="-74.0367290">
    <ele>63.3</ele>
    <time>2026-01-14T23:09:35Z</time>
   </trkpt>
   <trkpt lat="40.7677830" lon="-74.0366670">
    <ele>63.1</ele>
    <time>2026-01-14T23:09:36Z</time>
   </trkpt>
   <trkpt lat="40.7677520" lon="-74.0366000">
    <ele>63.0</ele>
    <time>2026-01-14T23:09:37Z</time>
   </trkpt>
   <trkpt lat="40.7677080" lon="-74.0365430">
    <ele>63.0</ele>
    <time>2026-01-14T23:09:38Z</time>
   </trkpt>
   <trkpt lat="40.7676730" lon="-74.0364910">
    <ele>62.9</ele>
    <time>2026-01-14T23:09:39Z</time>
   </trkpt>
   <trkpt lat="40.7676400" lon="-74.0364220">
    <ele>62.9</ele>
    <time>2026-01-14T23:09:40Z</time>
   </trkpt>
   <trkpt lat="40.7676080" lon="-74.0363540">
    <ele>62.8</ele>
    <time>2026-01-14T23:09:41Z</time>
   </trkpt>
   <trkpt lat="40.7675820" lon="-74.0362880">
    <ele>62.8</ele>
    <time>2026-01-14T23:09:42Z</time>
   </trkpt>
   <trkpt lat="40.7675500" lon="-74.0362300">
    <ele>62.7</ele>
    <time>2026-01-14T23:09:43Z</time>
   </trkpt>
   <trkpt lat="40.7675260" lon="-74.0361650">
    <ele>62.6</ele>
    <time>2026-01-14T23:09:45Z</time>
   </trkpt>
   <trkpt lat="40.7674980" lon="-74.0361000">
    <ele>62.5</ele>
    <time>2026-01-14T23:09:46Z</time>
   </trkpt>
   <trkpt lat="40.7674750" lon="-74.0360440">
    <ele>62.4</ele>
    <time>2026-01-14T23:09:47Z</time>
   </trkpt>
   <trkpt lat="40.7674490" lon="-74.0359840">
    <ele>62.3</ele>
    <time>2026-01-14T23:09:48Z</time>
   </trkpt>
   <trkpt lat="40.7674300" lon="-74.0359190">
    <ele>62.3</ele>
    <time>2026-01-14T23:09:49Z</time>
   </trkpt>
   <trkpt lat="40.7674170" lon="-74.0358760">
    <ele>62.2</ele>
    <time>2026-01-14T23:09:50Z</time>
   </trkpt>
   <trkpt lat="40.7673910" lon="-74.0358090">
    <ele>62.2</ele>
    <time>2026-01-14T23:09:51Z</time>
   </trkpt>
   <trkpt lat="40.7673640" lon="-74.0357590">
    <ele>62.1</ele>
    <time>2026-01-14T23:09:52Z</time>
   </trkpt>
   <trkpt lat="40.7673470" lon="-74.0357210">
    <ele>62.1</ele>
    <time>2026-01-14T23:09:53Z</time>
   </trkpt>
   <trkpt lat="40.7673370" lon="-74.0356830">
    <ele>62.1</ele>
    <time>2026-01-14T23:09:54Z</time>
   </trkpt>
   <trkpt lat="40.7673260" lon="-74.0356650">
    <ele>62.1</ele>
    <time>2026-01-14T23:09:55Z</time>
   </trkpt>
   <trkpt lat="40.7673310" lon="-74.0356410">
    <ele>62.2</ele>
    <time>2026-01-14T23:09:56Z</time>
   </trkpt>
   <trkpt lat="40.7673560" lon="-74.0355860">
    <ele>62.5</ele>
    <time>2026-01-14T23:09:57Z</time>
   </trkpt>
   <trkpt lat="40.7673950" lon="-74.0355530">
    <ele>62.4</ele>
    <time>2026-01-14T23:09:58Z</time>
   </trkpt>
   <trkpt lat="40.7674350" lon="-74.0355290">
    <ele>62.3</ele>
    <time>2026-01-14T23:09:59Z</time>
   </trkpt>
   <trkpt lat="40.7674770" lon="-74.0354950">
    <ele>62.2</ele>
    <time>2026-01-14T23:10:00Z</time>
   </trkpt>
   <trkpt lat="40.7675170" lon="-74.0354540">
    <ele>62.2</ele>
    <time>2026-01-14T23:10:01Z</time>
   </trkpt>
   <trkpt lat="40.7676050" lon="-74.0353650">
    <ele>62.0</ele>
    <time>2026-01-14T23:10:02Z</time>
   </trkpt>
   <trkpt lat="40.7676470" lon="-74.0353310">
    <ele>61.9</ele>
    <time>2026-01-14T23:10:03Z</time>
   </trkpt>
   <trkpt lat="40.7676930" lon="-74.0352980">
    <ele>61.8</ele>
    <time>2026-01-14T23:10:04Z</time>
   </trkpt>
   <trkpt lat="40.7677400" lon="-74.0352580">
    <ele>61.7</ele>
    <time>2026-01-14T23:10:05Z</time>
   </trkpt>
   <trkpt lat="40.7677890" lon="-74.0352310">
    <ele>61.6</ele>
    <time>2026-01-14T23:10:06Z</time>
   </trkpt>
   <trkpt lat="40.7678340" lon="-74.0351880">
    <ele>61.6</ele>
    <time>2026-01-14T23:10:07Z</time>
   </trkpt>
   <trkpt lat="40.7678740" lon="-74.0351240">
    <ele>61.5</ele>
    <time>2026-01-14T23:10:08Z</time>
   </trkpt>
   <trkpt lat="40.7679190" lon="-74.0350740">
    <ele>61.5</ele>
    <time>2026-01-14T23:10:09Z</time>
   </trkpt>
   <trkpt lat="40.7679520" lon="-74.0350530">
    <ele>61.5</ele>
    <time>2026-01-14T23:10:10Z</time>
   </trkpt>
   <trkpt lat="40.7679930" lon="-74.0350260">
    <ele>61.5</ele>
    <time>2026-01-14T23:10:11Z</time>
   </trkpt>
   <trkpt lat="40.7680340" lon="-74.0349940">
    <ele>61.4</ele>
    <time>2026-01-14T23:10:12Z</time>
   </trkpt>
   <trkpt lat="40.7680810" lon="-74.0349700">
    <ele>61.4</ele>
    <time>2026-01-14T23:10:13Z</time>
   </trkpt>
   <trkpt lat="40.7681250" lon="-74.0349360">
    <ele>61.3</ele>
    <time>2026-01-14T23:10:14Z</time>
   </trkpt>
   <trkpt lat="40.7681780" lon="-74.0348950">
    <ele>61.2</ele>
    <time>2026-01-14T23:10:15Z</time>
   </trkpt>
   <trkpt lat="40.7682290" lon="-74.0348610">
    <ele>61.1</ele>
    <time>2026-01-14T23:10:16Z</time>
   </trkpt>
   <trkpt lat="40.7682770" lon="-74.0348330">
    <ele>61.0</ele>
    <time>2026-01-14T23:10:17Z</time>
   </trkpt>
   <trkpt lat="40.7683280" lon="-74.0347870">
    <ele>60.9</ele>
    <time>2026-01-14T23:10:18Z</time>
   </trkpt>
   <trkpt lat="40.7683700" lon="-74.0347500">
    <ele>60.8</ele>
    <time>2026-01-14T23:10:19Z</time>
   </trkpt>
   <trkpt lat="40.7684150" lon="-74.0347130">
    <ele>60.6</ele>
    <time>2026-01-14T23:10:20Z</time>
   </trkpt>
   <trkpt lat="40.7684580" lon="-74.0346780">
    <ele>60.5</ele>
    <time>2026-01-14T23:10:21Z</time>
   </trkpt>
   <trkpt lat="40.7684980" lon="-74.0346420">
    <ele>60.4</ele>
    <time>2026-01-14T23:10:22Z</time>
   </trkpt>
   <trkpt lat="40.7685420" lon="-74.0346080">
    <ele>60.3</ele>
    <time>2026-01-14T23:10:23Z</time>
   </trkpt>
   <trkpt lat="40.7685890" lon="-74.0345680">
    <ele>60.2</ele>
    <time>2026-01-14T23:10:24Z</time>
   </trkpt>
   <trkpt lat="40.7686380" lon="-74.0345300">
    <ele>60.2</ele>
    <time>2026-01-14T23:10:25Z</time>
   </trkpt>
   <trkpt lat="40.7686840" lon="-74.0344910">
    <ele>60.0</ele>
    <time>2026-01-14T23:10:26Z</time>
   </trkpt>
   <trkpt lat="40.7687400" lon="-74.0344380">
    <ele>59.9</ele>
    <time>2026-01-14T23:10:27Z</time>
   </trkpt>
   <trkpt lat="40.7687850" lon="-74.0343980">
    <ele>59.7</ele>
    <time>2026-01-14T23:10:28Z</time>
   </trkpt>
   <trkpt lat="40.7688340" lon="-74.0343620">
    <ele>59.6</ele>
    <time>2026-01-14T23:10:29Z</time>
   </trkpt>
   <trkpt lat="40.7688810" lon="-74.0343140">
    <ele>59.5</ele>
    <time>2026-01-14T23:10:30Z</time>
   </trkpt>
   <trkpt lat="40.7689230" lon="-74.0342790">
    <ele>59.4</ele>
    <time>2026-01-14T23:10:31Z</time>
   </trkpt>
   <trkpt lat="40.7689720" lon="-74.0342380">
    <ele>59.3</ele>
    <time>2026-01-14T23:10:32Z</time>
   </trkpt>
   <trkpt lat="40.7690160" lon="-74.0341980">
    <ele>59.3</ele>
    <time>2026-01-14T23:10:33Z</time>
   </trkpt>
   <trkpt lat="40.7690550" lon="-74.0341500">
    <ele>59.2</ele>
    <time>2026-01-14T23:10:34Z</time>
   </trkpt>
   <trkpt lat="40.7690950" lon="-74.0341290">
    <ele>59.1</ele>
    <time>2026-01-14T23:10:35Z</time>
   </trkpt>
   <trkpt lat="40.7691230" lon="-74.0341070">
    <ele>59.1</ele>
    <time>2026-01-14T23:10:36Z</time>
   </trkpt>
   <trkpt lat="40.7691700" lon="-74.0340760">
    <ele>59.0</ele>
    <time>2026-01-14T23:10:37Z</time>
   </trkpt>
   <trkpt lat="40.7692110" lon="-74.0340420">
    <ele>58.9</ele>
    <time>2026-01-14T23:10:38Z</time>
   </trkpt>
   <trkpt lat="40.7692560" lon="-74.0340060">
    <ele>58.8</ele>
    <time>2026-01-14T23:10:39Z</time>
   </trkpt>
   <trkpt lat="40.7692990" lon="-74.0339640">
    <ele>58.7</ele>
    <time>2026-01-14T23:10:40Z</time>
   </trkpt>
   <trkpt lat="40.7693460" lon="-74.0339280">
    <ele>58.6</ele>
    <time>2026-01-14T23:10:41Z</time>
   </trkpt>
   <trkpt lat="40.7693980" lon="-74.0338920">
    <ele>58.5</ele>
    <time>2026-01-14T23:10:42Z</time>
   </trkpt>
   <trkpt lat="40.7694430" lon="-74.0338580">
    <ele>58.4</ele>
    <time>2026-01-14T23:10:43Z</time>
   </trkpt>
   <trkpt lat="40.7694910" lon="-74.0338200">
    <ele>58.4</ele>
    <time>2026-01-14T23:10:44Z</time>
   </trkpt>
   <trkpt lat="40.7695270" lon="-74.0337880">
    <ele>58.3</ele>
    <time>2026-01-14T23:10:45Z</time>
   </trkpt>
   <trkpt lat="40.7695660" lon="-74.0337570">
    <ele>58.2</ele>
    <time>2026-01-14T23:10:46Z</time>
   </trkpt>
   <trkpt lat="40.7696100" lon="-74.0337190">
    <ele>58.2</ele>
    <time>2026-01-14T23:10:47Z</time>
   </trkpt>
   <trkpt lat="40.7696530" lon="-74.0336870">
    <ele>58.1</ele>
    <time>2026-01-14T23:10:48Z</time>
   </trkpt>
   <trkpt lat="40.7696900" lon="-74.0336570">
    <ele>58.1</ele>
    <time>2026-01-14T23:10:49Z</time>
   </trkpt>
   <trkpt lat="40.7697160" lon="-74.0336290">
    <ele>58.0</ele>
    <time>2026-01-14T23:10:50Z</time>
   </trkpt>
   <trkpt lat="40.7697450" lon="-74.0336090">
    <ele>58.0</ele>
    <time>2026-01-14T23:10:51Z</time>
   </trkpt>
   <trkpt lat="40.7697550" lon="-74.0336020">
    <ele>58.0</ele>
    <time>2026-01-14T23:10:52Z</time>
   </trkpt>
   <trkpt lat="40.7697900" lon="-74.0335720">
    <ele>57.9</ele>
    <time>2026-01-14T23:10:53Z</time>
   </trkpt>
   <trkpt lat="40.7698230" lon="-74.0335370">
    <ele>57.9</ele>
    <time>2026-01-14T23:10:54Z</time>
   </trkpt>
   <trkpt lat="40.7698590" lon="-74.0334930">
    <ele>57.8</ele>
    <time>2026-01-14T23:10:55Z</time>
   </trkpt>
   <trkpt lat="40.7698990" lon="-74.0334590">
    <ele>57.8</ele>
    <time>2026-01-14T23:10:56Z</time>
   </trkpt>
   <trkpt lat="40.7699410" lon="-74.0334180">
    <ele>57.7</ele>
    <time>2026-01-14T23:10:57Z</time>
   </trkpt>
   <trkpt lat="40.7699810" lon="-74.0333880">
    <ele>57.7</ele>
    <time>2026-01-14T23:10:58Z</time>
   </trkpt>
   <trkpt lat="40.7700260" lon="-74.0333520">
    <ele>57.6</ele>
    <time>2026-01-14T23:10:59Z</time>
   </trkpt>
   <trkpt lat="40.7700690" lon="-74.0333110">
    <ele>57.6</ele>
    <time>2026-01-14T23:11:00Z</time>
   </trkpt>
   <trkpt lat="40.7701280" lon="-74.0332610">
    <ele>57.5</ele>
    <time>2026-01-14T23:11:01Z</time>
   </trkpt>
   <trkpt lat="40.7701650" lon="-74.0332310">
    <ele>57.5</ele>
    <time>2026-01-14T23:11:02Z</time>
   </trkpt>
   <trkpt lat="40.7702060" lon="-74.0331920">
    <ele>57.5</ele>
    <time>2026-01-14T23:11:03Z</time>
   </trkpt>
   <trkpt lat="40.7702440" lon="-74.0331590">
    <ele>57.4</ele>
    <time>2026-01-14T23:11:04Z</time>
   </trkpt>
   <trkpt lat="40.7702660" lon="-74.0331230">
    <ele>57.4</ele>
    <time>2026-01-14T23:11:05Z</time>
   </trkpt>
   <trkpt lat="40.7703020" lon="-74.0330970">
    <ele>57.3</ele>
    <time>2026-01-14T23:11:06Z</time>
   </trkpt>
   <trkpt lat="40.7703160" lon="-74.0330850">
    <ele>57.3</ele>
    <time>2026-01-14T23:11:07Z</time>
   </trkpt>
   <trkpt lat="40.7703510" lon="-74.0330510">
    <ele>57.4</ele>
    <time>2026-01-14T23:11:08Z</time>
   </trkpt>
   <trkpt lat="40.7703970" lon="-74.0330240">
    <ele>57.4</ele>
    <time>2026-01-14T23:11:09Z</time>
   </trkpt>
   <trkpt lat="40.7704400" lon="-74.0330090">
    <ele>57.4</ele>
    <time>2026-01-14T23:11:10Z</time>
   </trkpt>
   <trkpt lat="40.7704840" lon="-74.0329780">
    <ele>57.4</ele>
    <time>2026-01-14T23:11:11Z</time>
   </trkpt>
   <trkpt lat="40.7705330" lon="-74.0329230">
    <ele>57.4</ele>
    <time>2026-01-14T23:11:12Z</time>
   </trkpt>
   <trkpt lat="40.7705830" lon="-74.0328830">
    <ele>57.4</ele>
    <time>2026-01-14T23:11:13Z</time>
   </trkpt>
   <trkpt lat="40.7706270" lon="-74.0328400">
    <ele>57.4</ele>
    <time>2026-01-14T23:11:14Z</time>
   </trkpt>
   <trkpt lat="40.7706670" lon="-74.0328040">
    <ele>57.4</ele>
    <time>2026-01-14T23:11:15Z</time>
   </trkpt>
   <trkpt lat="40.7707120" lon="-74.0327760">
    <ele>57.3</ele>
    <time>2026-01-14T23:11:16Z</time>
   </trkpt>
   <trkpt lat="40.7707550" lon="-74.0327470">
    <ele>57.3</ele>
    <time>2026-01-14T23:11:17Z</time>
   </trkpt>
   <trkpt lat="40.7707900" lon="-74.0327320">
    <ele>57.3</ele>
    <time>2026-01-14T23:11:18Z</time>
   </trkpt>
   <trkpt lat="40.7708110" lon="-74.0326940">
    <ele>57.3</ele>
    <time>2026-01-14T23:11:19Z</time>
   </trkpt>
   <trkpt lat="40.7708390" lon="-74.0326650">
    <ele>57.2</ele>
    <time>2026-01-14T23:11:20Z</time>
   </trkpt>
   <trkpt lat="40.7708720" lon="-74.0326440">
    <ele>57.2</ele>
    <time>2026-01-14T23:11:21Z</time>
   </trkpt>
   <trkpt lat="40.7709060" lon="-74.0326220">
    <ele>57.1</ele>
    <time>2026-01-14T23:11:22Z</time>
   </trkpt>
   <trkpt lat="40.7709390" lon="-74.0325950">
    <ele>57.1</ele>
    <time>2026-01-14T23:11:23Z</time>
   </trkpt>
   <trkpt lat="40.7709710" lon="-74.0325550">
    <ele>57.1</ele>
    <time>2026-01-14T23:11:24Z</time>
   </trkpt>
   <trkpt lat="40.7710080" lon="-74.0325180">
    <ele>57.1</ele>
    <time>2026-01-14T23:11:25Z</time>
   </trkpt>
   <trkpt lat="40.7710520" lon="-74.0324800">
    <ele>57.0</ele>
    <time>2026-01-14T23:11:26Z</time>
   </trkpt>
   <trkpt lat="40.7710940" lon="-74.0324370">
    <ele>57.0</ele>
    <time>2026-01-14T23:11:27Z</time>
   </trkpt>
   <trkpt lat="40.7711370" lon="-74.0323920">
    <ele>57.0</ele>
    <time>2026-01-14T23:11:28Z</time>
   </trkpt>
   <trkpt lat="40.7711690" lon="-74.0323380">
    <ele>56.9</ele>
    <time>2026-01-14T23:11:29Z</time>
   </trkpt>
   <trkpt lat="40.7712350" lon="-74.0322990">
    <ele>56.9</ele>
    <time>2026-01-14T23:11:30Z</time>
   </trkpt>
   <trkpt lat="40.7712950" lon="-74.0322620">
    <ele>56.8</ele>
    <time>2026-01-14T23:11:31Z</time>
   </trkpt>
   <trkpt lat="40.7713430" lon="-74.0322200">
    <ele>56.8</ele>
    <time>2026-01-14T23:11:32Z</time>
   </trkpt>
   <trkpt lat="40.7713930" lon="-74.0321830">
    <ele>56.8</ele>
    <time>2026-01-14T23:11:33Z</time>
   </trkpt>
   <trkpt lat="40.7714400" lon="-74.0321470">
    <ele>56.8</ele>
    <time>2026-01-14T23:11:34Z</time>
   </trkpt>
   <trkpt lat="40.7714890" lon="-74.0321120">
    <ele>56.9</ele>
    <time>2026-01-14T23:11:35Z</time>
   </trkpt>
   <trkpt lat="40.7715390" lon="-74.0320730">
    <ele>56.9</ele>
    <time>2026-01-14T23:11:36Z</time>
   </trkpt>
   <trkpt lat="40.7715850" lon="-74.0320270">
    <ele>56.9</ele>
    <time>2026-01-14T23:11:37Z</time>
   </trkpt>
   <trkpt lat="40.7716340" lon="-74.0319830">
    <ele>56.9</ele>
    <time>2026-01-14T23:11:38Z</time>
   </trkpt>
   <trkpt lat="40.7716850" lon="-74.0319460">
    <ele>56.9</ele>
    <time>2026-01-14T23:11:39Z</time>
   </trkpt>
   <trkpt lat="40.7717290" lon="-74.0319150">
    <ele>56.9</ele>
    <time>2026-01-14T23:11:40Z</time>
   </trkpt>
   <trkpt lat="40.7717660" lon="-74.0318880">
    <ele>56.9</ele>
    <time>2026-01-14T23:11:41Z</time>
   </trkpt>
   <trkpt lat="40.7718030" lon="-74.0318610">
    <ele>56.9</ele>
    <time>2026-01-14T23:11:42Z</time>
   </trkpt>
   <trkpt lat="40.7718410" lon="-74.0318410">
    <ele>56.8</ele>
    <time>2026-01-14T23:11:43Z</time>
   </trkpt>
   <trkpt lat="40.7718730" lon="-74.0318120">
    <ele>56.8</ele>
    <time>2026-01-14T23:11:44Z</time>
   </trkpt>
   <trkpt lat="40.7719060" lon="-74.0317870">
    <ele>56.8</ele>
    <time>2026-01-14T23:11:45Z</time>
   </trkpt>
   <trkpt lat="40.7719330" lon="-74.0317610">
    <ele>56.8</ele>
    <time>2026-01-14T23:11:46Z</time>
   </trkpt>
   <trkpt lat="40.7719500" lon="-74.0317540">
    <ele>56.7</ele>
    <time>2026-01-14T23:11:47Z</time>
   </trkpt>
   <trkpt lat="40.7719500" lon="-74.0317550">
    <ele>56.7</ele>
    <time>2026-01-14T23:11:48Z</time>
   </trkpt>
   <trkpt lat="40.7719510" lon="-74.0317570">
    <ele>56.7</ele>
    <time>2026-01-14T23:11:49Z</time>
   </trkpt>
   <trkpt lat="40.7719510" lon="-74.0317590">
    <ele>56.7</ele>
    <time>2026-01-14T23:11:50Z</time>
   </trkpt>
   <trkpt lat="40.7719520" lon="-74.0317600">
    <ele>56.7</ele>
    <time>2026-01-14T23:11:51Z</time>
   </trkpt>
   <trkpt lat="40.7719530" lon="-74.0317620">
    <ele>56.7</ele>
    <time>2026-01-14T23:11:52Z</time>
   </trkpt>
   <trkpt lat="40.7719530" lon="-74.0317640">
    <ele>56.7</ele>
    <time>2026-01-14T23:11:53Z</time>
   </trkpt>
   <trkpt lat="40.7719540" lon="-74.0317650">
    <ele>56.7</ele>
    <time>2026-01-14T23:11:54Z</time>
   </trkpt>
   <trkpt lat="40.7719540" lon="-74.0317670">
    <ele>56.7</ele>
    <time>2026-01-14T23:11:55Z</time>
   </trkpt>
   <trkpt lat="40.7719550" lon="-74.0317690">
    <ele>56.7</ele>
    <time>2026-01-14T23:11:56Z</time>
   </trkpt>
   <trkpt lat="40.7719560" lon="-74.0317700">
    <ele>56.7</ele>
    <time>2026-01-14T23:11:57Z</time>
   </trkpt>
   <trkpt lat="40.7719560" lon="-74.0317720">
    <ele>56.7</ele>
    <time>2026-01-14T23:11:58Z</time>
   </trkpt>
   <trkpt lat="40.7719570" lon="-74.0317730">
    <ele>56.7</ele>
    <time>2026-01-14T23:11:59Z</time>
   </trkpt>
   <trkpt lat="40.7719580" lon="-74.0317750">
    <ele>56.7</ele>
    <time>2026-01-14T23:12:00Z</time>
   </trkpt>
   <trkpt lat="40.7719580" lon="-74.0317770">
    <ele>56.7</ele>
    <time>2026-01-14T23:12:01Z</time>
   </trkpt>
   <trkpt lat="40.7719590" lon="-74.0317780">
    <ele>56.7</ele>
    <time>2026-01-14T23:12:02Z</time>
   </trkpt>
   <trkpt lat="40.7719590" lon="-74.0317800">
    <ele>56.7</ele>
    <time>2026-01-14T23:12:03Z</time>
   </trkpt>
   <trkpt lat="40.7719600" lon="-74.0317820">
    <ele>56.7</ele>
    <time>2026-01-14T23:12:04Z</time>
   </trkpt>
   <trkpt lat="40.7719610" lon="-74.0317830">
    <ele>56.7</ele>
    <time>2026-01-14T23:12:05Z</time>
   </trkpt>
   <trkpt lat="40.7719610" lon="-74.0317850">
    <ele>56.7</ele>
    <time>2026-01-14T23:12:06Z</time>
   </trkpt>
   <trkpt lat="40.7719620" lon="-74.0317870">
    <ele>56.7</ele>
    <time>2026-01-14T23:12:07Z</time>
   </trkpt>
   <trkpt lat="40.7719620" lon="-74.0317880">
    <ele>56.7</ele>
    <time>2026-01-14T23:12:08Z</time>
   </trkpt>
   <trkpt lat="40.7719630" lon="-74.0317900">
    <ele>56.7</ele>
    <time>2026-01-14T23:12:09Z</time>
   </trkpt>
   <trkpt lat="40.7719960" lon="-74.0317760">
    <ele>56.6</ele>
    <time>2026-01-14T23:12:10Z</time>
   </trkpt>
   <trkpt lat="40.7720090" lon="-74.0317680">
    <ele>56.6</ele>
    <time>2026-01-14T23:12:11Z</time>
   </trkpt>
   <trkpt lat="40.7720340" lon="-74.0317250">
    <ele>56.7</ele>
    <time>2026-01-14T23:12:12Z</time>
   </trkpt>
   <trkpt lat="40.7720580" lon="-74.0316850">
    <ele>56.8</ele>
    <time>2026-01-14T23:12:13Z</time>
   </trkpt>
   <trkpt lat="40.7720950" lon="-74.0316430">
    <ele>56.9</ele>
    <time>2026-01-14T23:12:14Z</time>
   </trkpt>
   <trkpt lat="40.7721340" lon="-74.0316000">
    <ele>56.9</ele>
    <time>2026-01-14T23:12:15Z</time>
   </trkpt>
   <trkpt lat="40.7721800" lon="-74.0315590">
    <ele>56.8</ele>
    <time>2026-01-14T23:12:16Z</time>
   </trkpt>
   <trkpt lat="40.7722310" lon="-74.0315110">
    <ele>56.8</ele>
    <time>2026-01-14T23:12:17Z</time>
   </trkpt>
   <trkpt lat="40.7722780" lon="-74.0314640">
    <ele>56.7</ele>
    <time>2026-01-14T23:12:18Z</time>
   </trkpt>
   <trkpt lat="40.7723340" lon="-74.0314140">
    <ele>56.5</ele>
    <time>2026-01-14T23:12:19Z</time>
   </trkpt>
   <trkpt lat="40.7723840" lon="-74.0313690">
    <ele>56.3</ele>
    <time>2026-01-14T23:12:20Z</time>
   </trkpt>
   <trkpt lat="40.7724410" lon="-74.0313190">
    <ele>56.0</ele>
    <time>2026-01-14T23:12:21Z</time>
   </trkpt>
   <trkpt lat="40.7724960" lon="-74.0312730">
    <ele>55.9</ele>
    <time>2026-01-14T23:12:22Z</time>
   </trkpt>
   <trkpt lat="40.7725510" lon="-74.0312340">
    <ele>55.8</ele>
    <time>2026-01-14T23:12:23Z</time>
   </trkpt>
   <trkpt lat="40.7726050" lon="-74.0311960">
    <ele>55.8</ele>
    <time>2026-01-14T23:12:24Z</time>
   </trkpt>
   <trkpt lat="40.7726520" lon="-74.0311510">
    <ele>55.7</ele>
    <time>2026-01-14T23:12:25Z</time>
   </trkpt>
   <trkpt lat="40.7727030" lon="-74.0311020">
    <ele>55.7</ele>
    <time>2026-01-14T23:12:26Z</time>
   </trkpt>
   <trkpt lat="40.7727510" lon="-74.0310570">
    <ele>55.6</ele>
    <time>2026-01-14T23:12:27Z</time>
   </trkpt>
   <trkpt lat="40.7728020" lon="-74.0310180">
    <ele>55.6</ele>
    <time>2026-01-14T23:12:28Z</time>
   </trkpt>
   <trkpt lat="40.7728500" lon="-74.0309800">
    <ele>55.5</ele>
    <time>2026-01-14T23:12:29Z</time>
   </trkpt>
   <trkpt lat="40.7729030" lon="-74.0309470">
    <ele>55.5</ele>
    <time>2026-01-14T23:12:30Z</time>
   </trkpt>
   <trkpt lat="40.7729490" lon="-74.0309080">
    <ele>55.4</ele>
    <time>2026-01-14T23:12:31Z</time>
   </trkpt>
   <trkpt lat="40.7729950" lon="-74.0308670">
    <ele>55.4</ele>
    <time>2026-01-14T23:12:32Z</time>
   </trkpt>
   <trkpt lat="40.7730390" lon="-74.0308270">
    <ele>55.4</ele>
    <time>2026-01-14T23:12:33Z</time>
   </trkpt>
   <trkpt lat="40.7730840" lon="-74.0307910">
    <ele>55.3</ele>
    <time>2026-01-14T23:12:34Z</time>
   </trkpt>
   <trkpt lat="40.7731340" lon="-74.0307560">
    <ele>55.3</ele>
    <time>2026-01-14T23:12:35Z</time>
   </trkpt>
   <trkpt lat="40.7731770" lon="-74.0307220">
    <ele>55.3</ele>
    <time>2026-01-14T23:12:36Z</time>
   </trkpt>
   <trkpt lat="40.7732200" lon="-74.0306890">
    <ele>55.2</ele>
    <time>2026-01-14T23:12:37Z</time>
   </trkpt>
   <trkpt lat="40.7732590" lon="-74.0306470">
    <ele>55.2</ele>
    <time>2026-01-14T23:12:38Z</time>
   </trkpt>
   <trkpt lat="40.7732990" lon="-74.0306050">
    <ele>55.2</ele>
    <time>2026-01-14T23:12:39Z</time>
   </trkpt>
   <trkpt lat="40.7733390" lon="-74.0305730">
    <ele>55.2</ele>
    <time>2026-01-14T23:12:40Z</time>
   </trkpt>
   <trkpt lat="40.7733750" lon="-74.0305430">
    <ele>55.2</ele>
    <time>2026-01-14T23:12:41Z</time>
   </trkpt>
   <trkpt lat="40.7734140" lon="-74.0305080">
    <ele>55.1</ele>
    <time>2026-01-14T23:12:42Z</time>
   </trkpt>
   <trkpt lat="40.7734390" lon="-74.0304910">
    <ele>55.1</ele>
    <time>2026-01-14T23:12:43Z</time>
   </trkpt>
   <trkpt lat="40.7734580" lon="-74.0304630">
    <ele>55.1</ele>
    <time>2026-01-14T23:12:44Z</time>
   </trkpt>
   <trkpt lat="40.7734760" lon="-74.0304410">
    <ele>55.1</ele>
    <time>2026-01-14T23:12:45Z</time>
   </trkpt>
   <trkpt lat="40.7734780" lon="-74.0304370">
    <ele>55.1</ele>
    <time>2026-01-14T23:12:46Z</time>
   </trkpt>
   <trkpt lat="40.7734860" lon="-74.0304280">
    <ele>55.1</ele>
    <time>2026-01-14T23:12:47Z</time>
   </trkpt>
   <trkpt lat="40.7734840" lon="-74.0304290">
    <ele>55.1</ele>
    <time>2026-01-14T23:12:48Z</time>
   </trkpt>
   <trkpt lat="40.7734880" lon="-74.0304290">
    <ele>55.1</ele>
    <time>2026-01-14T23:12:49Z</time>
   </trkpt>
   <trkpt lat="40.7734870" lon="-74.0304270">
    <ele>55.1</ele>
    <time>2026-01-14T23:12:50Z</time>
   </trkpt>
   <trkpt lat="40.7734870" lon="-74.0304270">
    <ele>55.1</ele>
    <time>2026-01-14T23:12:51Z</time>
   </trkpt>
   <trkpt lat="40.7734850" lon="-74.0304280">
    <ele>55.1</ele>
    <time>2026-01-14T23:12:52Z</time>
   </trkpt>
   <trkpt lat="40.7734850" lon="-74.0304270">
    <ele>55.1</ele>
    <time>2026-01-14T23:12:53Z</time>
   </trkpt>
   <trkpt lat="40.7734850" lon="-74.0304250">
    <ele>55.1</ele>
    <time>2026-01-14T23:12:54Z</time>
   </trkpt>
   <trkpt lat="40.7734960" lon="-74.0304060">
    <ele>55.1</ele>
    <time>2026-01-14T23:12:55Z</time>
   </trkpt>
   <trkpt lat="40.7735170" lon="-74.0303770">
    <ele>55.1</ele>
    <time>2026-01-14T23:12:56Z</time>
   </trkpt>
   <trkpt lat="40.7735270" lon="-74.0303650">
    <ele>55.1</ele>
    <time>2026-01-14T23:12:57Z</time>
   </trkpt>
   <trkpt lat="40.7735460" lon="-74.0303340">
    <ele>55.1</ele>
    <time>2026-01-14T23:12:58Z</time>
   </trkpt>
   <trkpt lat="40.7735710" lon="-74.0303020">
    <ele>55.0</ele>
    <time>2026-01-14T23:12:59Z</time>
   </trkpt>
   <trkpt lat="40.7736050" lon="-74.0302570">
    <ele>55.0</ele>
    <time>2026-01-14T23:13:00Z</time>
   </trkpt>
   <trkpt lat="40.7736350" lon="-74.0302160">
    <ele>55.0</ele>
    <time>2026-01-14T23:13:01Z</time>
   </trkpt>
   <trkpt lat="40.7736710" lon="-74.0301800">
    <ele>55.0</ele>
    <time>2026-01-14T23:13:02Z</time>
   </trkpt>
   <trkpt lat="40.7737110" lon="-74.0301500">
    <ele>55.0</ele>
    <time>2026-01-14T23:13:03Z</time>
   </trkpt>
   <trkpt lat="40.7737440" lon="-74.0301130">
    <ele>55.0</ele>
    <time>2026-01-14T23:13:04Z</time>
   </trkpt>
   <trkpt lat="40.7737730" lon="-74.0300750">
    <ele>55.0</ele>
    <time>2026-01-14T23:13:05Z</time>
   </trkpt>
   <trkpt lat="40.7738170" lon="-74.0300420">
    <ele>55.0</ele>
    <time>2026-01-14T23:13:06Z</time>
   </trkpt>
   <trkpt lat="40.7738580" lon="-74.0300160">
    <ele>55.0</ele>
    <time>2026-01-14T23:13:07Z</time>
   </trkpt>
   <trkpt lat="40.7738920" lon="-74.0300090">
    <ele>55.1</ele>
    <time>2026-01-14T23:13:08Z</time>
   </trkpt>
   <trkpt lat="40.7739180" lon="-74.0299770">
    <ele>55.1</ele>
    <time>2026-01-14T23:13:09Z</time>
   </trkpt>
   <trkpt lat="40.7739430" lon="-74.0299420">
    <ele>55.1</ele>
    <time>2026-01-14T23:13:10Z</time>
   </trkpt>
   <trkpt lat="40.7739480" lon="-74.0298900">
    <ele>55.1</ele>
    <time>2026-01-14T23:13:11Z</time>
   </trkpt>
   <trkpt lat="40.7738970" lon="-74.0298470">
    <ele>55.2</ele>
    <time>2026-01-14T23:13:12Z</time>
   </trkpt>
   <trkpt lat="40.7738610" lon="-74.0298200">
    <ele>55.3</ele>
    <time>2026-01-14T23:13:13Z</time>
   </trkpt>
   <trkpt lat="40.7738310" lon="-74.0297850">
    <ele>55.4</ele>
    <time>2026-01-14T23:13:14Z</time>
   </trkpt>
   <trkpt lat="40.7738090" lon="-74.0297380">
    <ele>55.5</ele>
    <time>2026-01-14T23:13:15Z</time>
   </trkpt>
   <trkpt lat="40.7737890" lon="-74.0296970">
    <ele>55.6</ele>
    <time>2026-01-14T23:13:16Z</time>
   </trkpt>
   <trkpt lat="40.7737670" lon="-74.0296690">
    <ele>55.6</ele>
    <time>2026-01-14T23:13:17Z</time>
   </trkpt>
   <trkpt lat="40.7737410" lon="-74.0296340">
    <ele>55.7</ele>
    <time>2026-01-14T23:13:18Z</time>
   </trkpt>
   <trkpt lat="40.7737290" lon="-74.0295800">
    <ele>55.8</ele>
    <time>2026-01-14T23:13:19Z</time>
   </trkpt>
   <trkpt lat="40.7736970" lon="-74.0295410">
    <ele>55.9</ele>
    <time>2026-01-14T23:13:20Z</time>
   </trkpt>
   <trkpt lat="40.7736650" lon="-74.0295030">
    <ele>56.1</ele>
    <time>2026-01-14T23:13:21Z</time>
   </trkpt>
   <trkpt lat="40.7736410" lon="-74.0294560">
    <ele>56.2</ele>
    <time>2026-01-14T23:13:22Z</time>
   </trkpt>
   <trkpt lat="40.7736080" lon="-74.0294130">
    <ele>56.3</ele>
    <time>2026-01-14T23:13:23Z</time>
   </trkpt>
   <trkpt lat="40.7735880" lon="-74.0293700">
    <ele>56.4</ele>
    <time>2026-01-14T23:13:24Z</time>
   </trkpt>
   <trkpt lat="40.7735510" lon="-74.0293160">
    <ele>56.6</ele>
    <time>2026-01-14T23:13:25Z</time>
   </trkpt>
   <trkpt lat="40.7735200" lon="-74.0292670">
    <ele>56.7</ele>
    <time>2026-01-14T23:13:26Z</time>
   </trkpt>
   <trkpt lat="40.7734860" lon="-74.0292220">
    <ele>56.9</ele>
    <time>2026-01-14T23:13:27Z</time>
   </trkpt>
   <trkpt lat="40.7734580" lon="-74.0291780">
    <ele>57.0</ele>
    <time>2026-01-14T23:13:28Z</time>
   </trkpt>
   <trkpt lat="40.7734260" lon="-74.0291450">
    <ele>57.1</ele>
    <time>2026-01-14T23:13:29Z</time>
   </trkpt>
   <trkpt lat="40.7734020" lon="-74.0291010">
    <ele>57.2</ele>
    <time>2026-01-14T23:13:30Z</time>
   </trkpt>
   <trkpt lat="40.7733680" lon="-74.0290600">
    <ele>57.3</ele>
    <time>2026-01-14T23:13:31Z</time>
   </trkpt>
   <trkpt lat="40.7733340" lon="-74.0290230">
    <ele>57.4</ele>
    <time>2026-01-14T23:13:32Z</time>
   </trkpt>
   <trkpt lat="40.7733030" lon="-74.0289890">
    <ele>57.5</ele>
    <time>2026-01-14T23:13:33Z</time>
   </trkpt>
   <trkpt lat="40.7732760" lon="-74.0289490">
    <ele>57.5</ele>
    <time>2026-01-14T23:13:34Z</time>
   </trkpt>
   <trkpt lat="40.7732630" lon="-74.0289100">
    <ele>57.5</ele>
    <time>2026-01-14T23:13:35Z</time>
   </trkpt>
   <trkpt lat="40.7732430" lon="-74.0288760">
    <ele>57.5</ele>
    <time>2026-01-14T23:13:36Z</time>
   </trkpt>
   <trkpt lat="40.7732180" lon="-74.0288540">
    <ele>57.5</ele>
    <time>2026-01-14T23:13:37Z</time>
   </trkpt>
   <trkpt lat="40.7731920" lon="-74.0288170">
    <ele>57.6</ele>
    <time>2026-01-14T23:13:38Z</time>
   </trkpt>
   <trkpt lat="40.7731850" lon="-74.0288010">
    <ele>57.6</ele>
    <time>2026-01-14T23:13:39Z</time>
   </trkpt>
   <trkpt lat="40.7731580" lon="-74.0287650">
    <ele>57.6</ele>
    <time>2026-01-14T23:13:40Z</time>
   </trkpt>
   <trkpt lat="40.7731500" lon="-74.0287540">
    <ele>57.6</ele>
    <time>2026-01-14T23:13:41Z</time>
   </trkpt>
   <trkpt lat="40.7731280" lon="-74.0287230">
    <ele>57.6</ele>
    <time>2026-01-14T23:13:42Z</time>
   </trkpt>
   <trkpt lat="40.7731210" lon="-74.0287180">
    <ele>57.6</ele>
    <time>2026-01-14T23:13:43Z</time>
   </trkpt>
   <trkpt lat="40.7731030" lon="-74.0286820">
    <ele>57.6</ele>
    <time>2026-01-14T23:13:44Z</time>
   </trkpt>
   <trkpt lat="40.7730860" lon="-74.0286660">
    <ele>57.6</ele>
    <time>2026-01-14T23:13:45Z</time>
   </trkpt>
   <trkpt lat="40.7730800" lon="-74.0286480">
    <ele>57.6</ele>
    <time>2026-01-14T23:13:46Z</time>
   </trkpt>
   <trkpt lat="40.7730770" lon="-74.0286330">
    <ele>57.6</ele>
    <time>2026-01-14T23:13:47Z</time>
   </trkpt>
   <trkpt lat="40.7730660" lon="-74.0286130">
    <ele>57.6</ele>
    <time>2026-01-14T23:13:48Z</time>
   </trkpt>
   <trkpt lat="40.7730500" lon="-74.0285890">
    <ele>57.6</ele>
    <time>2026-01-14T23:13:49Z</time>
   </trkpt>
   <trkpt lat="40.7730430" lon="-74.0285790">
    <ele>57.6</ele>
    <time>2026-01-14T23:13:50Z</time>
   </trkpt>
   <trkpt lat="40.7730280" lon="-74.0285550">
    <ele>57.6</ele>
    <time>2026-01-14T23:13:51Z</time>
   </trkpt>
   <trkpt lat="40.7730200" lon="-74.0285500">
    <ele>57.6</ele>
    <time>2026-01-14T23:13:52Z</time>
   </trkpt>
   <trkpt lat="40.7730220" lon="-74.0285590">
    <ele>57.6</ele>
    <time>2026-01-14T23:13:53Z</time>
   </trkpt>
   <trkpt lat="40.7730200" lon="-74.0285610">
    <ele>57.6</ele>
    <time>2026-01-14T23:13:54Z</time>
   </trkpt>
   <trkpt lat="40.7730210" lon="-74.0285600">
    <ele>57.6</ele>
    <time>2026-01-14T23:13:55Z</time>
   </trkpt>
   <trkpt lat="40.7730210" lon="-74.0285600">
    <ele>57.6</ele>
    <time>2026-01-14T23:13:56Z</time>
   </trkpt>
   <trkpt lat="40.7730210" lon="-74.0285600">
    <ele>57.6</ele>
    <time>2026-01-14T23:13:57Z</time>
   </trkpt>
   <trkpt lat="40.7730210" lon="-74.0285600">
    <ele>57.6</ele>
    <time>2026-01-14T23:13:58Z</time>
   </trkpt>
   <trkpt lat="40.7730210" lon="-74.0285600">
    <ele>57.6</ele>
    <time>2026-01-14T23:13:59Z</time>
   </trkpt>
   <trkpt lat="40.7730210" lon="-74.0285600">
    <ele>57.6</ele>
    <time>2026-01-14T23:14:00Z</time>
   </trkpt>
   <trkpt lat="40.7730130" lon="-74.0285780">
    <ele>57.6</ele>
    <time>2026-01-14T23:14:01Z</time>
   </trkpt>
   <trkpt lat="40.7729990" lon="-74.0285760">
    <ele>57.6</ele>
    <time>2026-01-14T23:14:02Z</time>
   </trkpt>
   <trkpt lat="40.7729770" lon="-74.0285670">
    <ele>57.5</ele>
    <time>2026-01-14T23:14:03Z</time>
   </trkpt>
   <trkpt lat="40.7729670" lon="-74.0285600">
    <ele>57.5</ele>
    <time>2026-01-14T23:14:04Z</time>
   </trkpt>
   <trkpt lat="40.7729580" lon="-74.0285520">
    <ele>57.5</ele>
    <time>2026-01-14T23:14:05Z</time>
   </trkpt>
   <trkpt lat="40.7729350" lon="-74.0285220">
    <ele>57.5</ele>
    <time>2026-01-14T23:14:06Z</time>
   </trkpt>
   <trkpt lat="40.7729160" lon="-74.0284790">
    <ele>57.5</ele>
    <time>2026-01-14T23:14:07Z</time>
   </trkpt>
   <trkpt lat="40.7728990" lon="-74.0284380">
    <ele>57.5</ele>
    <time>2026-01-14T23:14:08Z</time>
   </trkpt>
   <trkpt lat="40.7728750" lon="-74.0283880">
    <ele>57.5</ele>
    <time>2026-01-14T23:14:09Z</time>
   </trkpt>
   <trkpt lat="40.7728590" lon="-74.0283420">
    <ele>57.6</ele>
    <time>2026-01-14T23:14:10Z</time>
   </trkpt>
   <trkpt lat="40.7728350" lon="-74.0282920">
    <ele>57.6</ele>
    <time>2026-01-14T23:14:11Z</time>
   </trkpt>
   <trkpt lat="40.7728130" lon="-74.0282530">
    <ele>57.6</ele>
    <time>2026-01-14T23:14:12Z</time>
   </trkpt>
   <trkpt lat="40.7727910" lon="-74.0282000">
    <ele>57.7</ele>
    <time>2026-01-14T23:14:13Z</time>
   </trkpt>
   <trkpt lat="40.7727730" lon="-74.0281520">
    <ele>57.7</ele>
    <time>2026-01-14T23:14:14Z</time>
   </trkpt>
   <trkpt lat="40.7727530" lon="-74.0281000">
    <ele>57.8</ele>
    <time>2026-01-14T23:14:15Z</time>
   </trkpt>
   <trkpt lat="40.7727300" lon="-74.0280490">
    <ele>57.8</ele>
    <time>2026-01-14T23:14:16Z</time>
   </trkpt>
   <trkpt lat="40.7727030" lon="-74.0279990">
    <ele>57.9</ele>
    <time>2026-01-14T23:14:17Z</time>
   </trkpt>
   <trkpt lat="40.7726770" lon="-74.0279510">
    <ele>57.9</ele>
    <time>2026-01-14T23:14:18Z</time>
   </trkpt>
   <trkpt lat="40.7726570" lon="-74.0279050">
    <ele>57.9</ele>
    <time>2026-01-14T23:14:19Z</time>
   </trkpt>
   <trkpt lat="40.7726360" lon="-74.0278610">
    <ele>57.9</ele>
    <time>2026-01-14T23:14:20Z</time>
   </trkpt>
   <trkpt lat="40.7726180" lon="-74.0278200">
    <ele>57.9</ele>
    <time>2026-01-14T23:14:21Z</time>
   </trkpt>
   <trkpt lat="40.7725960" lon="-74.0277720">
    <ele>57.8</ele>
    <time>2026-01-14T23:14:22Z</time>
   </trkpt>
   <trkpt lat="40.7725690" lon="-74.0277300">
    <ele>57.8</ele>
    <time>2026-01-14T23:14:23Z</time>
   </trkpt>
   <trkpt lat="40.7725480" lon="-74.0276850">
    <ele>57.8</ele>
    <time>2026-01-14T23:14:24Z</time>
   </trkpt>
   <trkpt lat="40.7725530" lon="-74.0276460">
    <ele>57.8</ele>
    <time>2026-01-14T23:14:25Z</time>
   </trkpt>
   <trkpt lat="40.7725450" lon="-74.0276030">
    <ele>57.8</ele>
    <time>2026-01-14T23:14:26Z</time>
   </trkpt>
   <trkpt lat="40.7725410" lon="-74.0275850">
    <ele>57.9</ele>
    <time>2026-01-14T23:14:27Z</time>
   </trkpt>
   <trkpt lat="40.7725190" lon="-74.0275620">
    <ele>57.9</ele>
    <time>2026-01-14T23:14:28Z</time>
   </trkpt>
   <trkpt lat="40.7725110" lon="-74.0275580">
    <ele>57.9</ele>
    <time>2026-01-14T23:14:29Z</time>
   </trkpt>
   <trkpt lat="40.7724980" lon="-74.0275500">
    <ele>57.9</ele>
    <time>2026-01-14T23:14:30Z</time>
   </trkpt>
   <trkpt lat="40.7724960" lon="-74.0275500">
    <ele>57.9</ele>
    <time>2026-01-14T23:14:31Z</time>
   </trkpt>
   <trkpt lat="40.7724990" lon="-74.0275520">
    <ele>57.9</ele>
    <time>2026-01-14T23:14:32Z</time>
   </trkpt>
   <trkpt lat="40.7724960" lon="-74.0275500">
    <ele>57.9</ele>
    <time>2026-01-14T23:14:33Z</time>
   </trkpt>
   <trkpt lat="40.7724970" lon="-74.0275510">
    <ele>57.9</ele>
    <time>2026-01-14T23:14:34Z</time>
   </trkpt>
   <trkpt lat="40.7724940" lon="-74.0275440">
    <ele>57.9</ele>
    <time>2026-01-14T23:14:35Z</time>
   </trkpt>
   <trkpt lat="40.7724910" lon="-74.0275420">
    <ele>57.9</ele>
    <time>2026-01-14T23:14:36Z</time>
   </trkpt>
   <trkpt lat="40.7724890" lon="-74.0275430">
    <ele>57.9</ele>
    <time>2026-01-14T23:14:37Z</time>
   </trkpt>
   <trkpt lat="40.7724900" lon="-74.0275410">
    <ele>57.9</ele>
    <time>2026-01-14T23:14:38Z</time>
   </trkpt>
   <trkpt lat="40.7724880" lon="-74.0275380">
    <ele>57.9</ele>
    <time>2026-01-14T23:14:39Z</time>
   </trkpt>
   <trkpt lat="40.7724890" lon="-74.0275370">
    <ele>57.9</ele>
    <time>2026-01-14T23:14:40Z</time>
   </trkpt>
   <trkpt lat="40.7724880" lon="-74.0275350">
    <ele>57.9</ele>
    <time>2026-01-14T23:14:41Z</time>
   </trkpt>
   <trkpt lat="40.7724880" lon="-74.0275330">
    <ele>57.9</ele>
    <time>2026-01-14T23:14:42Z</time>
   </trkpt>
   <trkpt lat="40.7724880" lon="-74.0275310">
    <ele>57.9</ele>
    <time>2026-01-14T23:14:43Z</time>
   </trkpt>
   <trkpt lat="40.7724880" lon="-74.0275310">
    <ele>57.9</ele>
    <time>2026-01-14T23:14:44Z</time>
   </trkpt>
   <trkpt lat="40.7724860" lon="-74.0275250">
    <ele>57.9</ele>
    <time>2026-01-14T23:14:45Z</time>
   </trkpt>
   <trkpt lat="40.7724810" lon="-74.0275170">
    <ele>57.9</ele>
    <time>2026-01-14T23:14:46Z</time>
   </trkpt>
   <trkpt lat="40.7724690" lon="-74.0275040">
    <ele>57.9</ele>
    <time>2026-01-14T23:14:47Z</time>
   </trkpt>
   <trkpt lat="40.7724490" lon="-74.0274610">
    <ele>57.9</ele>
    <time>2026-01-14T23:14:48Z</time>
   </trkpt>
   <trkpt lat="40.7724420" lon="-74.0274450">
    <ele>57.9</ele>
    <time>2026-01-14T23:14:49Z</time>
   </trkpt>
   <trkpt lat="40.7724250" lon="-74.0274100">
    <ele>57.9</ele>
    <time>2026-01-14T23:14:50Z</time>
   </trkpt>
   <trkpt lat="40.7723960" lon="-74.0273650">
    <ele>57.9</ele>
    <time>2026-01-14T23:14:51Z</time>
   </trkpt>
   <trkpt lat="40.7723750" lon="-74.0273210">
    <ele>58.0</ele>
    <time>2026-01-14T23:14:52Z</time>
   </trkpt>
   <trkpt lat="40.7723510" lon="-74.0272760">
    <ele>58.1</ele>
    <time>2026-01-14T23:14:53Z</time>
   </trkpt>
   <trkpt lat="40.7723320" lon="-74.0272320">
    <ele>58.2</ele>
    <time>2026-01-14T23:14:54Z</time>
   </trkpt>
   <trkpt lat="40.7723120" lon="-74.0271790">
    <ele>58.4</ele>
    <time>2026-01-14T23:14:55Z</time>
   </trkpt>
   <trkpt lat="40.7722920" lon="-74.0271320">
    <ele>58.5</ele>
    <time>2026-01-14T23:14:56Z</time>
   </trkpt>
   <trkpt lat="40.7722700" lon="-74.0270900">
    <ele>58.6</ele>
    <time>2026-01-14T23:14:57Z</time>
   </trkpt>
   <trkpt lat="40.7722430" lon="-74.0270420">
    <ele>58.7</ele>
    <time>2026-01-14T23:14:58Z</time>
   </trkpt>
   <trkpt lat="40.7722180" lon="-74.0269980">
    <ele>58.8</ele>
    <time>2026-01-14T23:14:59Z</time>
   </trkpt>
   <trkpt lat="40.7721900" lon="-74.0269540">
    <ele>58.9</ele>
    <time>2026-01-14T23:15:00Z</time>
   </trkpt>
   <trkpt lat="40.7721730" lon="-74.0269070">
    <ele>59.0</ele>
    <time>2026-01-14T23:15:01Z</time>
   </trkpt>
   <trkpt lat="40.7721500" lon="-74.0268620">
    <ele>59.1</ele>
    <time>2026-01-14T23:15:02Z</time>
   </trkpt>
   <trkpt lat="40.7721290" lon="-74.0268160">
    <ele>59.1</ele>
    <time>2026-01-14T23:15:03Z</time>
   </trkpt>
   <trkpt lat="40.7721160" lon="-74.0267760">
    <ele>59.2</ele>
    <time>2026-01-14T23:15:04Z</time>
   </trkpt>
   <trkpt lat="40.7720960" lon="-74.0267450">
    <ele>59.2</ele>
    <time>2026-01-14T23:15:05Z</time>
   </trkpt>
   <trkpt lat="40.7720730" lon="-74.0266980">
    <ele>59.3</ele>
    <time>2026-01-14T23:15:06Z</time>
   </trkpt>
   <trkpt lat="40.7720470" lon="-74.0266680">
    <ele>59.3</ele>
    <time>2026-01-14T23:15:07Z</time>
   </trkpt>
   <trkpt lat="40.7720210" lon="-74.0266170">
    <ele>59.3</ele>
    <time>2026-01-14T23:15:08Z</time>
   </trkpt>
   <trkpt lat="40.7720060" lon="-74.0265780">
    <ele>59.3</ele>
    <time>2026-01-14T23:15:09Z</time>
   </trkpt>
   <trkpt lat="40.7720010" lon="-74.0265400">
    <ele>59.3</ele>
    <time>2026-01-14T23:15:10Z</time>
   </trkpt>
   <trkpt lat="40.7719800" lon="-74.0265020">
    <ele>59.3</ele>
    <time>2026-01-14T23:15:11Z</time>
   </trkpt>
   <trkpt lat="40.7719630" lon="-74.0264670">
    <ele>59.3</ele>
    <time>2026-01-14T23:15:12Z</time>
   </trkpt>
   <trkpt lat="40.7719420" lon="-74.0264310">
    <ele>59.3</ele>
    <time>2026-01-14T23:15:13Z</time>
   </trkpt>
   <trkpt lat="40.7719350" lon="-74.0264180">
    <ele>59.3</ele>
    <time>2026-01-14T23:15:14Z</time>
   </trkpt>
   <trkpt lat="40.7719140" lon="-74.0263750">
    <ele>59.3</ele>
    <time>2026-01-14T23:15:15Z</time>
   </trkpt>
   <trkpt lat="40.7719070" lon="-74.0263620">
    <ele>59.3</ele>
    <time>2026-01-14T23:15:16Z</time>
   </trkpt>
   <trkpt lat="40.7718990" lon="-74.0263360">
    <ele>59.3</ele>
    <time>2026-01-14T23:15:17Z</time>
   </trkpt>
   <trkpt lat="40.7718920" lon="-74.0263300">
    <ele>59.3</ele>
    <time>2026-01-14T23:15:18Z</time>
   </trkpt>
   <trkpt lat="40.7718760" lon="-74.0262770">
    <ele>59.3</ele>
    <time>2026-01-14T23:15:19Z</time>
   </trkpt>
   <trkpt lat="40.7718660" lon="-74.0262580">
    <ele>59.3</ele>
    <time>2026-01-14T23:15:20Z</time>
   </trkpt>
   <trkpt lat="40.7718470" lon="-74.0262190">
    <ele>59.2</ele>
    <time>2026-01-14T23:15:21Z</time>
   </trkpt>
   <trkpt lat="40.7718100" lon="-74.0261720">
    <ele>59.2</ele>
    <time>2026-01-14T23:15:22Z</time>
   </trkpt>
   <trkpt lat="40.7717940" lon="-74.0261410">
    <ele>59.1</ele>
    <time>2026-01-14T23:15:23Z</time>
   </trkpt>
   <trkpt lat="40.7717760" lon="-74.0260910">
    <ele>59.0</ele>
    <time>2026-01-14T23:15:24Z</time>
   </trkpt>
   <trkpt lat="40.7717480" lon="-74.0260400">
    <ele>58.9</ele>
    <time>2026-01-14T23:15:25Z</time>
   </trkpt>
   <trkpt lat="40.7717220" lon="-74.0259830">
    <ele>58.8</ele>
    <time>2026-01-14T23:15:26Z</time>
   </trkpt>
   <trkpt lat="40.7716970" lon="-74.0259320">
    <ele>58.7</ele>
    <time>2026-01-14T23:15:27Z</time>
   </trkpt>
   <trkpt lat="40.7716750" lon="-74.0258660">
    <ele>58.5</ele>
    <time>2026-01-14T23:15:28Z</time>
   </trkpt>
   <trkpt lat="40.7716530" lon="-74.0258180">
    <ele>58.4</ele>
    <time>2026-01-14T23:15:29Z</time>
   </trkpt>
   <trkpt lat="40.7716290" lon="-74.0257600">
    <ele>58.3</ele>
    <time>2026-01-14T23:15:30Z</time>
   </trkpt>
   <trkpt lat="40.7716070" lon="-74.0257040">
    <ele>58.2</ele>
    <time>2026-01-14T23:15:31Z</time>
   </trkpt>
   <trkpt lat="40.7715790" lon="-74.0256520">
    <ele>58.1</ele>
    <time>2026-01-14T23:15:32Z</time>
   </trkpt>
   <trkpt lat="40.7715520" lon="-74.0255980">
    <ele>58.0</ele>
    <time>2026-01-14T23:15:33Z</time>
   </trkpt>
   <trkpt lat="40.7715310" lon="-74.0255440">
    <ele>57.8</ele>
    <time>2026-01-14T23:15:34Z</time>
   </trkpt>
   <trkpt lat="40.7715030" lon="-74.0254850">
    <ele>57.6</ele>
    <time>2026-01-14T23:15:35Z</time>
   </trkpt>
   <trkpt lat="40.7714700" lon="-74.0254280">
    <ele>57.4</ele>
    <time>2026-01-14T23:15:36Z</time>
   </trkpt>
   <trkpt lat="40.7714440" lon="-74.0253670">
    <ele>57.2</ele>
    <time>2026-01-14T23:15:37Z</time>
   </trkpt>
   <trkpt lat="40.7714190" lon="-74.0253170">
    <ele>57.0</ele>
    <time>2026-01-14T23:15:38Z</time>
   </trkpt>
   <trkpt lat="40.7713820" lon="-74.0252600">
    <ele>56.6</ele>
    <time>2026-01-14T23:15:39Z</time>
   </trkpt>
   <trkpt lat="40.7713670" lon="-74.0252130">
    <ele>56.4</ele>
    <time>2026-01-14T23:15:40Z</time>
   </trkpt>
   <trkpt lat="40.7713530" lon="-74.0251640">
    <ele>56.3</ele>
    <time>2026-01-14T23:15:41Z</time>
   </trkpt>
   <trkpt lat="40.7713300" lon="-74.0251250">
    <ele>56.1</ele>
    <time>2026-01-14T23:15:42Z</time>
   </trkpt>
   <trkpt lat="40.7713020" lon="-74.0250940">
    <ele>56.0</ele>
    <time>2026-01-14T23:15:43Z</time>
   </trkpt>
   <trkpt lat="40.7712840" lon="-74.0250520">
    <ele>55.8</ele>
    <time>2026-01-14T23:15:44Z</time>
   </trkpt>
   <trkpt lat="40.7712790" lon="-74.0250140">
    <ele>55.7</ele>
    <time>2026-01-14T23:15:45Z</time>
   </trkpt>
   <trkpt lat="40.7712860" lon="-74.0249910">
    <ele>55.6</ele>
    <time>2026-01-14T23:15:46Z</time>
   </trkpt>
   <trkpt lat="40.7712640" lon="-74.0249720">
    <ele>55.5</ele>
    <time>2026-01-14T23:15:47Z</time>
   </trkpt>
   <trkpt lat="40.7712350" lon="-74.0249750">
    <ele>55.4</ele>
    <time>2026-01-14T23:15:48Z</time>
   </trkpt>
   <trkpt lat="40.7712280" lon="-74.0249710">
    <ele>55.3</ele>
    <time>2026-01-14T23:15:49Z</time>
   </trkpt>
   <trkpt lat="40.7712250" lon="-74.0249510">
    <ele>55.3</ele>
    <time>2026-01-14T23:15:50Z</time>
   </trkpt>
   <trkpt lat="40.7712200" lon="-74.0249340">
    <ele>55.2</ele>
    <time>2026-01-14T23:15:51Z</time>
   </trkpt>
   <trkpt lat="40.7712080" lon="-74.0248990">
    <ele>55.1</ele>
    <time>2026-01-14T23:15:52Z</time>
   </trkpt>
   <trkpt lat="40.7712000" lon="-74.0248840">
    <ele>55.0</ele>
    <time>2026-01-14T23:15:53Z</time>
   </trkpt>
   <trkpt lat="40.7711870" lon="-74.0248420">
    <ele>54.8</ele>
    <time>2026-01-14T23:15:54Z</time>
   </trkpt>
   <trkpt lat="40.7711850" lon="-74.0248280">
    <ele>54.8</ele>
    <time>2026-01-14T23:15:55Z</time>
   </trkpt>
   <trkpt lat="40.7711770" lon="-74.0247640">
    <ele>54.5</ele>
    <time>2026-01-14T23:15:56Z</time>
   </trkpt>
   <trkpt lat="40.7711490" lon="-74.0247390">
    <ele>54.4</ele>
    <time>2026-01-14T23:15:57Z</time>
   </trkpt>
   <trkpt lat="40.7711330" lon="-74.0246900">
    <ele>54.2</ele>
    <time>2026-01-14T23:15:58Z</time>
   </trkpt>
   <trkpt lat="40.7711110" lon="-74.0246490">
    <ele>54.0</ele>
    <time>2026-01-14T23:15:59Z</time>
   </trkpt>
   <trkpt lat="40.7710800" lon="-74.0246020">
    <ele>53.8</ele>
    <time>2026-01-14T23:16:00Z</time>
   </trkpt>
   <trkpt lat="40.7710600" lon="-74.0245510">
    <ele>53.6</ele>
    <time>2026-01-14T23:16:01Z</time>
   </trkpt>
   <trkpt lat="40.7710310" lon="-74.0244960">
    <ele>53.3</ele>
    <time>2026-01-14T23:16:02Z</time>
   </trkpt>
   <trkpt lat="40.7710070" lon="-74.0244510">
    <ele>53.1</ele>
    <time>2026-01-14T23:16:03Z</time>
   </trkpt>
   <trkpt lat="40.7709870" lon="-74.0244170">
    <ele>53.0</ele>
    <time>2026-01-14T23:16:04Z</time>
   </trkpt>
   <trkpt lat="40.7709700" lon="-74.0243890">
    <ele>52.8</ele>
    <time>2026-01-14T23:16:05Z</time>
   </trkpt>
   <trkpt lat="40.7709650" lon="-74.0243920">
    <ele>52.8</ele>
    <time>2026-01-14T23:16:06Z</time>
   </trkpt>
   <trkpt lat="40.7709600" lon="-74.0243900">
    <ele>52.8</ele>
    <time>2026-01-14T23:16:07Z</time>
   </trkpt>
   <trkpt lat="40.7709630" lon="-74.0243910">
    <ele>52.7</ele>
    <time>2026-01-14T23:16:08Z</time>
   </trkpt>
   <trkpt lat="40.7709590" lon="-74.0243930">
    <ele>52.7</ele>
    <time>2026-01-14T23:16:09Z</time>
   </trkpt>
   <trkpt lat="40.7709600" lon="-74.0243950">
    <ele>52.7</ele>
    <time>2026-01-14T23:16:10Z</time>
   </trkpt>
   <trkpt lat="40.7709560" lon="-74.0243910">
    <ele>52.7</ele>
    <time>2026-01-14T23:16:11Z</time>
   </trkpt>
   <trkpt lat="40.7709590" lon="-74.0243930">
    <ele>52.7</ele>
    <time>2026-01-14T23:16:12Z</time>
   </trkpt>
   <trkpt lat="40.7709620" lon="-74.0244000">
    <ele>52.6</ele>
    <time>2026-01-14T23:16:13Z</time>
   </trkpt>
   <trkpt lat="40.7709640" lon="-74.0244020">
    <ele>52.6</ele>
    <time>2026-01-14T23:16:14Z</time>
   </trkpt>
   <trkpt lat="40.7709620" lon="-74.0244040">
    <ele>52.6</ele>
    <time>2026-01-14T23:16:15Z</time>
   </trkpt>
   <trkpt lat="40.7709610" lon="-74.0244050">
    <ele>52.6</ele>
    <time>2026-01-14T23:16:16Z</time>
   </trkpt>
   <trkpt lat="40.7709630" lon="-74.0244030">
    <ele>52.6</ele>
    <time>2026-01-14T23:16:17Z</time>
   </trkpt>
   <trkpt lat="40.7709590" lon="-74.0243950">
    <ele>52.6</ele>
    <time>2026-01-14T23:16:18Z</time>
   </trkpt>
   <trkpt lat="40.7709640" lon="-74.0243870">
    <ele>52.5</ele>
    <time>2026-01-14T23:16:19Z</time>
   </trkpt>
   <trkpt lat="40.7709720" lon="-74.0243720">
    <ele>52.4</ele>
    <time>2026-01-14T23:16:20Z</time>
   </trkpt>
   <trkpt lat="40.7709550" lon="-74.0243800">
    <ele>52.4</ele>
    <time>2026-01-14T23:16:21Z</time>
   </trkpt>
   <trkpt lat="40.7709530" lon="-74.0243790">
    <ele>52.3</ele>
    <time>2026-01-14T23:16:22Z</time>
   </trkpt>
   <trkpt lat="40.7709500" lon="-74.0243830">
    <ele>52.3</ele>
    <time>2026-01-14T23:16:23Z</time>
   </trkpt>
   <trkpt lat="40.7709500" lon="-74.0243830">
    <ele>52.3</ele>
    <time>2026-01-14T23:16:24Z</time>
   </trkpt>
   <trkpt lat="40.7709500" lon="-74.0243830">
    <ele>52.3</ele>
    <time>2026-01-14T23:16:25Z</time>
   </trkpt>
   <trkpt lat="40.7709500" lon="-74.0243830">
    <ele>52.3</ele>
    <time>2026-01-14T23:16:26Z</time>
   </trkpt>
   <trkpt lat="40.7709500" lon="-74.0243830">
    <ele>52.3</ele>
    <time>2026-01-14T23:16:27Z</time>
   </trkpt>
   <trkpt lat="40.7709500" lon="-74.0243830">
    <ele>52.3</ele>
    <time>2026-01-14T23:16:28Z</time>
   </trkpt>
   <trkpt lat="40.7709440" lon="-74.0243800">
    <ele>52.3</ele>
    <time>2026-01-14T23:16:29Z</time>
   </trkpt>
   <trkpt lat="40.7709410" lon="-74.0243710">
    <ele>52.3</ele>
    <time>2026-01-14T23:16:30Z</time>
   </trkpt>
   <trkpt lat="40.7709480" lon="-74.0243710">
    <ele>52.2</ele>
    <time>2026-01-14T23:16:31Z</time>
   </trkpt>
   <trkpt lat="40.7709340" lon="-74.0243540">
    <ele>52.1</ele>
    <time>2026-01-14T23:16:32Z</time>
   </trkpt>
   <trkpt lat="40.7709440" lon="-74.0243440">
    <ele>52.1</ele>
    <time>2026-01-14T23:16:33Z</time>
   </trkpt>
   <trkpt lat="40.7709490" lon="-74.0243440">
    <ele>52.0</ele>
    <time>2026-01-14T23:16:34Z</time>
   </trkpt>
   <trkpt lat="40.7709500" lon="-74.0243450">
    <ele>52.0</ele>
    <time>2026-01-14T23:16:35Z</time>
   </trkpt>
   <trkpt lat="40.7709500" lon="-74.0243450">
    <ele>52.0</ele>
    <time>2026-01-14T23:16:36Z</time>
   </trkpt>
   <trkpt lat="40.7709500" lon="-74.0243450">
    <ele>52.0</ele>
    <time>2026-01-14T23:16:37Z</time>
   </trkpt>
   <trkpt lat="40.7709530" lon="-74.0243420">
    <ele>52.0</ele>
    <time>2026-01-14T23:16:38Z</time>
   </trkpt>
   <trkpt lat="40.7709520" lon="-74.0243350">
    <ele>52.0</ele>
    <time>2026-01-14T23:16:39Z</time>
   </trkpt>
   <trkpt lat="40.7709520" lon="-74.0243360">
    <ele>52.0</ele>
    <time>2026-01-14T23:16:40Z</time>
   </trkpt>
   <trkpt lat="40.7709520" lon="-74.0243370">
    <ele>52.0</ele>
    <time>2026-01-14T23:16:41Z</time>
   </trkpt>
   <trkpt lat="40.7709480" lon="-74.0243340">
    <ele>51.9</ele>
    <time>2026-01-14T23:16:42Z</time>
   </trkpt>
   <trkpt lat="40.7709480" lon="-74.0243330">
    <ele>51.9</ele>
    <time>2026-01-14T23:16:43Z</time>
   </trkpt>
   <trkpt lat="40.7709500" lon="-74.0243350">
    <ele>51.9</ele>
    <time>2026-01-14T23:16:44Z</time>
   </trkpt>
   <trkpt lat="40.7709500" lon="-74.0243350">
    <ele>51.9</ele>
    <time>2026-01-14T23:16:45Z</time>
   </trkpt>
   <trkpt lat="40.7709500" lon="-74.0243350">
    <ele>51.9</ele>
    <time>2026-01-14T23:16:46Z</time>
   </trkpt>
   <trkpt lat="40.7709500" lon="-74.0243350">
    <ele>51.9</ele>
    <time>2026-01-14T23:16:47Z</time>
   </trkpt>
   <trkpt lat="40.7709500" lon="-74.0243360">
    <ele>51.9</ele>
    <time>2026-01-14T23:16:48Z</time>
   </trkpt>
   <trkpt lat="40.7709480" lon="-74.0243280">
    <ele>51.9</ele>
    <time>2026-01-14T23:16:49Z</time>
   </trkpt>
   <trkpt lat="40.7709490" lon="-74.0243260">
    <ele>51.9</ele>
    <time>2026-01-14T23:16:50Z</time>
   </trkpt>
   <trkpt lat="40.7709540" lon="-74.0243210">
    <ele>51.9</ele>
    <time>2026-01-14T23:16:51Z</time>
   </trkpt>
   <trkpt lat="40.7709420" lon="-74.0243070">
    <ele>51.8</ele>
    <time>2026-01-14T23:16:52Z</time>
   </trkpt>
   <trkpt lat="40.7709460" lon="-74.0243160">
    <ele>51.7</ele>
    <time>2026-01-14T23:16:53Z</time>
   </trkpt>
   <trkpt lat="40.7709450" lon="-74.0243180">
    <ele>51.7</ele>
    <time>2026-01-14T23:16:54Z</time>
   </trkpt>
   <trkpt lat="40.7709490" lon="-74.0243170">
    <ele>51.7</ele>
    <time>2026-01-14T23:16:55Z</time>
   </trkpt>
   <trkpt lat="40.7709610" lon="-74.0243110">
    <ele>51.6</ele>
    <time>2026-01-14T23:16:56Z</time>
   </trkpt>
   <trkpt lat="40.7709580" lon="-74.0243070">
    <ele>51.6</ele>
    <time>2026-01-14T23:16:57Z</time>
   </trkpt>
   <trkpt lat="40.7709520" lon="-74.0243030">
    <ele>51.6</ele>
    <time>2026-01-14T23:16:58Z</time>
   </trkpt>
   <trkpt lat="40.7709530" lon="-74.0243070">
    <ele>51.6</ele>
    <time>2026-01-14T23:16:59Z</time>
   </trkpt>
   <trkpt lat="40.7709580" lon="-74.0243200">
    <ele>51.5</ele>
    <time>2026-01-14T23:17:00Z</time>
   </trkpt>
   <trkpt lat="40.7709680" lon="-74.0243390">
    <ele>51.4</ele>
    <time>2026-01-14T23:17:01Z</time>
   </trkpt>
   <trkpt lat="40.7709790" lon="-74.0243520">
    <ele>51.3</ele>
    <time>2026-01-14T23:17:02Z</time>
   </trkpt>
   <trkpt lat="40.7709790" lon="-74.0243430">
    <ele>51.3</ele>
    <time>2026-01-14T23:17:03Z</time>
   </trkpt>
   <trkpt lat="40.7709730" lon="-74.0243470">
    <ele>51.3</ele>
    <time>2026-01-14T23:17:04Z</time>
   </trkpt>
   <trkpt lat="40.7709670" lon="-74.0243530">
    <ele>51.2</ele>
    <time>2026-01-14T23:17:05Z</time>
   </trkpt>
   <trkpt lat="40.7709680" lon="-74.0243530">
    <ele>51.2</ele>
    <time>2026-01-14T23:17:06Z</time>
   </trkpt>
   <trkpt lat="40.7709680" lon="-74.0243530">
    <ele>51.2</ele>
    <time>2026-01-14T23:17:07Z</time>
   </trkpt>
   <trkpt lat="40.7709680" lon="-74.0243530">
    <ele>51.2</ele>
    <time>2026-01-14T23:17:08Z</time>
   </trkpt>
   <trkpt lat="40.7709680" lon="-74.0243530">
    <ele>51.2</ele>
    <time>2026-01-14T23:17:09Z</time>
   </trkpt>
   <trkpt lat="40.7709680" lon="-74.0243530">
    <ele>51.2</ele>
    <time>2026-01-14T23:17:10Z</time>
   </trkpt>
   <trkpt lat="40.7709700" lon="-74.0243570">
    <ele>51.2</ele>
    <time>2026-01-14T23:17:11Z</time>
   </trkpt>
   <trkpt lat="40.7709760" lon="-74.0243590">
    <ele>51.2</ele>
    <time>2026-01-14T23:17:12Z</time>
   </trkpt>
   <trkpt lat="40.7709760" lon="-74.0243590">
    <ele>51.2</ele>
    <time>2026-01-14T23:17:13Z</time>
   </trkpt>
   <trkpt lat="40.7709760" lon="-74.0243590">
    <ele>51.2</ele>
    <time>2026-01-14T23:17:14Z</time>
   </trkpt>
   <trkpt lat="40.7709760" lon="-74.0243590">
    <ele>51.2</ele>
    <time>2026-01-14T23:17:15Z</time>
   </trkpt>
   <trkpt lat="40.7709760" lon="-74.0243590">
    <ele>51.2</ele>
    <time>2026-01-14T23:17:16Z</time>
   </trkpt>
   <trkpt lat="40.7709760" lon="-74.0243590">
    <ele>51.2</ele>
    <time>2026-01-14T23:17:17Z</time>
   </trkpt>
   <trkpt lat="40.7709910" lon="-74.0243700">
    <ele>51.1</ele>
    <time>2026-01-14T23:17:18Z</time>
   </trkpt>
   <trkpt lat="40.7709850" lon="-74.0243590">
    <ele>51.0</ele>
    <time>2026-01-14T23:17:19Z</time>
   </trkpt>
   <trkpt lat="40.7709760" lon="-74.0243480">
    <ele>51.0</ele>
    <time>2026-01-14T23:17:20Z</time>
   </trkpt>
   <trkpt lat="40.7709870" lon="-74.0243650">
    <ele>51.1</ele>
    <time>2026-01-14T23:17:21Z</time>
   </trkpt>
   <trkpt lat="40.7709580" lon="-74.0243750">
    <ele>51.0</ele>
    <time>2026-01-14T23:17:22Z</time>
   </trkpt>
   <trkpt lat="40.7709490" lon="-74.0243750">
    <ele>50.8</ele>
    <time>2026-01-14T23:17:23Z</time>
   </trkpt>
   <trkpt lat="40.7709420" lon="-74.0243750">
    <ele>50.8</ele>
    <time>2026-01-14T23:17:24Z</time>
   </trkpt>
   <trkpt lat="40.7709350" lon="-74.0243740">
    <ele>50.8</ele>
    <time>2026-01-14T23:17:25Z</time>
   </trkpt>
   <trkpt lat="40.7709280" lon="-74.0243740">
    <ele>50.8</ele>
    <time>2026-01-14T23:17:26Z</time>
   </trkpt>
   <trkpt lat="40.7709220" lon="-74.0243740">
    <ele>50.8</ele>
    <time>2026-01-14T23:17:28Z</time>
   </trkpt>
   <trkpt lat="40.7709150" lon="-74.0243740">
    <ele>50.6</ele>
    <time>2026-01-14T23:17:29Z</time>
   </trkpt>
   <trkpt lat="40.7709080" lon="-74.0243730">
    <ele>50.6</ele>
    <time>2026-01-14T23:17:30Z</time>
   </trkpt>
   <trkpt lat="40.7709010" lon="-74.0243730">
    <ele>50.7</ele>
    <time>2026-01-14T23:17:31Z</time>
   </trkpt>
   <trkpt lat="40.7708940" lon="-74.0243730">
    <ele>50.7</ele>
    <time>2026-01-14T23:17:32Z</time>
   </trkpt>
   <trkpt lat="40.7708900" lon="-74.0244530">
    <ele>51.1</ele>
    <time>2026-01-14T23:18:07Z</time>
   </trkpt>
   <trkpt lat="40.7709170" lon="-74.0244390">
    <ele>51.1</ele>
    <time>2026-01-14T23:18:08Z</time>
   </trkpt>
   <trkpt lat="40.7709140" lon="-74.0244540">
    <ele>51.1</ele>
    <time>2026-01-14T23:18:09Z</time>
   </trkpt>
   <trkpt lat="40.7709070" lon="-74.0244610">
    <ele>51.1</ele>
    <time>2026-01-14T23:18:10Z</time>
   </trkpt>
   <trkpt lat="40.7709010" lon="-74.0244670">
    <ele>51.3</ele>
    <time>2026-01-14T23:18:11Z</time>
   </trkpt>
   <trkpt lat="40.7708940" lon="-74.0244740">
    <ele>51.3</ele>
    <time>2026-01-14T23:18:12Z</time>
   </trkpt>
   <trkpt lat="40.7708870" lon="-74.0244930">
    <ele>51.3</ele>
    <time>2026-01-14T23:18:13Z</time>
   </trkpt>
   <trkpt lat="40.7708850" lon="-74.0245050">
    <ele>51.3</ele>
    <time>2026-01-14T23:18:14Z</time>
   </trkpt>
   <trkpt lat="40.7708840" lon="-74.0245180">
    <ele>51.6</ele>
    <time>2026-01-14T23:18:15Z</time>
   </trkpt>
   <trkpt lat="40.7708820" lon="-74.0245300">
    <ele>51.6</ele>
    <time>2026-01-14T23:18:16Z</time>
   </trkpt>
   <trkpt lat="40.7708800" lon="-74.0245420">
    <ele>51.6</ele>
    <time>2026-01-14T23:18:17Z</time>
   </trkpt>
   <trkpt lat="40.7708780" lon="-74.0245540">
    <ele>51.9</ele>
    <time>2026-01-14T23:18:18Z</time>
   </trkpt>
   <trkpt lat="40.7708750" lon="-74.0245910">
    <ele>51.9</ele>
    <time>2026-01-14T23:18:19Z</time>
   </trkpt>
   <trkpt lat="40.7708780" lon="-74.0246050">
    <ele>52.2</ele>
    <time>2026-01-14T23:18:20Z</time>
   </trkpt>
   <trkpt lat="40.7708800" lon="-74.0246160">
    <ele>52.2</ele>
    <time>2026-01-14T23:18:21Z</time>
   </trkpt>
   <trkpt lat="40.7708810" lon="-74.0246280">
    <ele>52.2</ele>
    <time>2026-01-14T23:18:22Z</time>
   </trkpt>
   <trkpt lat="40.7708830" lon="-74.0246390">
    <ele>52.6</ele>
    <time>2026-01-14T23:18:23Z</time>
   </trkpt>
   <trkpt lat="40.7708870" lon="-74.0246560">
    <ele>52.6</ele>
    <time>2026-01-14T23:18:24Z</time>
   </trkpt>
   <trkpt lat="40.7708890" lon="-74.0246660">
    <ele>52.6</ele>
    <time>2026-01-14T23:18:25Z</time>
   </trkpt>
   <trkpt lat="40.7708910" lon="-74.0246750">
    <ele>52.6</ele>
    <time>2026-01-14T23:18:26Z</time>
   </trkpt>
   <trkpt lat="40.7708930" lon="-74.0246840">
    <ele>53.0</ele>
    <time>2026-01-14T23:18:27Z</time>
   </trkpt>
   <trkpt lat="40.7708950" lon="-74.0246940">
    <ele>53.0</ele>
    <time>2026-01-14T23:18:28Z</time>
   </trkpt>
   <trkpt lat="40.7708970" lon="-74.0247030">
    <ele>53.0</ele>
    <time>2026-01-14T23:18:29Z</time>
   </trkpt>
   <trkpt lat="40.7709110" lon="-74.0247230">
    <ele>53.3</ele>
    <time>2026-01-14T23:18:30Z</time>
   </trkpt>
   <trkpt lat="40.7709210" lon="-74.0247270">
    <ele>53.3</ele>
    <time>2026-01-14T23:18:31Z</time>
   </trkpt>
   <trkpt lat="40.7709310" lon="-74.0247320">
    <ele>53.2</ele>
    <time>2026-01-14T23:18:32Z</time>
   </trkpt>
   <trkpt lat="40.7709410" lon="-74.0247360">
    <ele>53.3</ele>
    <time>2026-01-14T23:18:33Z</time>
   </trkpt>
   <trkpt lat="40.7709510" lon="-74.0247400">
    <ele>53.3</ele>
    <time>2026-01-14T23:18:34Z</time>
   </trkpt>
   <trkpt lat="40.7709610" lon="-74.0247440">
    <ele>53.2</ele>
    <time>2026-01-14T23:18:35Z</time>
   </trkpt>
   <trkpt lat="40.7709710" lon="-74.0247490">
    <ele>53.2</ele>
    <time>2026-01-14T23:18:36Z</time>
   </trkpt>
   <trkpt lat="40.7709810" lon="-74.0247530">
    <ele>53.2</ele>
    <time>2026-01-14T23:18:37Z</time>
   </trkpt>
   <trkpt lat="40.7709910" lon="-74.0247570">
    <ele>53.2</ele>
    <time>2026-01-14T23:18:38Z</time>
   </trkpt>
   <trkpt lat="40.7709910" lon="-74.0247570">
    <ele>53.2</ele>
    <time>2026-01-14T23:18:39Z</time>
   </trkpt>
   <trkpt lat="40.7709910" lon="-74.0247570">
    <ele>53.2</ele>
    <time>2026-01-14T23:18:40Z</time>
   </trkpt>
   <trkpt lat="40.7709990" lon="-74.0247340">
    <ele>53.2</ele>
    <time>2026-01-14T23:18:41Z</time>
   </trkpt>
   <trkpt lat="40.7709980" lon="-74.0247430">
    <ele>53.2</ele>
    <time>2026-01-14T23:18:42Z</time>
   </trkpt>
   <trkpt lat="40.7709950" lon="-74.0247490">
    <ele>53.2</ele>
    <time>2026-01-14T23:18:43Z</time>
   </trkpt>
   <trkpt lat="40.7709880" lon="-74.0247760">
    <ele>53.5</ele>
    <time>2026-01-14T23:18:44Z</time>
   </trkpt>
   <trkpt lat="40.7709840" lon="-74.0248000">
    <ele>53.4</ele>
    <time>2026-01-14T23:18:45Z</time>
   </trkpt>
   <trkpt lat="40.7709780" lon="-74.0247870">
    <ele>53.4</ele>
    <time>2026-01-14T23:18:46Z</time>
   </trkpt>
   <trkpt lat="40.7709790" lon="-74.0247680">
    <ele>53.4</ele>
    <time>2026-01-14T23:18:47Z</time>
   </trkpt>
   <trkpt lat="40.7709810" lon="-74.0247500">
    <ele>53.3</ele>
    <time>2026-01-14T23:18:48Z</time>
   </trkpt>
   <trkpt lat="40.7709830" lon="-74.0247420">
    <ele>53.3</ele>
    <time>2026-01-14T23:18:49Z</time>
   </trkpt>
   <trkpt lat="40.7709750" lon="-74.0247140">
    <ele>53.0</ele>
    <time>2026-01-14T23:18:50Z</time>
   </trkpt>
   <trkpt lat="40.7709690" lon="-74.0247210">
    <ele>53.3</ele>
    <time>2026-01-14T23:18:51Z</time>
   </trkpt>
   <trkpt lat="40.7709620" lon="-74.0247280">
    <ele>53.3</ele>
    <time>2026-01-14T23:18:52Z</time>
   </trkpt>
   <trkpt lat="40.7709560" lon="-74.0247360">
    <ele>53.3</ele>
    <time>2026-01-14T23:18:53Z</time>
   </trkpt>
   <trkpt lat="40.7709490" lon="-74.0247430">
    <ele>53.3</ele>
    <time>2026-01-14T23:18:54Z</time>
   </trkpt>
   <trkpt lat="40.7709430" lon="-74.0247500">
    <ele>53.3</ele>
    <time>2026-01-14T23:18:55Z</time>
   </trkpt>
   <trkpt lat="40.7709430" lon="-74.0247500">
    <ele>53.3</ele>
    <time>2026-01-14T23:18:56Z</time>
   </trkpt>
   <trkpt lat="40.7709430" lon="-74.0247500">
    <ele>53.3</ele>
    <time>2026-01-14T23:18:57Z</time>
   </trkpt>
   <trkpt lat="40.7709390" lon="-74.0247160">
    <ele>53.1</ele>
    <time>2026-01-14T23:18:58Z</time>
   </trkpt>
   <trkpt lat="40.7709390" lon="-74.0247160">
    <ele>53.1</ele>
    <time>2026-01-14T23:18:59Z</time>
   </trkpt>
   <trkpt lat="40.7709290" lon="-74.0247080">
    <ele>53.1</ele>
    <time>2026-01-14T23:19:00Z</time>
   </trkpt>
   <trkpt lat="40.7709290" lon="-74.0247080">
    <ele>53.1</ele>
    <time>2026-01-14T23:19:01Z</time>
   </trkpt>
   <trkpt lat="40.7709300" lon="-74.0247290">
    <ele>53.3</ele>
    <time>2026-01-14T23:19:02Z</time>
   </trkpt>
   <trkpt lat="40.7709370" lon="-74.0247330">
    <ele>53.3</ele>
    <time>2026-01-14T23:19:03Z</time>
   </trkpt>
   <trkpt lat="40.7709410" lon="-74.0247420">
    <ele>53.3</ele>
    <time>2026-01-14T23:19:04Z</time>
   </trkpt>
   <trkpt lat="40.7709410" lon="-74.0247400">
    <ele>53.3</ele>
    <time>2026-01-14T23:19:05Z</time>
   </trkpt>
   <trkpt lat="40.7709400" lon="-74.0247380">
    <ele>53.3</ele>
    <time>2026-01-14T23:19:06Z</time>
   </trkpt>
   <trkpt lat="40.7709380" lon="-74.0247370">
    <ele>53.3</ele>
    <time>2026-01-14T23:19:07Z</time>
   </trkpt>
   <trkpt lat="40.7709370" lon="-74.0247350">
    <ele>53.3</ele>
    <time>2026-01-14T23:19:08Z</time>
   </trkpt>
   <trkpt lat="40.7709360" lon="-74.0247330">
    <ele>53.3</ele>
    <time>2026-01-14T23:19:09Z</time>
   </trkpt>
   <trkpt lat="40.7709350" lon="-74.0247310">
    <ele>53.3</ele>
    <time>2026-01-14T23:19:10Z</time>
   </trkpt>
   <trkpt lat="40.7709330" lon="-74.0247290">
    <ele>53.3</ele>
    <time>2026-01-14T23:19:11Z</time>
   </trkpt>
   <trkpt lat="40.7709320" lon="-74.0247280">
    <ele>53.4</ele>
    <time>2026-01-14T23:19:12Z</time>
   </trkpt>
   <trkpt lat="40.7709310" lon="-74.0247260">
    <ele>53.4</ele>
    <time>2026-01-14T23:19:13Z</time>
   </trkpt>
   <trkpt lat="40.7709300" lon="-74.0247240">
    <ele>53.4</ele>
    <time>2026-01-14T23:19:14Z</time>
   </trkpt>
   <trkpt lat="40.7709280" lon="-74.0247220">
    <ele>53.4</ele>
    <time>2026-01-14T23:19:15Z</time>
   </trkpt>
   <trkpt lat="40.7709270" lon="-74.0247200">
    <ele>53.1</ele>
    <time>2026-01-14T23:19:16Z</time>
   </trkpt>
   <trkpt lat="40.7709260" lon="-74.0247190">
    <ele>53.1</ele>
    <time>2026-01-14T23:19:17Z</time>
   </trkpt>
   <trkpt lat="40.7709250" lon="-74.0247170">
    <ele>53.1</ele>
    <time>2026-01-14T23:19:18Z</time>
   </trkpt>
   <trkpt lat="40.7709230" lon="-74.0247150">
    <ele>53.1</ele>
    <time>2026-01-14T23:19:19Z</time>
   </trkpt>
   <trkpt lat="40.7709220" lon="-74.0247130">
    <ele>53.1</ele>
    <time>2026-01-14T23:19:20Z</time>
   </trkpt>
   <trkpt lat="40.7709210" lon="-74.0247110">
    <ele>53.1</ele>
    <time>2026-01-14T23:19:21Z</time>
   </trkpt>
   <trkpt lat="40.7709200" lon="-74.0247100">
    <ele>53.1</ele>
    <time>2026-01-14T23:19:22Z</time>
   </trkpt>
   <trkpt lat="40.7709180" lon="-74.0247080">
    <ele>53.1</ele>
    <time>2026-01-14T23:19:23Z</time>
   </trkpt>
   <trkpt lat="40.7709170" lon="-74.0247060">
    <ele>53.1</ele>
    <time>2026-01-14T23:19:24Z</time>
   </trkpt>
   <trkpt lat="40.7709400" lon="-74.0246830">
    <ele>53.1</ele>
    <time>2026-01-14T23:19:25Z</time>
   </trkpt>
   <trkpt lat="40.7709550" lon="-74.0246660">
    <ele>52.8</ele>
    <time>2026-01-14T23:19:26Z</time>
   </trkpt>
   <trkpt lat="40.7709690" lon="-74.0246500">
    <ele>52.8</ele>
    <time>2026-01-14T23:19:27Z</time>
   </trkpt>
   <trkpt lat="40.7709840" lon="-74.0246330">
    <ele>52.5</ele>
    <time>2026-01-14T23:19:28Z</time>
   </trkpt>
   <trkpt lat="40.7709990" lon="-74.0246160">
    <ele>52.5</ele>
    <time>2026-01-14T23:19:29Z</time>
   </trkpt>
   <trkpt lat="40.7710240" lon="-74.0245930">
    <ele>52.5</ele>
    <time>2026-01-14T23:19:30Z</time>
   </trkpt>
   <trkpt lat="40.7708710" lon="-74.0246630">
    <ele>52.8</ele>
    <time>2026-01-14T23:19:31Z</time>
   </trkpt>
   <trkpt lat="40.7708510" lon="-74.0246340">
    <ele>52.3</ele>
    <time>2026-01-14T23:19:32Z</time>
   </trkpt>
   <trkpt lat="40.7707320" lon="-74.0245390">
    <ele>51.8</ele>
    <time>2026-01-14T23:19:33Z</time>
   </trkpt>
   <trkpt lat="40.7707770" lon="-74.0245310">
    <ele>51.8</ele>
    <time>2026-01-14T23:19:34Z</time>
   </trkpt>
   <trkpt lat="40.7708250" lon="-74.0244790">
    <ele>51.5</ele>
    <time>2026-01-14T23:19:35Z</time>
   </trkpt>
   <trkpt lat="40.7708650" lon="-74.0244500">
    <ele>51.3</ele>
    <time>2026-01-14T23:19:36Z</time>
   </trkpt>
   <trkpt lat="40.7709040" lon="-74.0244210">
    <ele>51.3</ele>
    <time>2026-01-14T23:19:37Z</time>
   </trkpt>
   <trkpt lat="40.7709010" lon="-74.0243990">
    <ele>51.1</ele>
    <time>2026-01-14T23:19:38Z</time>
   </trkpt>
   <trkpt lat="40.7708730" lon="-74.0244330">
    <ele>51.3</ele>
    <time>2026-01-14T23:19:39Z</time>
   </trkpt>
   <trkpt lat="40.7708430" lon="-74.0244920">
    <ele>51.5</ele>
    <time>2026-01-14T23:19:40Z</time>
   </trkpt>
   <trkpt lat="40.7708110" lon="-74.0245440">
    <ele>51.8</ele>
    <time>2026-01-14T23:19:41Z</time>
   </trkpt>
   <trkpt lat="40.7707800" lon="-74.0245960">
    <ele>52.3</ele>
    <time>2026-01-14T23:19:42Z</time>
   </trkpt>
   <trkpt lat="40.7707660" lon="-74.0246090">
    <ele>52.3</ele>
    <time>2026-01-14T23:19:43Z</time>
   </trkpt>
   <trkpt lat="40.7707600" lon="-74.0246270">
    <ele>52.3</ele>
    <time>2026-01-14T23:19:44Z</time>
   </trkpt>
   <trkpt lat="40.7707640" lon="-74.0246410">
    <ele>52.6</ele>
    <time>2026-01-14T23:19:45Z</time>
   </trkpt>
   <trkpt lat="40.7707730" lon="-74.0246490">
    <ele>52.6</ele>
    <time>2026-01-14T23:19:46Z</time>
   </trkpt>
   <trkpt lat="40.7707830" lon="-74.0246560">
    <ele>52.6</ele>
    <time>2026-01-14T23:19:47Z</time>
   </trkpt>
   <trkpt lat="40.7707920" lon="-74.0246640">
    <ele>52.7</ele>
    <time>2026-01-14T23:19:48Z</time>
   </trkpt>
   <trkpt lat="40.7708020" lon="-74.0246710">
    <ele>52.7</ele>
    <time>2026-01-14T23:19:49Z</time>
   </trkpt>
   <trkpt lat="40.7708160" lon="-74.0246330">
    <ele>52.3</ele>
    <time>2026-01-14T23:19:50Z</time>
   </trkpt>
   <trkpt lat="40.7708250" lon="-74.0246150">
    <ele>52.4</ele>
    <time>2026-01-14T23:19:51Z</time>
   </trkpt>
   <trkpt lat="40.7708330" lon="-74.0245960">
    <ele>52.4</ele>
    <time>2026-01-14T23:19:52Z</time>
   </trkpt>
   <trkpt lat="40.7708420" lon="-74.0245780">
    <ele>52.1</ele>
    <time>2026-01-14T23:19:53Z</time>
   </trkpt>
   <trkpt lat="40.7708510" lon="-74.0245600">
    <ele>52.1</ele>
    <time>2026-01-14T23:19:54Z</time>
   </trkpt>
   <trkpt lat="40.7708590" lon="-74.0245410">
    <ele>51.9</ele>
    <time>2026-01-14T23:19:55Z</time>
   </trkpt>
   <trkpt lat="40.7708680" lon="-74.0245230">
    <ele>51.9</ele>
    <time>2026-01-14T23:19:56Z</time>
   </trkpt>
   <trkpt lat="40.7708760" lon="-74.0245040">
    <ele>51.6</ele>
    <time>2026-01-14T23:19:57Z</time>
   </trkpt>
   <trkpt lat="40.7708850" lon="-74.0244860">
    <ele>51.6</ele>
    <time>2026-01-14T23:19:58Z</time>
   </trkpt>
   <trkpt lat="40.7708940" lon="-74.0244680">
    <ele>51.6</ele>
    <time>2026-01-14T23:19:59Z</time>
   </trkpt>
   <trkpt lat="40.7709020" lon="-74.0244490">
    <ele>51.4</ele>
    <time>2026-01-14T23:20:00Z</time>
   </trkpt>
   <trkpt lat="40.7709110" lon="-74.0244310">
    <ele>51.4</ele>
    <time>2026-01-14T23:20:01Z</time>
   </trkpt>
   <trkpt lat="40.7709200" lon="-74.0244130">
    <ele>51.2</ele>
    <time>2026-01-14T23:20:02Z</time>
   </trkpt>
   <trkpt lat="40.7709280" lon="-74.0243940">
    <ele>51.3</ele>
    <time>2026-01-14T23:20:03Z</time>
   </trkpt>
   <trkpt lat="40.7709370" lon="-74.0243760">
    <ele>51.1</ele>
    <time>2026-01-14T23:20:05Z</time>
   </trkpt>
   <trkpt lat="40.7709450" lon="-74.0243570">
    <ele>51.1</ele>
    <time>2026-01-14T23:20:28Z</time>
   </trkpt>
   <trkpt lat="40.7709540" lon="-74.0243390">
    <ele>51.1</ele>
    <time>2026-01-14T23:20:29Z</time>
   </trkpt>
   <trkpt lat="40.7709390" lon="-74.0243510">
    <ele>51.1</ele>
    <time>2026-01-14T23:20:30Z</time>
   </trkpt>
   <trkpt lat="40.7709390" lon="-74.0243330">
    <ele>51.0</ele>
    <time>2026-01-14T23:20:31Z</time>
   </trkpt>
   <trkpt lat="40.7709140" lon="-74.0243440">
    <ele>51.0</ele>
    <time>2026-01-14T23:20:32Z</time>
   </trkpt>
   <trkpt lat="40.7709110" lon="-74.0243420">
    <ele>51.0</ele>
    <time>2026-01-14T23:20:33Z</time>
   </trkpt>
   <trkpt lat="40.7709110" lon="-74.0243450">
    <ele>51.0</ele>
    <time>2026-01-14T23:20:34Z</time>
   </trkpt>
   <trkpt lat="40.7709110" lon="-74.0243450">
    <ele>51.0</ele>
    <time>2026-01-14T23:20:36Z</time>
   </trkpt>
   <trkpt lat="40.7709270" lon="-74.0243430">
    <ele>51.2</ele>
    <time>2026-01-14T23:20:37Z</time>
   </trkpt>
   <trkpt lat="40.7709270" lon="-74.0243430">
    <ele>51.2</ele>
    <time>2026-01-14T23:20:38Z</time>
   </trkpt>
   <trkpt lat="40.7709220" lon="-74.0243430">
    <ele>51.2</ele>
    <time>2026-01-14T23:20:39Z</time>
   </trkpt>
   <trkpt lat="40.7709190" lon="-74.0243460">
    <ele>51.0</ele>
    <time>2026-01-14T23:20:40Z</time>
   </trkpt>
   <trkpt lat="40.7709190" lon="-74.0243460">
    <ele>51.0</ele>
    <time>2026-01-14T23:20:41Z</time>
   </trkpt>
   <trkpt lat="40.7709190" lon="-74.0243460">
    <ele>51.0</ele>
    <time>2026-01-14T23:20:42Z</time>
   </trkpt>
   <trkpt lat="40.7709190" lon="-74.0243460">
    <ele>51.0</ele>
    <time>2026-01-14T23:20:43Z</time>
   </trkpt>
   <trkpt lat="40.7709190" lon="-74.0243460">
    <ele>51.0</ele>
    <time>2026-01-14T23:20:44Z</time>
   </trkpt>
   <trkpt lat="40.7709430" lon="-74.0243440">
    <ele>51.2</ele>
    <time>2026-01-14T23:20:45Z</time>
   </trkpt>
   <trkpt lat="40.7709350" lon="-74.0243490">
    <ele>51.2</ele>
    <time>2026-01-14T23:20:46Z</time>
   </trkpt>
   <trkpt lat="40.7709310" lon="-74.0243510">
    <ele>51.2</ele>
    <time>2026-01-14T23:20:47Z</time>
   </trkpt>
   <trkpt lat="40.7709260" lon="-74.0243530">
    <ele>51.2</ele>
    <time>2026-01-14T23:20:48Z</time>
   </trkpt>
   <trkpt lat="40.7709220" lon="-74.0243560">
    <ele>51.2</ele>
    <time>2026-01-14T23:20:49Z</time>
   </trkpt>
   <trkpt lat="40.7709170" lon="-74.0243580">
    <ele>51.0</ele>
    <time>2026-01-14T23:20:50Z</time>
   </trkpt>
   <trkpt lat="40.7709130" lon="-74.0243600">
    <ele>51.0</ele>
    <time>2026-01-14T23:20:51Z</time>
   </trkpt>
   <trkpt lat="40.7709080" lon="-74.0243620">
    <ele>51.0</ele>
    <time>2026-01-14T23:20:52Z</time>
   </trkpt>
   <trkpt lat="40.7709050" lon="-74.0243680">
    <ele>51.0</ele>
    <time>2026-01-14T23:20:53Z</time>
   </trkpt>
   <trkpt lat="40.7709080" lon="-74.0243780">
    <ele>51.2</ele>
    <time>2026-01-14T23:20:54Z</time>
   </trkpt>
   <trkpt lat="40.7709110" lon="-74.0243780">
    <ele>51.2</ele>
    <time>2026-01-14T23:20:55Z</time>
   </trkpt>
   <trkpt lat="40.7709110" lon="-74.0243770">
    <ele>51.2</ele>
    <time>2026-01-14T23:20:56Z</time>
   </trkpt>
   <trkpt lat="40.7709110" lon="-74.0243770">
    <ele>51.2</ele>
    <time>2026-01-14T23:20:57Z</time>
   </trkpt>
   <trkpt lat="40.7709190" lon="-74.0243960">
    <ele>51.2</ele>
    <time>2026-01-14T23:20:58Z</time>
   </trkpt>
   <trkpt lat="40.7709270" lon="-74.0243950">
    <ele>51.4</ele>
    <time>2026-01-14T23:20:59Z</time>
   </trkpt>
   <trkpt lat="40.7709420" lon="-74.0243900">
    <ele>51.4</ele>
    <time>2026-01-14T23:21:00Z</time>
   </trkpt>
   <trkpt lat="40.7709480" lon="-74.0243950">
    <ele>51.4</ele>
    <time>2026-01-14T23:21:01Z</time>
   </trkpt>
   <trkpt lat="40.7709450" lon="-74.0243980">
    <ele>51.4</ele>
    <time>2026-01-14T23:21:02Z</time>
   </trkpt>
   <trkpt lat="40.7709460" lon="-74.0244020">
    <ele>51.4</ele>
    <time>2026-01-14T23:21:03Z</time>
   </trkpt>
   <trkpt lat="40.7709600" lon="-74.0244000">
    <ele>51.6</ele>
    <time>2026-01-14T23:21:04Z</time>
   </trkpt>
   <trkpt lat="40.7709670" lon="-74.0244000">
    <ele>51.6</ele>
    <time>2026-01-14T23:21:05Z</time>
   </trkpt>
   <trkpt lat="40.7709690" lon="-74.0244020">
    <ele>51.6</ele>
    <time>2026-01-14T23:21:06Z</time>
   </trkpt>
   <trkpt lat="40.7709780" lon="-74.0244050">
    <ele>51.6</ele>
    <time>2026-01-14T23:21:07Z</time>
   </trkpt>
   <trkpt lat="40.7709870" lon="-74.0244050">
    <ele>51.7</ele>
    <time>2026-01-14T23:21:08Z</time>
   </trkpt>
   <trkpt lat="40.7709900" lon="-74.0244040">
    <ele>51.7</ele>
    <time>2026-01-14T23:21:09Z</time>
   </trkpt>
   <trkpt lat="40.7709930" lon="-74.0244020">
    <ele>51.7</ele>
    <time>2026-01-14T23:21:10Z</time>
   </trkpt>
   <trkpt lat="40.7709960" lon="-74.0244010">
    <ele>51.7</ele>
    <time>2026-01-14T23:21:11Z</time>
   </trkpt>
   <trkpt lat="40.7709990" lon="-74.0244000">
    <ele>51.7</ele>
    <time>2026-01-14T23:21:12Z</time>
   </trkpt>
   <trkpt lat="40.7710020" lon="-74.0243990">
    <ele>51.7</ele>
    <time>2026-01-14T23:21:13Z</time>
   </trkpt>
   <trkpt lat="40.7710040" lon="-74.0243970">
    <ele>51.7</ele>
    <time>2026-01-14T23:21:14Z</time>
   </trkpt>
   <trkpt lat="40.7710070" lon="-74.0243960">
    <ele>51.7</ele>
    <time>2026-01-14T23:21:15Z</time>
   </trkpt>
   <trkpt lat="40.7710100" lon="-74.0243950">
    <ele>51.7</ele>
    <time>2026-01-14T23:21:16Z</time>
   </trkpt>
   <trkpt lat="40.7710130" lon="-74.0243940">
    <ele>51.7</ele>
    <time>2026-01-14T23:21:17Z</time>
   </trkpt>
   <trkpt lat="40.7710160" lon="-74.0243920">
    <ele>51.7</ele>
    <time>2026-01-14T23:21:18Z</time>
   </trkpt>
   <trkpt lat="40.7710190" lon="-74.0243910">
    <ele>51.7</ele>
    <time>2026-01-14T23:21:19Z</time>
   </trkpt>
   <trkpt lat="40.7710090" lon="-74.0243900">
    <ele>51.7</ele>
    <time>2026-01-14T23:21:20Z</time>
   </trkpt>
   <trkpt lat="40.7710000" lon="-74.0243870">
    <ele>51.7</ele>
    <time>2026-01-14T23:21:21Z</time>
   </trkpt>
   <trkpt lat="40.7709910" lon="-74.0243850">
    <ele>51.7</ele>
    <time>2026-01-14T23:21:22Z</time>
   </trkpt>
   <trkpt lat="40.7709820" lon="-74.0243830">
    <ele>51.6</ele>
    <time>2026-01-14T23:21:23Z</time>
   </trkpt>
   <trkpt lat="40.7709750" lon="-74.0243820">
    <ele>51.6</ele>
    <time>2026-01-14T23:21:24Z</time>
   </trkpt>
   <trkpt lat="40.7709930" lon="-74.0243790">
    <ele>51.7</ele>
    <time>2026-01-14T23:21:25Z</time>
   </trkpt>
   <trkpt lat="40.7710030" lon="-74.0243780">
    <ele>51.8</ele>
    <time>2026-01-14T23:21:26Z</time>
   </trkpt>
   <trkpt lat="40.7710100" lon="-74.0243710">
    <ele>51.6</ele>
    <time>2026-01-14T23:21:27Z</time>
   </trkpt>
   <trkpt lat="40.7710090" lon="-74.0243730">
    <ele>51.6</ele>
    <time>2026-01-14T23:21:28Z</time>
   </trkpt>
   <trkpt lat="40.7710120" lon="-74.0243710">
    <ele>51.6</ele>
    <time>2026-01-14T23:21:29Z</time>
   </trkpt>
   <trkpt lat="40.7710140" lon="-74.0243700">
    <ele>51.6</ele>
    <time>2026-01-14T23:21:30Z</time>
   </trkpt>
   <trkpt lat="40.7710170" lon="-74.0243680">
    <ele>51.6</ele>
    <time>2026-01-14T23:21:31Z</time>
   </trkpt>
   <trkpt lat="40.7710190" lon="-74.0243660">
    <ele>51.6</ele>
    <time>2026-01-14T23:21:32Z</time>
   </trkpt>
   <trkpt lat="40.7710210" lon="-74.0243640">
    <ele>51.1</ele>
    <time>2026-01-14T23:21:33Z</time>
   </trkpt>
   <trkpt lat="40.7710240" lon="-74.0243620">
    <ele>51.1</ele>
    <time>2026-01-14T23:21:34Z</time>
   </trkpt>
   <trkpt lat="40.7710260" lon="-74.0243610">
    <ele>51.2</ele>
    <time>2026-01-14T23:21:35Z</time>
   </trkpt>
   <trkpt lat="40.7710280" lon="-74.0243590">
    <ele>51.2</ele>
    <time>2026-01-14T23:21:36Z</time>
   </trkpt>
   <trkpt lat="40.7710310" lon="-74.0243570">
    <ele>51.2</ele>
    <time>2026-01-14T23:21:37Z</time>
   </trkpt>
   <trkpt lat="40.7710330" lon="-74.0243550">
    <ele>51.2</ele>
    <time>2026-01-14T23:21:38Z</time>
   </trkpt>
   <trkpt lat="40.7710360" lon="-74.0243530">
    <ele>51.2</ele>
    <time>2026-01-14T23:21:39Z</time>
   </trkpt>
   <trkpt lat="40.7710380" lon="-74.0243510">
    <ele>51.2</ele>
    <time>2026-01-14T23:21:40Z</time>
   </trkpt>
   <trkpt lat="40.7710400" lon="-74.0243500">
    <ele>51.2</ele>
    <time>2026-01-14T23:21:41Z</time>
   </trkpt>
   <trkpt lat="40.7710430" lon="-74.0243480">
    <ele>51.2</ele>
    <time>2026-01-14T23:21:42Z</time>
   </trkpt>
   <trkpt lat="40.7710450" lon="-74.0243460">
    <ele>51.2</ele>
    <time>2026-01-14T23:21:43Z</time>
   </trkpt>
   <trkpt lat="40.7710400" lon="-74.0243400">
    <ele>51.1</ele>
    <time>2026-01-14T23:21:44Z</time>
   </trkpt>
   <trkpt lat="40.7710320" lon="-74.0243340">
    <ele>51.1</ele>
    <time>2026-01-14T23:21:45Z</time>
   </trkpt>
   <trkpt lat="40.7710230" lon="-74.0243270">
    <ele>51.0</ele>
    <time>2026-01-14T23:21:46Z</time>
   </trkpt>
   <trkpt lat="40.7710150" lon="-74.0243210">
    <ele>50.9</ele>
    <time>2026-01-14T23:21:47Z</time>
   </trkpt>
   <trkpt lat="40.7710070" lon="-74.0243150">
    <ele>50.8</ele>
    <time>2026-01-14T23:21:48Z</time>
   </trkpt>
   <trkpt lat="40.7709920" lon="-74.0242850">
    <ele>50.6</ele>
    <time>2026-01-14T23:21:49Z</time>
   </trkpt>
   <trkpt lat="40.7709840" lon="-74.0242730">
    <ele>50.5</ele>
    <time>2026-01-14T23:21:50Z</time>
   </trkpt>
   <trkpt lat="40.7709670" lon="-74.0242260">
    <ele>50.2</ele>
    <time>2026-01-14T23:21:51Z</time>
   </trkpt>
   <trkpt lat="40.7709570" lon="-74.0242120">
    <ele>50.1</ele>
    <time>2026-01-14T23:21:52Z</time>
   </trkpt>
   <trkpt lat="40.7709460" lon="-74.0241750">
    <ele>49.9</ele>
    <time>2026-01-14T23:21:53Z</time>
   </trkpt>
   <trkpt lat="40.7709360" lon="-74.0241570">
    <ele>49.8</ele>
    <time>2026-01-14T23:21:54Z</time>
   </trkpt>
   <trkpt lat="40.7709320" lon="-74.0241160">
    <ele>49.6</ele>
    <time>2026-01-14T23:21:55Z</time>
   </trkpt>
   <trkpt lat="40.7709180" lon="-74.0240610">
    <ele>49.3</ele>
    <time>2026-01-14T23:21:56Z</time>
   </trkpt>
   <trkpt lat="40.7709130" lon="-74.0240370">
    <ele>49.1</ele>
    <time>2026-01-14T23:21:57Z</time>
   </trkpt>
   <trkpt lat="40.7708730" lon="-74.0240060">
    <ele>48.8</ele>
    <time>2026-01-14T23:21:58Z</time>
   </trkpt>
   <trkpt lat="40.7708340" lon="-74.0239570">
    <ele>48.4</ele>
    <time>2026-01-14T23:21:59Z</time>
   </trkpt>
   <trkpt lat="40.7708060" lon="-74.0239070">
    <ele>48.1</ele>
    <time>2026-01-14T23:22:00Z</time>
   </trkpt>
   <trkpt lat="40.7707650" lon="-74.0238700">
    <ele>47.8</ele>
    <time>2026-01-14T23:22:01Z</time>
   </trkpt>
   <trkpt lat="40.7707400" lon="-74.0238080">
    <ele>47.4</ele>
    <time>2026-01-14T23:22:02Z</time>
   </trkpt>
   <trkpt lat="40.7707240" lon="-74.0237410">
    <ele>47.1</ele>
    <time>2026-01-14T23:22:03Z</time>
   </trkpt>
   <trkpt lat="40.7707060" lon="-74.0236580">
    <ele>46.7</ele>
    <time>2026-01-14T23:22:04Z</time>
   </trkpt>
   <trkpt lat="40.7706770" lon="-74.0236110">
    <ele>46.5</ele>
    <time>2026-01-14T23:22:05Z</time>
   </trkpt>
   <trkpt lat="40.7706330" lon="-74.0235740">
    <ele>46.2</ele>
    <time>2026-01-14T23:22:06Z</time>
   </trkpt>
   <trkpt lat="40.7705960" lon="-74.0235100">
    <ele>46.0</ele>
    <time>2026-01-14T23:22:07Z</time>
   </trkpt>
   <trkpt lat="40.7705810" lon="-74.0234620">
    <ele>45.8</ele>
    <time>2026-01-14T23:22:08Z</time>
   </trkpt>
   <trkpt lat="40.7705620" lon="-74.0234340">
    <ele>45.7</ele>
    <time>2026-01-14T23:22:09Z</time>
   </trkpt>
   <trkpt lat="40.7705370" lon="-74.0234330">
    <ele>45.6</ele>
    <time>2026-01-14T23:22:10Z</time>
   </trkpt>
   <trkpt lat="40.7705340" lon="-74.0234290">
    <ele>45.6</ele>
    <time>2026-01-14T23:22:11Z</time>
   </trkpt>
   <trkpt lat="40.7705300" lon="-74.0234130">
    <ele>45.6</ele>
    <time>2026-01-14T23:22:12Z</time>
   </trkpt>
   <trkpt lat="40.7705340" lon="-74.0234040">
    <ele>45.5</ele>
    <time>2026-01-14T23:22:13Z</time>
   </trkpt>
   <trkpt lat="40.7705230" lon="-74.0233910">
    <ele>45.5</ele>
    <time>2026-01-14T23:22:14Z</time>
   </trkpt>
   <trkpt lat="40.7705040" lon="-74.0233630">
    <ele>45.4</ele>
    <time>2026-01-14T23:22:15Z</time>
   </trkpt>
   <trkpt lat="40.7704980" lon="-74.0233510">
    <ele>45.4</ele>
    <time>2026-01-14T23:22:16Z</time>
   </trkpt>
   <trkpt lat="40.7704860" lon="-74.0233310">
    <ele>45.3</ele>
    <time>2026-01-14T23:22:17Z</time>
   </trkpt>
   <trkpt lat="40.7704930" lon="-74.0233350">
    <ele>45.3</ele>
    <time>2026-01-14T23:22:18Z</time>
   </trkpt>
   <trkpt lat="40.7704850" lon="-74.0233380">
    <ele>45.3</ele>
    <time>2026-01-14T23:22:19Z</time>
   </trkpt>
   <trkpt lat="40.7704750" lon="-74.0233310">
    <ele>45.3</ele>
    <time>2026-01-14T23:22:20Z</time>
   </trkpt>
   <trkpt lat="40.7704370" lon="-74.0233440">
    <ele>45.1</ele>
    <time>2026-01-14T23:22:21Z</time>
   </trkpt>
   <trkpt lat="40.7704230" lon="-74.0233510">
    <ele>45.0</ele>
    <time>2026-01-14T23:22:22Z</time>
   </trkpt>
   <trkpt lat="40.7703880" lon="-74.0233840">
    <ele>44.9</ele>
    <time>2026-01-14T23:22:23Z</time>
   </trkpt>
   <trkpt lat="40.7703580" lon="-74.0234080">
    <ele>44.7</ele>
    <time>2026-01-14T23:22:24Z</time>
   </trkpt>
   <trkpt lat="40.7703270" lon="-74.0234400">
    <ele>44.6</ele>
    <time>2026-01-14T23:22:25Z</time>
   </trkpt>
   <trkpt lat="40.7702950" lon="-74.0234560">
    <ele>44.4</ele>
    <time>2026-01-14T23:22:26Z</time>
   </trkpt>
   <trkpt lat="40.7702700" lon="-74.0234760">
    <ele>44.3</ele>
    <time>2026-01-14T23:22:27Z</time>
   </trkpt>
   <trkpt lat="40.7702300" lon="-74.0234980">
    <ele>44.1</ele>
    <time>2026-01-14T23:22:28Z</time>
   </trkpt>
   <trkpt lat="40.7702010" lon="-74.0235120">
    <ele>44.0</ele>
    <time>2026-01-14T23:22:29Z</time>
   </trkpt>
   <trkpt lat="40.7701670" lon="-74.0235300">
    <ele>43.8</ele>
    <time>2026-01-14T23:22:30Z</time>
   </trkpt>
   <trkpt lat="40.7701500" lon="-74.0235600">
    <ele>43.7</ele>
    <time>2026-01-14T23:22:31Z</time>
   </trkpt>
   <trkpt lat="40.7701210" lon="-74.0235880">
    <ele>43.5</ele>
    <time>2026-01-14T23:22:32Z</time>
   </trkpt>
   <trkpt lat="40.7700900" lon="-74.0236060">
    <ele>43.4</ele>
    <time>2026-01-14T23:22:33Z</time>
   </trkpt>
   <trkpt lat="40.7700520" lon="-74.0236230">
    <ele>43.3</ele>
    <time>2026-01-14T23:22:34Z</time>
   </trkpt>
   <trkpt lat="40.7700190" lon="-74.0236480">
    <ele>43.1</ele>
    <time>2026-01-14T23:22:35Z</time>
   </trkpt>
   <trkpt lat="40.7700060" lon="-74.0236580">
    <ele>43.1</ele>
    <time>2026-01-14T23:22:36Z</time>
   </trkpt>
   <trkpt lat="40.7699810" lon="-74.0236750">
    <ele>43.0</ele>
    <time>2026-01-14T23:22:37Z</time>
   </trkpt>
   <trkpt lat="40.7699510" lon="-74.0236970">
    <ele>42.9</ele>
    <time>2026-01-14T23:22:38Z</time>
   </trkpt>
   <trkpt lat="40.7699230" lon="-74.0237320">
    <ele>42.7</ele>
    <time>2026-01-14T23:22:39Z</time>
   </trkpt>
   <trkpt lat="40.7699080" lon="-74.0237620">
    <ele>42.6</ele>
    <time>2026-01-14T23:22:40Z</time>
   </trkpt>
   <trkpt lat="40.7698750" lon="-74.0237980">
    <ele>42.4</ele>
    <time>2026-01-14T23:22:42Z</time>
   </trkpt>
   <trkpt lat="40.7698610" lon="-74.0238110">
    <ele>42.4</ele>
    <time>2026-01-14T23:22:43Z</time>
   </trkpt>
   <trkpt lat="40.7698290" lon="-74.0238280">
    <ele>42.2</ele>
    <time>2026-01-14T23:22:44Z</time>
   </trkpt>
   <trkpt lat="40.7698020" lon="-74.0238410">
    <ele>42.1</ele>
    <time>2026-01-14T23:22:45Z</time>
   </trkpt>
   <trkpt lat="40.7697680" lon="-74.0238740">
    <ele>42.0</ele>
    <time>2026-01-14T23:22:46Z</time>
   </trkpt>
   <trkpt lat="40.7697370" lon="-74.0238910">
    <ele>42.0</ele>
    <time>2026-01-14T23:22:47Z</time>
   </trkpt>
   <trkpt lat="40.7697090" lon="-74.0239110">
    <ele>41.9</ele>
    <time>2026-01-14T23:22:48Z</time>
   </trkpt>
   <trkpt lat="40.7696890" lon="-74.0239340">
    <ele>41.9</ele>
    <time>2026-01-14T23:22:49Z</time>
   </trkpt>
   <trkpt lat="40.7696710" lon="-74.0239470">
    <ele>41.8</ele>
    <time>2026-01-14T23:22:50Z</time>
   </trkpt>
   <trkpt lat="40.7696600" lon="-74.0239530">
    <ele>41.8</ele>
    <time>2026-01-14T23:22:51Z</time>
   </trkpt>
   <trkpt lat="40.7696590" lon="-74.0239450">
    <ele>41.8</ele>
    <time>2026-01-14T23:22:52Z</time>
   </trkpt>
   <trkpt lat="40.7696520" lon="-74.0239450">
    <ele>41.8</ele>
    <time>2026-01-14T23:22:53Z</time>
   </trkpt>
   <trkpt lat="40.7696520" lon="-74.0239420">
    <ele>41.8</ele>
    <time>2026-01-14T23:22:54Z</time>
   </trkpt>
   <trkpt lat="40.7696540" lon="-74.0239390">
    <ele>41.8</ele>
    <time>2026-01-14T23:22:55Z</time>
   </trkpt>
   <trkpt lat="40.7696540" lon="-74.0239390">
    <ele>41.8</ele>
    <time>2026-01-14T23:22:56Z</time>
   </trkpt>
   <trkpt lat="40.7696540" lon="-74.0239390">
    <ele>41.8</ele>
    <time>2026-01-14T23:22:57Z</time>
   </trkpt>
   <trkpt lat="40.7696510" lon="-74.0239370">
    <ele>41.7</ele>
    <time>2026-01-14T23:22:58Z</time>
   </trkpt>
   <trkpt lat="40.7696520" lon="-74.0239360">
    <ele>41.7</ele>
    <time>2026-01-14T23:22:59Z</time>
   </trkpt>
   <trkpt lat="40.7696510" lon="-74.0239330">
    <ele>41.7</ele>
    <time>2026-01-14T23:23:00Z</time>
   </trkpt>
   <trkpt lat="40.7696510" lon="-74.0239330">
    <ele>41.7</ele>
    <time>2026-01-14T23:23:01Z</time>
   </trkpt>
   <trkpt lat="40.7696510" lon="-74.0239330">
    <ele>41.7</ele>
    <time>2026-01-14T23:23:02Z</time>
   </trkpt>
   <trkpt lat="40.7696510" lon="-74.0239330">
    <ele>41.7</ele>
    <time>2026-01-14T23:23:03Z</time>
   </trkpt>
   <trkpt lat="40.7696500" lon="-74.0239320">
    <ele>41.7</ele>
    <time>2026-01-14T23:23:04Z</time>
   </trkpt>
   <trkpt lat="40.7696420" lon="-74.0239160">
    <ele>41.6</ele>
    <time>2026-01-14T23:23:05Z</time>
   </trkpt>
   <trkpt lat="40.7696350" lon="-74.0239030">
    <ele>41.6</ele>
    <time>2026-01-14T23:23:06Z</time>
   </trkpt>
   <trkpt lat="40.7696260" lon="-74.0238830">
    <ele>41.6</ele>
    <time>2026-01-14T23:23:07Z</time>
   </trkpt>
   <trkpt lat="40.7696210" lon="-74.0238620">
    <ele>41.6</ele>
    <time>2026-01-14T23:23:08Z</time>
   </trkpt>
   <trkpt lat="40.7696130" lon="-74.0238460">
    <ele>41.5</ele>
    <time>2026-01-14T23:23:09Z</time>
   </trkpt>
   <trkpt lat="40.7696120" lon="-74.0238390">
    <ele>41.5</ele>
    <time>2026-01-14T23:23:10Z</time>
   </trkpt>
   <trkpt lat="40.7696060" lon="-74.0238100">
    <ele>41.5</ele>
    <time>2026-01-14T23:23:11Z</time>
   </trkpt>
   <trkpt lat="40.7695980" lon="-74.0237610">
    <ele>41.1</ele>
    <time>2026-01-14T23:23:12Z</time>
   </trkpt>
   <trkpt lat="40.7695930" lon="-74.0237420">
    <ele>41.0</ele>
    <time>2026-01-14T23:23:13Z</time>
   </trkpt>
   <trkpt lat="40.7695700" lon="-74.0237220">
    <ele>41.3</ele>
    <time>2026-01-14T23:23:14Z</time>
   </trkpt>
   <trkpt lat="40.7695300" lon="-74.0237170">
    <ele>41.0</ele>
    <time>2026-01-14T23:23:15Z</time>
   </trkpt>
   <trkpt lat="40.7694850" lon="-74.0237240">
    <ele>40.7</ele>
    <time>2026-01-14T23:23:16Z</time>
   </trkpt>
   <trkpt lat="40.7694330" lon="-74.0237390">
    <ele>40.3</ele>
    <time>2026-01-14T23:23:17Z</time>
   </trkpt>
   <trkpt lat="40.7693840" lon="-74.0237380">
    <ele>39.9</ele>
    <time>2026-01-14T23:23:18Z</time>
   </trkpt>
   <trkpt lat="40.7693350" lon="-74.0237230">
    <ele>39.5</ele>
    <time>2026-01-14T23:23:19Z</time>
   </trkpt>
   <trkpt lat="40.7692800" lon="-74.0237220">
    <ele>39.1</ele>
    <time>2026-01-14T23:23:20Z</time>
   </trkpt>
   <trkpt lat="40.7692260" lon="-74.0237040">
    <ele>38.7</ele>
    <time>2026-01-14T23:23:21Z</time>
   </trkpt>
   <trkpt lat="40.7691700" lon="-74.0236860">
    <ele>38.2</ele>
    <time>2026-01-14T23:23:22Z</time>
   </trkpt>
   <trkpt lat="40.7691110" lon="-74.0236770">
    <ele>37.7</ele>
    <time>2026-01-14T23:23:23Z</time>
   </trkpt>
   <trkpt lat="40.7690520" lon="-74.0236680">
    <ele>37.3</ele>
    <time>2026-01-14T23:23:24Z</time>
   </trkpt>
   <trkpt lat="40.7689830" lon="-74.0236580">
    <ele>37.0</ele>
    <time>2026-01-14T23:23:25Z</time>
   </trkpt>
   <trkpt lat="40.7689150" lon="-74.0236460">
    <ele>36.7</ele>
    <time>2026-01-14T23:23:26Z</time>
   </trkpt>
   <trkpt lat="40.7688470" lon="-74.0236340">
    <ele>36.3</ele>
    <time>2026-01-14T23:23:27Z</time>
   </trkpt>
   <trkpt lat="40.7687840" lon="-74.0236210">
    <ele>36.0</ele>
    <time>2026-01-14T23:23:28Z</time>
   </trkpt>
   <trkpt lat="40.7687070" lon="-74.0235900">
    <ele>35.5</ele>
    <time>2026-01-14T23:23:29Z</time>
   </trkpt>
   <trkpt lat="40.7686350" lon="-74.0235620">
    <ele>35.0</ele>
    <time>2026-01-14T23:23:30Z</time>
   </trkpt>
   <trkpt lat="40.7685520" lon="-74.0235170">
    <ele>34.4</ele>
    <time>2026-01-14T23:23:31Z</time>
   </trkpt>
   <trkpt lat="40.7684750" lon="-74.0234850">
    <ele>33.8</ele>
    <time>2026-01-14T23:23:32Z</time>
   </trkpt>
   <trkpt lat="40.7684000" lon="-74.0234510">
    <ele>38.6</ele>
    <time>2026-01-14T23:23:33Z</time>
   </trkpt>
   <trkpt lat="40.7683310" lon="-74.0234420">
    <ele>32.2</ele>
    <time>2026-01-14T23:23:34Z</time>
   </trkpt>
   <trkpt lat="40.7682560" lon="-74.0235100">
    <ele>32.1</ele>
    <time>2026-01-14T23:23:35Z</time>
   </trkpt>
   <trkpt lat="40.7681670" lon="-74.0235230">
    <ele>31.4</ele>
    <time>2026-01-14T23:23:36Z</time>
   </trkpt>
   <trkpt lat="40.7680770" lon="-74.0235290">
    <ele>30.7</ele>
    <time>2026-01-14T23:23:37Z</time>
   </trkpt>
   <trkpt lat="40.7679880" lon="-74.0235320">
    <ele>30.0</ele>
    <time>2026-01-14T23:23:38Z</time>
   </trkpt>
   <trkpt lat="40.7679010" lon="-74.0235370">
    <ele>29.2</ele>
    <time>2026-01-14T23:23:39Z</time>
   </trkpt>
   <trkpt lat="40.7678170" lon="-74.0235190">
    <ele>28.5</ele>
    <time>2026-01-14T23:23:40Z</time>
   </trkpt>
   <trkpt lat="40.7677350" lon="-74.0235090">
    <ele>28.0</ele>
    <time>2026-01-14T23:23:41Z</time>
   </trkpt>
   <trkpt lat="40.7676530" lon="-74.0235110">
    <ele>27.7</ele>
    <time>2026-01-14T23:23:42Z</time>
   </trkpt>
   <trkpt lat="40.7675720" lon="-74.0235130">
    <ele>27.3</ele>
    <time>2026-01-14T23:23:43Z</time>
   </trkpt>
   <trkpt lat="40.7674880" lon="-74.0235070">
    <ele>27.0</ele>
    <time>2026-01-14T23:23:44Z</time>
   </trkpt>
   <trkpt lat="40.7674060" lon="-74.0235020">
    <ele>26.7</ele>
    <time>2026-01-14T23:23:45Z</time>
   </trkpt>
   <trkpt lat="40.7673240" lon="-74.0234990">
    <ele>26.4</ele>
    <time>2026-01-14T23:23:46Z</time>
   </trkpt>
   <trkpt lat="40.7672510" lon="-74.0235160">
    <ele>26.1</ele>
    <time>2026-01-14T23:23:47Z</time>
   </trkpt>
   <trkpt lat="40.7671780" lon="-74.0235280">
    <ele>25.9</ele>
    <time>2026-01-14T23:23:48Z</time>
   </trkpt>
   <trkpt lat="40.7671020" lon="-74.0235530">
    <ele>25.6</ele>
    <time>2026-01-14T23:23:49Z</time>
   </trkpt>
   <trkpt lat="40.7670390" lon="-74.0235790">
    <ele>25.4</ele>
    <time>2026-01-14T23:23:50Z</time>
   </trkpt>
   <trkpt lat="40.7669600" lon="-74.0236090">
    <ele>25.2</ele>
    <time>2026-01-14T23:23:51Z</time>
   </trkpt>
   <trkpt lat="40.7668810" lon="-74.0236270">
    <ele>25.0</ele>
    <time>2026-01-14T23:23:52Z</time>
   </trkpt>
   <trkpt lat="40.7668000" lon="-74.0236580">
    <ele>24.8</ele>
    <time>2026-01-14T23:23:53Z</time>
   </trkpt>
   <trkpt lat="40.7667320" lon="-74.0236860">
    <ele>24.6</ele>
    <time>2026-01-14T23:23:54Z</time>
   </trkpt>
   <trkpt lat="40.7666610" lon="-74.0237210">
    <ele>24.5</ele>
    <time>2026-01-14T23:23:55Z</time>
   </trkpt>
   <trkpt lat="40.7665970" lon="-74.0237560">
    <ele>24.3</ele>
    <time>2026-01-14T23:23:56Z</time>
   </trkpt>
   <trkpt lat="40.7665340" lon="-74.0237890">
    <ele>24.2</ele>
    <time>2026-01-14T23:23:57Z</time>
   </trkpt>
   <trkpt lat="40.7664720" lon="-74.0238120">
    <ele>24.1</ele>
    <time>2026-01-14T23:23:58Z</time>
   </trkpt>
   <trkpt lat="40.7664210" lon="-74.0238340">
    <ele>24.0</ele>
    <time>2026-01-14T23:23:59Z</time>
   </trkpt>
   <trkpt lat="40.7663530" lon="-74.0238700">
    <ele>23.8</ele>
    <time>2026-01-14T23:24:00Z</time>
   </trkpt>
   <trkpt lat="40.7662890" lon="-74.0238810">
    <ele>23.7</ele>
    <time>2026-01-14T23:24:01Z</time>
   </trkpt>
   <trkpt lat="40.7662250" lon="-74.0239060">
    <ele>23.6</ele>
    <time>2026-01-14T23:24:02Z</time>
   </trkpt>
   <trkpt lat="40.7661580" lon="-74.0239300">
    <ele>23.4</ele>
    <time>2026-01-14T23:24:03Z</time>
   </trkpt>
   <trkpt lat="40.7660940" lon="-74.0239640">
    <ele>23.3</ele>
    <time>2026-01-14T23:24:04Z</time>
   </trkpt>
   <trkpt lat="40.7660220" lon="-74.0239810">
    <ele>23.2</ele>
    <time>2026-01-14T23:24:05Z</time>
   </trkpt>
   <trkpt lat="40.7659550" lon="-74.0240060">
    <ele>23.0</ele>
    <time>2026-01-14T23:24:06Z</time>
   </trkpt>
   <trkpt lat="40.7658850" lon="-74.0240250">
    <ele>22.8</ele>
    <time>2026-01-14T23:24:07Z</time>
   </trkpt>
   <trkpt lat="40.7658180" lon="-74.0240490">
    <ele>22.7</ele>
    <time>2026-01-14T23:24:08Z</time>
   </trkpt>
   <trkpt lat="40.7657380" lon="-74.0240680">
    <ele>22.5</ele>
    <time>2026-01-14T23:24:09Z</time>
   </trkpt>
   <trkpt lat="40.7656690" lon="-74.0240850">
    <ele>22.3</ele>
    <time>2026-01-14T23:24:10Z</time>
   </trkpt>
   <trkpt lat="40.7656000" lon="-74.0241130">
    <ele>22.1</ele>
    <time>2026-01-14T23:24:11Z</time>
   </trkpt>
   <trkpt lat="40.7655350" lon="-74.0241320">
    <ele>22.0</ele>
    <time>2026-01-14T23:24:12Z</time>
   </trkpt>
   <trkpt lat="40.7654660" lon="-74.0241430">
    <ele>21.8</ele>
    <time>2026-01-14T23:24:13Z</time>
   </trkpt>
   <trkpt lat="40.7654010" lon="-74.0241650">
    <ele>21.6</ele>
    <time>2026-01-14T23:24:14Z</time>
   </trkpt>
   <trkpt lat="40.7653350" lon="-74.0241910">
    <ele>21.5</ele>
    <time>2026-01-14T23:24:15Z</time>
   </trkpt>
   <trkpt lat="40.7652730" lon="-74.0242190">
    <ele>21.3</ele>
    <time>2026-01-14T23:24:16Z</time>
   </trkpt>
   <trkpt lat="40.7652090" lon="-74.0242530">
    <ele>21.1</ele>
    <time>2026-01-14T23:24:17Z</time>
   </trkpt>
   <trkpt lat="40.7651390" lon="-74.0242920">
    <ele>20.9</ele>
    <time>2026-01-14T23:24:18Z</time>
   </trkpt>
   <trkpt lat="40.7650730" lon="-74.0243310">
    <ele>20.7</ele>
    <time>2026-01-14T23:24:19Z</time>
   </trkpt>
   <trkpt lat="40.7650070" lon="-74.0243730">
    <ele>20.4</ele>
    <time>2026-01-14T23:24:20Z</time>
   </trkpt>
   <trkpt lat="40.7649450" lon="-74.0244170">
    <ele>20.1</ele>
    <time>2026-01-14T23:24:21Z</time>
   </trkpt>
   <trkpt lat="40.7648710" lon="-74.0244640">
    <ele>19.8</ele>
    <time>2026-01-14T23:24:22Z</time>
   </trkpt>
   <trkpt lat="40.7648200" lon="-74.0245180">
    <ele>19.6</ele>
    <time>2026-01-14T23:24:23Z</time>
   </trkpt>
   <trkpt lat="40.7647510" lon="-74.0245600">
    <ele>19.3</ele>
    <time>2026-01-14T23:24:24Z</time>
   </trkpt>
   <trkpt lat="40.7646800" lon="-74.0246030">
    <ele>19.0</ele>
    <time>2026-01-14T23:24:25Z</time>
   </trkpt>
   <trkpt lat="40.7646150" lon="-74.0246490">
    <ele>18.7</ele>
    <time>2026-01-14T23:24:26Z</time>
   </trkpt>
   <trkpt lat="40.7645510" lon="-74.0247000">
    <ele>18.4</ele>
    <time>2026-01-14T23:24:27Z</time>
   </trkpt>
   <trkpt lat="40.7644800" lon="-74.0247420">
    <ele>18.1</ele>
    <time>2026-01-14T23:24:28Z</time>
   </trkpt>
   <trkpt lat="40.7644100" lon="-74.0247910">
    <ele>17.8</ele>
    <time>2026-01-14T23:24:29Z</time>
   </trkpt>
   <trkpt lat="40.7643400" lon="-74.0248320">
    <ele>17.5</ele>
    <time>2026-01-14T23:24:30Z</time>
   </trkpt>
   <trkpt lat="40.7642720" lon="-74.0248780">
    <ele>17.2</ele>
    <time>2026-01-14T23:24:31Z</time>
   </trkpt>
   <trkpt lat="40.7641980" lon="-74.0249220">
    <ele>16.9</ele>
    <time>2026-01-14T23:24:32Z</time>
   </trkpt>
   <trkpt lat="40.7641270" lon="-74.0249720">
    <ele>16.6</ele>
    <time>2026-01-14T23:24:33Z</time>
   </trkpt>
   <trkpt lat="40.7640600" lon="-74.0250210">
    <ele>16.3</ele>
    <time>2026-01-14T23:24:34Z</time>
   </trkpt>
   <trkpt lat="40.7639910" lon="-74.0250670">
    <ele>16.0</ele>
    <time>2026-01-14T23:24:35Z</time>
   </trkpt>
   <trkpt lat="40.7639200" lon="-74.0251190">
    <ele>15.7</ele>
    <time>2026-01-14T23:24:36Z</time>
   </trkpt>
   <trkpt lat="40.7638540" lon="-74.0251690">
    <ele>15.4</ele>
    <time>2026-01-14T23:24:37Z</time>
   </trkpt>
   <trkpt lat="40.7637790" lon="-74.0252210">
    <ele>15.2</ele>
    <time>2026-01-14T23:24:38Z</time>
   </trkpt>
   <trkpt lat="40.7636930" lon="-74.0252640">
    <ele>14.9</ele>
    <time>2026-01-14T23:24:39Z</time>
   </trkpt>
   <trkpt lat="40.7636250" lon="-74.0253070">
    <ele>14.6</ele>
    <time>2026-01-14T23:24:40Z</time>
   </trkpt>
   <trkpt lat="40.7635560" lon="-74.0253640">
    <ele>14.3</ele>
    <time>2026-01-14T23:24:41Z</time>
   </trkpt>
   <trkpt lat="40.7634900" lon="-74.0254100">
    <ele>14.0</ele>
    <time>2026-01-14T23:24:42Z</time>
   </trkpt>
   <trkpt lat="40.7634130" lon="-74.0254550">
    <ele>13.7</ele>
    <time>2026-01-14T23:24:43Z</time>
   </trkpt>
   <trkpt lat="40.7633460" lon="-74.0255000">
    <ele>13.4</ele>
    <time>2026-01-14T23:24:44Z</time>
   </trkpt>
   <trkpt lat="40.7632770" lon="-74.0255520">
    <ele>13.1</ele>
    <time>2026-01-14T23:24:45Z</time>
   </trkpt>
   <trkpt lat="40.7632050" lon="-74.0256010">
    <ele>12.7</ele>
    <time>2026-01-14T23:24:46Z</time>
   </trkpt>
   <trkpt lat="40.7631390" lon="-74.0256460">
    <ele>12.4</ele>
    <time>2026-01-14T23:24:48Z</time>
   </trkpt>
   <trkpt lat="40.7630610" lon="-74.0257070">
    <ele>12.0</ele>
    <time>2026-01-14T23:24:49Z</time>
   </trkpt>
   <trkpt lat="40.7629870" lon="-74.0257640">
    <ele>11.6</ele>
    <time>2026-01-14T23:24:50Z</time>
   </trkpt>
   <trkpt lat="40.7629060" lon="-74.0258150">
    <ele>11.2</ele>
    <time>2026-01-14T23:24:51Z</time>
   </trkpt>
   <trkpt lat="40.7628410" lon="-74.0258680">
    <ele>10.8</ele>
    <time>2026-01-14T23:24:52Z</time>
   </trkpt>
   <trkpt lat="40.7627720" lon="-74.0259080">
    <ele>10.5</ele>
    <time>2026-01-14T23:24:53Z</time>
   </trkpt>
   <trkpt lat="40.7627030" lon="-74.0259630">
    <ele>10.1</ele>
    <time>2026-01-14T23:24:54Z</time>
   </trkpt>
   <trkpt lat="40.7626260" lon="-74.0260100">
    <ele>9.7</ele>
    <time>2026-01-14T23:24:55Z</time>
   </trkpt>
   <trkpt lat="40.7625500" lon="-74.0260410">
    <ele>9.3</ele>
    <time>2026-01-14T23:24:56Z</time>
   </trkpt>
   <trkpt lat="40.7624670" lon="-74.0260700">
    <ele>9.1</ele>
    <time>2026-01-14T23:24:57Z</time>
   </trkpt>
   <trkpt lat="40.7623990" lon="-74.0261120">
    <ele>8.9</ele>
    <time>2026-01-14T23:24:58Z</time>
   </trkpt>
   <trkpt lat="40.7623260" lon="-74.0261620">
    <ele>8.7</ele>
    <time>2026-01-14T23:24:59Z</time>
   </trkpt>
   <trkpt lat="40.7622610" lon="-74.0262070">
    <ele>8.5</ele>
    <time>2026-01-14T23:25:00Z</time>
   </trkpt>
   <trkpt lat="40.7621920" lon="-74.0262580">
    <ele>8.3</ele>
    <time>2026-01-14T23:25:01Z</time>
   </trkpt>
   <trkpt lat="40.7621180" lon="-74.0263030">
    <ele>8.1</ele>
    <time>2026-01-14T23:25:02Z</time>
   </trkpt>
   <trkpt lat="40.7619980" lon="-74.0264290">
    <ele>7.7</ele>
    <time>2026-01-14T23:25:03Z</time>
   </trkpt>
   <trkpt lat="40.7619260" lon="-74.0264830">
    <ele>7.5</ele>
    <time>2026-01-14T23:25:04Z</time>
   </trkpt>
   <trkpt lat="40.7618570" lon="-74.0265360">
    <ele>7.4</ele>
    <time>2026-01-14T23:25:05Z</time>
   </trkpt>
   <trkpt lat="40.7617860" lon="-74.0265970">
    <ele>7.2</ele>
    <time>2026-01-14T23:25:06Z</time>
   </trkpt>
   <trkpt lat="40.7617170" lon="-74.0266650">
    <ele>7.1</ele>
    <time>2026-01-14T23:25:07Z</time>
   </trkpt>
   <trkpt lat="40.7616520" lon="-74.0267210">
    <ele>7.0</ele>
    <time>2026-01-14T23:25:08Z</time>
   </trkpt>
   <trkpt lat="40.7615890" lon="-74.0267760">
    <ele>7.0</ele>
    <time>2026-01-14T23:25:09Z</time>
   </trkpt>
   <trkpt lat="40.7615270" lon="-74.0268400">
    <ele>6.9</ele>
    <time>2026-01-14T23:25:10Z</time>
   </trkpt>
   <trkpt lat="40.7614590" lon="-74.0268950">
    <ele>6.8</ele>
    <time>2026-01-14T23:25:11Z</time>
   </trkpt>
   <trkpt lat="40.7614010" lon="-74.0269590">
    <ele>6.5</ele>
    <time>2026-01-14T23:25:12Z</time>
   </trkpt>
   <trkpt lat="40.7613450" lon="-74.0270110">
    <ele>6.3</ele>
    <time>2026-01-14T23:25:13Z</time>
   </trkpt>
   <trkpt lat="40.7612860" lon="-74.0270620">
    <ele>6.1</ele>
    <time>2026-01-14T23:25:14Z</time>
   </trkpt>
   <trkpt lat="40.7612200" lon="-74.0271010">
    <ele>5.9</ele>
    <time>2026-01-14T23:25:15Z</time>
   </trkpt>
   <trkpt lat="40.7611690" lon="-74.0271600">
    <ele>5.8</ele>
    <time>2026-01-14T23:25:16Z</time>
   </trkpt>
   <trkpt lat="40.7611190" lon="-74.0272070">
    <ele>5.7</ele>
    <time>2026-01-14T23:25:17Z</time>
   </trkpt>
   <trkpt lat="40.7610650" lon="-74.0272490">
    <ele>5.5</ele>
    <time>2026-01-14T23:25:18Z</time>
   </trkpt>
   <trkpt lat="40.7610120" lon="-74.0272860">
    <ele>5.4</ele>
    <time>2026-01-14T23:25:19Z</time>
   </trkpt>
   <trkpt lat="40.7609810" lon="-74.0273430">
    <ele>5.3</ele>
    <time>2026-01-14T23:25:20Z</time>
   </trkpt>
   <trkpt lat="40.7609190" lon="-74.0273800">
    <ele>5.1</ele>
    <time>2026-01-14T23:25:21Z</time>
   </trkpt>
   <trkpt lat="40.7608680" lon="-74.0274150">
    <ele>5.0</ele>
    <time>2026-01-14T23:25:22Z</time>
   </trkpt>
   <trkpt lat="40.7608240" lon="-74.0274490">
    <ele>4.9</ele>
    <time>2026-01-14T23:25:23Z</time>
   </trkpt>
   <trkpt lat="40.7607870" lon="-74.0274780">
    <ele>4.8</ele>
    <time>2026-01-14T23:25:24Z</time>
   </trkpt>
   <trkpt lat="40.7607530" lon="-74.0274990">
    <ele>4.7</ele>
    <time>2026-01-14T23:25:25Z</time>
   </trkpt>
   <trkpt lat="40.7607050" lon="-74.0275230">
    <ele>4.6</ele>
    <time>2026-01-14T23:25:26Z</time>
   </trkpt>
   <trkpt lat="40.7606630" lon="-74.0275630">
    <ele>4.5</ele>
    <time>2026-01-14T23:25:27Z</time>
   </trkpt>
   <trkpt lat="40.7606190" lon="-74.0275810">
    <ele>4.4</ele>
    <time>2026-01-14T23:25:28Z</time>
   </trkpt>
   <trkpt lat="40.7605890" lon="-74.0275890">
    <ele>4.4</ele>
    <time>2026-01-14T23:25:29Z</time>
   </trkpt>
   <trkpt lat="40.7605580" lon="-74.0276000">
    <ele>4.3</ele>
    <time>2026-01-14T23:25:30Z</time>
   </trkpt>
   <trkpt lat="40.7605120" lon="-74.0276300">
    <ele>4.2</ele>
    <time>2026-01-14T23:25:31Z</time>
   </trkpt>
   <trkpt lat="40.7604750" lon="-74.0276490">
    <ele>4.1</ele>
    <time>2026-01-14T23:25:32Z</time>
   </trkpt>
   <trkpt lat="40.7604390" lon="-74.0276560">
    <ele>4.1</ele>
    <time>2026-01-14T23:25:33Z</time>
   </trkpt>
   <trkpt lat="40.7603960" lon="-74.0276530">
    <ele>4.0</ele>
    <time>2026-01-14T23:25:34Z</time>
   </trkpt>
   <trkpt lat="40.7603730" lon="-74.0276770">
    <ele>4.0</ele>
    <time>2026-01-14T23:25:35Z</time>
   </trkpt>
   <trkpt lat="40.7603370" lon="-74.0276910">
    <ele>3.9</ele>
    <time>2026-01-14T23:25:36Z</time>
   </trkpt>
   <trkpt lat="40.7603240" lon="-74.0277050">
    <ele>3.9</ele>
    <time>2026-01-14T23:25:37Z</time>
   </trkpt>
   <trkpt lat="40.7603140" lon="-74.0276980">
    <ele>3.9</ele>
    <time>2026-01-14T23:25:38Z</time>
   </trkpt>
   <trkpt lat="40.7603200" lon="-74.0276990">
    <ele>3.9</ele>
    <time>2026-01-14T23:25:39Z</time>
   </trkpt>
   <trkpt lat="40.7603040" lon="-74.0277000">
    <ele>3.9</ele>
    <time>2026-01-14T23:25:40Z</time>
   </trkpt>
   <trkpt lat="40.7602950" lon="-74.0277050">
    <ele>3.9</ele>
    <time>2026-01-14T23:25:41Z</time>
   </trkpt>
   <trkpt lat="40.7602880" lon="-74.0277170">
    <ele>3.9</ele>
    <time>2026-01-14T23:25:42Z</time>
   </trkpt>
   <trkpt lat="40.7602750" lon="-74.0277030">
    <ele>3.8</ele>
    <time>2026-01-14T23:25:43Z</time>
   </trkpt>
   <trkpt lat="40.7602610" lon="-74.0277070">
    <ele>3.8</ele>
    <time>2026-01-14T23:25:44Z</time>
   </trkpt>
   <trkpt lat="40.7602600" lon="-74.0277260">
    <ele>3.8</ele>
    <time>2026-01-14T23:25:45Z</time>
   </trkpt>
   <trkpt lat="40.7602610" lon="-74.0277270">
    <ele>3.8</ele>
    <time>2026-01-14T23:25:46Z</time>
   </trkpt>
   <trkpt lat="40.7602500" lon="-74.0277270">
    <ele>3.8</ele>
    <time>2026-01-14T23:25:47Z</time>
   </trkpt>
   <trkpt lat="40.7602490" lon="-74.0277310">
    <ele>3.8</ele>
    <time>2026-01-14T23:25:48Z</time>
   </trkpt>
   <trkpt lat="40.7602430" lon="-74.0277410">
    <ele>3.8</ele>
    <time>2026-01-14T23:25:49Z</time>
   </trkpt>
   <trkpt lat="40.7602220" lon="-74.0277300">
    <ele>3.8</ele>
    <time>2026-01-14T23:25:50Z</time>
   </trkpt>
   <trkpt lat="40.7602150" lon="-74.0277470">
    <ele>3.8</ele>
    <time>2026-01-14T23:25:51Z</time>
   </trkpt>
   <trkpt lat="40.7601990" lon="-74.0277580">
    <ele>3.8</ele>
    <time>2026-01-14T23:25:52Z</time>
   </trkpt>
   <trkpt lat="40.7601900" lon="-74.0277680">
    <ele>3.8</ele>
    <time>2026-01-14T23:25:53Z</time>
   </trkpt>
   <trkpt lat="40.7601800" lon="-74.0277650">
    <ele>3.8</ele>
    <time>2026-01-14T23:25:54Z</time>
   </trkpt>
   <trkpt lat="40.7601600" lon="-74.0277690">
    <ele>3.8</ele>
    <time>2026-01-14T23:25:55Z</time>
   </trkpt>
   <trkpt lat="40.7601380" lon="-74.0277950">
    <ele>3.8</ele>
    <time>2026-01-14T23:25:56Z</time>
   </trkpt>
   <trkpt lat="40.7601290" lon="-74.0278010">
    <ele>3.7</ele>
    <time>2026-01-14T23:25:57Z</time>
   </trkpt>
   <trkpt lat="40.7601040" lon="-74.0278210">
    <ele>3.7</ele>
    <time>2026-01-14T23:25:58Z</time>
   </trkpt>
   <trkpt lat="40.7600960" lon="-74.0278260">
    <ele>3.7</ele>
    <time>2026-01-14T23:25:59Z</time>
   </trkpt>
   <trkpt lat="40.7600850" lon="-74.0278420">
    <ele>3.6</ele>
    <time>2026-01-14T23:26:00Z</time>
   </trkpt>
   <trkpt lat="40.7600770" lon="-74.0278540">
    <ele>3.6</ele>
    <time>2026-01-14T23:26:01Z</time>
   </trkpt>
   <trkpt lat="40.7600540" lon="-74.0278730">
    <ele>3.5</ele>
    <time>2026-01-14T23:26:02Z</time>
   </trkpt>
   <trkpt lat="40.7600450" lon="-74.0278790">
    <ele>3.5</ele>
    <time>2026-01-14T23:26:03Z</time>
   </trkpt>
   <trkpt lat="40.7600340" lon="-74.0278870">
    <ele>3.5</ele>
    <time>2026-01-14T23:26:04Z</time>
   </trkpt>
   <trkpt lat="40.7600200" lon="-74.0279010">
    <ele>3.5</ele>
    <time>2026-01-14T23:26:05Z</time>
   </trkpt>
   <trkpt lat="40.7600120" lon="-74.0279020">
    <ele>3.4</ele>
    <time>2026-01-14T23:26:06Z</time>
   </trkpt>
   <trkpt lat="40.7600020" lon="-74.0279040">
    <ele>3.4</ele>
    <time>2026-01-14T23:26:07Z</time>
   </trkpt>
   <trkpt lat="40.7599940" lon="-74.0279090">
    <ele>3.4</ele>
    <time>2026-01-14T23:26:08Z</time>
   </trkpt>
   <trkpt lat="40.7599890" lon="-74.0279140">
    <ele>3.4</ele>
    <time>2026-01-14T23:26:09Z</time>
   </trkpt>
   <trkpt lat="40.7599880" lon="-74.0279150">
    <ele>3.4</ele>
    <time>2026-01-14T23:26:10Z</time>
   </trkpt>
   <trkpt lat="40.7599910" lon="-74.0279130">
    <ele>3.4</ele>
    <time>2026-01-14T23:26:11Z</time>
   </trkpt>
   <trkpt lat="40.7599890" lon="-74.0279140">
    <ele>3.4</ele>
    <time>2026-01-14T23:26:12Z</time>
   </trkpt>
   <trkpt lat="40.7599870" lon="-74.0279150">
    <ele>3.4</ele>
    <time>2026-01-14T23:26:13Z</time>
   </trkpt>
   <trkpt lat="40.7599910" lon="-74.0279120">
    <ele>3.4</ele>
    <time>2026-01-14T23:26:14Z</time>
   </trkpt>
   <trkpt lat="40.7599840" lon="-74.0279150">
    <ele>3.4</ele>
    <time>2026-01-14T23:26:15Z</time>
   </trkpt>
   <trkpt lat="40.7599860" lon="-74.0279150">
    <ele>3.3</ele>
    <time>2026-01-14T23:26:16Z</time>
   </trkpt>
   <trkpt lat="40.7599870" lon="-74.0279130">
    <ele>3.3</ele>
    <time>2026-01-14T23:26:17Z</time>
   </trkpt>
   <trkpt lat="40.7599870" lon="-74.0279130">
    <ele>3.3</ele>
    <time>2026-01-14T23:26:18Z</time>
   </trkpt>
   <trkpt lat="40.7599870" lon="-74.0279130">
    <ele>3.3</ele>
    <time>2026-01-14T23:26:19Z</time>
   </trkpt>
   <trkpt lat="40.7599870" lon="-74.0279130">
    <ele>3.3</ele>
    <time>2026-01-14T23:26:20Z</time>
   </trkpt>
   <trkpt lat="40.7599870" lon="-74.0279130">
    <ele>3.3</ele>
    <time>2026-01-14T23:26:21Z</time>
   </trkpt>
   <trkpt lat="40.7599830" lon="-74.0279150">
    <ele>3.3</ele>
    <time>2026-01-14T23:26:22Z</time>
   </trkpt>
   <trkpt lat="40.7599830" lon="-74.0279150">
    <ele>3.3</ele>
    <time>2026-01-14T23:26:23Z</time>
   </trkpt>
   <trkpt lat="40.7599810" lon="-74.0279120">
    <ele>3.3</ele>
    <time>2026-01-14T23:26:24Z</time>
   </trkpt>
   <trkpt lat="40.7599730" lon="-74.0279010">
    <ele>3.3</ele>
    <time>2026-01-14T23:26:25Z</time>
   </trkpt>
   <trkpt lat="40.7599670" lon="-74.0278890">
    <ele>3.3</ele>
    <time>2026-01-14T23:26:26Z</time>
   </trkpt>
   <trkpt lat="40.7599620" lon="-74.0278770">
    <ele>3.3</ele>
    <time>2026-01-14T23:26:27Z</time>
   </trkpt>
   <trkpt lat="40.7599510" lon="-74.0278560">
    <ele>3.3</ele>
    <time>2026-01-14T23:26:28Z</time>
   </trkpt>
   <trkpt lat="40.7599520" lon="-74.0278090">
    <ele>3.2</ele>
    <time>2026-01-14T23:26:29Z</time>
   </trkpt>
   <trkpt lat="40.7599530" lon="-74.0277920">
    <ele>3.2</ele>
    <time>2026-01-14T23:26:30Z</time>
   </trkpt>
   <trkpt lat="40.7599510" lon="-74.0277370">
    <ele>3.2</ele>
    <time>2026-01-14T23:26:31Z</time>
   </trkpt>
   <trkpt lat="40.7599440" lon="-74.0276790">
    <ele>3.1</ele>
    <time>2026-01-14T23:26:32Z</time>
   </trkpt>
   <trkpt lat="40.7599430" lon="-74.0276250">
    <ele>3.1</ele>
    <time>2026-01-14T23:26:33Z</time>
   </trkpt>
   <trkpt lat="40.7599480" lon="-74.0275890">
    <ele>3.1</ele>
    <time>2026-01-14T23:26:34Z</time>
   </trkpt>
   <trkpt lat="40.7599380" lon="-74.0275390">
    <ele>3.0</ele>
    <time>2026-01-14T23:26:35Z</time>
   </trkpt>
   <trkpt lat="40.7599240" lon="-74.0274810">
    <ele>3.0</ele>
    <time>2026-01-14T23:26:36Z</time>
   </trkpt>
   <trkpt lat="40.7599030" lon="-74.0274220">
    <ele>2.9</ele>
    <time>2026-01-14T23:26:37Z</time>
   </trkpt>
   <trkpt lat="40.7599000" lon="-74.0273750">
    <ele>2.8</ele>
    <time>2026-01-14T23:26:38Z</time>
   </trkpt>
   <trkpt lat="40.7598890" lon="-74.0273290">
    <ele>2.8</ele>
    <time>2026-01-14T23:26:39Z</time>
   </trkpt>
   <trkpt lat="40.7598700" lon="-74.0272730">
    <ele>2.8</ele>
    <time>2026-01-14T23:26:40Z</time>
   </trkpt>
   <trkpt lat="40.7598550" lon="-74.0272140">
    <ele>2.7</ele>
    <time>2026-01-14T23:26:41Z</time>
   </trkpt>
   <trkpt lat="40.7598500" lon="-74.0271590">
    <ele>2.7</ele>
    <time>2026-01-14T23:26:42Z</time>
   </trkpt>
   <trkpt lat="40.7598430" lon="-74.0271200">
    <ele>2.7</ele>
    <time>2026-01-14T23:26:43Z</time>
   </trkpt>
   <trkpt lat="40.7598370" lon="-74.0270830">
    <ele>2.7</ele>
    <time>2026-01-14T23:26:44Z</time>
   </trkpt>
   <trkpt lat="40.7598280" lon="-74.0270440">
    <ele>2.7</ele>
    <time>2026-01-14T23:26:45Z</time>
   </trkpt>
   <trkpt lat="40.7598240" lon="-74.0270340">
    <ele>2.7</ele>
    <time>2026-01-14T23:26:46Z</time>
   </trkpt>
   <trkpt lat="40.7598090" lon="-74.0269920">
    <ele>2.7</ele>
    <time>2026-01-14T23:26:47Z</time>
   </trkpt>
   <trkpt lat="40.7598000" lon="-74.0269700">
    <ele>2.7</ele>
    <time>2026-01-14T23:26:48Z</time>
   </trkpt>
   <trkpt lat="40.7597960" lon="-74.0269270">
    <ele>2.8</ele>
    <time>2026-01-14T23:26:49Z</time>
   </trkpt>
   <trkpt lat="40.7598020" lon="-74.0268850">
    <ele>2.8</ele>
    <time>2026-01-14T23:26:50Z</time>
   </trkpt>
   <trkpt lat="40.7598000" lon="-74.0268320">
    <ele>2.8</ele>
    <time>2026-01-14T23:26:51Z</time>
   </trkpt>
   <trkpt lat="40.7597900" lon="-74.0267810">
    <ele>2.8</ele>
    <time>2026-01-14T23:26:52Z</time>
   </trkpt>
   <trkpt lat="40.7597890" lon="-74.0267350">
    <ele>2.8</ele>
    <time>2026-01-14T23:26:53Z</time>
   </trkpt>
   <trkpt lat="40.7597800" lon="-74.0266760">
    <ele>2.7</ele>
    <time>2026-01-14T23:26:54Z</time>
   </trkpt>
   <trkpt lat="40.7597560" lon="-74.0266110">
    <ele>2.7</ele>
    <time>2026-01-14T23:26:55Z</time>
   </trkpt>
   <trkpt lat="40.7597370" lon="-74.0265470">
    <ele>2.7</ele>
    <time>2026-01-14T23:26:56Z</time>
   </trkpt>
   <trkpt lat="40.7597310" lon="-74.0264760">
    <ele>2.7</ele>
    <time>2026-01-14T23:26:57Z</time>
   </trkpt>
   <trkpt lat="40.7597190" lon="-74.0264070">
    <ele>2.7</ele>
    <time>2026-01-14T23:26:58Z</time>
   </trkpt>
   <trkpt lat="40.7597110" lon="-74.0263400">
    <ele>2.7</ele>
    <time>2026-01-14T23:26:59Z</time>
   </trkpt>
   <trkpt lat="40.7596940" lon="-74.0262630">
    <ele>2.8</ele>
    <time>2026-01-14T23:27:00Z</time>
   </trkpt>
   <trkpt lat="40.7596830" lon="-74.0261970">
    <ele>2.8</ele>
    <time>2026-01-14T23:27:01Z</time>
   </trkpt>
   <trkpt lat="40.7596720" lon="-74.0261280">
    <ele>2.8</ele>
    <time>2026-01-14T23:27:02Z</time>
   </trkpt>
   <trkpt lat="40.7596670" lon="-74.0260500">
    <ele>2.8</ele>
    <time>2026-01-14T23:27:03Z</time>
   </trkpt>
   <trkpt lat="40.7596650" lon="-74.0259750">
    <ele>2.8</ele>
    <time>2026-01-14T23:27:04Z</time>
   </trkpt>
   <trkpt lat="40.7596660" lon="-74.0258990">
    <ele>2.9</ele>
    <time>2026-01-14T23:27:05Z</time>
   </trkpt>
   <trkpt lat="40.7596740" lon="-74.0258270">
    <ele>2.9</ele>
    <time>2026-01-14T23:27:06Z</time>
   </trkpt>
   <trkpt lat="40.7596850" lon="-74.0257550">
    <ele>3.0</ele>
    <time>2026-01-14T23:27:07Z</time>
   </trkpt>
   <trkpt lat="40.7596880" lon="-74.0256800">
    <ele>3.0</ele>
    <time>2026-01-14T23:27:08Z</time>
   </trkpt>
   <trkpt lat="40.7597020" lon="-74.0256120">
    <ele>3.1</ele>
    <time>2026-01-14T23:27:09Z</time>
   </trkpt>
   <trkpt lat="40.7597100" lon="-74.0255480">
    <ele>3.1</ele>
    <time>2026-01-14T23:27:10Z</time>
   </trkpt>
   <trkpt lat="40.7597220" lon="-74.0254850">
    <ele>3.1</ele>
    <time>2026-01-14T23:27:11Z</time>
   </trkpt>
   <trkpt lat="40.7597320" lon="-74.0254120">
    <ele>3.2</ele>
    <time>2026-01-14T23:27:12Z</time>
   </trkpt>
   <trkpt lat="40.7597400" lon="-74.0253450">
    <ele>3.2</ele>
    <time>2026-01-14T23:27:13Z</time>
   </trkpt>
   <trkpt lat="40.7597530" lon="-74.0252960">
    <ele>3.2</ele>
    <time>2026-01-14T23:27:14Z</time>
   </trkpt>
   <trkpt lat="40.7597560" lon="-74.0252440">
    <ele>3.2</ele>
    <time>2026-01-14T23:27:15Z</time>
   </trkpt>
   <trkpt lat="40.7597570" lon="-74.0251940">
    <ele>3.2</ele>
    <time>2026-01-14T23:27:16Z</time>
   </trkpt>
   <trkpt lat="40.7597630" lon="-74.0251500">
    <ele>3.2</ele>
    <time>2026-01-14T23:27:17Z</time>
   </trkpt>
   <trkpt lat="40.7597570" lon="-74.0251000">
    <ele>3.3</ele>
    <time>2026-01-14T23:27:18Z</time>
   </trkpt>
   <trkpt lat="40.7597500" lon="-74.0250470">
    <ele>3.3</ele>
    <time>2026-01-14T23:27:19Z</time>
   </trkpt>
   <trkpt lat="40.7597390" lon="-74.0249990">
    <ele>3.3</ele>
    <time>2026-01-14T23:27:20Z</time>
   </trkpt>
   <trkpt lat="40.7597240" lon="-74.0249480">
    <ele>3.3</ele>
    <time>2026-01-14T23:27:21Z</time>
   </trkpt>
   <trkpt lat="40.7597120" lon="-74.0248910">
    <ele>3.3</ele>
    <time>2026-01-14T23:27:22Z</time>
   </trkpt>
   <trkpt lat="40.7596930" lon="-74.0248390">
    <ele>3.1</ele>
    <time>2026-01-14T23:27:23Z</time>
   </trkpt>
   <trkpt lat="40.7596570" lon="-74.0247920">
    <ele>3.1</ele>
    <time>2026-01-14T23:27:24Z</time>
   </trkpt>
   <trkpt lat="40.7596380" lon="-74.0247400">
    <ele>3.1</ele>
    <time>2026-01-14T23:27:25Z</time>
   </trkpt>
   <trkpt lat="40.7596020" lon="-74.0246820">
    <ele>3.1</ele>
    <time>2026-01-14T23:27:26Z</time>
   </trkpt>
   <trkpt lat="40.7595800" lon="-74.0246270">
    <ele>3.1</ele>
    <time>2026-01-14T23:27:27Z</time>
   </trkpt>
   <trkpt lat="40.7595480" lon="-74.0245810">
    <ele>3.1</ele>
    <time>2026-01-14T23:27:28Z</time>
   </trkpt>
   <trkpt lat="40.7595210" lon="-74.0245190">
    <ele>3.1</ele>
    <time>2026-01-14T23:27:29Z</time>
   </trkpt>
   <trkpt lat="40.7595000" lon="-74.0244550">
    <ele>3.1</ele>
    <time>2026-01-14T23:27:30Z</time>
   </trkpt>
   <trkpt lat="40.7594680" lon="-74.0243910">
    <ele>3.1</ele>
    <time>2026-01-14T23:27:31Z</time>
   </trkpt>
   <trkpt lat="40.7594390" lon="-74.0243300">
    <ele>3.1</ele>
    <time>2026-01-14T23:27:32Z</time>
   </trkpt>
   <trkpt lat="40.7594200" lon="-74.0242530">
    <ele>3.1</ele>
    <time>2026-01-14T23:27:33Z</time>
   </trkpt>
   <trkpt lat="40.7593890" lon="-74.0241940">
    <ele>3.1</ele>
    <time>2026-01-14T23:27:34Z</time>
   </trkpt>
   <trkpt lat="40.7593690" lon="-74.0241250">
    <ele>3.1</ele>
    <time>2026-01-14T23:27:35Z</time>
   </trkpt>
   <trkpt lat="40.7593450" lon="-74.0240560">
    <ele>3.1</ele>
    <time>2026-01-14T23:27:36Z</time>
   </trkpt>
   <trkpt lat="40.7593150" lon="-74.0240020">
    <ele>3.1</ele>
    <time>2026-01-14T23:27:37Z</time>
   </trkpt>
   <trkpt lat="40.7592920" lon="-74.0239410">
    <ele>3.0</ele>
    <time>2026-01-14T23:27:38Z</time>
   </trkpt>
   <trkpt lat="40.7592690" lon="-74.0238780">
    <ele>3.0</ele>
    <time>2026-01-14T23:27:39Z</time>
   </trkpt>
   <trkpt lat="40.7592450" lon="-74.0238250">
    <ele>3.0</ele>
    <time>2026-01-14T23:27:40Z</time>
   </trkpt>
   <trkpt lat="40.7592190" lon="-74.0237660">
    <ele>2.9</ele>
    <time>2026-01-14T23:27:41Z</time>
   </trkpt>
   <trkpt lat="40.7591960" lon="-74.0237070">
    <ele>2.9</ele>
    <time>2026-01-14T23:27:42Z</time>
   </trkpt>
   <trkpt lat="40.7591660" lon="-74.0236520">
    <ele>2.9</ele>
    <time>2026-01-14T23:27:43Z</time>
   </trkpt>
   <trkpt lat="40.7591430" lon="-74.0235790">
    <ele>2.8</ele>
    <time>2026-01-14T23:27:44Z</time>
   </trkpt>
   <trkpt lat="40.7591160" lon="-74.0235230">
    <ele>2.8</ele>
    <time>2026-01-14T23:27:45Z</time>
   </trkpt>
   <trkpt lat="40.7591130" lon="-74.0234610">
    <ele>2.8</ele>
    <time>2026-01-14T23:27:46Z</time>
   </trkpt>
   <trkpt lat="40.7590930" lon="-74.0233970">
    <ele>2.8</ele>
    <time>2026-01-14T23:27:47Z</time>
   </trkpt>
   <trkpt lat="40.7590610" lon="-74.0233580">
    <ele>2.8</ele>
    <time>2026-01-14T23:27:48Z</time>
   </trkpt>
   <trkpt lat="40.7590310" lon="-74.0233070">
    <ele>2.8</ele>
    <time>2026-01-14T23:27:49Z</time>
   </trkpt>
   <trkpt lat="40.7590090" lon="-74.0232430">
    <ele>2.8</ele>
    <time>2026-01-14T23:27:50Z</time>
   </trkpt>
   <trkpt lat="40.7590020" lon="-74.0231860">
    <ele>2.7</ele>
    <time>2026-01-14T23:27:51Z</time>
   </trkpt>
   <trkpt lat="40.7589890" lon="-74.0231450">
    <ele>2.7</ele>
    <time>2026-01-14T23:27:52Z</time>
   </trkpt>
   <trkpt lat="40.7589810" lon="-74.0230910">
    <ele>2.7</ele>
    <time>2026-01-14T23:27:53Z</time>
   </trkpt>
   <trkpt lat="40.7589620" lon="-74.0230430">
    <ele>2.7</ele>
    <time>2026-01-14T23:27:54Z</time>
   </trkpt>
   <trkpt lat="40.7589580" lon="-74.0230010">
    <ele>2.7</ele>
    <time>2026-01-14T23:27:55Z</time>
   </trkpt>
   <trkpt lat="40.7589610" lon="-74.0229800">
    <ele>2.6</ele>
    <time>2026-01-14T23:27:56Z</time>
   </trkpt>
   <trkpt lat="40.7589580" lon="-74.0229320">
    <ele>2.5</ele>
    <time>2026-01-14T23:27:57Z</time>
   </trkpt>
   <trkpt lat="40.7589240" lon="-74.0229050">
    <ele>2.4</ele>
    <time>2026-01-14T23:27:58Z</time>
   </trkpt>
   <trkpt lat="40.7589080" lon="-74.0229000">
    <ele>2.3</ele>
    <time>2026-01-14T23:27:59Z</time>
   </trkpt>
   <trkpt lat="40.7588670" lon="-74.0229060">
    <ele>2.2</ele>
    <time>2026-01-14T23:28:00Z</time>
   </trkpt>
   <trkpt lat="40.7588470" lon="-74.0229090">
    <ele>2.2</ele>
    <time>2026-01-14T23:28:01Z</time>
   </trkpt>
   <trkpt lat="40.7588040" lon="-74.0229240">
    <ele>2.2</ele>
    <time>2026-01-14T23:28:02Z</time>
   </trkpt>
   <trkpt lat="40.7587670" lon="-74.0229440">
    <ele>2.2</ele>
    <time>2026-01-14T23:28:03Z</time>
   </trkpt>
   <trkpt lat="40.7587340" lon="-74.0229640">
    <ele>2.1</ele>
    <time>2026-01-14T23:28:04Z</time>
   </trkpt>
   <trkpt lat="40.7586980" lon="-74.0229740">
    <ele>2.1</ele>
    <time>2026-01-14T23:28:05Z</time>
   </trkpt>
   <trkpt lat="40.7586570" lon="-74.0229990">
    <ele>2.1</ele>
    <time>2026-01-14T23:28:06Z</time>
   </trkpt>
   <trkpt lat="40.7586260" lon="-74.0230070">
    <ele>2.1</ele>
    <time>2026-01-14T23:28:07Z</time>
   </trkpt>
   <trkpt lat="40.7585910" lon="-74.0230050">
    <ele>2.1</ele>
    <time>2026-01-14T23:28:08Z</time>
   </trkpt>
   <trkpt lat="40.7585620" lon="-74.0230010">
    <ele>2.1</ele>
    <time>2026-01-14T23:28:09Z</time>
   </trkpt>
   <trkpt lat="40.7585260" lon="-74.0229980">
    <ele>2.0</ele>
    <time>2026-01-14T23:28:10Z</time>
   </trkpt>
   <trkpt lat="40.7585100" lon="-74.0230010">
    <ele>2.0</ele>
    <time>2026-01-14T23:28:11Z</time>
   </trkpt>
   <trkpt lat="40.7584780" lon="-74.0230020">
    <ele>2.0</ele>
    <time>2026-01-14T23:28:12Z</time>
   </trkpt>
   <trkpt lat="40.7584610" lon="-74.0230000">
    <ele>2.0</ele>
    <time>2026-01-14T23:28:13Z</time>
   </trkpt>
   <trkpt lat="40.7584350" lon="-74.0229680">
    <ele>2.0</ele>
    <time>2026-01-14T23:28:14Z</time>
   </trkpt>
   <trkpt lat="40.7584270" lon="-74.0229530">
    <ele>2.0</ele>
    <time>2026-01-14T23:28:15Z</time>
   </trkpt>
   <trkpt lat="40.7584170" lon="-74.0229100">
    <ele>2.0</ele>
    <time>2026-01-14T23:28:16Z</time>
   </trkpt>
   <trkpt lat="40.7583960" lon="-74.0228710">
    <ele>2.0</ele>
    <time>2026-01-14T23:28:17Z</time>
   </trkpt>
   <trkpt lat="40.7583540" lon="-74.0228710">
    <ele>2.0</ele>
    <time>2026-01-14T23:28:18Z</time>
   </trkpt>
   <trkpt lat="40.7583150" lon="-74.0229120">
    <ele>2.0</ele>
    <time>2026-01-14T23:28:19Z</time>
   </trkpt>
   <trkpt lat="40.7582880" lon="-74.0229600">
    <ele>2.0</ele>
    <time>2026-01-14T23:28:20Z</time>
   </trkpt>
   <trkpt lat="40.7582590" lon="-74.0229980">
    <ele>2.0</ele>
    <time>2026-01-14T23:28:21Z</time>
   </trkpt>
   <trkpt lat="40.7582230" lon="-74.0230210">
    <ele>2.0</ele>
    <time>2026-01-14T23:28:22Z</time>
   </trkpt>
   <trkpt lat="40.7581850" lon="-74.0230490">
    <ele>2.0</ele>
    <time>2026-01-14T23:28:23Z</time>
   </trkpt>
   <trkpt lat="40.7581440" lon="-74.0230750">
    <ele>2.0</ele>
    <time>2026-01-14T23:28:24Z</time>
   </trkpt>
   <trkpt lat="40.7581050" lon="-74.0231080">
    <ele>2.0</ele>
    <time>2026-01-14T23:28:25Z</time>
   </trkpt>
   <trkpt lat="40.7580700" lon="-74.0231360">
    <ele>2.0</ele>
    <time>2026-01-14T23:28:26Z</time>
   </trkpt>
   <trkpt lat="40.7580350" lon="-74.0231640">
    <ele>2.0</ele>
    <time>2026-01-14T23:28:27Z</time>
   </trkpt>
   <trkpt lat="40.7579990" lon="-74.0231860">
    <ele>2.0</ele>
    <time>2026-01-14T23:28:28Z</time>
   </trkpt>
   <trkpt lat="40.7579660" lon="-74.0232130">
    <ele>2.0</ele>
    <time>2026-01-14T23:28:29Z</time>
   </trkpt>
   <trkpt lat="40.7579340" lon="-74.0232370">
    <ele>2.0</ele>
    <time>2026-01-14T23:28:30Z</time>
   </trkpt>
   <trkpt lat="40.7579010" lon="-74.0232630">
    <ele>2.0</ele>
    <time>2026-01-14T23:28:31Z</time>
   </trkpt>
   <trkpt lat="40.7578650" lon="-74.0232910">
    <ele>2.0</ele>
    <time>2026-01-14T23:28:32Z</time>
   </trkpt>
   <trkpt lat="40.7578270" lon="-74.0233160">
    <ele>2.0</ele>
    <time>2026-01-14T23:28:33Z</time>
   </trkpt>
   <trkpt lat="40.7577960" lon="-74.0233410">
    <ele>2.1</ele>
    <time>2026-01-14T23:28:34Z</time>
   </trkpt>
   <trkpt lat="40.7577600" lon="-74.0233650">
    <ele>2.1</ele>
    <time>2026-01-14T23:28:35Z</time>
   </trkpt>
   <trkpt lat="40.7577370" lon="-74.0233930">
    <ele>2.1</ele>
    <time>2026-01-14T23:28:36Z</time>
   </trkpt>
   <trkpt lat="40.7577330" lon="-74.0234430">
    <ele>2.1</ele>
    <time>2026-01-14T23:28:37Z</time>
   </trkpt>
   <trkpt lat="40.7577460" lon="-74.0234970">
    <ele>2.1</ele>
    <time>2026-01-14T23:28:38Z</time>
   </trkpt>
   <trkpt lat="40.7577690" lon="-74.0235480">
    <ele>2.0</ele>
    <time>2026-01-14T23:28:39Z</time>
   </trkpt>
   <trkpt lat="40.7577910" lon="-74.0236000">
    <ele>2.0</ele>
    <time>2026-01-14T23:28:40Z</time>
   </trkpt>
   <trkpt lat="40.7577960" lon="-74.0236540">
    <ele>2.0</ele>
    <time>2026-01-14T23:28:41Z</time>
   </trkpt>
   <trkpt lat="40.7577730" lon="-74.0237040">
    <ele>2.0</ele>
    <time>2026-01-14T23:28:42Z</time>
   </trkpt>
   <trkpt lat="40.7577570" lon="-74.0237520">
    <ele>2.0</ele>
    <time>2026-01-14T23:28:43Z</time>
   </trkpt>
   <trkpt lat="40.7577830" lon="-74.0237960">
    <ele>2.0</ele>
    <time>2026-01-14T23:28:44Z</time>
   </trkpt>
   <trkpt lat="40.7578100" lon="-74.0238520">
    <ele>2.0</ele>
    <time>2026-01-14T23:28:45Z</time>
   </trkpt>
   <trkpt lat="40.7578360" lon="-74.0239010">
    <ele>2.0</ele>
    <time>2026-01-14T23:28:46Z</time>
   </trkpt>
   <trkpt lat="40.7578570" lon="-74.0239520">
    <ele>2.0</ele>
    <time>2026-01-14T23:28:47Z</time>
   </trkpt>
   <trkpt lat="40.7578810" lon="-74.0240060">
    <ele>2.0</ele>
    <time>2026-01-14T23:28:48Z</time>
   </trkpt>
   <trkpt lat="40.7579100" lon="-74.0240620">
    <ele>2.0</ele>
    <time>2026-01-14T23:28:49Z</time>
   </trkpt>
   <trkpt lat="40.7579380" lon="-74.0241160">
    <ele>2.0</ele>
    <time>2026-01-14T23:28:50Z</time>
   </trkpt>
   <trkpt lat="40.7579610" lon="-74.0241710">
    <ele>2.0</ele>
    <time>2026-01-14T23:28:51Z</time>
   </trkpt>
   <trkpt lat="40.7579860" lon="-74.0242280">
    <ele>2.0</ele>
    <time>2026-01-14T23:28:52Z</time>
   </trkpt>
   <trkpt lat="40.7580090" lon="-74.0242920">
    <ele>2.0</ele>
    <time>2026-01-14T23:28:53Z</time>
   </trkpt>
   <trkpt lat="40.7580270" lon="-74.0243510">
    <ele>2.0</ele>
    <time>2026-01-14T23:28:54Z</time>
   </trkpt>
   <trkpt lat="40.7580480" lon="-74.0244050">
    <ele>2.0</ele>
    <time>2026-01-14T23:28:55Z</time>
   </trkpt>
   <trkpt lat="40.7580770" lon="-74.0244660">
    <ele>2.0</ele>
    <time>2026-01-14T23:28:56Z</time>
   </trkpt>
   <trkpt lat="40.7581020" lon="-74.0245220">
    <ele>2.1</ele>
    <time>2026-01-14T23:28:57Z</time>
   </trkpt>
   <trkpt lat="40.7581230" lon="-74.0245780">
    <ele>2.1</ele>
    <time>2026-01-14T23:28:58Z</time>
   </trkpt>
   <trkpt lat="40.7581460" lon="-74.0246320">
    <ele>2.1</ele>
    <time>2026-01-14T23:28:59Z</time>
   </trkpt>
   <trkpt lat="40.7581680" lon="-74.0246790">
    <ele>2.1</ele>
    <time>2026-01-14T23:29:00Z</time>
   </trkpt>
   <trkpt lat="40.7581830" lon="-74.0247270">
    <ele>2.1</ele>
    <time>2026-01-14T23:29:01Z</time>
   </trkpt>
   <trkpt lat="40.7582040" lon="-74.0247770">
    <ele>2.1</ele>
    <time>2026-01-14T23:29:02Z</time>
   </trkpt>
   <trkpt lat="40.7582300" lon="-74.0248280">
    <ele>2.0</ele>
    <time>2026-01-14T23:29:03Z</time>
   </trkpt>
   <trkpt lat="40.7582590" lon="-74.0248850">
    <ele>2.0</ele>
    <time>2026-01-14T23:29:04Z</time>
   </trkpt>
   <trkpt lat="40.7582790" lon="-74.0249380">
    <ele>2.0</ele>
    <time>2026-01-14T23:29:05Z</time>
   </trkpt>
   <trkpt lat="40.7582840" lon="-74.0250030">
    <ele>2.0</ele>
    <time>2026-01-14T23:29:06Z</time>
   </trkpt>
   <trkpt lat="40.7582770" lon="-74.0250610">
    <ele>2.0</ele>
    <time>2026-01-14T23:29:07Z</time>
   </trkpt>
   <trkpt lat="40.7582640" lon="-74.0251230">
    <ele>2.0</ele>
    <time>2026-01-14T23:29:08Z</time>
   </trkpt>
   <trkpt lat="40.7582460" lon="-74.0251800">
    <ele>2.0</ele>
    <time>2026-01-14T23:29:09Z</time>
   </trkpt>
   <trkpt lat="40.7582370" lon="-74.0252430">
    <ele>2.0</ele>
    <time>2026-01-14T23:29:10Z</time>
   </trkpt>
   <trkpt lat="40.7582280" lon="-74.0253050">
    <ele>2.0</ele>
    <time>2026-01-14T23:29:11Z</time>
   </trkpt>
   <trkpt lat="40.7582170" lon="-74.0253690">
    <ele>2.0</ele>
    <time>2026-01-14T23:29:12Z</time>
   </trkpt>
   <trkpt lat="40.7582040" lon="-74.0254170">
    <ele>2.0</ele>
    <time>2026-01-14T23:29:13Z</time>
   </trkpt>
   <trkpt lat="40.7581920" lon="-74.0254780">
    <ele>2.0</ele>
    <time>2026-01-14T23:29:14Z</time>
   </trkpt>
   <trkpt lat="40.7581730" lon="-74.0255290">
    <ele>2.0</ele>
    <time>2026-01-14T23:29:15Z</time>
   </trkpt>
   <trkpt lat="40.7581500" lon="-74.0255820">
    <ele>2.1</ele>
    <time>2026-01-14T23:29:16Z</time>
   </trkpt>
   <trkpt lat="40.7581400" lon="-74.0256420">
    <ele>2.1</ele>
    <time>2026-01-14T23:29:17Z</time>
   </trkpt>
   <trkpt lat="40.7581330" lon="-74.0256980">
    <ele>2.1</ele>
    <time>2026-01-14T23:29:18Z</time>
   </trkpt>
   <trkpt lat="40.7581270" lon="-74.0257570">
    <ele>2.1</ele>
    <time>2026-01-14T23:29:19Z</time>
   </trkpt>
   <trkpt lat="40.7581220" lon="-74.0258110">
    <ele>2.1</ele>
    <time>2026-01-14T23:29:20Z</time>
   </trkpt>
   <trkpt lat="40.7581120" lon="-74.0258590">
    <ele>2.1</ele>
    <time>2026-01-14T23:29:21Z</time>
   </trkpt>
   <trkpt lat="40.7580920" lon="-74.0259080">
    <ele>2.1</ele>
    <time>2026-01-14T23:29:22Z</time>
   </trkpt>
   <trkpt lat="40.7580770" lon="-74.0259540">
    <ele>2.1</ele>
    <time>2026-01-14T23:29:23Z</time>
   </trkpt>
   <trkpt lat="40.7580620" lon="-74.0260000">
    <ele>2.1</ele>
    <time>2026-01-14T23:29:24Z</time>
   </trkpt>
   <trkpt lat="40.7580560" lon="-74.0260490">
    <ele>2.1</ele>
    <time>2026-01-14T23:29:25Z</time>
   </trkpt>
   <trkpt lat="40.7580460" lon="-74.0260870">
    <ele>2.1</ele>
    <time>2026-01-14T23:29:26Z</time>
   </trkpt>
   <trkpt lat="40.7580230" lon="-74.0261270">
    <ele>2.1</ele>
    <time>2026-01-14T23:29:27Z</time>
   </trkpt>
   <trkpt lat="40.7579940" lon="-74.0261250">
    <ele>2.1</ele>
    <time>2026-01-14T23:29:28Z</time>
   </trkpt>
   <trkpt lat="40.7579670" lon="-74.0261340">
    <ele>2.1</ele>
    <time>2026-01-14T23:29:29Z</time>
   </trkpt>
   <trkpt lat="40.7579340" lon="-74.0261500">
    <ele>2.1</ele>
    <time>2026-01-14T23:29:30Z</time>
   </trkpt>
   <trkpt lat="40.7579220" lon="-74.0261550">
    <ele>2.1</ele>
    <time>2026-01-14T23:29:31Z</time>
   </trkpt>
   <trkpt lat="40.7578880" lon="-74.0261480">
    <ele>2.1</ele>
    <time>2026-01-14T23:29:32Z</time>
   </trkpt>
   <trkpt lat="40.7578730" lon="-74.0261460">
    <ele>2.1</ele>
    <time>2026-01-14T23:29:33Z</time>
   </trkpt>
   <trkpt lat="40.7578310" lon="-74.0261560">
    <ele>2.1</ele>
    <time>2026-01-14T23:29:34Z</time>
   </trkpt>
   <trkpt lat="40.7577940" lon="-74.0261710">
    <ele>2.1</ele>
    <time>2026-01-14T23:29:35Z</time>
   </trkpt>
   <trkpt lat="40.7577500" lon="-74.0261930">
    <ele>2.1</ele>
    <time>2026-01-14T23:29:36Z</time>
   </trkpt>
   <trkpt lat="40.7577120" lon="-74.0262060">
    <ele>2.1</ele>
    <time>2026-01-14T23:29:37Z</time>
   </trkpt>
   <trkpt lat="40.7576760" lon="-74.0262140">
    <ele>2.1</ele>
    <time>2026-01-14T23:29:38Z</time>
   </trkpt>
   <trkpt lat="40.7576270" lon="-74.0262290">
    <ele>2.1</ele>
    <time>2026-01-14T23:29:39Z</time>
   </trkpt>
   <trkpt lat="40.7575820" lon="-74.0262420">
    <ele>2.1</ele>
    <time>2026-01-14T23:29:40Z</time>
   </trkpt>
   <trkpt lat="40.7575380" lon="-74.0262600">
    <ele>2.1</ele>
    <time>2026-01-14T23:29:41Z</time>
   </trkpt>
   <trkpt lat="40.7574920" lon="-74.0262630">
    <ele>2.1</ele>
    <time>2026-01-14T23:29:42Z</time>
   </trkpt>
   <trkpt lat="40.7574430" lon="-74.0262780">
    <ele>2.1</ele>
    <time>2026-01-14T23:29:43Z</time>
   </trkpt>
   <trkpt lat="40.7574040" lon="-74.0263000">
    <ele>2.1</ele>
    <time>2026-01-14T23:29:44Z</time>
   </trkpt>
   <trkpt lat="40.7573640" lon="-74.0263110">
    <ele>2.1</ele>
    <time>2026-01-14T23:29:45Z</time>
   </trkpt>
   <trkpt lat="40.7573190" lon="-74.0263190">
    <ele>2.2</ele>
    <time>2026-01-14T23:29:46Z</time>
   </trkpt>
   <trkpt lat="40.7572760" lon="-74.0263300">
    <ele>2.2</ele>
    <time>2026-01-14T23:29:47Z</time>
   </trkpt>
   <trkpt lat="40.7572400" lon="-74.0263460">
    <ele>2.2</ele>
    <time>2026-01-14T23:29:48Z</time>
   </trkpt>
   <trkpt lat="40.7572030" lon="-74.0263650">
    <ele>2.2</ele>
    <time>2026-01-14T23:29:49Z</time>
   </trkpt>
   <trkpt lat="40.7571800" lon="-74.0264030">
    <ele>2.2</ele>
    <time>2026-01-14T23:29:50Z</time>
   </trkpt>
   <trkpt lat="40.7572010" lon="-74.0264610">
    <ele>2.2</ele>
    <time>2026-01-14T23:29:51Z</time>
   </trkpt>
   <trkpt lat="40.7572380" lon="-74.0264870">
    <ele>2.2</ele>
    <time>2026-01-14T23:29:52Z</time>
   </trkpt>
   <trkpt lat="40.7572540" lon="-74.0265600">
    <ele>2.2</ele>
    <time>2026-01-14T23:29:53Z</time>
   </trkpt>
   <trkpt lat="40.7572620" lon="-74.0266110">
    <ele>2.2</ele>
    <time>2026-01-14T23:29:54Z</time>
   </trkpt>
   <trkpt lat="40.7572630" lon="-74.0266670">
    <ele>2.2</ele>
    <time>2026-01-14T23:29:55Z</time>
   </trkpt>
   <trkpt lat="40.7572790" lon="-74.0267250">
    <ele>2.2</ele>
    <time>2026-01-14T23:29:56Z</time>
   </trkpt>
   <trkpt lat="40.7572880" lon="-74.0267820">
    <ele>2.2</ele>
    <time>2026-01-14T23:29:57Z</time>
   </trkpt>
   <trkpt lat="40.7572880" lon="-74.0268380">
    <ele>2.2</ele>
    <time>2026-01-14T23:29:58Z</time>
   </trkpt>
   <trkpt lat="40.7573060" lon="-74.0268900">
    <ele>2.2</ele>
    <time>2026-01-14T23:29:59Z</time>
   </trkpt>
   <trkpt lat="40.7573050" lon="-74.0269470">
    <ele>2.2</ele>
    <time>2026-01-14T23:30:00Z</time>
   </trkpt>
   <trkpt lat="40.7573050" lon="-74.0269870">
    <ele>2.2</ele>
    <time>2026-01-14T23:30:01Z</time>
   </trkpt>
   <trkpt lat="40.7573130" lon="-74.0270300">
    <ele>2.2</ele>
    <time>2026-01-14T23:30:02Z</time>
   </trkpt>
   <trkpt lat="40.7573200" lon="-74.0270680">
    <ele>2.2</ele>
    <time>2026-01-14T23:30:03Z</time>
   </trkpt>
   <trkpt lat="40.7573210" lon="-74.0271060">
    <ele>2.2</ele>
    <time>2026-01-14T23:30:04Z</time>
   </trkpt>
   <trkpt lat="40.7573310" lon="-74.0271560">
    <ele>2.2</ele>
    <time>2026-01-14T23:30:05Z</time>
   </trkpt>
   <trkpt lat="40.7573250" lon="-74.0272060">
    <ele>2.2</ele>
    <time>2026-01-14T23:30:06Z</time>
   </trkpt>
   <trkpt lat="40.7573220" lon="-74.0272230">
    <ele>2.2</ele>
    <time>2026-01-14T23:30:07Z</time>
   </trkpt>
   <trkpt lat="40.7573280" lon="-74.0272650">
    <ele>2.2</ele>
    <time>2026-01-14T23:30:08Z</time>
   </trkpt>
   <trkpt lat="40.7573080" lon="-74.0273030">
    <ele>2.1</ele>
    <time>2026-01-14T23:30:09Z</time>
   </trkpt>
   <trkpt lat="40.7572970" lon="-74.0273100">
    <ele>2.1</ele>
    <time>2026-01-14T23:30:10Z</time>
   </trkpt>
   <trkpt lat="40.7572580" lon="-74.0273080">
    <ele>2.1</ele>
    <time>2026-01-14T23:30:11Z</time>
   </trkpt>
   <trkpt lat="40.7572100" lon="-74.0273240">
    <ele>2.1</ele>
    <time>2026-01-14T23:30:12Z</time>
   </trkpt>
   <trkpt lat="40.7571780" lon="-74.0273500">
    <ele>2.1</ele>
    <time>2026-01-14T23:30:13Z</time>
   </trkpt>
   <trkpt lat="40.7571460" lon="-74.0273600">
    <ele>2.0</ele>
    <time>2026-01-14T23:30:14Z</time>
   </trkpt>
   <trkpt lat="40.7570990" lon="-74.0273870">
    <ele>2.0</ele>
    <time>2026-01-14T23:30:15Z</time>
   </trkpt>
   <trkpt lat="40.7570590" lon="-74.0274050">
    <ele>2.0</ele>
    <time>2026-01-14T23:30:16Z</time>
   </trkpt>
   <trkpt lat="40.7570130" lon="-74.0274220">
    <ele>2.0</ele>
    <time>2026-01-14T23:30:17Z</time>
   </trkpt>
   <trkpt lat="40.7569680" lon="-74.0274310">
    <ele>2.0</ele>
    <time>2026-01-14T23:30:18Z</time>
   </trkpt>
   <trkpt lat="40.7569220" lon="-74.0274540">
    <ele>2.0</ele>
    <time>2026-01-14T23:30:19Z</time>
   </trkpt>
   <trkpt lat="40.7568770" lon="-74.0274620">
    <ele>2.0</ele>
    <time>2026-01-14T23:30:20Z</time>
   </trkpt>
   <trkpt lat="40.7568310" lon="-74.0274720">
    <ele>2.0</ele>
    <time>2026-01-14T23:30:21Z</time>
   </trkpt>
   <trkpt lat="40.7567940" lon="-74.0274830">
    <ele>2.0</ele>
    <time>2026-01-14T23:30:22Z</time>
   </trkpt>
   <trkpt lat="40.7567500" lon="-74.0274980">
    <ele>2.0</ele>
    <time>2026-01-14T23:30:23Z</time>
   </trkpt>
   <trkpt lat="40.7567060" lon="-74.0275140">
    <ele>2.0</ele>
    <time>2026-01-14T23:30:24Z</time>
   </trkpt>
   <trkpt lat="40.7566660" lon="-74.0275320">
    <ele>2.0</ele>
    <time>2026-01-14T23:30:25Z</time>
   </trkpt>
   <trkpt lat="40.7566250" lon="-74.0275450">
    <ele>2.0</ele>
    <time>2026-01-14T23:30:26Z</time>
   </trkpt>
   <trkpt lat="40.7565880" lon="-74.0275520">
    <ele>2.0</ele>
    <time>2026-01-14T23:30:27Z</time>
   </trkpt>
   <trkpt lat="40.7565490" lon="-74.0275660">
    <ele>2.0</ele>
    <time>2026-01-14T23:30:28Z</time>
   </trkpt>
   <trkpt lat="40.7565200" lon="-74.0275850">
    <ele>2.0</ele>
    <time>2026-01-14T23:30:29Z</time>
   </trkpt>
   <trkpt lat="40.7564840" lon="-74.0275970">
    <ele>2.0</ele>
    <time>2026-01-14T23:30:30Z</time>
   </trkpt>
   <trkpt lat="40.7564510" lon="-74.0276080">
    <ele>2.1</ele>
    <time>2026-01-14T23:30:31Z</time>
   </trkpt>
   <trkpt lat="40.7564200" lon="-74.0276160">
    <ele>2.1</ele>
    <time>2026-01-14T23:30:32Z</time>
   </trkpt>
   <trkpt lat="40.7563910" lon="-74.0276180">
    <ele>2.1</ele>
    <time>2026-01-14T23:30:33Z</time>
   </trkpt>
   <trkpt lat="40.7563610" lon="-74.0276160">
    <ele>2.1</ele>
    <time>2026-01-14T23:30:34Z</time>
   </trkpt>
   <trkpt lat="40.7563340" lon="-74.0275920">
    <ele>2.0</ele>
    <time>2026-01-14T23:30:35Z</time>
   </trkpt>
   <trkpt lat="40.7563270" lon="-74.0275450">
    <ele>2.0</ele>
    <time>2026-01-14T23:30:36Z</time>
   </trkpt>
   <trkpt lat="40.7563350" lon="-74.0274930">
    <ele>2.0</ele>
    <time>2026-01-14T23:30:37Z</time>
   </trkpt>
   <trkpt lat="40.7563310" lon="-74.0274370">
    <ele>2.0</ele>
    <time>2026-01-14T23:30:38Z</time>
   </trkpt>
   <trkpt lat="40.7563220" lon="-74.0273770">
    <ele>2.0</ele>
    <time>2026-01-14T23:30:39Z</time>
   </trkpt>
   <trkpt lat="40.7563130" lon="-74.0273280">
    <ele>2.0</ele>
    <time>2026-01-14T23:30:40Z</time>
   </trkpt>
   <trkpt lat="40.7563030" lon="-74.0272680">
    <ele>2.0</ele>
    <time>2026-01-14T23:30:41Z</time>
   </trkpt>
   <trkpt lat="40.7562980" lon="-74.0272270">
    <ele>2.0</ele>
    <time>2026-01-14T23:30:42Z</time>
   </trkpt>
   <trkpt lat="40.7562910" lon="-74.0271880">
    <ele>2.0</ele>
    <time>2026-01-14T23:30:43Z</time>
   </trkpt>
   <trkpt lat="40.7562700" lon="-74.0271610">
    <ele>2.0</ele>
    <time>2026-01-14T23:30:44Z</time>
   </trkpt>
   <trkpt lat="40.7562360" lon="-74.0271490">
    <ele>2.0</ele>
    <time>2026-01-14T23:30:45Z</time>
   </trkpt>
   <trkpt lat="40.7561990" lon="-74.0271470">
    <ele>2.0</ele>
    <time>2026-01-14T23:30:46Z</time>
   </trkpt>
   <trkpt lat="40.7561600" lon="-74.0271630">
    <ele>2.0</ele>
    <time>2026-01-14T23:30:47Z</time>
   </trkpt>
   <trkpt lat="40.7561180" lon="-74.0271970">
    <ele>2.0</ele>
    <time>2026-01-14T23:30:48Z</time>
   </trkpt>
   <trkpt lat="40.7560810" lon="-74.0272080">
    <ele>2.0</ele>
    <time>2026-01-14T23:30:49Z</time>
   </trkpt>
   <trkpt lat="40.7560380" lon="-74.0272190">
    <ele>2.0</ele>
    <time>2026-01-14T23:30:50Z</time>
   </trkpt>
   <trkpt lat="40.7559930" lon="-74.0272350">
    <ele>2.1</ele>
    <time>2026-01-14T23:30:51Z</time>
   </trkpt>
   <trkpt lat="40.7559510" lon="-74.0272430">
    <ele>2.1</ele>
    <time>2026-01-14T23:30:52Z</time>
   </trkpt>
   <trkpt lat="40.7559130" lon="-74.0272500">
    <ele>2.1</ele>
    <time>2026-01-14T23:30:53Z</time>
   </trkpt>
   <trkpt lat="40.7558710" lon="-74.0272680">
    <ele>2.1</ele>
    <time>2026-01-14T23:30:54Z</time>
   </trkpt>
   <trkpt lat="40.7558330" lon="-74.0272810">
    <ele>2.1</ele>
    <time>2026-01-14T23:30:55Z</time>
   </trkpt>
   <trkpt lat="40.7557960" lon="-74.0273010">
    <ele>2.1</ele>
    <time>2026-01-14T23:30:56Z</time>
   </trkpt>
   <trkpt lat="40.7557570" lon="-74.0273130">
    <ele>2.1</ele>
    <time>2026-01-14T23:30:57Z</time>
   </trkpt>
   <trkpt lat="40.7557120" lon="-74.0273230">
    <ele>2.1</ele>
    <time>2026-01-14T23:30:58Z</time>
   </trkpt>
   <trkpt lat="40.7556700" lon="-74.0273370">
    <ele>2.2</ele>
    <time>2026-01-14T23:30:59Z</time>
   </trkpt>
   <trkpt lat="40.7556320" lon="-74.0273470">
    <ele>2.2</ele>
    <time>2026-01-14T23:31:00Z</time>
   </trkpt>
   <trkpt lat="40.7555950" lon="-74.0273530">
    <ele>2.2</ele>
    <time>2026-01-14T23:31:01Z</time>
   </trkpt>
   <trkpt lat="40.7555550" lon="-74.0273710">
    <ele>2.2</ele>
    <time>2026-01-14T23:31:02Z</time>
   </trkpt>
   <trkpt lat="40.7555270" lon="-74.0273870">
    <ele>2.2</ele>
    <time>2026-01-14T23:31:03Z</time>
   </trkpt>
   <trkpt lat="40.7554930" lon="-74.0273930">
    <ele>2.2</ele>
    <time>2026-01-14T23:31:04Z</time>
   </trkpt>
   <trkpt lat="40.7554610" lon="-74.0273950">
    <ele>2.2</ele>
    <time>2026-01-14T23:31:05Z</time>
   </trkpt>
   <trkpt lat="40.7554280" lon="-74.0273900">
    <ele>2.2</ele>
    <time>2026-01-14T23:31:06Z</time>
   </trkpt>
   <trkpt lat="40.7553940" lon="-74.0273750">
    <ele>2.2</ele>
    <time>2026-01-14T23:31:07Z</time>
   </trkpt>
   <trkpt lat="40.7554010" lon="-74.0273190">
    <ele>2.1</ele>
    <time>2026-01-14T23:31:08Z</time>
   </trkpt>
   <trkpt lat="40.7554150" lon="-74.0272630">
    <ele>2.1</ele>
    <time>2026-01-14T23:31:09Z</time>
   </trkpt>
   <trkpt lat="40.7554390" lon="-74.0272180">
    <ele>2.1</ele>
    <time>2026-01-14T23:31:10Z</time>
   </trkpt>
   <trkpt lat="40.7554410" lon="-74.0271600">
    <ele>2.1</ele>
    <time>2026-01-14T23:31:11Z</time>
   </trkpt>
   <trkpt lat="40.7554270" lon="-74.0271040">
    <ele>2.0</ele>
    <time>2026-01-14T23:31:12Z</time>
   </trkpt>
   <trkpt lat="40.7554110" lon="-74.0270360">
    <ele>2.0</ele>
    <time>2026-01-14T23:31:13Z</time>
   </trkpt>
   <trkpt lat="40.7554020" lon="-74.0269850">
    <ele>2.0</ele>
    <time>2026-01-14T23:31:14Z</time>
   </trkpt>
   <trkpt lat="40.7553910" lon="-74.0269340">
    <ele>2.0</ele>
    <time>2026-01-14T23:31:15Z</time>
   </trkpt>
   <trkpt lat="40.7553840" lon="-74.0268880">
    <ele>2.0</ele>
    <time>2026-01-14T23:31:16Z</time>
   </trkpt>
   <trkpt lat="40.7553740" lon="-74.0268420">
    <ele>2.0</ele>
    <time>2026-01-14T23:31:17Z</time>
   </trkpt>
   <trkpt lat="40.7553650" lon="-74.0267870">
    <ele>2.1</ele>
    <time>2026-01-14T23:31:18Z</time>
   </trkpt>
   <trkpt lat="40.7553610" lon="-74.0267660">
    <ele>2.1</ele>
    <time>2026-01-14T23:31:19Z</time>
   </trkpt>
   <trkpt lat="40.7553520" lon="-74.0267220">
    <ele>2.1</ele>
    <time>2026-01-14T23:31:20Z</time>
   </trkpt>
   <trkpt lat="40.7553510" lon="-74.0266790">
    <ele>2.1</ele>
    <time>2026-01-14T23:31:21Z</time>
   </trkpt>
   <trkpt lat="40.7553480" lon="-74.0266370">
    <ele>2.1</ele>
    <time>2026-01-14T23:31:22Z</time>
   </trkpt>
   <trkpt lat="40.7553420" lon="-74.0265950">
    <ele>2.1</ele>
    <time>2026-01-14T23:31:23Z</time>
   </trkpt>
   <trkpt lat="40.7553390" lon="-74.0265580">
    <ele>2.1</ele>
    <time>2026-01-14T23:31:24Z</time>
   </trkpt>
   <trkpt lat="40.7553390" lon="-74.0265450">
    <ele>2.1</ele>
    <time>2026-01-14T23:31:25Z</time>
   </trkpt>
   <trkpt lat="40.7553470" lon="-74.0264850">
    <ele>2.1</ele>
    <time>2026-01-14T23:31:26Z</time>
   </trkpt>
   <trkpt lat="40.7553480" lon="-74.0264560">
    <ele>2.1</ele>
    <time>2026-01-14T23:31:27Z</time>
   </trkpt>
   <trkpt lat="40.7553440" lon="-74.0264120">
    <ele>2.1</ele>
    <time>2026-01-14T23:31:28Z</time>
   </trkpt>
   <trkpt lat="40.7553220" lon="-74.0263680">
    <ele>2.2</ele>
    <time>2026-01-14T23:31:29Z</time>
   </trkpt>
   <trkpt lat="40.7552950" lon="-74.0263290">
    <ele>2.2</ele>
    <time>2026-01-14T23:31:30Z</time>
   </trkpt>
   <trkpt lat="40.7552460" lon="-74.0263430">
    <ele>2.2</ele>
    <time>2026-01-14T23:31:31Z</time>
   </trkpt>
   <trkpt lat="40.7552190" lon="-74.0263520">
    <ele>2.2</ele>
    <time>2026-01-14T23:31:32Z</time>
   </trkpt>
   <trkpt lat="40.7551890" lon="-74.0263960">
    <ele>2.3</ele>
    <time>2026-01-14T23:31:33Z</time>
   </trkpt>
   <trkpt lat="40.7551550" lon="-74.0264030">
    <ele>2.3</ele>
    <time>2026-01-14T23:31:34Z</time>
   </trkpt>
   <trkpt lat="40.7551150" lon="-74.0264060">
    <ele>2.4</ele>
    <time>2026-01-14T23:31:35Z</time>
   </trkpt>
   <trkpt lat="40.7550840" lon="-74.0264200">
    <ele>2.4</ele>
    <time>2026-01-14T23:31:36Z</time>
   </trkpt>
   <trkpt lat="40.7550500" lon="-74.0264280">
    <ele>2.5</ele>
    <time>2026-01-14T23:31:37Z</time>
   </trkpt>
   <trkpt lat="40.7550210" lon="-74.0264380">
    <ele>2.5</ele>
    <time>2026-01-14T23:31:38Z</time>
   </trkpt>
   <trkpt lat="40.7549920" lon="-74.0264450">
    <ele>2.6</ele>
    <time>2026-01-14T23:31:39Z</time>
   </trkpt>
   <trkpt lat="40.7549630" lon="-74.0264570">
    <ele>2.6</ele>
    <time>2026-01-14T23:31:40Z</time>
   </trkpt>
   <trkpt lat="40.7549430" lon="-74.0264650">
    <ele>2.6</ele>
    <time>2026-01-14T23:31:41Z</time>
   </trkpt>
   <trkpt lat="40.7549360" lon="-74.0264650">
    <ele>2.7</ele>
    <time>2026-01-14T23:31:42Z</time>
   </trkpt>
   <trkpt lat="40.7549330" lon="-74.0264680">
    <ele>2.7</ele>
    <time>2026-01-14T23:31:43Z</time>
   </trkpt>
   <trkpt lat="40.7549230" lon="-74.0264710">
    <ele>2.7</ele>
    <time>2026-01-14T23:31:44Z</time>
   </trkpt>
   <trkpt lat="40.7549130" lon="-74.0264730">
    <ele>2.7</ele>
    <time>2026-01-14T23:31:45Z</time>
   </trkpt>
   <trkpt lat="40.7549030" lon="-74.0264760">
    <ele>2.7</ele>
    <time>2026-01-14T23:31:46Z</time>
   </trkpt>
   <trkpt lat="40.7548930" lon="-74.0264790">
    <ele>2.7</ele>
    <time>2026-01-14T23:31:47Z</time>
   </trkpt>
   <trkpt lat="40.7548550" lon="-74.0264880">
    <ele>2.7</ele>
    <time>2026-01-14T23:31:48Z</time>
   </trkpt>
   <trkpt lat="40.7548410" lon="-74.0264980">
    <ele>2.8</ele>
    <time>2026-01-14T23:31:49Z</time>
   </trkpt>
   <trkpt lat="40.7548200" lon="-74.0265230">
    <ele>2.8</ele>
    <time>2026-01-14T23:31:50Z</time>
   </trkpt>
   <trkpt lat="40.7547820" lon="-74.0265390">
    <ele>2.8</ele>
    <time>2026-01-14T23:31:51Z</time>
   </trkpt>
   <trkpt lat="40.7547660" lon="-74.0265440">
    <ele>2.8</ele>
    <time>2026-01-14T23:31:52Z</time>
   </trkpt>
   <trkpt lat="40.7547290" lon="-74.0265230">
    <ele>2.9</ele>
    <time>2026-01-14T23:31:53Z</time>
   </trkpt>
   <trkpt lat="40.7547130" lon="-74.0265220">
    <ele>2.9</ele>
    <time>2026-01-14T23:31:54Z</time>
   </trkpt>
   <trkpt lat="40.7547190" lon="-74.0265020">
    <ele>2.9</ele>
    <time>2026-01-14T23:31:55Z</time>
   </trkpt>
   <trkpt lat="40.7547190" lon="-74.0264810">
    <ele>2.9</ele>
    <time>2026-01-14T23:31:56Z</time>
   </trkpt>
   <trkpt lat="40.7546970" lon="-74.0264710">
    <ele>2.9</ele>
    <time>2026-01-14T23:31:57Z</time>
   </trkpt>
   <trkpt lat="40.7546750" lon="-74.0264670">
    <ele>2.9</ele>
    <time>2026-01-14T23:31:58Z</time>
   </trkpt>
   <trkpt lat="40.7546530" lon="-74.0264630">
    <ele>2.9</ele>
    <time>2026-01-14T23:31:59Z</time>
   </trkpt>
   <trkpt lat="40.7546440" lon="-74.0263930">
    <ele>3.0</ele>
    <time>2026-01-14T23:32:00Z</time>
   </trkpt>
   <trkpt lat="40.7546440" lon="-74.0263540">
    <ele>3.0</ele>
    <time>2026-01-14T23:32:01Z</time>
   </trkpt>
   <trkpt lat="40.7546410" lon="-74.0263080">
    <ele>3.0</ele>
    <time>2026-01-14T23:32:02Z</time>
   </trkpt>
   <trkpt lat="40.7546200" lon="-74.0262510">
    <ele>3.0</ele>
    <time>2026-01-14T23:32:03Z</time>
   </trkpt>
   <trkpt lat="40.7546140" lon="-74.0261990">
    <ele>3.0</ele>
    <time>2026-01-14T23:32:04Z</time>
   </trkpt>
   <trkpt lat="40.7545890" lon="-74.0261490">
    <ele>3.1</ele>
    <time>2026-01-14T23:32:05Z</time>
   </trkpt>
   <trkpt lat="40.7545790" lon="-74.0261060">
    <ele>3.1</ele>
    <time>2026-01-14T23:32:06Z</time>
   </trkpt>
   <trkpt lat="40.7545690" lon="-74.0260910">
    <ele>3.1</ele>
    <time>2026-01-14T23:32:07Z</time>
   </trkpt>
   <trkpt lat="40.7545510" lon="-74.0260470">
    <ele>3.1</ele>
    <time>2026-01-14T23:32:08Z</time>
   </trkpt>
   <trkpt lat="40.7545340" lon="-74.0259960">
    <ele>3.1</ele>
    <time>2026-01-14T23:32:09Z</time>
   </trkpt>
   <trkpt lat="40.7545150" lon="-74.0259540">
    <ele>3.1</ele>
    <time>2026-01-14T23:32:10Z</time>
   </trkpt>
   <trkpt lat="40.7545090" lon="-74.0259390">
    <ele>3.1</ele>
    <time>2026-01-14T23:32:11Z</time>
   </trkpt>
   <trkpt lat="40.7544950" lon="-74.0259020">
    <ele>3.1</ele>
    <time>2026-01-14T23:32:12Z</time>
   </trkpt>
   <trkpt lat="40.7544800" lon="-74.0258650">
    <ele>3.1</ele>
    <time>2026-01-14T23:32:13Z</time>
   </trkpt>
   <trkpt lat="40.7544500" lon="-74.0258430">
    <ele>3.1</ele>
    <time>2026-01-14T23:32:14Z</time>
   </trkpt>
   <trkpt lat="40.7543960" lon="-74.0258470">
    <ele>3.2</ele>
    <time>2026-01-14T23:32:15Z</time>
   </trkpt>
   <trkpt lat="40.7543460" lon="-74.0258630">
    <ele>3.2</ele>
    <time>2026-01-14T23:32:16Z</time>
   </trkpt>
   <trkpt lat="40.7543110" lon="-74.0258600">
    <ele>3.2</ele>
    <time>2026-01-14T23:32:17Z</time>
   </trkpt>
   <trkpt lat="40.7542680" lon="-74.0258590">
    <ele>3.3</ele>
    <time>2026-01-14T23:32:18Z</time>
   </trkpt>
   <trkpt lat="40.7542240" lon="-74.0258720">
    <ele>3.3</ele>
    <time>2026-01-14T23:32:19Z</time>
   </trkpt>
   <trkpt lat="40.7541890" lon="-74.0258820">
    <ele>3.3</ele>
    <time>2026-01-14T23:32:20Z</time>
   </trkpt>
   <trkpt lat="40.7541450" lon="-74.0259050">
    <ele>3.4</ele>
    <time>2026-01-14T23:32:21Z</time>
   </trkpt>
   <trkpt lat="40.7540930" lon="-74.0259280">
    <ele>3.4</ele>
    <time>2026-01-14T23:32:22Z</time>
   </trkpt>
   <trkpt lat="40.7540490" lon="-74.0258940">
    <ele>3.5</ele>
    <time>2026-01-14T23:32:23Z</time>
   </trkpt>
   <trkpt lat="40.7540020" lon="-74.0258980">
    <ele>3.5</ele>
    <time>2026-01-14T23:32:24Z</time>
   </trkpt>
   <trkpt lat="40.7539610" lon="-74.0259080">
    <ele>3.6</ele>
    <time>2026-01-14T23:32:25Z</time>
   </trkpt>
   <trkpt lat="40.7539120" lon="-74.0259310">
    <ele>3.6</ele>
    <time>2026-01-14T23:32:26Z</time>
   </trkpt>
   <trkpt lat="40.7538640" lon="-74.0259440">
    <ele>3.7</ele>
    <time>2026-01-14T23:32:27Z</time>
   </trkpt>
   <trkpt lat="40.7538180" lon="-74.0259500">
    <ele>3.7</ele>
    <time>2026-01-14T23:32:28Z</time>
   </trkpt>
   <trkpt lat="40.7537620" lon="-74.0259640">
    <ele>3.8</ele>
    <time>2026-01-14T23:32:29Z</time>
   </trkpt>
   <trkpt lat="40.7537200" lon="-74.0259810">
    <ele>3.8</ele>
    <time>2026-01-14T23:32:30Z</time>
   </trkpt>
   <trkpt lat="40.7536740" lon="-74.0259960">
    <ele>3.9</ele>
    <time>2026-01-14T23:32:31Z</time>
   </trkpt>
   <trkpt lat="40.7536360" lon="-74.0260080">
    <ele>3.9</ele>
    <time>2026-01-14T23:32:32Z</time>
   </trkpt>
   <trkpt lat="40.7536020" lon="-74.0260100">
    <ele>3.9</ele>
    <time>2026-01-14T23:32:33Z</time>
   </trkpt>
   <trkpt lat="40.7535710" lon="-74.0260050">
    <ele>4.0</ele>
    <time>2026-01-14T23:32:34Z</time>
   </trkpt>
   <trkpt lat="40.7535400" lon="-74.0260120">
    <ele>4.0</ele>
    <time>2026-01-14T23:32:35Z</time>
   </trkpt>
   <trkpt lat="40.7535050" lon="-74.0260280">
    <ele>4.0</ele>
    <time>2026-01-14T23:32:36Z</time>
   </trkpt>
   <trkpt lat="40.7534770" lon="-74.0260380">
    <ele>4.0</ele>
    <time>2026-01-14T23:32:37Z</time>
   </trkpt>
   <trkpt lat="40.7534480" lon="-74.0260510">
    <ele>4.0</ele>
    <time>2026-01-14T23:32:38Z</time>
   </trkpt>
   <trkpt lat="40.7534170" lon="-74.0260730">
    <ele>4.0</ele>
    <time>2026-01-14T23:32:39Z</time>
   </trkpt>
   <trkpt lat="40.7534050" lon="-74.0260790">
    <ele>4.0</ele>
    <time>2026-01-14T23:32:40Z</time>
   </trkpt>
   <trkpt lat="40.7533760" lon="-74.0260940">
    <ele>3.9</ele>
    <time>2026-01-14T23:32:41Z</time>
   </trkpt>
   <trkpt lat="40.7533690" lon="-74.0260990">
    <ele>3.9</ele>
    <time>2026-01-14T23:32:42Z</time>
   </trkpt>
   <trkpt lat="40.7533650" lon="-74.0261010">
    <ele>3.9</ele>
    <time>2026-01-14T23:32:43Z</time>
   </trkpt>
   <trkpt lat="40.7533680" lon="-74.0261010">
    <ele>3.9</ele>
    <time>2026-01-14T23:32:44Z</time>
   </trkpt>
   <trkpt lat="40.7533670" lon="-74.0261030">
    <ele>3.9</ele>
    <time>2026-01-14T23:32:45Z</time>
   </trkpt>
   <trkpt lat="40.7533680" lon="-74.0261030">
    <ele>3.9</ele>
    <time>2026-01-14T23:32:46Z</time>
   </trkpt>
   <trkpt lat="40.7533680" lon="-74.0261030">
    <ele>3.9</ele>
    <time>2026-01-14T23:32:47Z</time>
   </trkpt>
   <trkpt lat="40.7533680" lon="-74.0261030">
    <ele>3.9</ele>
    <time>2026-01-14T23:32:48Z</time>
   </trkpt>
   <trkpt lat="40.7533680" lon="-74.0261030">
    <ele>3.9</ele>
    <time>2026-01-14T23:32:49Z</time>
   </trkpt>
   <trkpt lat="40.7533680" lon="-74.0261030">
    <ele>3.9</ele>
    <time>2026-01-14T23:32:50Z</time>
   </trkpt>
   <trkpt lat="40.7533680" lon="-74.0261030">
    <ele>3.9</ele>
    <time>2026-01-14T23:32:51Z</time>
   </trkpt>
   <trkpt lat="40.7533680" lon="-74.0261030">
    <ele>3.9</ele>
    <time>2026-01-14T23:32:52Z</time>
   </trkpt>
   <trkpt lat="40.7533680" lon="-74.0261030">
    <ele>3.9</ele>
    <time>2026-01-14T23:32:53Z</time>
   </trkpt>
   <trkpt lat="40.7533680" lon="-74.0261030">
    <ele>3.9</ele>
    <time>2026-01-14T23:32:54Z</time>
   </trkpt>
   <trkpt lat="40.7533680" lon="-74.0261030">
    <ele>3.9</ele>
    <time>2026-01-14T23:32:55Z</time>
   </trkpt>
   <trkpt lat="40.7533680" lon="-74.0261030">
    <ele>3.9</ele>
    <time>2026-01-14T23:32:56Z</time>
   </trkpt>
   <trkpt lat="40.7533680" lon="-74.0261030">
    <ele>3.9</ele>
    <time>2026-01-14T23:32:57Z</time>
   </trkpt>
   <trkpt lat="40.7533680" lon="-74.0261030">
    <ele>3.9</ele>
    <time>2026-01-14T23:32:58Z</time>
   </trkpt>
   <trkpt lat="40.7533680" lon="-74.0261030">
    <ele>3.9</ele>
    <time>2026-01-14T23:32:59Z</time>
   </trkpt>
   <trkpt lat="40.7533680" lon="-74.0261030">
    <ele>3.9</ele>
    <time>2026-01-14T23:33:00Z</time>
   </trkpt>
   <trkpt lat="40.7533680" lon="-74.0261030">
    <ele>3.9</ele>
    <time>2026-01-14T23:33:01Z</time>
   </trkpt>
   <trkpt lat="40.7533680" lon="-74.0261030">
    <ele>3.9</ele>
    <time>2026-01-14T23:33:02Z</time>
   </trkpt>
   <trkpt lat="40.7533620" lon="-74.0261030">
    <ele>3.9</ele>
    <time>2026-01-14T23:33:03Z</time>
   </trkpt>
   <trkpt lat="40.7533550" lon="-74.0261070">
    <ele>3.9</ele>
    <time>2026-01-14T23:33:04Z</time>
   </trkpt>
   <trkpt lat="40.7533430" lon="-74.0261110">
    <ele>3.9</ele>
    <time>2026-01-14T23:33:05Z</time>
   </trkpt>
   <trkpt lat="40.7533090" lon="-74.0261240">
    <ele>4.0</ele>
    <time>2026-01-14T23:33:06Z</time>
   </trkpt>
   <trkpt lat="40.7532950" lon="-74.0261270">
    <ele>4.0</ele>
    <time>2026-01-14T23:33:07Z</time>
   </trkpt>
   <trkpt lat="40.7532600" lon="-74.0261400">
    <ele>4.0</ele>
    <time>2026-01-14T23:33:08Z</time>
   </trkpt>
   <trkpt lat="40.7532200" lon="-74.0261470">
    <ele>4.0</ele>
    <time>2026-01-14T23:33:09Z</time>
   </trkpt>
   <trkpt lat="40.7531820" lon="-74.0261560">
    <ele>4.0</ele>
    <time>2026-01-14T23:33:10Z</time>
   </trkpt>
   <trkpt lat="40.7531380" lon="-74.0261630">
    <ele>4.1</ele>
    <time>2026-01-14T23:33:11Z</time>
   </trkpt>
   <trkpt lat="40.7530970" lon="-74.0261610">
    <ele>4.2</ele>
    <time>2026-01-14T23:33:12Z</time>
   </trkpt>
   <trkpt lat="40.7530510" lon="-74.0261770">
    <ele>4.2</ele>
    <time>2026-01-14T23:33:13Z</time>
   </trkpt>
   <trkpt lat="40.7530090" lon="-74.0261980">
    <ele>4.3</ele>
    <time>2026-01-14T23:33:14Z</time>
   </trkpt>
   <trkpt lat="40.7529720" lon="-74.0262140">
    <ele>4.4</ele>
    <time>2026-01-14T23:33:15Z</time>
   </trkpt>
   <trkpt lat="40.7529310" lon="-74.0262230">
    <ele>4.5</ele>
    <time>2026-01-14T23:33:16Z</time>
   </trkpt>
   <trkpt lat="40.7528930" lon="-74.0262380">
    <ele>4.6</ele>
    <time>2026-01-14T23:33:17Z</time>
   </trkpt>
   <trkpt lat="40.7528550" lon="-74.0262520">
    <ele>4.7</ele>
    <time>2026-01-14T23:33:18Z</time>
   </trkpt>
   <trkpt lat="40.7528180" lon="-74.0262650">
    <ele>4.8</ele>
    <time>2026-01-14T23:33:19Z</time>
   </trkpt>
   <trkpt lat="40.7527810" lon="-74.0262690">
    <ele>4.9</ele>
    <time>2026-01-14T23:33:20Z</time>
   </trkpt>
   <trkpt lat="40.7527360" lon="-74.0262770">
    <ele>5.0</ele>
    <time>2026-01-14T23:33:21Z</time>
   </trkpt>
   <trkpt lat="40.7526960" lon="-74.0262880">
    <ele>5.0</ele>
    <time>2026-01-14T23:33:22Z</time>
   </trkpt>
   <trkpt lat="40.7526650" lon="-74.0263020">
    <ele>5.1</ele>
    <time>2026-01-14T23:33:23Z</time>
   </trkpt>
   <trkpt lat="40.7526400" lon="-74.0263190">
    <ele>5.1</ele>
    <time>2026-01-14T23:33:24Z</time>
   </trkpt>
   <trkpt lat="40.7526420" lon="-74.0263270">
    <ele>5.1</ele>
    <time>2026-01-14T23:33:25Z</time>
   </trkpt>
   <trkpt lat="40.7526340" lon="-74.0263330">
    <ele>5.1</ele>
    <time>2026-01-14T23:33:26Z</time>
   </trkpt>
   <trkpt lat="40.7526270" lon="-74.0263400">
    <ele>5.1</ele>
    <time>2026-01-14T23:33:27Z</time>
   </trkpt>
   <trkpt lat="40.7526190" lon="-74.0263460">
    <ele>5.1</ele>
    <time>2026-01-14T23:33:28Z</time>
   </trkpt>
   <trkpt lat="40.7526110" lon="-74.0263530">
    <ele>5.2</ele>
    <time>2026-01-14T23:33:29Z</time>
   </trkpt>
   <trkpt lat="40.7525980" lon="-74.0263560">
    <ele>5.2</ele>
    <time>2026-01-14T23:33:30Z</time>
   </trkpt>
   <trkpt lat="40.7525800" lon="-74.0263500">
    <ele>5.2</ele>
    <time>2026-01-14T23:33:31Z</time>
   </trkpt>
   <trkpt lat="40.7525480" lon="-74.0263590">
    <ele>5.2</ele>
    <time>2026-01-14T23:33:32Z</time>
   </trkpt>
   <trkpt lat="40.7525370" lon="-74.0263630">
    <ele>5.2</ele>
    <time>2026-01-14T23:33:33Z</time>
   </trkpt>
   <trkpt lat="40.7525050" lon="-74.0263700">
    <ele>5.3</ele>
    <time>2026-01-14T23:33:34Z</time>
   </trkpt>
   <trkpt lat="40.7524640" lon="-74.0263790">
    <ele>5.3</ele>
    <time>2026-01-14T23:33:35Z</time>
   </trkpt>
   <trkpt lat="40.7524150" lon="-74.0263930">
    <ele>5.3</ele>
    <time>2026-01-14T23:33:36Z</time>
   </trkpt>
   <trkpt lat="40.7523650" lon="-74.0263980">
    <ele>5.3</ele>
    <time>2026-01-14T23:33:37Z</time>
   </trkpt>
   <trkpt lat="40.7523140" lon="-74.0264080">
    <ele>5.3</ele>
    <time>2026-01-14T23:33:38Z</time>
   </trkpt>
   <trkpt lat="40.7522570" lon="-74.0264210">
    <ele>5.4</ele>
    <time>2026-01-14T23:33:39Z</time>
   </trkpt>
   <trkpt lat="40.7522010" lon="-74.0264310">
    <ele>5.4</ele>
    <time>2026-01-14T23:33:40Z</time>
   </trkpt>
   <trkpt lat="40.7521450" lon="-74.0264420">
    <ele>5.5</ele>
    <time>2026-01-14T23:33:41Z</time>
   </trkpt>
   <trkpt lat="40.7520870" lon="-74.0264550">
    <ele>5.5</ele>
    <time>2026-01-14T23:33:42Z</time>
   </trkpt>
   <trkpt lat="40.7520210" lon="-74.0264810">
    <ele>5.6</ele>
    <time>2026-01-14T23:33:43Z</time>
   </trkpt>
   <trkpt lat="40.7519700" lon="-74.0265230">
    <ele>5.6</ele>
    <time>2026-01-14T23:33:44Z</time>
   </trkpt>
   <trkpt lat="40.7519090" lon="-74.0265500">
    <ele>5.7</ele>
    <time>2026-01-14T23:33:45Z</time>
   </trkpt>
   <trkpt lat="40.7518510" lon="-74.0265670">
    <ele>5.8</ele>
    <time>2026-01-14T23:33:46Z</time>
   </trkpt>
   <trkpt lat="40.7517930" lon="-74.0265740">
    <ele>5.8</ele>
    <time>2026-01-14T23:33:47Z</time>
   </trkpt>
   <trkpt lat="40.7517280" lon="-74.0265850">
    <ele>5.9</ele>
    <time>2026-01-14T23:33:48Z</time>
   </trkpt>
   <trkpt lat="40.7516690" lon="-74.0266180">
    <ele>5.9</ele>
    <time>2026-01-14T23:33:49Z</time>
   </trkpt>
   <trkpt lat="40.7516080" lon="-74.0266390">
    <ele>6.0</ele>
    <time>2026-01-14T23:33:50Z</time>
   </trkpt>
   <trkpt lat="40.7515450" lon="-74.0266650">
    <ele>6.0</ele>
    <time>2026-01-14T23:33:51Z</time>
   </trkpt>
   <trkpt lat="40.7514840" lon="-74.0266710">
    <ele>6.1</ele>
    <time>2026-01-14T23:33:52Z</time>
   </trkpt>
   <trkpt lat="40.7514350" lon="-74.0266770">
    <ele>6.1</ele>
    <time>2026-01-14T23:33:53Z</time>
   </trkpt>
   <trkpt lat="40.7513790" lon="-74.0267010">
    <ele>6.2</ele>
    <time>2026-01-14T23:33:54Z</time>
   </trkpt>
   <trkpt lat="40.7513250" lon="-74.0267180">
    <ele>6.2</ele>
    <time>2026-01-14T23:33:55Z</time>
   </trkpt>
   <trkpt lat="40.7512820" lon="-74.0267350">
    <ele>6.3</ele>
    <time>2026-01-14T23:33:56Z</time>
   </trkpt>
   <trkpt lat="40.7512500" lon="-74.0267460">
    <ele>6.3</ele>
    <time>2026-01-14T23:33:57Z</time>
   </trkpt>
   <trkpt lat="40.7512150" lon="-74.0267620">
    <ele>6.3</ele>
    <time>2026-01-14T23:33:58Z</time>
   </trkpt>
   <trkpt lat="40.7511910" lon="-74.0267670">
    <ele>6.4</ele>
    <time>2026-01-14T23:33:59Z</time>
   </trkpt>
   <trkpt lat="40.7511900" lon="-74.0267800">
    <ele>6.4</ele>
    <time>2026-01-14T23:34:00Z</time>
   </trkpt>
   <trkpt lat="40.7511780" lon="-74.0267840">
    <ele>6.4</ele>
    <time>2026-01-14T23:34:01Z</time>
   </trkpt>
   <trkpt lat="40.7511760" lon="-74.0267850">
    <ele>6.4</ele>
    <time>2026-01-14T23:34:02Z</time>
   </trkpt>
   <trkpt lat="40.7511740" lon="-74.0267850">
    <ele>6.4</ele>
    <time>2026-01-14T23:34:03Z</time>
   </trkpt>
   <trkpt lat="40.7511730" lon="-74.0267860">
    <ele>6.4</ele>
    <time>2026-01-14T23:34:04Z</time>
   </trkpt>
   <trkpt lat="40.7511710" lon="-74.0267860">
    <ele>6.4</ele>
    <time>2026-01-14T23:34:05Z</time>
   </trkpt>
   <trkpt lat="40.7511690" lon="-74.0267860">
    <ele>6.4</ele>
    <time>2026-01-14T23:34:06Z</time>
   </trkpt>
   <trkpt lat="40.7511670" lon="-74.0267870">
    <ele>6.4</ele>
    <time>2026-01-14T23:34:07Z</time>
   </trkpt>
   <trkpt lat="40.7511650" lon="-74.0267870">
    <ele>6.4</ele>
    <time>2026-01-14T23:34:08Z</time>
   </trkpt>
   <trkpt lat="40.7511630" lon="-74.0267880">
    <ele>6.4</ele>
    <time>2026-01-14T23:34:09Z</time>
   </trkpt>
   <trkpt lat="40.7511610" lon="-74.0267880">
    <ele>6.4</ele>
    <time>2026-01-14T23:34:10Z</time>
   </trkpt>
   <trkpt lat="40.7511590" lon="-74.0267880">
    <ele>6.4</ele>
    <time>2026-01-14T23:34:11Z</time>
   </trkpt>
   <trkpt lat="40.7511580" lon="-74.0267890">
    <ele>6.4</ele>
    <time>2026-01-14T23:34:12Z</time>
   </trkpt>
   <trkpt lat="40.7511560" lon="-74.0267890">
    <ele>6.4</ele>
    <time>2026-01-14T23:34:13Z</time>
   </trkpt>
   <trkpt lat="40.7511540" lon="-74.0267900">
    <ele>6.4</ele>
    <time>2026-01-14T23:34:14Z</time>
   </trkpt>
   <trkpt lat="40.7511520" lon="-74.0267900">
    <ele>6.4</ele>
    <time>2026-01-14T23:34:15Z</time>
   </trkpt>
   <trkpt lat="40.7511160" lon="-74.0268020">
    <ele>6.4</ele>
    <time>2026-01-14T23:34:16Z</time>
   </trkpt>
   <trkpt lat="40.7511020" lon="-74.0268040">
    <ele>6.4</ele>
    <time>2026-01-14T23:34:17Z</time>
   </trkpt>
   <trkpt lat="40.7510690" lon="-74.0268000">
    <ele>6.4</ele>
    <time>2026-01-14T23:34:18Z</time>
   </trkpt>
   <trkpt lat="40.7510320" lon="-74.0268050">
    <ele>6.5</ele>
    <time>2026-01-14T23:34:19Z</time>
   </trkpt>
   <trkpt lat="40.7509880" lon="-74.0268110">
    <ele>6.6</ele>
    <time>2026-01-14T23:34:20Z</time>
   </trkpt>
   <trkpt lat="40.7509400" lon="-74.0268030">
    <ele>6.6</ele>
    <time>2026-01-14T23:34:21Z</time>
   </trkpt>
   <trkpt lat="40.7508890" lon="-74.0268120">
    <ele>6.7</ele>
    <time>2026-01-14T23:34:22Z</time>
   </trkpt>
   <trkpt lat="40.7508440" lon="-74.0268240">
    <ele>6.7</ele>
    <time>2026-01-14T23:34:23Z</time>
   </trkpt>
   <trkpt lat="40.7507920" lon="-74.0268450">
    <ele>6.7</ele>
    <time>2026-01-14T23:34:24Z</time>
   </trkpt>
   <trkpt lat="40.7507410" lon="-74.0268650">
    <ele>6.8</ele>
    <time>2026-01-14T23:34:25Z</time>
   </trkpt>
   <trkpt lat="40.7506980" lon="-74.0268940">
    <ele>6.8</ele>
    <time>2026-01-14T23:34:26Z</time>
   </trkpt>
   <trkpt lat="40.7506420" lon="-74.0269250">
    <ele>6.8</ele>
    <time>2026-01-14T23:34:27Z</time>
   </trkpt>
   <trkpt lat="40.7505930" lon="-74.0269410">
    <ele>6.8</ele>
    <time>2026-01-14T23:34:28Z</time>
   </trkpt>
   <trkpt lat="40.7505410" lon="-74.0269580">
    <ele>6.8</ele>
    <time>2026-01-14T23:34:29Z</time>
   </trkpt>
   <trkpt lat="40.7504870" lon="-74.0269780">
    <ele>6.8</ele>
    <time>2026-01-14T23:34:30Z</time>
   </trkpt>
   <trkpt lat="40.7504330" lon="-74.0269900">
    <ele>6.8</ele>
    <time>2026-01-14T23:34:31Z</time>
   </trkpt>
   <trkpt lat="40.7503790" lon="-74.0270130">
    <ele>6.8</ele>
    <time>2026-01-14T23:34:32Z</time>
   </trkpt>
   <trkpt lat="40.7503300" lon="-74.0270330">
    <ele>6.8</ele>
    <time>2026-01-14T23:34:33Z</time>
   </trkpt>
   <trkpt lat="40.7502800" lon="-74.0270560">
    <ele>6.7</ele>
    <time>2026-01-14T23:34:34Z</time>
   </trkpt>
   <trkpt lat="40.7502280" lon="-74.0270710">
    <ele>6.7</ele>
    <time>2026-01-14T23:34:35Z</time>
   </trkpt>
   <trkpt lat="40.7501790" lon="-74.0270780">
    <ele>6.6</ele>
    <time>2026-01-14T23:34:36Z</time>
   </trkpt>
   <trkpt lat="40.7501330" lon="-74.0270910">
    <ele>6.6</ele>
    <time>2026-01-14T23:34:37Z</time>
   </trkpt>
   <trkpt lat="40.7500850" lon="-74.0271100">
    <ele>6.6</ele>
    <time>2026-01-14T23:34:38Z</time>
   </trkpt>
   <trkpt lat="40.7500350" lon="-74.0271260">
    <ele>6.5</ele>
    <time>2026-01-14T23:34:39Z</time>
   </trkpt>
   <trkpt lat="40.7500000" lon="-74.0271390">
    <ele>6.4</ele>
    <time>2026-01-14T23:34:40Z</time>
   </trkpt>
   <trkpt lat="40.7499610" lon="-74.0271580">
    <ele>6.4</ele>
    <time>2026-01-14T23:34:41Z</time>
   </trkpt>
   <trkpt lat="40.7499280" lon="-74.0271700">
    <ele>6.4</ele>
    <time>2026-01-14T23:34:42Z</time>
   </trkpt>
   <trkpt lat="40.7498930" lon="-74.0271900">
    <ele>6.3</ele>
    <time>2026-01-14T23:34:43Z</time>
   </trkpt>
   <trkpt lat="40.7498570" lon="-74.0271950">
    <ele>6.3</ele>
    <time>2026-01-14T23:34:44Z</time>
   </trkpt>
   <trkpt lat="40.7498240" lon="-74.0272020">
    <ele>6.3</ele>
    <time>2026-01-14T23:34:45Z</time>
   </trkpt>
   <trkpt lat="40.7497770" lon="-74.0272150">
    <ele>6.4</ele>
    <time>2026-01-14T23:34:46Z</time>
   </trkpt>
   <trkpt lat="40.7497290" lon="-74.0272260">
    <ele>6.4</ele>
    <time>2026-01-14T23:34:47Z</time>
   </trkpt>
   <trkpt lat="40.7496800" lon="-74.0272370">
    <ele>6.4</ele>
    <time>2026-01-14T23:34:48Z</time>
   </trkpt>
   <trkpt lat="40.7496290" lon="-74.0272390">
    <ele>6.4</ele>
    <time>2026-01-14T23:34:49Z</time>
   </trkpt>
   <trkpt lat="40.7495780" lon="-74.0272550">
    <ele>6.4</ele>
    <time>2026-01-14T23:34:50Z</time>
   </trkpt>
   <trkpt lat="40.7495300" lon="-74.0272620">
    <ele>6.4</ele>
    <time>2026-01-14T23:34:51Z</time>
   </trkpt>
   <trkpt lat="40.7494830" lon="-74.0272800">
    <ele>6.4</ele>
    <time>2026-01-14T23:34:52Z</time>
   </trkpt>
   <trkpt lat="40.7494320" lon="-74.0273030">
    <ele>6.4</ele>
    <time>2026-01-14T23:34:53Z</time>
   </trkpt>
   <trkpt lat="40.7493840" lon="-74.0273270">
    <ele>6.4</ele>
    <time>2026-01-14T23:34:54Z</time>
   </trkpt>
   <trkpt lat="40.7493360" lon="-74.0273450">
    <ele>6.5</ele>
    <time>2026-01-14T23:34:55Z</time>
   </trkpt>
   <trkpt lat="40.7492830" lon="-74.0273610">
    <ele>6.5</ele>
    <time>2026-01-14T23:34:56Z</time>
   </trkpt>
   <trkpt lat="40.7492310" lon="-74.0273740">
    <ele>6.5</ele>
    <time>2026-01-14T23:34:57Z</time>
   </trkpt>
   <trkpt lat="40.7491760" lon="-74.0273840">
    <ele>6.5</ele>
    <time>2026-01-14T23:34:58Z</time>
   </trkpt>
   <trkpt lat="40.7491270" lon="-74.0274000">
    <ele>6.5</ele>
    <time>2026-01-14T23:34:59Z</time>
   </trkpt>
   <trkpt lat="40.7490740" lon="-74.0274150">
    <ele>6.5</ele>
    <time>2026-01-14T23:35:00Z</time>
   </trkpt>
   <trkpt lat="40.7490230" lon="-74.0274300">
    <ele>6.5</ele>
    <time>2026-01-14T23:35:01Z</time>
   </trkpt>
   <trkpt lat="40.7489730" lon="-74.0274460">
    <ele>6.5</ele>
    <time>2026-01-14T23:35:02Z</time>
   </trkpt>
   <trkpt lat="40.7489270" lon="-74.0274630">
    <ele>6.5</ele>
    <time>2026-01-14T23:35:03Z</time>
   </trkpt>
   <trkpt lat="40.7488820" lon="-74.0274930">
    <ele>6.5</ele>
    <time>2026-01-14T23:35:04Z</time>
   </trkpt>
   <trkpt lat="40.7488320" lon="-74.0274880">
    <ele>6.4</ele>
    <time>2026-01-14T23:35:05Z</time>
   </trkpt>
   <trkpt lat="40.7487900" lon="-74.0274970">
    <ele>6.4</ele>
    <time>2026-01-14T23:35:06Z</time>
   </trkpt>
   <trkpt lat="40.7487500" lon="-74.0275070">
    <ele>6.4</ele>
    <time>2026-01-14T23:35:07Z</time>
   </trkpt>
   <trkpt lat="40.7487140" lon="-74.0275290">
    <ele>6.4</ele>
    <time>2026-01-14T23:35:08Z</time>
   </trkpt>
   <trkpt lat="40.7486820" lon="-74.0275460">
    <ele>6.4</ele>
    <time>2026-01-14T23:35:09Z</time>
   </trkpt>
   <trkpt lat="40.7486500" lon="-74.0275510">
    <ele>6.4</ele>
    <time>2026-01-14T23:35:10Z</time>
   </trkpt>
   <trkpt lat="40.7486220" lon="-74.0275690">
    <ele>6.4</ele>
    <time>2026-01-14T23:35:11Z</time>
   </trkpt>
   <trkpt lat="40.7485790" lon="-74.0275770">
    <ele>6.4</ele>
    <time>2026-01-14T23:35:12Z</time>
   </trkpt>
   <trkpt lat="40.7485370" lon="-74.0275870">
    <ele>6.5</ele>
    <time>2026-01-14T23:35:13Z</time>
   </trkpt>
   <trkpt lat="40.7484860" lon="-74.0275920">
    <ele>6.5</ele>
    <time>2026-01-14T23:35:14Z</time>
   </trkpt>
   <trkpt lat="40.7484340" lon="-74.0276060">
    <ele>6.6</ele>
    <time>2026-01-14T23:35:15Z</time>
   </trkpt>
   <trkpt lat="40.7483850" lon="-74.0276170">
    <ele>6.6</ele>
    <time>2026-01-14T23:35:16Z</time>
   </trkpt>
   <trkpt lat="40.7483260" lon="-74.0276340">
    <ele>6.6</ele>
    <time>2026-01-14T23:35:17Z</time>
   </trkpt>
   <trkpt lat="40.7482710" lon="-74.0276460">
    <ele>6.7</ele>
    <time>2026-01-14T23:35:18Z</time>
   </trkpt>
   <trkpt lat="40.7482070" lon="-74.0276640">
    <ele>6.7</ele>
    <time>2026-01-14T23:35:19Z</time>
   </trkpt>
   <trkpt lat="40.7481450" lon="-74.0276830">
    <ele>6.7</ele>
    <time>2026-01-14T23:35:20Z</time>
   </trkpt>
   <trkpt lat="40.7480800" lon="-74.0277040">
    <ele>6.8</ele>
    <time>2026-01-14T23:35:21Z</time>
   </trkpt>
   <trkpt lat="40.7480220" lon="-74.0277230">
    <ele>6.8</ele>
    <time>2026-01-14T23:35:22Z</time>
   </trkpt>
   <trkpt lat="40.7479600" lon="-74.0277400">
    <ele>6.8</ele>
    <time>2026-01-14T23:35:23Z</time>
   </trkpt>
   <trkpt lat="40.7478950" lon="-74.0277580">
    <ele>6.8</ele>
    <time>2026-01-14T23:35:24Z</time>
   </trkpt>
   <trkpt lat="40.7478340" lon="-74.0277760">
    <ele>6.8</ele>
    <time>2026-01-14T23:35:25Z</time>
   </trkpt>
   <trkpt lat="40.7477680" lon="-74.0278000">
    <ele>6.8</ele>
    <time>2026-01-14T23:35:26Z</time>
   </trkpt>
   <trkpt lat="40.7477040" lon="-74.0278130">
    <ele>6.7</ele>
    <time>2026-01-14T23:35:27Z</time>
   </trkpt>
   <trkpt lat="40.7476360" lon="-74.0278360">
    <ele>6.7</ele>
    <time>2026-01-14T23:35:28Z</time>
   </trkpt>
   <trkpt lat="40.7475650" lon="-74.0278590">
    <ele>6.7</ele>
    <time>2026-01-14T23:35:29Z</time>
   </trkpt>
   <trkpt lat="40.7475010" lon="-74.0278800">
    <ele>6.6</ele>
    <time>2026-01-14T23:35:30Z</time>
   </trkpt>
   <trkpt lat="40.7474290" lon="-74.0279000">
    <ele>6.6</ele>
    <time>2026-01-14T23:35:31Z</time>
   </trkpt>
   <trkpt lat="40.7473600" lon="-74.0279300">
    <ele>6.5</ele>
    <time>2026-01-14T23:35:32Z</time>
   </trkpt>
   <trkpt lat="40.7472890" lon="-74.0279530">
    <ele>6.5</ele>
    <time>2026-01-14T23:35:33Z</time>
   </trkpt>
   <trkpt lat="40.7472130" lon="-74.0279730">
    <ele>6.6</ele>
    <time>2026-01-14T23:35:34Z</time>
   </trkpt>
   <trkpt lat="40.7471420" lon="-74.0279970">
    <ele>6.6</ele>
    <time>2026-01-14T23:35:35Z</time>
   </trkpt>
   <trkpt lat="40.7470650" lon="-74.0280190">
    <ele>6.6</ele>
    <time>2026-01-14T23:35:36Z</time>
   </trkpt>
   <trkpt lat="40.7469930" lon="-74.0280500">
    <ele>6.7</ele>
    <time>2026-01-14T23:35:37Z</time>
   </trkpt>
   <trkpt lat="40.7469210" lon="-74.0280800">
    <ele>6.7</ele>
    <time>2026-01-14T23:35:38Z</time>
   </trkpt>
   <trkpt lat="40.7468500" lon="-74.0280930">
    <ele>6.8</ele>
    <time>2026-01-14T23:35:39Z</time>
   </trkpt>
   <trkpt lat="40.7467750" lon="-74.0281190">
    <ele>6.8</ele>
    <time>2026-01-14T23:35:40Z</time>
   </trkpt>
   <trkpt lat="40.7467000" lon="-74.0281350">
    <ele>6.8</ele>
    <time>2026-01-14T23:35:41Z</time>
   </trkpt>
   <trkpt lat="40.7466310" lon="-74.0281520">
    <ele>6.8</ele>
    <time>2026-01-14T23:35:42Z</time>
   </trkpt>
   <trkpt lat="40.7465620" lon="-74.0281690">
    <ele>6.7</ele>
    <time>2026-01-14T23:35:43Z</time>
   </trkpt>
   <trkpt lat="40.7464950" lon="-74.0282010">
    <ele>6.7</ele>
    <time>2026-01-14T23:35:44Z</time>
   </trkpt>
   <trkpt lat="40.7464260" lon="-74.0282310">
    <ele>6.7</ele>
    <time>2026-01-14T23:35:45Z</time>
   </trkpt>
   <trkpt lat="40.7463480" lon="-74.0282490">
    <ele>6.7</ele>
    <time>2026-01-14T23:35:46Z</time>
   </trkpt>
   <trkpt lat="40.7462720" lon="-74.0282730">
    <ele>6.6</ele>
    <time>2026-01-14T23:35:47Z</time>
   </trkpt>
   <trkpt lat="40.7461950" lon="-74.0282910">
    <ele>6.6</ele>
    <time>2026-01-14T23:35:48Z</time>
   </trkpt>
   <trkpt lat="40.7461240" lon="-74.0283140">
    <ele>6.6</ele>
    <time>2026-01-14T23:35:49Z</time>
   </trkpt>
   <trkpt lat="40.7460530" lon="-74.0283410">
    <ele>6.6</ele>
    <time>2026-01-14T23:35:50Z</time>
   </trkpt>
   <trkpt lat="40.7459760" lon="-74.0283630">
    <ele>6.6</ele>
    <time>2026-01-14T23:35:51Z</time>
   </trkpt>
   <trkpt lat="40.7459110" lon="-74.0283830">
    <ele>6.7</ele>
    <time>2026-01-14T23:35:52Z</time>
   </trkpt>
   <trkpt lat="40.7458430" lon="-74.0283990">
    <ele>6.7</ele>
    <time>2026-01-14T23:35:53Z</time>
   </trkpt>
   <trkpt lat="40.7457780" lon="-74.0284230">
    <ele>6.8</ele>
    <time>2026-01-14T23:35:54Z</time>
   </trkpt>
   <trkpt lat="40.7457070" lon="-74.0284420">
    <ele>6.8</ele>
    <time>2026-01-14T23:35:55Z</time>
   </trkpt>
   <trkpt lat="40.7456450" lon="-74.0284650">
    <ele>6.9</ele>
    <time>2026-01-14T23:35:56Z</time>
   </trkpt>
   <trkpt lat="40.7455840" lon="-74.0284810">
    <ele>6.9</ele>
    <time>2026-01-14T23:35:57Z</time>
   </trkpt>
   <trkpt lat="40.7455180" lon="-74.0284950">
    <ele>7.0</ele>
    <time>2026-01-14T23:35:58Z</time>
   </trkpt>
   <trkpt lat="40.7454520" lon="-74.0285140">
    <ele>7.0</ele>
    <time>2026-01-14T23:35:59Z</time>
   </trkpt>
   <trkpt lat="40.7453920" lon="-74.0285340">
    <ele>7.0</ele>
    <time>2026-01-14T23:36:00Z</time>
   </trkpt>
   <trkpt lat="40.7453330" lon="-74.0285580">
    <ele>7.1</ele>
    <time>2026-01-14T23:36:01Z</time>
   </trkpt>
   <trkpt lat="40.7452750" lon="-74.0285720">
    <ele>7.1</ele>
    <time>2026-01-14T23:36:02Z</time>
   </trkpt>
   <trkpt lat="40.7452150" lon="-74.0285910">
    <ele>7.2</ele>
    <time>2026-01-14T23:36:03Z</time>
   </trkpt>
   <trkpt lat="40.7451620" lon="-74.0286040">
    <ele>7.2</ele>
    <time>2026-01-14T23:36:04Z</time>
   </trkpt>
   <trkpt lat="40.7451100" lon="-74.0286230">
    <ele>7.2</ele>
    <time>2026-01-14T23:36:05Z</time>
   </trkpt>
   <trkpt lat="40.7450570" lon="-74.0286310">
    <ele>7.2</ele>
    <time>2026-01-14T23:36:06Z</time>
   </trkpt>
   <trkpt lat="40.7450170" lon="-74.0286510">
    <ele>7.3</ele>
    <time>2026-01-14T23:36:07Z</time>
   </trkpt>
   <trkpt lat="40.7449750" lon="-74.0286670">
    <ele>7.3</ele>
    <time>2026-01-14T23:36:08Z</time>
   </trkpt>
   <trkpt lat="40.7449350" lon="-74.0286880">
    <ele>7.3</ele>
    <time>2026-01-14T23:36:09Z</time>
   </trkpt>
   <trkpt lat="40.7448910" lon="-74.0286960">
    <ele>7.3</ele>
    <time>2026-01-14T23:36:10Z</time>
   </trkpt>
   <trkpt lat="40.7448520" lon="-74.0287080">
    <ele>7.3</ele>
    <time>2026-01-14T23:36:11Z</time>
   </trkpt>
   <trkpt lat="40.7448160" lon="-74.0287160">
    <ele>7.3</ele>
    <time>2026-01-14T23:36:12Z</time>
   </trkpt>
   <trkpt lat="40.7447810" lon="-74.0287330">
    <ele>7.3</ele>
    <time>2026-01-14T23:36:13Z</time>
   </trkpt>
   <trkpt lat="40.7447380" lon="-74.0287470">
    <ele>7.3</ele>
    <time>2026-01-14T23:36:14Z</time>
   </trkpt>
   <trkpt lat="40.7446900" lon="-74.0287610">
    <ele>7.3</ele>
    <time>2026-01-14T23:36:15Z</time>
   </trkpt>
   <trkpt lat="40.7446380" lon="-74.0287680">
    <ele>7.3</ele>
    <time>2026-01-14T23:36:16Z</time>
   </trkpt>
   <trkpt lat="40.7445850" lon="-74.0287820">
    <ele>7.3</ele>
    <time>2026-01-14T23:36:17Z</time>
   </trkpt>
   <trkpt lat="40.7445280" lon="-74.0287960">
    <ele>7.3</ele>
    <time>2026-01-14T23:36:18Z</time>
   </trkpt>
   <trkpt lat="40.7444700" lon="-74.0288090">
    <ele>7.4</ele>
    <time>2026-01-14T23:36:19Z</time>
   </trkpt>
   <trkpt lat="40.7444120" lon="-74.0288310">
    <ele>7.4</ele>
    <time>2026-01-14T23:36:20Z</time>
   </trkpt>
   <trkpt lat="40.7443550" lon="-74.0288480">
    <ele>7.4</ele>
    <time>2026-01-14T23:36:21Z</time>
   </trkpt>
   <trkpt lat="40.7443070" lon="-74.0288680">
    <ele>7.5</ele>
    <time>2026-01-14T23:36:22Z</time>
   </trkpt>
   <trkpt lat="40.7442480" lon="-74.0288810">
    <ele>7.5</ele>
    <time>2026-01-14T23:36:23Z</time>
   </trkpt>
   <trkpt lat="40.7441960" lon="-74.0288980">
    <ele>7.5</ele>
    <time>2026-01-14T23:36:24Z</time>
   </trkpt>
   <trkpt lat="40.7441440" lon="-74.0289170">
    <ele>7.5</ele>
    <time>2026-01-14T23:36:25Z</time>
   </trkpt>
   <trkpt lat="40.7440910" lon="-74.0289370">
    <ele>7.5</ele>
    <time>2026-01-14T23:36:26Z</time>
   </trkpt>
   <trkpt lat="40.7440450" lon="-74.0289510">
    <ele>7.5</ele>
    <time>2026-01-14T23:36:27Z</time>
   </trkpt>
   <trkpt lat="40.7439960" lon="-74.0289710">
    <ele>7.5</ele>
    <time>2026-01-14T23:36:28Z</time>
   </trkpt>
   <trkpt lat="40.7439440" lon="-74.0289830">
    <ele>7.5</ele>
    <time>2026-01-14T23:36:29Z</time>
   </trkpt>
   <trkpt lat="40.7438920" lon="-74.0290020">
    <ele>7.5</ele>
    <time>2026-01-14T23:36:30Z</time>
   </trkpt>
   <trkpt lat="40.7438400" lon="-74.0290120">
    <ele>7.5</ele>
    <time>2026-01-14T23:36:31Z</time>
   </trkpt>
   <trkpt lat="40.7437910" lon="-74.0290280">
    <ele>7.5</ele>
    <time>2026-01-14T23:36:32Z</time>
   </trkpt>
   <trkpt lat="40.7437400" lon="-74.0290380">
    <ele>7.5</ele>
    <time>2026-01-14T23:36:33Z</time>
   </trkpt>
   <trkpt lat="40.7436900" lon="-74.0290510">
    <ele>7.4</ele>
    <time>2026-01-14T23:36:34Z</time>
   </trkpt>
   <trkpt lat="40.7436410" lon="-74.0290720">
    <ele>7.4</ele>
    <time>2026-01-14T23:36:35Z</time>
   </trkpt>
   <trkpt lat="40.7435920" lon="-74.0290840">
    <ele>7.4</ele>
    <time>2026-01-14T23:36:36Z</time>
   </trkpt>
   <trkpt lat="40.7435450" lon="-74.0290990">
    <ele>7.4</ele>
    <time>2026-01-14T23:36:37Z</time>
   </trkpt>
   <trkpt lat="40.7435000" lon="-74.0291140">
    <ele>7.4</ele>
    <time>2026-01-14T23:36:38Z</time>
   </trkpt>
   <trkpt lat="40.7434590" lon="-74.0291250">
    <ele>7.4</ele>
    <time>2026-01-14T23:36:39Z</time>
   </trkpt>
   <trkpt lat="40.7434180" lon="-74.0291440">
    <ele>7.4</ele>
    <time>2026-01-14T23:36:40Z</time>
   </trkpt>
   <trkpt lat="40.7433780" lon="-74.0291640">
    <ele>7.5</ele>
    <time>2026-01-14T23:36:41Z</time>
   </trkpt>
   <trkpt lat="40.7433440" lon="-74.0291780">
    <ele>7.5</ele>
    <time>2026-01-14T23:36:42Z</time>
   </trkpt>
   <trkpt lat="40.7433060" lon="-74.0291910">
    <ele>7.5</ele>
    <time>2026-01-14T23:36:43Z</time>
   </trkpt>
   <trkpt lat="40.7432700" lon="-74.0292040">
    <ele>7.5</ele>
    <time>2026-01-14T23:36:44Z</time>
   </trkpt>
   <trkpt lat="40.7432410" lon="-74.0292160">
    <ele>7.6</ele>
    <time>2026-01-14T23:36:45Z</time>
   </trkpt>
   <trkpt lat="40.7432120" lon="-74.0292330">
    <ele>7.6</ele>
    <time>2026-01-14T23:36:46Z</time>
   </trkpt>
   <trkpt lat="40.7432060" lon="-74.0292360">
    <ele>7.6</ele>
    <time>2026-01-14T23:36:47Z</time>
   </trkpt>
   <trkpt lat="40.7432040" lon="-74.0292400">
    <ele>7.6</ele>
    <time>2026-01-14T23:36:48Z</time>
   </trkpt>
   <trkpt lat="40.7432160" lon="-74.0292410">
    <ele>7.6</ele>
    <time>2026-01-14T23:36:49Z</time>
   </trkpt>
   <trkpt lat="40.7432270" lon="-74.0292520">
    <ele>7.6</ele>
    <time>2026-01-14T23:36:50Z</time>
   </trkpt>
   <trkpt lat="40.7432400" lon="-74.0292490">
    <ele>7.6</ele>
    <time>2026-01-14T23:36:51Z</time>
   </trkpt>
   <trkpt lat="40.7432500" lon="-74.0292520">
    <ele>7.6</ele>
    <time>2026-01-14T23:36:52Z</time>
   </trkpt>
   <trkpt lat="40.7432600" lon="-74.0292470">
    <ele>7.6</ele>
    <time>2026-01-14T23:36:53Z</time>
   </trkpt>
   <trkpt lat="40.7432650" lon="-74.0292350">
    <ele>7.6</ele>
    <time>2026-01-14T23:36:54Z</time>
   </trkpt>
   <trkpt lat="40.7432950" lon="-74.0292260">
    <ele>7.6</ele>
    <time>2026-01-14T23:36:55Z</time>
   </trkpt>
   <trkpt lat="40.7433020" lon="-74.0292240">
    <ele>7.6</ele>
    <time>2026-01-14T23:36:56Z</time>
   </trkpt>
   <trkpt lat="40.7433170" lon="-74.0292240">
    <ele>7.6</ele>
    <time>2026-01-14T23:36:57Z</time>
   </trkpt>
   <trkpt lat="40.7433320" lon="-74.0292240">
    <ele>7.5</ele>
    <time>2026-01-14T23:36:58Z</time>
   </trkpt>
   <trkpt lat="40.7433370" lon="-74.0292220">
    <ele>7.5</ele>
    <time>2026-01-14T23:36:59Z</time>
   </trkpt>
   <trkpt lat="40.7433450" lon="-74.0292210">
    <ele>7.5</ele>
    <time>2026-01-14T23:37:00Z</time>
   </trkpt>
   <trkpt lat="40.7433550" lon="-74.0292220">
    <ele>7.5</ele>
    <time>2026-01-14T23:37:01Z</time>
   </trkpt>
   <trkpt lat="40.7433570" lon="-74.0292200">
    <ele>7.5</ele>
    <time>2026-01-14T23:37:02Z</time>
   </trkpt>
   <trkpt lat="40.7433660" lon="-74.0292200">
    <ele>7.5</ele>
    <time>2026-01-14T23:37:03Z</time>
   </trkpt>
   <trkpt lat="40.7433800" lon="-74.0292230">
    <ele>7.5</ele>
    <time>2026-01-14T23:37:04Z</time>
   </trkpt>
   <trkpt lat="40.7433780" lon="-74.0292090">
    <ele>7.5</ele>
    <time>2026-01-14T23:37:05Z</time>
   </trkpt>
   <trkpt lat="40.7433770" lon="-74.0292110">
    <ele>7.5</ele>
    <time>2026-01-14T23:37:06Z</time>
   </trkpt>
   <trkpt lat="40.7433770" lon="-74.0292120">
    <ele>7.5</ele>
    <time>2026-01-14T23:37:07Z</time>
   </trkpt>
   <trkpt lat="40.7433790" lon="-74.0292010">
    <ele>7.5</ele>
    <time>2026-01-14T23:37:08Z</time>
   </trkpt>
   <trkpt lat="40.7433740" lon="-74.0291950">
    <ele>7.5</ele>
    <time>2026-01-14T23:37:09Z</time>
   </trkpt>
   <trkpt lat="40.7433690" lon="-74.0291820">
    <ele>7.5</ele>
    <time>2026-01-14T23:37:10Z</time>
   </trkpt>
   <trkpt lat="40.7433630" lon="-74.0291820">
    <ele>7.5</ele>
    <time>2026-01-14T23:37:11Z</time>
   </trkpt>
   <trkpt lat="40.7433580" lon="-74.0291830">
    <ele>7.5</ele>
    <time>2026-01-14T23:37:12Z</time>
   </trkpt>
   <trkpt lat="40.7433480" lon="-74.0291880">
    <ele>7.5</ele>
    <time>2026-01-14T23:37:13Z</time>
   </trkpt>
   <trkpt lat="40.7433370" lon="-74.0291870">
    <ele>7.5</ele>
    <time>2026-01-14T23:37:14Z</time>
   </trkpt>
   <trkpt lat="40.7433290" lon="-74.0291900">
    <ele>7.5</ele>
    <time>2026-01-14T23:37:15Z</time>
   </trkpt>
   <trkpt lat="40.7433290" lon="-74.0291900">
    <ele>7.5</ele>
    <time>2026-01-14T23:37:16Z</time>
   </trkpt>
   <trkpt lat="40.7433300" lon="-74.0291900">
    <ele>7.5</ele>
    <time>2026-01-14T23:37:17Z</time>
   </trkpt>
   <trkpt lat="40.7433310" lon="-74.0291900">
    <ele>7.5</ele>
    <time>2026-01-14T23:37:18Z</time>
   </trkpt>
   <trkpt lat="40.7433310" lon="-74.0291910">
    <ele>7.5</ele>
    <time>2026-01-14T23:37:19Z</time>
   </trkpt>
   <trkpt lat="40.7433320" lon="-74.0291910">
    <ele>7.5</ele>
    <time>2026-01-14T23:37:20Z</time>
   </trkpt>
   <trkpt lat="40.7433330" lon="-74.0291910">
    <ele>7.5</ele>
    <time>2026-01-14T23:37:21Z</time>
   </trkpt>
   <trkpt lat="40.7433330" lon="-74.0291910">
    <ele>7.5</ele>
    <time>2026-01-14T23:37:22Z</time>
   </trkpt>
   <trkpt lat="40.7433340" lon="-74.0291910">
    <ele>7.5</ele>
    <time>2026-01-14T23:37:23Z</time>
   </trkpt>
   <trkpt lat="40.7433350" lon="-74.0291910">
    <ele>7.5</ele>
    <time>2026-01-14T23:37:24Z</time>
   </trkpt>
   <trkpt lat="40.7433350" lon="-74.0291910">
    <ele>7.5</ele>
    <time>2026-01-14T23:37:25Z</time>
   </trkpt>
   <trkpt lat="40.7433360" lon="-74.0291910">
    <ele>7.5</ele>
    <time>2026-01-14T23:37:26Z</time>
   </trkpt>
   <trkpt lat="40.7433370" lon="-74.0291910">
    <ele>7.5</ele>
    <time>2026-01-14T23:37:27Z</time>
   </trkpt>
   <trkpt lat="40.7433370" lon="-74.0291910">
    <ele>7.5</ele>
    <time>2026-01-14T23:37:28Z</time>
   </trkpt>
   <trkpt lat="40.7433380" lon="-74.0291920">
    <ele>7.5</ele>
    <time>2026-01-14T23:37:29Z</time>
   </trkpt>
   <trkpt lat="40.7433390" lon="-74.0291920">
    <ele>7.5</ele>
    <time>2026-01-14T23:37:30Z</time>
   </trkpt>
   <trkpt lat="40.7433400" lon="-74.0291920">
    <ele>7.5</ele>
    <time>2026-01-14T23:37:31Z</time>
   </trkpt>
   <trkpt lat="40.7433400" lon="-74.0291920">
    <ele>7.5</ele>
    <time>2026-01-14T23:37:32Z</time>
   </trkpt>
   <trkpt lat="40.7433410" lon="-74.0291920">
    <ele>7.5</ele>
    <time>2026-01-14T23:37:33Z</time>
   </trkpt>
   <trkpt lat="40.7433420" lon="-74.0291920">
    <ele>7.5</ele>
    <time>2026-01-14T23:37:34Z</time>
   </trkpt>
   <trkpt lat="40.7433420" lon="-74.0291920">
    <ele>7.5</ele>
    <time>2026-01-14T23:37:35Z</time>
   </trkpt>
   <trkpt lat="40.7433430" lon="-74.0291920">
    <ele>7.5</ele>
    <time>2026-01-14T23:37:36Z</time>
   </trkpt>
   <trkpt lat="40.7433440" lon="-74.0291920">
    <ele>7.5</ele>
    <time>2026-01-14T23:37:37Z</time>
   </trkpt>
   <trkpt lat="40.7433440" lon="-74.0291920">
    <ele>7.5</ele>
    <time>2026-01-14T23:37:38Z</time>
   </trkpt>
   <trkpt lat="40.7433450" lon="-74.0291930">
    <ele>7.5</ele>
    <time>2026-01-14T23:37:39Z</time>
   </trkpt>
   <trkpt lat="40.7433460" lon="-74.0291930">
    <ele>7.5</ele>
    <time>2026-01-14T23:37:40Z</time>
   </trkpt>
   <trkpt lat="40.7433460" lon="-74.0291930">
    <ele>7.5</ele>
    <time>2026-01-14T23:37:41Z</time>
   </trkpt>
   <trkpt lat="40.7433470" lon="-74.0291930">
    <ele>7.5</ele>
    <time>2026-01-14T23:37:42Z</time>
   </trkpt>
   <trkpt lat="40.7433480" lon="-74.0291930">
    <ele>7.5</ele>
    <time>2026-01-14T23:37:43Z</time>
   </trkpt>
   <trkpt lat="40.7433480" lon="-74.0291930">
    <ele>7.5</ele>
    <time>2026-01-14T23:37:44Z</time>
   </trkpt>
   <trkpt lat="40.7433490" lon="-74.0291930">
    <ele>7.5</ele>
    <time>2026-01-14T23:37:45Z</time>
   </trkpt>
   <trkpt lat="40.7433500" lon="-74.0291930">
    <ele>7.5</ele>
    <time>2026-01-14T23:37:46Z</time>
   </trkpt>
   <trkpt lat="40.7433500" lon="-74.0291930">
    <ele>7.5</ele>
    <time>2026-01-14T23:37:47Z</time>
   </trkpt>
   <trkpt lat="40.7433510" lon="-74.0291930">
    <ele>7.5</ele>
    <time>2026-01-14T23:37:48Z</time>
   </trkpt>
   <trkpt lat="40.7433520" lon="-74.0291940">
    <ele>7.5</ele>
    <time>2026-01-14T23:37:49Z</time>
   </trkpt>
   <trkpt lat="40.7433520" lon="-74.0291940">
    <ele>7.5</ele>
    <time>2026-01-14T23:37:50Z</time>
   </trkpt>
   <trkpt lat="40.7433530" lon="-74.0291940">
    <ele>7.5</ele>
    <time>2026-01-14T23:37:51Z</time>
   </trkpt>
   <trkpt lat="40.7433540" lon="-74.0291940">
    <ele>7.5</ele>
    <time>2026-01-14T23:37:52Z</time>
   </trkpt>
   <trkpt lat="40.7433540" lon="-74.0291940">
    <ele>7.5</ele>
    <time>2026-01-14T23:37:53Z</time>
   </trkpt>
   <trkpt lat="40.7433550" lon="-74.0291940">
    <ele>7.5</ele>
    <time>2026-01-14T23:37:54Z</time>
   </trkpt>
   <trkpt lat="40.7433560" lon="-74.0291940">
    <ele>7.5</ele>
    <time>2026-01-14T23:37:55Z</time>
   </trkpt>
   <trkpt lat="40.7433560" lon="-74.0291940">
    <ele>7.5</ele>
    <time>2026-01-14T23:37:56Z</time>
   </trkpt>
   <trkpt lat="40.7433570" lon="-74.0291940">
    <ele>7.5</ele>
    <time>2026-01-14T23:37:57Z</time>
   </trkpt>
   <trkpt lat="40.7433580" lon="-74.0291950">
    <ele>7.5</ele>
    <time>2026-01-14T23:37:58Z</time>
   </trkpt>
   <trkpt lat="40.7433580" lon="-74.0291950">
    <ele>7.5</ele>
    <time>2026-01-14T23:37:59Z</time>
   </trkpt>
   <trkpt lat="40.7433590" lon="-74.0291950">
    <ele>7.5</ele>
    <time>2026-01-14T23:38:00Z</time>
   </trkpt>
   <trkpt lat="40.7433600" lon="-74.0291950">
    <ele>7.5</ele>
    <time>2026-01-14T23:38:01Z</time>
   </trkpt>
   <trkpt lat="40.7433600" lon="-74.0291950">
    <ele>7.5</ele>
    <time>2026-01-14T23:38:02Z</time>
   </trkpt>
   <trkpt lat="40.7433610" lon="-74.0291950">
    <ele>7.5</ele>
    <time>2026-01-14T23:38:03Z</time>
   </trkpt>
   <trkpt lat="40.7433620" lon="-74.0291950">
    <ele>7.5</ele>
    <time>2026-01-14T23:38:04Z</time>
   </trkpt>
   <trkpt lat="40.7433630" lon="-74.0291950">
    <ele>7.5</ele>
    <time>2026-01-14T23:38:05Z</time>
   </trkpt>
   <trkpt lat="40.7433630" lon="-74.0291950">
    <ele>7.5</ele>
    <time>2026-01-14T23:38:06Z</time>
   </trkpt>
   <trkpt lat="40.7433640" lon="-74.0291950">
    <ele>7.5</ele>
    <time>2026-01-14T23:38:07Z</time>
   </trkpt>
   <trkpt lat="40.7433650" lon="-74.0291960">
    <ele>7.5</ele>
    <time>2026-01-14T23:38:08Z</time>
   </trkpt>
   <trkpt lat="40.7433650" lon="-74.0291960">
    <ele>7.5</ele>
    <time>2026-01-14T23:38:09Z</time>
   </trkpt>
   <trkpt lat="40.7433660" lon="-74.0291960">
    <ele>7.5</ele>
    <time>2026-01-14T23:38:10Z</time>
   </trkpt>
   <trkpt lat="40.7433670" lon="-74.0291960">
    <ele>7.5</ele>
    <time>2026-01-14T23:38:11Z</time>
   </trkpt>
   <trkpt lat="40.7433670" lon="-74.0291960">
    <ele>7.5</ele>
    <time>2026-01-14T23:38:12Z</time>
   </trkpt>
   <trkpt lat="40.7433680" lon="-74.0291960">
    <ele>7.5</ele>
    <time>2026-01-14T23:38:13Z</time>
   </trkpt>
   <trkpt lat="40.7433690" lon="-74.0291960">
    <ele>7.5</ele>
    <time>2026-01-14T23:38:14Z</time>
   </trkpt>
   <trkpt lat="40.7433690" lon="-74.0291960">
    <ele>7.5</ele>
    <time>2026-01-14T23:38:15Z</time>
   </trkpt>
   <trkpt lat="40.7433700" lon="-74.0291960">
    <ele>7.5</ele>
    <time>2026-01-14T23:38:16Z</time>
   </trkpt>
   <trkpt lat="40.7433710" lon="-74.0291960">
    <ele>7.5</ele>
    <time>2026-01-14T23:38:17Z</time>
   </trkpt>
   <trkpt lat="40.7433710" lon="-74.0291970">
    <ele>7.5</ele>
    <time>2026-01-14T23:38:18Z</time>
   </trkpt>
   <trkpt lat="40.7433720" lon="-74.0291970">
    <ele>7.5</ele>
    <time>2026-01-14T23:38:19Z</time>
   </trkpt>
   <trkpt lat="40.7433730" lon="-74.0291970">
    <ele>7.5</ele>
    <time>2026-01-14T23:38:20Z</time>
   </trkpt>
   <trkpt lat="40.7433730" lon="-74.0291970">
    <ele>7.5</ele>
    <time>2026-01-14T23:38:21Z</time>
   </trkpt>
   <trkpt lat="40.7433740" lon="-74.0291970">
    <ele>7.5</ele>
    <time>2026-01-14T23:38:22Z</time>
   </trkpt>
   <trkpt lat="40.7433780" lon="-74.0292030">
    <ele>7.5</ele>
    <time>2026-01-14T23:38:23Z</time>
   </trkpt>
   <trkpt lat="40.7433750" lon="-74.0292050">
    <ele>7.5</ele>
    <time>2026-01-14T23:38:24Z</time>
   </trkpt>
   <trkpt lat="40.7433770" lon="-74.0292090">
    <ele>7.5</ele>
    <time>2026-01-14T23:38:25Z</time>
   </trkpt>
   <trkpt lat="40.7433770" lon="-74.0292100">
    <ele>7.5</ele>
    <time>2026-01-14T23:38:26Z</time>
   </trkpt>
   <trkpt lat="40.7433780" lon="-74.0292090">
    <ele>7.5</ele>
    <time>2026-01-14T23:38:27Z</time>
   </trkpt>
   <trkpt lat="40.7433810" lon="-74.0292110">
    <ele>7.5</ele>
    <time>2026-01-14T23:38:28Z</time>
   </trkpt>
   <trkpt lat="40.7433800" lon="-74.0292110">
    <ele>7.5</ele>
    <time>2026-01-14T23:38:29Z</time>
   </trkpt>
   <trkpt lat="40.7433800" lon="-74.0292110">
    <ele>7.5</ele>
    <time>2026-01-14T23:38:30Z</time>
   </trkpt>
   <trkpt lat="40.7433760" lon="-74.0292120">
    <ele>7.5</ele>
    <time>2026-01-14T23:38:31Z</time>
   </trkpt>
   <trkpt lat="40.7433720" lon="-74.0292130">
    <ele>7.5</ele>
    <time>2026-01-14T23:38:32Z</time>
   </trkpt>
   <trkpt lat="40.7433840" lon="-74.0292140">
    <ele>7.5</ele>
    <time>2026-01-14T23:38:33Z</time>
   </trkpt>
   <trkpt lat="40.7433860" lon="-74.0292080">
    <ele>7.5</ele>
    <time>2026-01-14T23:38:34Z</time>
   </trkpt>
   <trkpt lat="40.7433830" lon="-74.0292030">
    <ele>7.5</ele>
    <time>2026-01-14T23:38:35Z</time>
   </trkpt>
   <trkpt lat="40.7433840" lon="-74.0291810">
    <ele>7.5</ele>
    <time>2026-01-14T23:38:36Z</time>
   </trkpt>
   <trkpt lat="40.7433890" lon="-74.0291820">
    <ele>7.5</ele>
    <time>2026-01-14T23:38:37Z</time>
   </trkpt>
   <trkpt lat="40.7433900" lon="-74.0291750">
    <ele>7.5</ele>
    <time>2026-01-14T23:38:38Z</time>
   </trkpt>
   <trkpt lat="40.7433910" lon="-74.0291710">
    <ele>7.5</ele>
    <time>2026-01-14T23:38:39Z</time>
   </trkpt>
   <trkpt lat="40.7433930" lon="-74.0291660">
    <ele>7.5</ele>
    <time>2026-01-14T23:38:40Z</time>
   </trkpt>
   <trkpt lat="40.7433970" lon="-74.0291600">
    <ele>7.5</ele>
    <time>2026-01-14T23:38:41Z</time>
   </trkpt>
   <trkpt lat="40.7433960" lon="-74.0291570">
    <ele>7.5</ele>
    <time>2026-01-14T23:38:42Z</time>
   </trkpt>
   <trkpt lat="40.7433960" lon="-74.0291530">
    <ele>7.5</ele>
    <time>2026-01-14T23:38:43Z</time>
   </trkpt>
   <trkpt lat="40.7433960" lon="-74.0291490">
    <ele>7.5</ele>
    <time>2026-01-14T23:38:44Z</time>
   </trkpt>
   <trkpt lat="40.7433950" lon="-74.0291460">
    <ele>7.5</ele>
    <time>2026-01-14T23:38:45Z</time>
   </trkpt>
   <trkpt lat="40.7433950" lon="-74.0291420">
    <ele>7.5</ele>
    <time>2026-01-14T23:38:46Z</time>
   </trkpt>
   <trkpt lat="40.7433950" lon="-74.0291380">
    <ele>7.5</ele>
    <time>2026-01-14T23:38:47Z</time>
   </trkpt>
   <trkpt lat="40.7433940" lon="-74.0291350">
    <ele>7.5</ele>
    <time>2026-01-14T23:38:48Z</time>
   </trkpt>
   <trkpt lat="40.7433940" lon="-74.0291310">
    <ele>7.5</ele>
    <time>2026-01-14T23:38:49Z</time>
   </trkpt>
   <trkpt lat="40.7433930" lon="-74.0291280">
    <ele>7.5</ele>
    <time>2026-01-14T23:38:50Z</time>
   </trkpt>
   <trkpt lat="40.7433930" lon="-74.0291240">
    <ele>7.5</ele>
    <time>2026-01-14T23:38:51Z</time>
   </trkpt>
   <trkpt lat="40.7433930" lon="-74.0291200">
    <ele>7.5</ele>
    <time>2026-01-14T23:38:52Z</time>
   </trkpt>
   <trkpt lat="40.7433920" lon="-74.0291170">
    <ele>7.5</ele>
    <time>2026-01-14T23:38:53Z</time>
   </trkpt>
   <trkpt lat="40.7433920" lon="-74.0291130">
    <ele>7.4</ele>
    <time>2026-01-14T23:38:54Z</time>
   </trkpt>
   <trkpt lat="40.7433920" lon="-74.0291130">
    <ele>7.4</ele>
    <time>2026-01-14T23:38:55Z</time>
   </trkpt>
   <trkpt lat="40.7433900" lon="-74.0291200">
    <ele>7.4</ele>
    <time>2026-01-14T23:38:56Z</time>
   </trkpt>
   <trkpt lat="40.7433880" lon="-74.0291200">
    <ele>7.4</ele>
    <time>2026-01-14T23:38:57Z</time>
   </trkpt>
   <trkpt lat="40.7433880" lon="-74.0291190">
    <ele>7.4</ele>
    <time>2026-01-14T23:38:58Z</time>
   </trkpt>
   <trkpt lat="40.7433880" lon="-74.0291190">
    <ele>7.4</ele>
    <time>2026-01-14T23:38:59Z</time>
   </trkpt>
   <trkpt lat="40.7433840" lon="-74.0291090">
    <ele>7.4</ele>
    <time>2026-01-14T23:39:00Z</time>
   </trkpt>
   <trkpt lat="40.7433840" lon="-74.0291070">
    <ele>7.4</ele>
    <time>2026-01-14T23:39:01Z</time>
   </trkpt>
   <trkpt lat="40.7433850" lon="-74.0291090">
    <ele>7.4</ele>
    <time>2026-01-14T23:39:02Z</time>
   </trkpt>
   <trkpt lat="40.7433900" lon="-74.0291080">
    <ele>7.4</ele>
    <time>2026-01-14T23:39:03Z</time>
   </trkpt>
   <trkpt lat="40.7433900" lon="-74.0291080">
    <ele>7.4</ele>
    <time>2026-01-14T23:39:04Z</time>
   </trkpt>
   <trkpt lat="40.7433900" lon="-74.0291080">
    <ele>7.4</ele>
    <time>2026-01-14T23:39:05Z</time>
   </trkpt>
   <trkpt lat="40.7433970" lon="-74.0291070">
    <ele>7.4</ele>
    <time>2026-01-14T23:39:06Z</time>
   </trkpt>
   <trkpt lat="40.7434000" lon="-74.0291140">
    <ele>7.4</ele>
    <time>2026-01-14T23:39:07Z</time>
   </trkpt>
   <trkpt lat="40.7434000" lon="-74.0291120">
    <ele>7.4</ele>
    <time>2026-01-14T23:39:08Z</time>
   </trkpt>
   <trkpt lat="40.7434000" lon="-74.0291120">
    <ele>7.4</ele>
    <time>2026-01-14T23:39:09Z</time>
   </trkpt>
   <trkpt lat="40.7434000" lon="-74.0291120">
    <ele>7.4</ele>
    <time>2026-01-14T23:39:10Z</time>
   </trkpt>
   <trkpt lat="40.7434040" lon="-74.0291230">
    <ele>7.4</ele>
    <time>2026-01-14T23:39:11Z</time>
   </trkpt>
   <trkpt lat="40.7434030" lon="-74.0291180">
    <ele>7.4</ele>
    <time>2026-01-14T23:39:12Z</time>
   </trkpt>
   <trkpt lat="40.7434020" lon="-74.0291210">
    <ele>7.4</ele>
    <time>2026-01-14T23:39:13Z</time>
   </trkpt>
   <trkpt lat="40.7434030" lon="-74.0291220">
    <ele>7.4</ele>
    <time>2026-01-14T23:39:14Z</time>
   </trkpt>
   <trkpt lat="40.7434050" lon="-74.0291190">
    <ele>7.4</ele>
    <time>2026-01-14T23:39:15Z</time>
   </trkpt>
   <trkpt lat="40.7434040" lon="-74.0291220">
    <ele>7.4</ele>
    <time>2026-01-14T23:39:16Z</time>
   </trkpt>
   <trkpt lat="40.7433990" lon="-74.0291280">
    <ele>7.4</ele>
    <time>2026-01-14T23:39:17Z</time>
   </trkpt>
   <trkpt lat="40.7433920" lon="-74.0291260">
    <ele>7.4</ele>
    <time>2026-01-14T23:39:18Z</time>
   </trkpt>
   <trkpt lat="40.7433860" lon="-74.0291260">
    <ele>7.5</ele>
    <time>2026-01-14T23:39:19Z</time>
   </trkpt>
   <trkpt lat="40.7433800" lon="-74.0291160">
    <ele>7.5</ele>
    <time>2026-01-14T23:39:20Z</time>
   </trkpt>
   <trkpt lat="40.7433750" lon="-74.0291070">
    <ele>7.5</ele>
    <time>2026-01-14T23:39:21Z</time>
   </trkpt>
   <trkpt lat="40.7433690" lon="-74.0290830">
    <ele>7.5</ele>
    <time>2026-01-14T23:39:22Z</time>
   </trkpt>
   <trkpt lat="40.7433620" lon="-74.0290610">
    <ele>7.5</ele>
    <time>2026-01-14T23:39:23Z</time>
   </trkpt>
   <trkpt lat="40.7433590" lon="-74.0290520">
    <ele>7.5</ele>
    <time>2026-01-14T23:39:24Z</time>
   </trkpt>
   <trkpt lat="40.7433570" lon="-74.0290430">
    <ele>7.5</ele>
    <time>2026-01-14T23:39:25Z</time>
   </trkpt>
   <trkpt lat="40.7433540" lon="-74.0290350">
    <ele>7.5</ele>
    <time>2026-01-14T23:39:26Z</time>
   </trkpt>
   <trkpt lat="40.7433510" lon="-74.0290260">
    <ele>7.5</ele>
    <time>2026-01-14T23:39:27Z</time>
   </trkpt>
   <trkpt lat="40.7433480" lon="-74.0290170">
    <ele>7.5</ele>
    <time>2026-01-14T23:39:28Z</time>
   </trkpt>
   <trkpt lat="40.7433450" lon="-74.0290070">
    <ele>7.6</ele>
    <time>2026-01-14T23:39:30Z</time>
   </trkpt>
   <trkpt lat="40.7433430" lon="-74.0289980">
    <ele>7.6</ele>
    <time>2026-01-14T23:39:31Z</time>
   </trkpt>
   <trkpt lat="40.7433380" lon="-74.0289790">
    <ele>7.6</ele>
    <time>2026-01-14T23:39:32Z</time>
   </trkpt>
   <trkpt lat="40.7433380" lon="-74.0289790">
    <ele>7.6</ele>
    <time>2026-01-14T23:39:33Z</time>
   </trkpt>
   <trkpt lat="40.7433380" lon="-74.0289790">
    <ele>7.6</ele>
    <time>2026-01-14T23:39:34Z</time>
   </trkpt>
   <trkpt lat="40.7433350" lon="-74.0289670">
    <ele>7.6</ele>
    <time>2026-01-14T23:39:35Z</time>
   </trkpt>
   <trkpt lat="40.7433320" lon="-74.0289500">
    <ele>7.6</ele>
    <time>2026-01-14T23:39:36Z</time>
   </trkpt>
   <trkpt lat="40.7433310" lon="-74.0289480">
    <ele>7.6</ele>
    <time>2026-01-14T23:39:37Z</time>
   </trkpt>
   <trkpt lat="40.7433300" lon="-74.0289510">
    <ele>7.6</ele>
    <time>2026-01-14T23:39:38Z</time>
   </trkpt>
   <trkpt lat="40.7433270" lon="-74.0289460">
    <ele>7.6</ele>
    <time>2026-01-14T23:39:39Z</time>
   </trkpt>
   <trkpt lat="40.7433240" lon="-74.0289450">
    <ele>7.6</ele>
    <time>2026-01-14T23:39:40Z</time>
   </trkpt>
   <trkpt lat="40.7433210" lon="-74.0289370">
    <ele>7.6</ele>
    <time>2026-01-14T23:39:41Z</time>
   </trkpt>
   <trkpt lat="40.7433210" lon="-74.0289340">
    <ele>7.6</ele>
    <time>2026-01-14T23:39:42Z</time>
   </trkpt>
   <trkpt lat="40.7433210" lon="-74.0289360">
    <ele>7.6</ele>
    <time>2026-01-14T23:39:43Z</time>
   </trkpt>
   <trkpt lat="40.7433160" lon="-74.0289280">
    <ele>7.6</ele>
    <time>2026-01-14T23:39:44Z</time>
   </trkpt>
   <trkpt lat="40.7433150" lon="-74.0289200">
    <ele>7.6</ele>
    <time>2026-01-14T23:39:45Z</time>
   </trkpt>
   <trkpt lat="40.7433150" lon="-74.0289200">
    <ele>7.6</ele>
    <time>2026-01-14T23:39:46Z</time>
   </trkpt>
   <trkpt lat="40.7433140" lon="-74.0289150">
    <ele>7.6</ele>
    <time>2026-01-14T23:39:47Z</time>
   </trkpt>
   <trkpt lat="40.7433150" lon="-74.0289130">
    <ele>7.6</ele>
    <time>2026-01-14T23:39:48Z</time>
   </trkpt>
   <trkpt lat="40.7433150" lon="-74.0289160">
    <ele>7.6</ele>
    <time>2026-01-14T23:39:49Z</time>
   </trkpt>
   <trkpt lat="40.7433140" lon="-74.0289170">
    <ele>7.6</ele>
    <time>2026-01-14T23:39:50Z</time>
   </trkpt>
   <trkpt lat="40.7433160" lon="-74.0289250">
    <ele>7.6</ele>
    <time>2026-01-14T23:39:51Z</time>
   </trkpt>
   <trkpt lat="40.7433140" lon="-74.0289250">
    <ele>7.6</ele>
    <time>2026-01-14T23:39:52Z</time>
   </trkpt>
   <trkpt lat="40.7433140" lon="-74.0289250">
    <ele>7.6</ele>
    <time>2026-01-14T23:39:53Z</time>
   </trkpt>
   <trkpt lat="40.7433140" lon="-74.0289250">
    <ele>7.6</ele>
    <time>2026-01-14T23:39:54Z</time>
   </trkpt>
   <trkpt lat="40.7433140" lon="-74.0289250">
    <ele>7.6</ele>
    <time>2026-01-14T23:39:55Z</time>
   </trkpt>
   <trkpt lat="40.7433190" lon="-74.0289400">
    <ele>7.6</ele>
    <time>2026-01-14T23:39:56Z</time>
   </trkpt>
   <trkpt lat="40.7433210" lon="-74.0289340">
    <ele>7.6</ele>
    <time>2026-01-14T23:39:57Z</time>
   </trkpt>
   <trkpt lat="40.7433240" lon="-74.0289490">
    <ele>7.5</ele>
    <time>2026-01-14T23:39:58Z</time>
   </trkpt>
   <trkpt lat="40.7433260" lon="-74.0289500">
    <ele>7.5</ele>
    <time>2026-01-14T23:39:59Z</time>
   </trkpt>
   <trkpt lat="40.7433240" lon="-74.0289530">
    <ele>7.5</ele>
    <time>2026-01-14T23:40:00Z</time>
   </trkpt>
   <trkpt lat="40.7433270" lon="-74.0289560">
    <ele>7.5</ele>
    <time>2026-01-14T23:40:01Z</time>
   </trkpt>
   <trkpt lat="40.7433320" lon="-74.0289630">
    <ele>7.5</ele>
    <time>2026-01-14T23:40:02Z</time>
   </trkpt>
   <trkpt lat="40.7433310" lon="-74.0289610">
    <ele>7.5</ele>
    <time>2026-01-14T23:40:03Z</time>
   </trkpt>
   <trkpt lat="40.7433360" lon="-74.0289700">
    <ele>7.5</ele>
    <time>2026-01-14T23:40:04Z</time>
   </trkpt>
   <trkpt lat="40.7433430" lon="-74.0289770">
    <ele>7.4</ele>
    <time>2026-01-14T23:40:05Z</time>
   </trkpt>
   <trkpt lat="40.7433390" lon="-74.0289900">
    <ele>7.4</ele>
    <time>2026-01-14T23:40:06Z</time>
   </trkpt>
   <trkpt lat="40.7433380" lon="-74.0290030">
    <ele>7.3</ele>
    <time>2026-01-14T23:40:07Z</time>
   </trkpt>
   <trkpt lat="40.7433360" lon="-74.0290170">
    <ele>7.3</ele>
    <time>2026-01-14T23:40:08Z</time>
   </trkpt>
   <trkpt lat="40.7433340" lon="-74.0290300">
    <ele>7.2</ele>
    <time>2026-01-14T23:40:09Z</time>
   </trkpt>
   <trkpt lat="40.7433160" lon="-74.0290360">
    <ele>7.1</ele>
    <time>2026-01-14T23:40:10Z</time>
   </trkpt>
   <trkpt lat="40.7433090" lon="-74.0290540">
    <ele>7.0</ele>
    <time>2026-01-14T23:40:11Z</time>
   </trkpt>
   <trkpt lat="40.7433090" lon="-74.0290560">
    <ele>7.0</ele>
    <time>2026-01-14T23:40:12Z</time>
   </trkpt>
   <trkpt lat="40.7433050" lon="-74.0290620">
    <ele>7.0</ele>
    <time>2026-01-14T23:40:13Z</time>
   </trkpt>
   <trkpt lat="40.7433000" lon="-74.0290640">
    <ele>7.0</ele>
    <time>2026-01-14T23:40:14Z</time>
   </trkpt>
   <trkpt lat="40.7433060" lon="-74.0290690">
    <ele>7.0</ele>
    <time>2026-01-14T23:40:15Z</time>
   </trkpt>
   <trkpt lat="40.7433080" lon="-74.0290660">
    <ele>7.0</ele>
    <time>2026-01-14T23:40:16Z</time>
   </trkpt>
   <trkpt lat="40.7433080" lon="-74.0290700">
    <ele>7.0</ele>
    <time>2026-01-14T23:40:17Z</time>
   </trkpt>
   <trkpt lat="40.7433090" lon="-74.0290720">
    <ele>7.0</ele>
    <time>2026-01-14T23:40:18Z</time>
   </trkpt>
   <trkpt lat="40.7433090" lon="-74.0290720">
    <ele>7.0</ele>
    <time>2026-01-14T23:40:19Z</time>
   </trkpt>
   <trkpt lat="40.7433090" lon="-74.0290720">
    <ele>7.0</ele>
    <time>2026-01-14T23:40:20Z</time>
   </trkpt>
   <trkpt lat="40.7433090" lon="-74.0290630">
    <ele>7.0</ele>
    <time>2026-01-14T23:40:21Z</time>
   </trkpt>
   <trkpt lat="40.7433080" lon="-74.0290680">
    <ele>7.0</ele>
    <time>2026-01-14T23:40:22Z</time>
   </trkpt>
   <trkpt lat="40.7433060" lon="-74.0290670">
    <ele>7.0</ele>
    <time>2026-01-14T23:40:23Z</time>
   </trkpt>
   <trkpt lat="40.7433060" lon="-74.0290670">
    <ele>7.0</ele>
    <time>2026-01-14T23:40:24Z</time>
   </trkpt>
   <trkpt lat="40.7433060" lon="-74.0290670">
    <ele>7.0</ele>
    <time>2026-01-14T23:40:25Z</time>
   </trkpt>
   <trkpt lat="40.7433060" lon="-74.0290670">
    <ele>7.0</ele>
    <time>2026-01-14T23:40:26Z</time>
   </trkpt>
   <trkpt lat="40.7433060" lon="-74.0290670">
    <ele>7.0</ele>
    <time>2026-01-14T23:40:27Z</time>
   </trkpt>
   <trkpt lat="40.7433010" lon="-74.0290700">
    <ele>7.0</ele>
    <time>2026-01-14T23:40:28Z</time>
   </trkpt>
   <trkpt lat="40.7432990" lon="-74.0290740">
    <ele>7.0</ele>
    <time>2026-01-14T23:40:29Z</time>
   </trkpt>
   <trkpt lat="40.7433000" lon="-74.0290810">
    <ele>7.0</ele>
    <time>2026-01-14T23:40:30Z</time>
   </trkpt>
   <trkpt lat="40.7433010" lon="-74.0290800">
    <ele>7.0</ele>
    <time>2026-01-14T23:40:31Z</time>
   </trkpt>
   <trkpt lat="40.7433010" lon="-74.0290800">
    <ele>7.0</ele>
    <time>2026-01-14T23:40:32Z</time>
   </trkpt>
   <trkpt lat="40.7433010" lon="-74.0290800">
    <ele>7.0</ele>
    <time>2026-01-14T23:40:33Z</time>
   </trkpt>
   <trkpt lat="40.7433010" lon="-74.0290800">
    <ele>7.0</ele>
    <time>2026-01-14T23:40:34Z</time>
   </trkpt>
   <trkpt lat="40.7433070" lon="-74.0290920">
    <ele>7.0</ele>
    <time>2026-01-14T23:40:35Z</time>
   </trkpt>
   <trkpt lat="40.7433080" lon="-74.0290920">
    <ele>7.0</ele>
    <time>2026-01-14T23:40:36Z</time>
   </trkpt>
   <trkpt lat="40.7433070" lon="-74.0290940">
    <ele>7.0</ele>
    <time>2026-01-14T23:40:37Z</time>
   </trkpt>
   <trkpt lat="40.7433100" lon="-74.0291000">
    <ele>7.0</ele>
    <time>2026-01-14T23:40:38Z</time>
   </trkpt>
   <trkpt lat="40.7433090" lon="-74.0290900">
    <ele>7.0</ele>
    <time>2026-01-14T23:40:39Z</time>
   </trkpt>
   <trkpt lat="40.7433100" lon="-74.0290900">
    <ele>7.0</ele>
    <time>2026-01-14T23:40:40Z</time>
   </trkpt>
   <trkpt lat="40.7433100" lon="-74.0290900">
    <ele>7.0</ele>
    <time>2026-01-14T23:40:41Z</time>
   </trkpt>
   <trkpt lat="40.7433110" lon="-74.0290820">
    <ele>7.0</ele>
    <time>2026-01-14T23:40:42Z</time>
   </trkpt>
   <trkpt lat="40.7433090" lon="-74.0290790">
    <ele>7.0</ele>
    <time>2026-01-14T23:40:43Z</time>
   </trkpt>
   <trkpt lat="40.7433090" lon="-74.0290790">
    <ele>7.0</ele>
    <time>2026-01-14T23:40:44Z</time>
   </trkpt>
   <trkpt lat="40.7433110" lon="-74.0290680">
    <ele>7.0</ele>
    <time>2026-01-14T23:40:45Z</time>
   </trkpt>
   <trkpt lat="40.7433070" lon="-74.0290540">
    <ele>7.0</ele>
    <time>2026-01-14T23:40:46Z</time>
   </trkpt>
   <trkpt lat="40.7433070" lon="-74.0290510">
    <ele>7.0</ele>
    <time>2026-01-14T23:40:47Z</time>
   </trkpt>
   <trkpt lat="40.7433070" lon="-74.0290510">
    <ele>7.0</ele>
    <time>2026-01-14T23:40:48Z</time>
   </trkpt>
   <trkpt lat="40.7433070" lon="-74.0290510">
    <ele>7.0</ele>
    <time>2026-01-14T23:40:49Z</time>
   </trkpt>
   <trkpt lat="40.7433010" lon="-74.0290350">
    <ele>7.0</ele>
    <time>2026-01-14T23:40:50Z</time>
   </trkpt>
   <trkpt lat="40.7433010" lon="-74.0290320">
    <ele>7.0</ele>
    <time>2026-01-14T23:40:51Z</time>
   </trkpt>
   <trkpt lat="40.7433000" lon="-74.0290380">
    <ele>7.0</ele>
    <time>2026-01-14T23:40:52Z</time>
   </trkpt>
   <trkpt lat="40.7432990" lon="-74.0290420">
    <ele>7.0</ele>
    <time>2026-01-14T23:40:53Z</time>
   </trkpt>
   <trkpt lat="40.7432970" lon="-74.0290400">
    <ele>7.0</ele>
    <time>2026-01-14T23:40:54Z</time>
   </trkpt>
   <trkpt lat="40.7432950" lon="-74.0290450">
    <ele>7.1</ele>
    <time>2026-01-14T23:40:55Z</time>
   </trkpt>
   <trkpt lat="40.7432910" lon="-74.0290510">
    <ele>7.1</ele>
    <time>2026-01-14T23:40:56Z</time>
   </trkpt>
   <trkpt lat="40.7432950" lon="-74.0290650">
    <ele>7.1</ele>
    <time>2026-01-14T23:40:57Z</time>
   </trkpt>
   <trkpt lat="40.7432920" lon="-74.0290740">
    <ele>7.1</ele>
    <time>2026-01-14T23:40:58Z</time>
   </trkpt>
   <trkpt lat="40.7432890" lon="-74.0290790">
    <ele>7.1</ele>
    <time>2026-01-14T23:40:59Z</time>
   </trkpt>
   <trkpt lat="40.7432900" lon="-74.0290880">
    <ele>7.1</ele>
    <time>2026-01-14T23:41:00Z</time>
   </trkpt>
   <trkpt lat="40.7432840" lon="-74.0290940">
    <ele>7.1</ele>
    <time>2026-01-14T23:41:01Z</time>
   </trkpt>
   <trkpt lat="40.7432800" lon="-74.0290970">
    <ele>7.1</ele>
    <time>2026-01-14T23:41:02Z</time>
   </trkpt>
   <trkpt lat="40.7432760" lon="-74.0291010">
    <ele>7.1</ele>
    <time>2026-01-14T23:41:03Z</time>
   </trkpt>
   <trkpt lat="40.7432720" lon="-74.0291040">
    <ele>7.1</ele>
    <time>2026-01-14T23:41:04Z</time>
   </trkpt>
   <trkpt lat="40.7432690" lon="-74.0291080">
    <ele>7.1</ele>
    <time>2026-01-14T23:41:05Z</time>
   </trkpt>
   <trkpt lat="40.7432650" lon="-74.0291110">
    <ele>7.1</ele>
    <time>2026-01-14T23:41:06Z</time>
   </trkpt>
   <trkpt lat="40.7432610" lon="-74.0291150">
    <ele>7.1</ele>
    <time>2026-01-14T23:41:07Z</time>
   </trkpt>
   <trkpt lat="40.7432570" lon="-74.0291180">
    <ele>7.1</ele>
    <time>2026-01-14T23:41:08Z</time>
   </trkpt>
   <trkpt lat="40.7432530" lon="-74.0291220">
    <ele>7.1</ele>
    <time>2026-01-14T23:41:09Z</time>
   </trkpt>
   <trkpt lat="40.7432240" lon="-74.0291480">
    <ele>7.1</ele>
    <time>2026-01-14T23:41:10Z</time>
   </trkpt>
   <trkpt lat="40.7432170" lon="-74.0291610">
    <ele>7.1</ele>
    <time>2026-01-14T23:41:11Z</time>
   </trkpt>
   <trkpt lat="40.7431890" lon="-74.0291760">
    <ele>7.2</ele>
    <time>2026-01-14T23:41:12Z</time>
   </trkpt>
   <trkpt lat="40.7431540" lon="-74.0292080">
    <ele>7.2</ele>
    <time>2026-01-14T23:41:13Z</time>
   </trkpt>
   <trkpt lat="40.7431140" lon="-74.0292140">
    <ele>7.2</ele>
    <time>2026-01-14T23:41:14Z</time>
   </trkpt>
   <trkpt lat="40.7430850" lon="-74.0292470">
    <ele>7.2</ele>
    <time>2026-01-14T23:41:15Z</time>
   </trkpt>
   <trkpt lat="40.7430560" lon="-74.0292670">
    <ele>7.2</ele>
    <time>2026-01-14T23:41:16Z</time>
   </trkpt>
   <trkpt lat="40.7430180" lon="-74.0292940">
    <ele>7.2</ele>
    <time>2026-01-14T23:41:17Z</time>
   </trkpt>
   <trkpt lat="40.7429750" lon="-74.0293150">
    <ele>7.3</ele>
    <time>2026-01-14T23:41:18Z</time>
   </trkpt>
   <trkpt lat="40.7429300" lon="-74.0293340">
    <ele>7.3</ele>
    <time>2026-01-14T23:41:19Z</time>
   </trkpt>
   <trkpt lat="40.7428880" lon="-74.0293520">
    <ele>7.2</ele>
    <time>2026-01-14T23:41:20Z</time>
   </trkpt>
   <trkpt lat="40.7428390" lon="-74.0293780">
    <ele>7.2</ele>
    <time>2026-01-14T23:41:21Z</time>
   </trkpt>
   <trkpt lat="40.7427920" lon="-74.0294070">
    <ele>7.2</ele>
    <time>2026-01-14T23:41:22Z</time>
   </trkpt>
   <trkpt lat="40.7427460" lon="-74.0294230">
    <ele>7.2</ele>
    <time>2026-01-14T23:41:23Z</time>
   </trkpt>
   <trkpt lat="40.7426890" lon="-74.0294380">
    <ele>7.1</ele>
    <time>2026-01-14T23:41:24Z</time>
   </trkpt>
   <trkpt lat="40.7426300" lon="-74.0294510">
    <ele>7.1</ele>
    <time>2026-01-14T23:41:25Z</time>
   </trkpt>
   <trkpt lat="40.7425750" lon="-74.0294650">
    <ele>7.0</ele>
    <time>2026-01-14T23:41:26Z</time>
   </trkpt>
   <trkpt lat="40.7425270" lon="-74.0294800">
    <ele>7.0</ele>
    <time>2026-01-14T23:41:27Z</time>
   </trkpt>
   <trkpt lat="40.7424760" lon="-74.0294990">
    <ele>6.9</ele>
    <time>2026-01-14T23:41:28Z</time>
   </trkpt>
   <trkpt lat="40.7424290" lon="-74.0295230">
    <ele>6.9</ele>
    <time>2026-01-14T23:41:29Z</time>
   </trkpt>
   <trkpt lat="40.7423760" lon="-74.0295380">
    <ele>6.8</ele>
    <time>2026-01-14T23:41:30Z</time>
   </trkpt>
   <trkpt lat="40.7423180" lon="-74.0295530">
    <ele>6.8</ele>
    <time>2026-01-14T23:41:31Z</time>
   </trkpt>
   <trkpt lat="40.7422660" lon="-74.0295740">
    <ele>6.7</ele>
    <time>2026-01-14T23:41:32Z</time>
   </trkpt>
   <trkpt lat="40.7422120" lon="-74.0295870">
    <ele>6.7</ele>
    <time>2026-01-14T23:41:33Z</time>
   </trkpt>
   <trkpt lat="40.7421560" lon="-74.0295910">
    <ele>6.8</ele>
    <time>2026-01-14T23:41:34Z</time>
   </trkpt>
   <trkpt lat="40.7421030" lon="-74.0296040">
    <ele>6.8</ele>
    <time>2026-01-14T23:41:36Z</time>
   </trkpt>
   <trkpt lat="40.7420630" lon="-74.0296120">
    <ele>6.8</ele>
    <time>2026-01-14T23:41:37Z</time>
   </trkpt>
   <trkpt lat="40.7420340" lon="-74.0296190">
    <ele>6.8</ele>
    <time>2026-01-14T23:41:38Z</time>
   </trkpt>
   <trkpt lat="40.7419980" lon="-74.0296280">
    <ele>6.8</ele>
    <time>2026-01-14T23:41:39Z</time>
   </trkpt>
   <trkpt lat="40.7419730" lon="-74.0296370">
    <ele>6.9</ele>
    <time>2026-01-14T23:41:40Z</time>
   </trkpt>
   <trkpt lat="40.7419290" lon="-74.0296730">
    <ele>6.9</ele>
    <time>2026-01-14T23:41:41Z</time>
   </trkpt>
   <trkpt lat="40.7418980" lon="-74.0296880">
    <ele>6.9</ele>
    <time>2026-01-14T23:41:42Z</time>
   </trkpt>
   <trkpt lat="40.7418370" lon="-74.0296770">
    <ele>6.9</ele>
    <time>2026-01-14T23:41:43Z</time>
   </trkpt>
   <trkpt lat="40.7417950" lon="-74.0296820">
    <ele>6.9</ele>
    <time>2026-01-14T23:41:44Z</time>
   </trkpt>
   <trkpt lat="40.7417690" lon="-74.0297310">
    <ele>6.8</ele>
    <time>2026-01-14T23:41:45Z</time>
   </trkpt>
   <trkpt lat="40.7417490" lon="-74.0297490">
    <ele>6.8</ele>
    <time>2026-01-14T23:41:46Z</time>
   </trkpt>
   <trkpt lat="40.7416610" lon="-74.0297950">
    <ele>6.8</ele>
    <time>2026-01-14T23:41:47Z</time>
   </trkpt>
   <trkpt lat="40.7415820" lon="-74.0298050">
    <ele>6.7</ele>
    <time>2026-01-14T23:41:48Z</time>
   </trkpt>
   <trkpt lat="40.7415220" lon="-74.0298170">
    <ele>6.7</ele>
    <time>2026-01-14T23:41:49Z</time>
   </trkpt>
   <trkpt lat="40.7414690" lon="-74.0298200">
    <ele>6.6</ele>
    <time>2026-01-14T23:41:50Z</time>
   </trkpt>
   <trkpt lat="40.7414400" lon="-74.0298200">
    <ele>6.6</ele>
    <time>2026-01-14T23:41:51Z</time>
   </trkpt>
   <trkpt lat="40.7414410" lon="-74.0298340">
    <ele>6.6</ele>
    <time>2026-01-14T23:41:52Z</time>
   </trkpt>
   <trkpt lat="40.7414410" lon="-74.0298350">
    <ele>6.6</ele>
    <time>2026-01-14T23:41:53Z</time>
   </trkpt>
   <trkpt lat="40.7414360" lon="-74.0298330">
    <ele>6.6</ele>
    <time>2026-01-14T23:41:54Z</time>
   </trkpt>
   <trkpt lat="40.7414360" lon="-74.0298340">
    <ele>6.6</ele>
    <time>2026-01-14T23:41:55Z</time>
   </trkpt>
   <trkpt lat="40.7414360" lon="-74.0298340">
    <ele>6.6</ele>
    <time>2026-01-14T23:41:56Z</time>
   </trkpt>
   <trkpt lat="40.7414360" lon="-74.0298340">
    <ele>6.6</ele>
    <time>2026-01-14T23:41:57Z</time>
   </trkpt>
   <trkpt lat="40.7414360" lon="-74.0298340">
    <ele>6.6</ele>
    <time>2026-01-14T23:41:58Z</time>
   </trkpt>
   <trkpt lat="40.7414360" lon="-74.0298340">
    <ele>6.6</ele>
    <time>2026-01-14T23:41:59Z</time>
   </trkpt>
   <trkpt lat="40.7414070" lon="-74.0298390">
    <ele>6.6</ele>
    <time>2026-01-14T23:42:00Z</time>
   </trkpt>
   <trkpt lat="40.7413920" lon="-74.0298390">
    <ele>6.6</ele>
    <time>2026-01-14T23:42:01Z</time>
   </trkpt>
   <trkpt lat="40.7413750" lon="-74.0298450">
    <ele>6.5</ele>
    <time>2026-01-14T23:42:02Z</time>
   </trkpt>
   <trkpt lat="40.7413380" lon="-74.0298610">
    <ele>6.5</ele>
    <time>2026-01-14T23:42:03Z</time>
   </trkpt>
   <trkpt lat="40.7413220" lon="-74.0298680">
    <ele>6.5</ele>
    <time>2026-01-14T23:42:04Z</time>
   </trkpt>
   <trkpt lat="40.7412780" lon="-74.0298820">
    <ele>6.5</ele>
    <time>2026-01-14T23:42:05Z</time>
   </trkpt>
   <trkpt lat="40.7412330" lon="-74.0298860">
    <ele>6.5</ele>
    <time>2026-01-14T23:42:06Z</time>
   </trkpt>
   <trkpt lat="40.7411890" lon="-74.0298940">
    <ele>6.6</ele>
    <time>2026-01-14T23:42:07Z</time>
   </trkpt>
   <trkpt lat="40.7411450" lon="-74.0298990">
    <ele>6.6</ele>
    <time>2026-01-14T23:42:08Z</time>
   </trkpt>
   <trkpt lat="40.7411050" lon="-74.0299090">
    <ele>6.6</ele>
    <time>2026-01-14T23:42:09Z</time>
   </trkpt>
   <trkpt lat="40.7410740" lon="-74.0299240">
    <ele>6.6</ele>
    <time>2026-01-14T23:42:10Z</time>
   </trkpt>
   <trkpt lat="40.7410390" lon="-74.0299340">
    <ele>6.7</ele>
    <time>2026-01-14T23:42:11Z</time>
   </trkpt>
   <trkpt lat="40.7409900" lon="-74.0299610">
    <ele>6.7</ele>
    <time>2026-01-14T23:42:12Z</time>
   </trkpt>
   <trkpt lat="40.7408980" lon="-74.0299850">
    <ele>6.7</ele>
    <time>2026-01-14T23:42:13Z</time>
   </trkpt>
   <trkpt lat="40.7408460" lon="-74.0299980">
    <ele>6.8</ele>
    <time>2026-01-14T23:42:14Z</time>
   </trkpt>
   <trkpt lat="40.7408040" lon="-74.0300140">
    <ele>6.8</ele>
    <time>2026-01-14T23:42:15Z</time>
   </trkpt>
   <trkpt lat="40.7407610" lon="-74.0300410">
    <ele>6.8</ele>
    <time>2026-01-14T23:42:16Z</time>
   </trkpt>
   <trkpt lat="40.7407080" lon="-74.0300580">
    <ele>6.8</ele>
    <time>2026-01-14T23:42:17Z</time>
   </trkpt>
   <trkpt lat="40.7406650" lon="-74.0300700">
    <ele>6.9</ele>
    <time>2026-01-14T23:42:18Z</time>
   </trkpt>
   <trkpt lat="40.7406340" lon="-74.0300720">
    <ele>6.9</ele>
    <time>2026-01-14T23:42:19Z</time>
   </trkpt>
   <trkpt lat="40.7406070" lon="-74.0300760">
    <ele>6.9</ele>
    <time>2026-01-14T23:42:20Z</time>
   </trkpt>
   <trkpt lat="40.7405540" lon="-74.0301140">
    <ele>6.9</ele>
    <time>2026-01-14T23:42:21Z</time>
   </trkpt>
   <trkpt lat="40.7405150" lon="-74.0301280">
    <ele>6.9</ele>
    <time>2026-01-14T23:42:22Z</time>
   </trkpt>
   <trkpt lat="40.7404710" lon="-74.0301290">
    <ele>6.9</ele>
    <time>2026-01-14T23:42:23Z</time>
   </trkpt>
   <trkpt lat="40.7404400" lon="-74.0301370">
    <ele>6.9</ele>
    <time>2026-01-14T23:42:24Z</time>
   </trkpt>
   <trkpt lat="40.7403910" lon="-74.0301360">
    <ele>6.9</ele>
    <time>2026-01-14T23:42:25Z</time>
   </trkpt>
   <trkpt lat="40.7403520" lon="-74.0301420">
    <ele>6.9</ele>
    <time>2026-01-14T23:42:26Z</time>
   </trkpt>
   <trkpt lat="40.7403220" lon="-74.0301530">
    <ele>6.9</ele>
    <time>2026-01-14T23:42:27Z</time>
   </trkpt>
   <trkpt lat="40.7402930" lon="-74.0301650">
    <ele>6.8</ele>
    <time>2026-01-14T23:42:28Z</time>
   </trkpt>
   <trkpt lat="40.7402400" lon="-74.0301690">
    <ele>6.8</ele>
    <time>2026-01-14T23:42:29Z</time>
   </trkpt>
   <trkpt lat="40.7401830" lon="-74.0301350">
    <ele>6.8</ele>
    <time>2026-01-14T23:42:30Z</time>
   </trkpt>
   <trkpt lat="40.7401540" lon="-74.0301040">
    <ele>6.8</ele>
    <time>2026-01-14T23:42:31Z</time>
   </trkpt>
   <trkpt lat="40.7401140" lon="-74.0300900">
    <ele>6.8</ele>
    <time>2026-01-14T23:42:32Z</time>
   </trkpt>
   <trkpt lat="40.7400800" lon="-74.0300710">
    <ele>7.0</ele>
    <time>2026-01-14T23:42:33Z</time>
   </trkpt>
   <trkpt lat="40.7400690" lon="-74.0300640">
    <ele>7.0</ele>
    <time>2026-01-14T23:42:34Z</time>
   </trkpt>
   <trkpt lat="40.7400530" lon="-74.0300660">
    <ele>7.0</ele>
    <time>2026-01-14T23:42:35Z</time>
   </trkpt>
   <trkpt lat="40.7400370" lon="-74.0300740">
    <ele>7.0</ele>
    <time>2026-01-14T23:42:36Z</time>
   </trkpt>
   <trkpt lat="40.7400090" lon="-74.0300760">
    <ele>7.0</ele>
    <time>2026-01-14T23:42:37Z</time>
   </trkpt>
   <trkpt lat="40.7399860" lon="-74.0300270">
    <ele>7.0</ele>
    <time>2026-01-14T23:42:38Z</time>
   </trkpt>
   <trkpt lat="40.7399830" lon="-74.0300010">
    <ele>7.0</ele>
    <time>2026-01-14T23:42:39Z</time>
   </trkpt>
   <trkpt lat="40.7399800" lon="-74.0299500">
    <ele>6.9</ele>
    <time>2026-01-14T23:42:40Z</time>
   </trkpt>
   <trkpt lat="40.7399670" lon="-74.0299010">
    <ele>6.9</ele>
    <time>2026-01-14T23:42:41Z</time>
   </trkpt>
   <trkpt lat="40.7399520" lon="-74.0298370">
    <ele>6.9</ele>
    <time>2026-01-14T23:42:42Z</time>
   </trkpt>
   <trkpt lat="40.7399440" lon="-74.0297780">
    <ele>6.9</ele>
    <time>2026-01-14T23:42:43Z</time>
   </trkpt>
   <trkpt lat="40.7399220" lon="-74.0297170">
    <ele>6.8</ele>
    <time>2026-01-14T23:42:44Z</time>
   </trkpt>
   <trkpt lat="40.7399250" lon="-74.0296330">
    <ele>6.8</ele>
    <time>2026-01-14T23:42:45Z</time>
   </trkpt>
   <trkpt lat="40.7399090" lon="-74.0295660">
    <ele>6.8</ele>
    <time>2026-01-14T23:42:46Z</time>
   </trkpt>
   <trkpt lat="40.7399040" lon="-74.0294960">
    <ele>6.8</ele>
    <time>2026-01-14T23:42:47Z</time>
   </trkpt>
   <trkpt lat="40.7398950" lon="-74.0294340">
    <ele>6.8</ele>
    <time>2026-01-14T23:42:48Z</time>
   </trkpt>
   <trkpt lat="40.7398840" lon="-74.0293670">
    <ele>6.8</ele>
    <time>2026-01-14T23:42:49Z</time>
   </trkpt>
   <trkpt lat="40.7398740" lon="-74.0293130">
    <ele>6.8</ele>
    <time>2026-01-14T23:42:50Z</time>
   </trkpt>
   <trkpt lat="40.7398600" lon="-74.0292610">
    <ele>6.8</ele>
    <time>2026-01-14T23:42:51Z</time>
   </trkpt>
   <trkpt lat="40.7398430" lon="-74.0292140">
    <ele>6.8</ele>
    <time>2026-01-14T23:42:52Z</time>
   </trkpt>
   <trkpt lat="40.7398370" lon="-74.0291720">
    <ele>6.8</ele>
    <time>2026-01-14T23:42:53Z</time>
   </trkpt>
   <trkpt lat="40.7398350" lon="-74.0291350">
    <ele>6.8</ele>
    <time>2026-01-14T23:42:54Z</time>
   </trkpt>
   <trkpt lat="40.7398220" lon="-74.0290980">
    <ele>6.8</ele>
    <time>2026-01-14T23:42:55Z</time>
   </trkpt>
   <trkpt lat="40.7398100" lon="-74.0290460">
    <ele>6.8</ele>
    <time>2026-01-14T23:42:56Z</time>
   </trkpt>
   <trkpt lat="40.7398010" lon="-74.0289930">
    <ele>6.8</ele>
    <time>2026-01-14T23:42:57Z</time>
   </trkpt>
   <trkpt lat="40.7398000" lon="-74.0289460">
    <ele>6.7</ele>
    <time>2026-01-14T23:42:58Z</time>
   </trkpt>
   <trkpt lat="40.7397860" lon="-74.0288810">
    <ele>6.6</ele>
    <time>2026-01-14T23:42:59Z</time>
   </trkpt>
   <trkpt lat="40.7397720" lon="-74.0288300">
    <ele>6.4</ele>
    <time>2026-01-14T23:43:00Z</time>
   </trkpt>
   <trkpt lat="40.7397580" lon="-74.0287640">
    <ele>6.3</ele>
    <time>2026-01-14T23:43:01Z</time>
   </trkpt>
   <trkpt lat="40.7397540" lon="-74.0287020">
    <ele>6.1</ele>
    <time>2026-01-14T23:43:02Z</time>
   </trkpt>
   <trkpt lat="40.7397410" lon="-74.0286340">
    <ele>5.9</ele>
    <time>2026-01-14T23:43:03Z</time>
   </trkpt>
   <trkpt lat="40.7397260" lon="-74.0285610">
    <ele>5.6</ele>
    <time>2026-01-14T23:43:04Z</time>
   </trkpt>
   <trkpt lat="40.7397140" lon="-74.0284790">
    <ele>5.4</ele>
    <time>2026-01-14T23:43:05Z</time>
   </trkpt>
   <trkpt lat="40.7397070" lon="-74.0284050">
    <ele>5.2</ele>
    <time>2026-01-14T23:43:06Z</time>
   </trkpt>
   <trkpt lat="40.7396870" lon="-74.0283250">
    <ele>4.9</ele>
    <time>2026-01-14T23:43:07Z</time>
   </trkpt>
   <trkpt lat="40.7396650" lon="-74.0282490">
    <ele>4.7</ele>
    <time>2026-01-14T23:43:08Z</time>
   </trkpt>
   <trkpt lat="40.7396560" lon="-74.0281710">
    <ele>4.5</ele>
    <time>2026-01-14T23:43:09Z</time>
   </trkpt>
   <trkpt lat="40.7396550" lon="-74.0281150">
    <ele>4.4</ele>
    <time>2026-01-14T23:43:10Z</time>
   </trkpt>
   <trkpt lat="40.7396490" lon="-74.0280600">
    <ele>4.3</ele>
    <time>2026-01-14T23:43:11Z</time>
   </trkpt>
   <trkpt lat="40.7396390" lon="-74.0280000">
    <ele>4.2</ele>
    <time>2026-01-14T23:43:12Z</time>
   </trkpt>
   <trkpt lat="40.7396200" lon="-74.0279440">
    <ele>4.1</ele>
    <time>2026-01-14T23:43:13Z</time>
   </trkpt>
   <trkpt lat="40.7396060" lon="-74.0278800">
    <ele>4.0</ele>
    <time>2026-01-14T23:43:14Z</time>
   </trkpt>
   <trkpt lat="40.7395920" lon="-74.0278420">
    <ele>4.0</ele>
    <time>2026-01-14T23:43:15Z</time>
   </trkpt>
   <trkpt lat="40.7395760" lon="-74.0277850">
    <ele>3.9</ele>
    <time>2026-01-14T23:43:16Z</time>
   </trkpt>
   <trkpt lat="40.7395670" lon="-74.0277580">
    <ele>3.9</ele>
    <time>2026-01-14T23:43:17Z</time>
   </trkpt>
   <trkpt lat="40.7395740" lon="-74.0276950">
    <ele>3.9</ele>
    <time>2026-01-14T23:43:18Z</time>
   </trkpt>
   <trkpt lat="40.7395650" lon="-74.0276480">
    <ele>3.9</ele>
    <time>2026-01-14T23:43:19Z</time>
   </trkpt>
   <trkpt lat="40.7395410" lon="-74.0275940">
    <ele>3.8</ele>
    <time>2026-01-14T23:43:20Z</time>
   </trkpt>
   <trkpt lat="40.7395290" lon="-74.0275440">
    <ele>3.8</ele>
    <time>2026-01-14T23:43:21Z</time>
   </trkpt>
   <trkpt lat="40.7395250" lon="-74.0275260">
    <ele>3.8</ele>
    <time>2026-01-14T23:43:22Z</time>
   </trkpt>
   <trkpt lat="40.7395040" lon="-74.0274680">
    <ele>3.8</ele>
    <time>2026-01-14T23:43:23Z</time>
   </trkpt>
   <trkpt lat="40.7394920" lon="-74.0274320">
    <ele>3.9</ele>
    <time>2026-01-14T23:43:24Z</time>
   </trkpt>
   <trkpt lat="40.7394600" lon="-74.0273780">
    <ele>3.9</ele>
    <time>2026-01-14T23:43:25Z</time>
   </trkpt>
   <trkpt lat="40.7394370" lon="-74.0273390">
    <ele>3.9</ele>
    <time>2026-01-14T23:43:26Z</time>
   </trkpt>
   <trkpt lat="40.7394410" lon="-74.0273060">
    <ele>3.9</ele>
    <time>2026-01-14T23:43:27Z</time>
   </trkpt>
   <trkpt lat="40.7394360" lon="-74.0272860">
    <ele>3.9</ele>
    <time>2026-01-14T23:43:28Z</time>
   </trkpt>
   <trkpt lat="40.7394130" lon="-74.0272490">
    <ele>3.9</ele>
    <time>2026-01-14T23:43:29Z</time>
   </trkpt>
   <trkpt lat="40.7394010" lon="-74.0272410">
    <ele>3.9</ele>
    <time>2026-01-14T23:43:30Z</time>
   </trkpt>
   <trkpt lat="40.7393750" lon="-74.0271970">
    <ele>4.0</ele>
    <time>2026-01-14T23:43:31Z</time>
   </trkpt>
   <trkpt lat="40.7393660" lon="-74.0271740">
    <ele>4.0</ele>
    <time>2026-01-14T23:43:32Z</time>
   </trkpt>
   <trkpt lat="40.7394030" lon="-74.0271470">
    <ele>4.0</ele>
    <time>2026-01-14T23:43:33Z</time>
   </trkpt>
   <trkpt lat="40.7394400" lon="-74.0271190">
    <ele>4.1</ele>
    <time>2026-01-14T23:43:34Z</time>
   </trkpt>
   <trkpt lat="40.7394550" lon="-74.0270720">
    <ele>4.1</ele>
    <time>2026-01-14T23:43:35Z</time>
   </trkpt>
   <trkpt lat="40.7394580" lon="-74.0270460">
    <ele>4.2</ele>
    <time>2026-01-14T23:43:36Z</time>
   </trkpt>
   <trkpt lat="40.7394260" lon="-74.0270290">
    <ele>4.2</ele>
    <time>2026-01-14T23:43:37Z</time>
   </trkpt>
   <trkpt lat="40.7394120" lon="-74.0270220">
    <ele>4.2</ele>
    <time>2026-01-14T23:43:38Z</time>
   </trkpt>
   <trkpt lat="40.7393670" lon="-74.0270390">
    <ele>4.2</ele>
    <time>2026-01-14T23:43:39Z</time>
   </trkpt>
   <trkpt lat="40.7393420" lon="-74.0270400">
    <ele>4.2</ele>
    <time>2026-01-14T23:43:40Z</time>
   </trkpt>
   <trkpt lat="40.7393240" lon="-74.0270430">
    <ele>4.2</ele>
    <time>2026-01-14T23:43:42Z</time>
   </trkpt>
   <trkpt lat="40.7393040" lon="-74.0270520">
    <ele>4.3</ele>
    <time>2026-01-14T23:43:43Z</time>
   </trkpt>
   <trkpt lat="40.7392810" lon="-74.0270730">
    <ele>4.3</ele>
    <time>2026-01-14T23:43:44Z</time>
   </trkpt>
   <trkpt lat="40.7392580" lon="-74.0270820">
    <ele>4.3</ele>
    <time>2026-01-14T23:43:45Z</time>
   </trkpt>
   <trkpt lat="40.7392090" lon="-74.0271000">
    <ele>4.3</ele>
    <time>2026-01-14T23:43:46Z</time>
   </trkpt>
   <trkpt lat="40.7391660" lon="-74.0271140">
    <ele>4.3</ele>
    <time>2026-01-14T23:43:47Z</time>
   </trkpt>
   <trkpt lat="40.7391260" lon="-74.0271420">
    <ele>4.3</ele>
    <time>2026-01-14T23:43:48Z</time>
   </trkpt>
   <trkpt lat="40.7390890" lon="-74.0271560">
    <ele>4.3</ele>
    <time>2026-01-14T23:43:49Z</time>
   </trkpt>
   <trkpt lat="40.7390480" lon="-74.0271790">
    <ele>4.3</ele>
    <time>2026-01-14T23:43:50Z</time>
   </trkpt>
   <trkpt lat="40.7390130" lon="-74.0271970">
    <ele>4.3</ele>
    <time>2026-01-14T23:43:51Z</time>
   </trkpt>
   <trkpt lat="40.7389620" lon="-74.0272190">
    <ele>4.3</ele>
    <time>2026-01-14T23:43:52Z</time>
   </trkpt>
   <trkpt lat="40.7389180" lon="-74.0272540">
    <ele>4.3</ele>
    <time>2026-01-14T23:43:53Z</time>
   </trkpt>
   <trkpt lat="40.7388930" lon="-74.0272720">
    <ele>4.3</ele>
    <time>2026-01-14T23:43:54Z</time>
   </trkpt>
   <trkpt lat="40.7388320" lon="-74.0272940">
    <ele>4.3</ele>
    <time>2026-01-14T23:43:55Z</time>
   </trkpt>
   <trkpt lat="40.7387910" lon="-74.0273090">
    <ele>4.3</ele>
    <time>2026-01-14T23:43:56Z</time>
   </trkpt>
   <trkpt lat="40.7387560" lon="-74.0273310">
    <ele>4.3</ele>
    <time>2026-01-14T23:43:57Z</time>
   </trkpt>
   <trkpt lat="40.7387180" lon="-74.0273440">
    <ele>4.3</ele>
    <time>2026-01-14T23:43:58Z</time>
   </trkpt>
   <trkpt lat="40.7386800" lon="-74.0273600">
    <ele>4.3</ele>
    <time>2026-01-14T23:43:59Z</time>
   </trkpt>
   <trkpt lat="40.7386600" lon="-74.0273770">
    <ele>4.2</ele>
    <time>2026-01-14T23:44:00Z</time>
   </trkpt>
   <trkpt lat="40.7386380" lon="-74.0273870">
    <ele>4.2</ele>
    <time>2026-01-14T23:44:01Z</time>
   </trkpt>
   <trkpt lat="40.7386050" lon="-74.0273960">
    <ele>4.2</ele>
    <time>2026-01-14T23:44:02Z</time>
   </trkpt>
   <trkpt lat="40.7385830" lon="-74.0274080">
    <ele>4.2</ele>
    <time>2026-01-14T23:44:03Z</time>
   </trkpt>
   <trkpt lat="40.7385400" lon="-74.0274390">
    <ele>4.2</ele>
    <time>2026-01-14T23:44:04Z</time>
   </trkpt>
   <trkpt lat="40.7385120" lon="-74.0274580">
    <ele>4.1</ele>
    <time>2026-01-14T23:44:05Z</time>
   </trkpt>
   <trkpt lat="40.7384970" lon="-74.0274910">
    <ele>4.1</ele>
    <time>2026-01-14T23:44:06Z</time>
   </trkpt>
   <trkpt lat="40.7384810" lon="-74.0275130">
    <ele>4.1</ele>
    <time>2026-01-14T23:44:07Z</time>
   </trkpt>
   <trkpt lat="40.7384420" lon="-74.0274810">
    <ele>4.1</ele>
    <time>2026-01-14T23:44:08Z</time>
   </trkpt>
   <trkpt lat="40.7384010" lon="-74.0274890">
    <ele>4.1</ele>
    <time>2026-01-14T23:44:09Z</time>
   </trkpt>
   <trkpt lat="40.7383600" lon="-74.0274720">
    <ele>4.1</ele>
    <time>2026-01-14T23:44:10Z</time>
   </trkpt>
   <trkpt lat="40.7382780" lon="-74.0274590">
    <ele>4.0</ele>
    <time>2026-01-14T23:44:11Z</time>
   </trkpt>
   <trkpt lat="40.7382070" lon="-74.0274610">
    <ele>4.0</ele>
    <time>2026-01-14T23:44:12Z</time>
   </trkpt>
   <trkpt lat="40.7381230" lon="-74.0274970">
    <ele>3.9</ele>
    <time>2026-01-14T23:44:13Z</time>
   </trkpt>
   <trkpt lat="40.7380460" lon="-74.0275220">
    <ele>3.8</ele>
    <time>2026-01-14T23:44:14Z</time>
   </trkpt>
   <trkpt lat="40.7379910" lon="-74.0275390">
    <ele>3.8</ele>
    <time>2026-01-14T23:44:15Z</time>
   </trkpt>
   <trkpt lat="40.7379270" lon="-74.0275430">
    <ele>3.8</ele>
    <time>2026-01-14T23:44:16Z</time>
   </trkpt>
   <trkpt lat="40.7378670" lon="-74.0275690">
    <ele>3.7</ele>
    <time>2026-01-14T23:44:17Z</time>
   </trkpt>
   <trkpt lat="40.7378200" lon="-74.0276110">
    <ele>3.7</ele>
    <time>2026-01-14T23:44:18Z</time>
   </trkpt>
   <trkpt lat="40.7377610" lon="-74.0276300">
    <ele>3.7</ele>
    <time>2026-01-14T23:44:19Z</time>
   </trkpt>
   <trkpt lat="40.7377050" lon="-74.0276340">
    <ele>3.6</ele>
    <time>2026-01-14T23:44:20Z</time>
   </trkpt>
   <trkpt lat="40.7376450" lon="-74.0276520">
    <ele>3.6</ele>
    <time>2026-01-14T23:44:21Z</time>
   </trkpt>
   <trkpt lat="40.7375840" lon="-74.0276740">
    <ele>3.6</ele>
    <time>2026-01-14T23:44:22Z</time>
   </trkpt>
   <trkpt lat="40.7375310" lon="-74.0276900">
    <ele>3.5</ele>
    <time>2026-01-14T23:44:23Z</time>
   </trkpt>
   <trkpt lat="40.7374770" lon="-74.0277040">
    <ele>3.5</ele>
    <time>2026-01-14T23:44:24Z</time>
   </trkpt>
   <trkpt lat="40.7374520" lon="-74.0276990">
    <ele>3.5</ele>
    <time>2026-01-14T23:44:25Z</time>
   </trkpt>
   <trkpt lat="40.7374220" lon="-74.0277060">
    <ele>3.4</ele>
    <time>2026-01-14T23:44:26Z</time>
   </trkpt>
   <trkpt lat="40.7373980" lon="-74.0277410">
    <ele>3.4</ele>
    <time>2026-01-14T23:44:27Z</time>
   </trkpt>
   <trkpt lat="40.7373580" lon="-74.0277720">
    <ele>3.4</ele>
    <time>2026-01-14T23:44:28Z</time>
   </trkpt>
   <trkpt lat="40.7372980" lon="-74.0277730">
    <ele>3.3</ele>
    <time>2026-01-14T23:44:29Z</time>
   </trkpt>
   <trkpt lat="40.7372460" lon="-74.0278020">
    <ele>3.3</ele>
    <time>2026-01-14T23:44:30Z</time>
   </trkpt>
   <trkpt lat="40.7372100" lon="-74.0278240">
    <ele>3.3</ele>
    <time>2026-01-14T23:44:31Z</time>
   </trkpt>
   <trkpt lat="40.7371740" lon="-74.0278450">
    <ele>3.3</ele>
    <time>2026-01-14T23:44:32Z</time>
   </trkpt>
   <trkpt lat="40.7371400" lon="-74.0278420">
    <ele>3.3</ele>
    <time>2026-01-14T23:44:33Z</time>
   </trkpt>
   <trkpt lat="40.7371090" lon="-74.0278580">
    <ele>3.3</ele>
    <time>2026-01-14T23:44:34Z</time>
   </trkpt>
   <trkpt lat="40.7370280" lon="-74.0278850">
    <ele>3.2</ele>
    <time>2026-01-14T23:44:35Z</time>
   </trkpt>
   <trkpt lat="40.7369660" lon="-74.0278780">
    <ele>3.2</ele>
    <time>2026-01-14T23:44:36Z</time>
   </trkpt>
   <trkpt lat="40.7369270" lon="-74.0278810">
    <ele>3.1</ele>
    <time>2026-01-14T23:44:37Z</time>
   </trkpt>
   <trkpt lat="40.7368600" lon="-74.0278960">
    <ele>3.1</ele>
    <time>2026-01-14T23:44:38Z</time>
   </trkpt>
   <trkpt lat="40.7368150" lon="-74.0279070">
    <ele>3.1</ele>
    <time>2026-01-14T23:44:39Z</time>
   </trkpt>
   <trkpt lat="40.7367750" lon="-74.0279060">
    <ele>3.1</ele>
    <time>2026-01-14T23:44:40Z</time>
   </trkpt>
   <trkpt lat="40.7366720" lon="-74.0279520">
    <ele>2.8</ele>
    <time>2026-01-14T23:44:41Z</time>
   </trkpt>
   <trkpt lat="40.7365880" lon="-74.0279690">
    <ele>2.6</ele>
    <time>2026-01-14T23:44:42Z</time>
   </trkpt>
   <trkpt lat="40.7365200" lon="-74.0279760">
    <ele>2.5</ele>
    <time>2026-01-14T23:44:43Z</time>
   </trkpt>
   <trkpt lat="40.7364600" lon="-74.0279670">
    <ele>2.3</ele>
    <time>2026-01-14T23:44:44Z</time>
   </trkpt>
   <trkpt lat="40.7363990" lon="-74.0279480">
    <ele>2.2</ele>
    <time>2026-01-14T23:44:45Z</time>
   </trkpt>
   <trkpt lat="40.7363450" lon="-74.0279160">
    <ele>2.1</ele>
    <time>2026-01-14T23:44:46Z</time>
   </trkpt>
   <trkpt lat="40.7362930" lon="-74.0278810">
    <ele>2.1</ele>
    <time>2026-01-14T23:44:47Z</time>
   </trkpt>
   <trkpt lat="40.7362410" lon="-74.0278550">
    <ele>2.0</ele>
    <time>2026-01-14T23:44:48Z</time>
   </trkpt>
   <trkpt lat="40.7361850" lon="-74.0278400">
    <ele>2.0</ele>
    <time>2026-01-14T23:44:49Z</time>
   </trkpt>
   <trkpt lat="40.7361430" lon="-74.0278630">
    <ele>1.9</ele>
    <time>2026-01-14T23:44:50Z</time>
   </trkpt>
   <trkpt lat="40.7361060" lon="-74.0278870">
    <ele>1.8</ele>
    <time>2026-01-14T23:44:51Z</time>
   </trkpt>
   <trkpt lat="40.7360630" lon="-74.0278910">
    <ele>1.8</ele>
    <time>2026-01-14T23:44:52Z</time>
   </trkpt>
   <trkpt lat="40.7360200" lon="-74.0278890">
    <ele>1.8</ele>
    <time>2026-01-14T23:44:53Z</time>
   </trkpt>
   <trkpt lat="40.7359760" lon="-74.0278720">
    <ele>1.8</ele>
    <time>2026-01-14T23:44:54Z</time>
   </trkpt>
   <trkpt lat="40.7359240" lon="-74.0278590">
    <ele>1.8</ele>
    <time>2026-01-14T23:44:55Z</time>
   </trkpt>
   <trkpt lat="40.7358910" lon="-74.0279080">
    <ele>1.8</ele>
    <time>2026-01-14T23:44:56Z</time>
   </trkpt>
   <trkpt lat="40.7358970" lon="-74.0279270">
    <ele>1.8</ele>
    <time>2026-01-14T23:44:57Z</time>
   </trkpt>
   <trkpt lat="40.7358730" lon="-74.0279430">
    <ele>1.7</ele>
    <time>2026-01-14T23:44:58Z</time>
   </trkpt>
   <trkpt lat="40.7358200" lon="-74.0279530">
    <ele>1.7</ele>
    <time>2026-01-14T23:44:59Z</time>
   </trkpt>
   <trkpt lat="40.7358120" lon="-74.0279760">
    <ele>1.7</ele>
    <time>2026-01-14T23:45:00Z</time>
   </trkpt>
   <trkpt lat="40.7358070" lon="-74.0279890">
    <ele>1.6</ele>
    <time>2026-01-14T23:45:01Z</time>
   </trkpt>
   <trkpt lat="40.7358030" lon="-74.0280020">
    <ele>1.6</ele>
    <time>2026-01-14T23:45:02Z</time>
   </trkpt>
   <trkpt lat="40.7357980" lon="-74.0280150">
    <ele>1.6</ele>
    <time>2026-01-14T23:45:03Z</time>
   </trkpt>
   <trkpt lat="40.7357830" lon="-74.0280470">
    <ele>1.7</ele>
    <time>2026-01-14T23:45:04Z</time>
   </trkpt>
   <trkpt lat="40.7357460" lon="-74.0280460">
    <ele>1.7</ele>
    <time>2026-01-14T23:45:05Z</time>
   </trkpt>
   <trkpt lat="40.7357330" lon="-74.0280410">
    <ele>1.6</ele>
    <time>2026-01-14T23:45:06Z</time>
   </trkpt>
   <trkpt lat="40.7356960" lon="-74.0280420">
    <ele>1.7</ele>
    <time>2026-01-14T23:45:07Z</time>
   </trkpt>
   <trkpt lat="40.7356840" lon="-74.0280400">
    <ele>1.7</ele>
    <time>2026-01-14T23:45:08Z</time>
   </trkpt>
   <trkpt lat="40.7356580" lon="-74.0280310">
    <ele>1.7</ele>
    <time>2026-01-14T23:45:09Z</time>
   </trkpt>
   <trkpt lat="40.7356230" lon="-74.0280270">
    <ele>1.7</ele>
    <time>2026-01-14T23:45:10Z</time>
   </trkpt>
   <trkpt lat="40.7355900" lon="-74.0280180">
    <ele>1.7</ele>
    <time>2026-01-14T23:45:11Z</time>
   </trkpt>
   <trkpt lat="40.7355800" lon="-74.0280170">
    <ele>1.8</ele>
    <time>2026-01-14T23:45:12Z</time>
   </trkpt>
   <trkpt lat="40.7355660" lon="-74.0280110">
    <ele>1.8</ele>
    <time>2026-01-14T23:45:13Z</time>
   </trkpt>
   <trkpt lat="40.7355460" lon="-74.0280190">
    <ele>1.9</ele>
    <time>2026-01-14T23:45:14Z</time>
   </trkpt>
   <trkpt lat="40.7355270" lon="-74.0280510">
    <ele>1.9</ele>
    <time>2026-01-14T23:45:15Z</time>
   </trkpt>
   <trkpt lat="40.7355170" lon="-74.0280620">
    <ele>2.0</ele>
    <time>2026-01-14T23:45:16Z</time>
   </trkpt>
   <trkpt lat="40.7354970" lon="-74.0280790">
    <ele>1.9</ele>
    <time>2026-01-14T23:45:17Z</time>
   </trkpt>
   <trkpt lat="40.7354920" lon="-74.0280880">
    <ele>1.9</ele>
    <time>2026-01-14T23:45:18Z</time>
   </trkpt>
   <trkpt lat="40.7354880" lon="-74.0280970">
    <ele>1.9</ele>
    <time>2026-01-14T23:45:19Z</time>
   </trkpt>
   <trkpt lat="40.7354680" lon="-74.0281040">
    <ele>2.0</ele>
    <time>2026-01-14T23:45:20Z</time>
   </trkpt>
   <trkpt lat="40.7354630" lon="-74.0281030">
    <ele>2.0</ele>
    <time>2026-01-14T23:45:21Z</time>
   </trkpt>
   <trkpt lat="40.7354570" lon="-74.0281020">
    <ele>2.0</ele>
    <time>2026-01-14T23:45:22Z</time>
   </trkpt>
   <trkpt lat="40.7354510" lon="-74.0281010">
    <ele>2.1</ele>
    <time>2026-01-14T23:45:23Z</time>
   </trkpt>
   <trkpt lat="40.7354460" lon="-74.0281000">
    <ele>2.1</ele>
    <time>2026-01-14T23:45:24Z</time>
   </trkpt>
   <trkpt lat="40.7354400" lon="-74.0280990">
    <ele>2.1</ele>
    <time>2026-01-14T23:45:25Z</time>
   </trkpt>
   <trkpt lat="40.7354170" lon="-74.0280720">
    <ele>2.1</ele>
    <time>2026-01-14T23:45:26Z</time>
   </trkpt>
   <trkpt lat="40.7354140" lon="-74.0280580">
    <ele>2.0</ele>
    <time>2026-01-14T23:45:27Z</time>
   </trkpt>
   <trkpt lat="40.7353760" lon="-74.0280370">
    <ele>1.9</ele>
    <time>2026-01-14T23:45:28Z</time>
   </trkpt>
   <trkpt lat="40.7353470" lon="-74.0280170">
    <ele>1.6</ele>
    <time>2026-01-14T23:45:29Z</time>
   </trkpt>
   <trkpt lat="40.7353200" lon="-74.0279960">
    <ele>1.4</ele>
    <time>2026-01-14T23:45:30Z</time>
   </trkpt>
   <trkpt lat="40.7352890" lon="-74.0279790">
    <ele>1.3</ele>
    <time>2026-01-14T23:45:31Z</time>
   </trkpt>
   <trkpt lat="40.7352820" lon="-74.0279780">
    <ele>1.3</ele>
    <time>2026-01-14T23:45:32Z</time>
   </trkpt>
   <trkpt lat="40.7352740" lon="-74.0279770">
    <ele>1.3</ele>
    <time>2026-01-14T23:45:33Z</time>
   </trkpt>
   <trkpt lat="40.7352340" lon="-74.0279600">
    <ele>1.2</ele>
    <time>2026-01-14T23:45:34Z</time>
   </trkpt>
   <trkpt lat="40.7352050" lon="-74.0279250">
    <ele>1.3</ele>
    <time>2026-01-14T23:45:35Z</time>
   </trkpt>
   <trkpt lat="40.7351850" lon="-74.0278370">
    <ele>1.5</ele>
    <time>2026-01-14T23:45:36Z</time>
   </trkpt>
   <trkpt lat="40.7351880" lon="-74.0277740">
    <ele>1.5</ele>
    <time>2026-01-14T23:45:37Z</time>
   </trkpt>
   <trkpt lat="40.7351930" lon="-74.0277370">
    <ele>1.5</ele>
    <time>2026-01-14T23:45:38Z</time>
   </trkpt>
   <trkpt lat="40.7351290" lon="-74.0278040">
    <ele>1.5</ele>
    <time>2026-01-14T23:45:39Z</time>
   </trkpt>
   <trkpt lat="40.7350890" lon="-74.0278380">
    <ele>1.5</ele>
    <time>2026-01-14T23:45:40Z</time>
   </trkpt>
   <trkpt lat="40.7350570" lon="-74.0278380">
    <ele>1.5</ele>
    <time>2026-01-14T23:45:41Z</time>
   </trkpt>
   <trkpt lat="40.7350490" lon="-74.0277870">
    <ele>1.5</ele>
    <time>2026-01-14T23:45:42Z</time>
   </trkpt>
   <trkpt lat="40.7350300" lon="-74.0277830">
    <ele>1.5</ele>
    <time>2026-01-14T23:45:43Z</time>
   </trkpt>
   <trkpt lat="40.7350160" lon="-74.0277830">
    <ele>1.5</ele>
    <time>2026-01-14T23:45:44Z</time>
   </trkpt>
   <trkpt lat="40.7349820" lon="-74.0278120">
    <ele>1.5</ele>
    <time>2026-01-14T23:45:45Z</time>
   </trkpt>
   <trkpt lat="40.7349560" lon="-74.0278030">
    <ele>1.5</ele>
    <time>2026-01-14T23:45:46Z</time>
   </trkpt>
   <trkpt lat="40.7349330" lon="-74.0278250">
    <ele>1.5</ele>
    <time>2026-01-14T23:45:48Z</time>
   </trkpt>
   <trkpt lat="40.7349080" lon="-74.0278090">
    <ele>1.5</ele>
    <time>2026-01-14T23:45:49Z</time>
   </trkpt>
   <trkpt lat="40.7348950" lon="-74.0278140">
    <ele>1.5</ele>
    <time>2026-01-14T23:45:50Z</time>
   </trkpt>
   <trkpt lat="40.7348700" lon="-74.0278330">
    <ele>1.5</ele>
    <time>2026-01-14T23:45:51Z</time>
   </trkpt>
   <trkpt lat="40.7348560" lon="-74.0278450">
    <ele>1.5</ele>
    <time>2026-01-14T23:45:52Z</time>
   </trkpt>
   <trkpt lat="40.7348310" lon="-74.0278630">
    <ele>1.5</ele>
    <time>2026-01-14T23:45:53Z</time>
   </trkpt>
   <trkpt lat="40.7348040" lon="-74.0278760">
    <ele>1.5</ele>
    <time>2026-01-14T23:45:54Z</time>
   </trkpt>
   <trkpt lat="40.7347830" lon="-74.0278840">
    <ele>1.5</ele>
    <time>2026-01-14T23:45:55Z</time>
   </trkpt>
   <trkpt lat="40.7347690" lon="-74.0278860">
    <ele>1.5</ele>
    <time>2026-01-14T23:45:56Z</time>
   </trkpt>
   <trkpt lat="40.7347540" lon="-74.0278830">
    <ele>1.5</ele>
    <time>2026-01-14T23:45:57Z</time>
   </trkpt>
   <trkpt lat="40.7347350" lon="-74.0278890">
    <ele>1.5</ele>
    <time>2026-01-14T23:45:58Z</time>
   </trkpt>
   <trkpt lat="40.7347020" lon="-74.0278930">
    <ele>1.5</ele>
    <time>2026-01-14T23:45:59Z</time>
   </trkpt>
   <trkpt lat="40.7346840" lon="-74.0278820">
    <ele>1.5</ele>
    <time>2026-01-14T23:46:00Z</time>
   </trkpt>
   <trkpt lat="40.7346710" lon="-74.0278770">
    <ele>1.5</ele>
    <time>2026-01-14T23:46:01Z</time>
   </trkpt>
   <trkpt lat="40.7346590" lon="-74.0278730">
    <ele>1.5</ele>
    <time>2026-01-14T23:46:02Z</time>
   </trkpt>
   <trkpt lat="40.7346100" lon="-74.0279000">
    <ele>1.5</ele>
    <time>2026-01-14T23:46:03Z</time>
   </trkpt>
   <trkpt lat="40.7345710" lon="-74.0279240">
    <ele>1.5</ele>
    <time>2026-01-14T23:46:04Z</time>
   </trkpt>
   <trkpt lat="40.7345320" lon="-74.0279470">
    <ele>1.6</ele>
    <time>2026-01-14T23:46:05Z</time>
   </trkpt>
   <trkpt lat="40.7344930" lon="-74.0279710">
    <ele>1.6</ele>
    <time>2026-01-14T23:46:06Z</time>
   </trkpt>
   <trkpt lat="40.7344540" lon="-74.0279940">
    <ele>1.6</ele>
    <time>2026-01-14T23:46:07Z</time>
   </trkpt>
   <trkpt lat="40.7344710" lon="-74.0279860">
    <ele>1.6</ele>
    <time>2026-01-14T23:46:08Z</time>
   </trkpt>
   <trkpt lat="40.7344500" lon="-74.0280080">
    <ele>1.6</ele>
    <time>2026-01-14T23:46:09Z</time>
   </trkpt>
   <trkpt lat="40.7344460" lon="-74.0280170">
    <ele>1.6</ele>
    <time>2026-01-14T23:46:10Z</time>
   </trkpt>
   <trkpt lat="40.7344700" lon="-74.0280330">
    <ele>1.6</ele>
    <time>2026-01-14T23:46:11Z</time>
   </trkpt>
   <trkpt lat="40.7344840" lon="-74.0280760">
    <ele>1.6</ele>
    <time>2026-01-14T23:46:12Z</time>
   </trkpt>
   <trkpt lat="40.7344880" lon="-74.0280950">
    <ele>1.6</ele>
    <time>2026-01-14T23:46:13Z</time>
   </trkpt>
   <trkpt lat="40.7344940" lon="-74.0280990">
    <ele>1.6</ele>
    <time>2026-01-14T23:46:14Z</time>
   </trkpt>
   <trkpt lat="40.7344690" lon="-74.0281080">
    <ele>1.6</ele>
    <time>2026-01-14T23:46:15Z</time>
   </trkpt>
   <trkpt lat="40.7344590" lon="-74.0281130">
    <ele>1.6</ele>
    <time>2026-01-14T23:46:16Z</time>
   </trkpt>
   <trkpt lat="40.7344390" lon="-74.0281530">
    <ele>1.6</ele>
    <time>2026-01-14T23:46:17Z</time>
   </trkpt>
   <trkpt lat="40.7344130" lon="-74.0281760">
    <ele>1.6</ele>
    <time>2026-01-14T23:46:18Z</time>
   </trkpt>
   <trkpt lat="40.7343390" lon="-74.0281360">
    <ele>1.6</ele>
    <time>2026-01-14T23:46:19Z</time>
   </trkpt>
   <trkpt lat="40.7343060" lon="-74.0281410">
    <ele>1.6</ele>
    <time>2026-01-14T23:46:20Z</time>
   </trkpt>
   <trkpt lat="40.7342760" lon="-74.0281340">
    <ele>1.6</ele>
    <time>2026-01-14T23:46:21Z</time>
   </trkpt>
   <trkpt lat="40.7342440" lon="-74.0281530">
    <ele>1.6</ele>
    <time>2026-01-14T23:46:22Z</time>
   </trkpt>
   <trkpt lat="40.7342070" lon="-74.0281750">
    <ele>1.6</ele>
    <time>2026-01-14T23:46:23Z</time>
   </trkpt>
   <trkpt lat="40.7341790" lon="-74.0282170">
    <ele>1.6</ele>
    <time>2026-01-14T23:46:24Z</time>
   </trkpt>
   <trkpt lat="40.7341740" lon="-74.0282710">
    <ele>1.6</ele>
    <time>2026-01-14T23:46:25Z</time>
   </trkpt>
   <trkpt lat="40.7341570" lon="-74.0283090">
    <ele>1.6</ele>
    <time>2026-01-14T23:46:26Z</time>
   </trkpt>
   <trkpt lat="40.7341490" lon="-74.0283540">
    <ele>1.6</ele>
    <time>2026-01-14T23:46:27Z</time>
   </trkpt>
   <trkpt lat="40.7341410" lon="-74.0283910">
    <ele>1.6</ele>
    <time>2026-01-14T23:46:28Z</time>
   </trkpt>
   <trkpt lat="40.7341400" lon="-74.0284380">
    <ele>1.6</ele>
    <time>2026-01-14T23:46:29Z</time>
   </trkpt>
   <trkpt lat="40.7341360" lon="-74.0284790">
    <ele>1.6</ele>
    <time>2026-01-14T23:46:30Z</time>
   </trkpt>
   <trkpt lat="40.7341380" lon="-74.0285430">
    <ele>1.7</ele>
    <time>2026-01-14T23:46:31Z</time>
   </trkpt>
   <trkpt lat="40.7341330" lon="-74.0285920">
    <ele>1.7</ele>
    <time>2026-01-14T23:46:32Z</time>
   </trkpt>
   <trkpt lat="40.7341260" lon="-74.0286380">
    <ele>1.7</ele>
    <time>2026-01-14T23:46:33Z</time>
   </trkpt>
   <trkpt lat="40.7341250" lon="-74.0286850">
    <ele>1.7</ele>
    <time>2026-01-14T23:46:34Z</time>
   </trkpt>
   <trkpt lat="40.7341330" lon="-74.0287320">
    <ele>1.7</ele>
    <time>2026-01-14T23:46:35Z</time>
   </trkpt>
   <trkpt lat="40.7341350" lon="-74.0287870">
    <ele>1.8</ele>
    <time>2026-01-14T23:46:36Z</time>
   </trkpt>
   <trkpt lat="40.7341360" lon="-74.0288330">
    <ele>1.8</ele>
    <time>2026-01-14T23:46:37Z</time>
   </trkpt>
   <trkpt lat="40.7341430" lon="-74.0288830">
    <ele>1.8</ele>
    <time>2026-01-14T23:46:38Z</time>
   </trkpt>
   <trkpt lat="40.7341420" lon="-74.0289320">
    <ele>1.8</ele>
    <time>2026-01-14T23:46:39Z</time>
   </trkpt>
   <trkpt lat="40.7341450" lon="-74.0289670">
    <ele>1.8</ele>
    <time>2026-01-14T23:46:40Z</time>
   </trkpt>
   <trkpt lat="40.7341580" lon="-74.0290080">
    <ele>1.9</ele>
    <time>2026-01-14T23:46:41Z</time>
   </trkpt>
   <trkpt lat="40.7341590" lon="-74.0290220">
    <ele>1.9</ele>
    <time>2026-01-14T23:46:42Z</time>
   </trkpt>
   <trkpt lat="40.7341510" lon="-74.0290720">
    <ele>1.9</ele>
    <time>2026-01-14T23:46:43Z</time>
   </trkpt>
   <trkpt lat="40.7341490" lon="-74.0290880">
    <ele>1.9</ele>
    <time>2026-01-14T23:46:44Z</time>
   </trkpt>
   <trkpt lat="40.7341230" lon="-74.0291140">
    <ele>1.9</ele>
    <time>2026-01-14T23:46:45Z</time>
   </trkpt>
   <trkpt lat="40.7341090" lon="-74.0291130">
    <ele>1.9</ele>
    <time>2026-01-14T23:46:46Z</time>
   </trkpt>
   <trkpt lat="40.7340910" lon="-74.0291200">
    <ele>2.0</ele>
    <time>2026-01-14T23:46:47Z</time>
   </trkpt>
   <trkpt lat="40.7340860" lon="-74.0291460">
    <ele>2.0</ele>
    <time>2026-01-14T23:46:48Z</time>
   </trkpt>
   <trkpt lat="40.7340650" lon="-74.0291740">
    <ele>2.0</ele>
    <time>2026-01-14T23:46:49Z</time>
   </trkpt>
   <trkpt lat="40.7340320" lon="-74.0291670">
    <ele>2.0</ele>
    <time>2026-01-14T23:46:50Z</time>
   </trkpt>
   <trkpt lat="40.7340210" lon="-74.0291630">
    <ele>2.1</ele>
    <time>2026-01-14T23:46:51Z</time>
   </trkpt>
   <trkpt lat="40.7339940" lon="-74.0291770">
    <ele>2.1</ele>
    <time>2026-01-14T23:46:52Z</time>
   </trkpt>
   <trkpt lat="40.7339690" lon="-74.0291950">
    <ele>2.1</ele>
    <time>2026-01-14T23:46:53Z</time>
   </trkpt>
   <trkpt lat="40.7339580" lon="-74.0292030">
    <ele>2.1</ele>
    <time>2026-01-14T23:46:54Z</time>
   </trkpt>
   <trkpt lat="40.7339480" lon="-74.0292110">
    <ele>2.1</ele>
    <time>2026-01-14T23:46:55Z</time>
   </trkpt>
   <trkpt lat="40.7339130" lon="-74.0292480">
    <ele>2.2</ele>
    <time>2026-01-14T23:46:56Z</time>
   </trkpt>
   <trkpt lat="40.7339000" lon="-74.0292870">
    <ele>2.2</ele>
    <time>2026-01-14T23:46:57Z</time>
   </trkpt>
   <trkpt lat="40.7339080" lon="-74.0293410">
    <ele>2.3</ele>
    <time>2026-01-14T23:46:58Z</time>
   </trkpt>
   <trkpt lat="40.7339000" lon="-74.0293880">
    <ele>2.4</ele>
    <time>2026-01-14T23:46:59Z</time>
   </trkpt>
   <trkpt lat="40.7338980" lon="-74.0294320">
    <ele>2.4</ele>
    <time>2026-01-14T23:47:00Z</time>
   </trkpt>
   <trkpt lat="40.7338900" lon="-74.0294760">
    <ele>2.4</ele>
    <time>2026-01-14T23:47:01Z</time>
   </trkpt>
   <trkpt lat="40.7338750" lon="-74.0295260">
    <ele>2.5</ele>
    <time>2026-01-14T23:47:02Z</time>
   </trkpt>
   <trkpt lat="40.7338710" lon="-74.0295450">
    <ele>2.5</ele>
    <time>2026-01-14T23:47:03Z</time>
   </trkpt>
   <trkpt lat="40.7338700" lon="-74.0295810">
    <ele>2.5</ele>
    <time>2026-01-14T23:47:04Z</time>
   </trkpt>
   <trkpt lat="40.7338600" lon="-74.0296260">
    <ele>2.5</ele>
    <time>2026-01-14T23:47:05Z</time>
   </trkpt>
   <trkpt lat="40.7338520" lon="-74.0296680">
    <ele>2.5</ele>
    <time>2026-01-14T23:47:06Z</time>
   </trkpt>
   <trkpt lat="40.7338480" lon="-74.0297200">
    <ele>2.5</ele>
    <time>2026-01-14T23:47:07Z</time>
   </trkpt>
   <trkpt lat="40.7338510" lon="-74.0297630">
    <ele>2.5</ele>
    <time>2026-01-14T23:47:08Z</time>
   </trkpt>
   <trkpt lat="40.7338350" lon="-74.0298230">
    <ele>2.4</ele>
    <time>2026-01-14T23:47:09Z</time>
   </trkpt>
   <trkpt lat="40.7338290" lon="-74.0298690">
    <ele>2.4</ele>
    <time>2026-01-14T23:47:10Z</time>
   </trkpt>
   <trkpt lat="40.7338220" lon="-74.0299090">
    <ele>2.4</ele>
    <time>2026-01-14T23:47:11Z</time>
   </trkpt>
   <trkpt lat="40.7338150" lon="-74.0299530">
    <ele>2.4</ele>
    <time>2026-01-14T23:47:12Z</time>
   </trkpt>
   <trkpt lat="40.7338090" lon="-74.0299970">
    <ele>2.4</ele>
    <time>2026-01-14T23:47:13Z</time>
   </trkpt>
   <trkpt lat="40.7338040" lon="-74.0300410">
    <ele>2.4</ele>
    <time>2026-01-14T23:47:14Z</time>
   </trkpt>
   <trkpt lat="40.7337960" lon="-74.0300850">
    <ele>2.4</ele>
    <time>2026-01-14T23:47:15Z</time>
   </trkpt>
   <trkpt lat="40.7337910" lon="-74.0301320">
    <ele>2.4</ele>
    <time>2026-01-14T23:47:16Z</time>
   </trkpt>
   <trkpt lat="40.7337840" lon="-74.0301800">
    <ele>2.4</ele>
    <time>2026-01-14T23:47:17Z</time>
   </trkpt>
   <trkpt lat="40.7337830" lon="-74.0302190">
    <ele>2.4</ele>
    <time>2026-01-14T23:47:18Z</time>
   </trkpt>
   <trkpt lat="40.7337770" lon="-74.0302550">
    <ele>2.4</ele>
    <time>2026-01-14T23:47:19Z</time>
   </trkpt>
   <trkpt lat="40.7337750" lon="-74.0302960">
    <ele>2.4</ele>
    <time>2026-01-14T23:47:20Z</time>
   </trkpt>
   <trkpt lat="40.7337700" lon="-74.0303400">
    <ele>2.4</ele>
    <time>2026-01-14T23:47:21Z</time>
   </trkpt>
   <trkpt lat="40.7337620" lon="-74.0303950">
    <ele>2.4</ele>
    <time>2026-01-14T23:47:22Z</time>
   </trkpt>
   <trkpt lat="40.7337580" lon="-74.0304170">
    <ele>2.4</ele>
    <time>2026-01-14T23:47:23Z</time>
   </trkpt>
   <trkpt lat="40.7337510" lon="-74.0304660">
    <ele>2.4</ele>
    <time>2026-01-14T23:47:24Z</time>
   </trkpt>
   <trkpt lat="40.7337470" lon="-74.0305130">
    <ele>2.4</ele>
    <time>2026-01-14T23:47:25Z</time>
   </trkpt>
   <trkpt lat="40.7337410" lon="-74.0305620">
    <ele>2.4</ele>
    <time>2026-01-14T23:47:26Z</time>
   </trkpt>
   <trkpt lat="40.7337300" lon="-74.0306140">
    <ele>2.4</ele>
    <time>2026-01-14T23:47:27Z</time>
   </trkpt>
   <trkpt lat="40.7337130" lon="-74.0306540">
    <ele>2.4</ele>
    <time>2026-01-14T23:47:28Z</time>
   </trkpt>
   <trkpt lat="40.7336800" lon="-74.0306840">
    <ele>2.4</ele>
    <time>2026-01-14T23:47:29Z</time>
   </trkpt>
   <trkpt lat="40.7336290" lon="-74.0306890">
    <ele>2.4</ele>
    <time>2026-01-14T23:47:30Z</time>
   </trkpt>
   <trkpt lat="40.7335820" lon="-74.0306790">
    <ele>2.4</ele>
    <time>2026-01-14T23:47:31Z</time>
   </trkpt>
   <trkpt lat="40.7335440" lon="-74.0306800">
    <ele>2.4</ele>
    <time>2026-01-14T23:47:32Z</time>
   </trkpt>
   <trkpt lat="40.7335000" lon="-74.0307040">
    <ele>2.4</ele>
    <time>2026-01-14T23:47:33Z</time>
   </trkpt>
   <trkpt lat="40.7334530" lon="-74.0307090">
    <ele>2.4</ele>
    <time>2026-01-14T23:47:34Z</time>
   </trkpt>
   <trkpt lat="40.7334120" lon="-74.0307190">
    <ele>2.4</ele>
    <time>2026-01-14T23:47:35Z</time>
   </trkpt>
   <trkpt lat="40.7333670" lon="-74.0307240">
    <ele>2.4</ele>
    <time>2026-01-14T23:47:36Z</time>
   </trkpt>
   <trkpt lat="40.7333240" lon="-74.0307260">
    <ele>2.4</ele>
    <time>2026-01-14T23:47:37Z</time>
   </trkpt>
   <trkpt lat="40.7332850" lon="-74.0307230">
    <ele>2.4</ele>
    <time>2026-01-14T23:47:38Z</time>
   </trkpt>
   <trkpt lat="40.7332440" lon="-74.0307270">
    <ele>2.4</ele>
    <time>2026-01-14T23:47:39Z</time>
   </trkpt>
   <trkpt lat="40.7332050" lon="-74.0307100">
    <ele>2.4</ele>
    <time>2026-01-14T23:47:40Z</time>
   </trkpt>
   <trkpt lat="40.7331660" lon="-74.0307090">
    <ele>2.5</ele>
    <time>2026-01-14T23:47:41Z</time>
   </trkpt>
   <trkpt lat="40.7331320" lon="-74.0307170">
    <ele>2.5</ele>
    <time>2026-01-14T23:47:42Z</time>
   </trkpt>
   <trkpt lat="40.7330890" lon="-74.0307180">
    <ele>2.5</ele>
    <time>2026-01-14T23:47:43Z</time>
   </trkpt>
   <trkpt lat="40.7330320" lon="-74.0307300">
    <ele>2.5</ele>
    <time>2026-01-14T23:47:44Z</time>
   </trkpt>
   <trkpt lat="40.7329710" lon="-74.0307550">
    <ele>2.4</ele>
    <time>2026-01-14T23:47:45Z</time>
   </trkpt>
   <trkpt lat="40.7329270" lon="-74.0307650">
    <ele>2.4</ele>
    <time>2026-01-14T23:47:46Z</time>
   </trkpt>
   <trkpt lat="40.7328870" lon="-74.0307760">
    <ele>2.4</ele>
    <time>2026-01-14T23:47:47Z</time>
   </trkpt>
   <trkpt lat="40.7328580" lon="-74.0307820">
    <ele>2.4</ele>
    <time>2026-01-14T23:47:48Z</time>
   </trkpt>
   <trkpt lat="40.7328080" lon="-74.0308000">
    <ele>2.4</ele>
    <time>2026-01-14T23:47:49Z</time>
   </trkpt>
   <trkpt lat="40.7327660" lon="-74.0308100">
    <ele>2.5</ele>
    <time>2026-01-14T23:47:50Z</time>
   </trkpt>
   <trkpt lat="40.7327320" lon="-74.0308150">
    <ele>2.5</ele>
    <time>2026-01-14T23:47:51Z</time>
   </trkpt>
   <trkpt lat="40.7327020" lon="-74.0308200">
    <ele>2.5</ele>
    <time>2026-01-14T23:47:52Z</time>
   </trkpt>
   <trkpt lat="40.7326530" lon="-74.0308240">
    <ele>2.5</ele>
    <time>2026-01-14T23:47:54Z</time>
   </trkpt>
   <trkpt lat="40.7326040" lon="-74.0308420">
    <ele>2.5</ele>
    <time>2026-01-14T23:47:55Z</time>
   </trkpt>
   <trkpt lat="40.7325490" lon="-74.0308430">
    <ele>2.5</ele>
    <time>2026-01-14T23:47:56Z</time>
   </trkpt>
   <trkpt lat="40.7324950" lon="-74.0308490">
    <ele>2.5</ele>
    <time>2026-01-14T23:47:57Z</time>
   </trkpt>
   <trkpt lat="40.7324320" lon="-74.0308580">
    <ele>2.5</ele>
    <time>2026-01-14T23:47:58Z</time>
   </trkpt>
   <trkpt lat="40.7323760" lon="-74.0308670">
    <ele>2.5</ele>
    <time>2026-01-14T23:47:59Z</time>
   </trkpt>
   <trkpt lat="40.7323140" lon="-74.0308860">
    <ele>2.5</ele>
    <time>2026-01-14T23:48:00Z</time>
   </trkpt>
   <trkpt lat="40.7322400" lon="-74.0308910">
    <ele>2.6</ele>
    <time>2026-01-14T23:48:01Z</time>
   </trkpt>
   <trkpt lat="40.7321790" lon="-74.0308810">
    <ele>2.6</ele>
    <time>2026-01-14T23:48:02Z</time>
   </trkpt>
   <trkpt lat="40.7321330" lon="-74.0308790">
    <ele>2.6</ele>
    <time>2026-01-14T23:48:03Z</time>
   </trkpt>
   <trkpt lat="40.7321010" lon="-74.0308940">
    <ele>2.7</ele>
    <time>2026-01-14T23:48:04Z</time>
   </trkpt>
   <trkpt lat="40.7320390" lon="-74.0308980">
    <ele>2.7</ele>
    <time>2026-01-14T23:48:05Z</time>
   </trkpt>
   <trkpt lat="40.7320010" lon="-74.0309010">
    <ele>2.7</ele>
    <time>2026-01-14T23:48:06Z</time>
   </trkpt>
   <trkpt lat="40.7319820" lon="-74.0308940">
    <ele>2.7</ele>
    <time>2026-01-14T23:48:07Z</time>
   </trkpt>
   <trkpt lat="40.7319610" lon="-74.0308980">
    <ele>2.8</ele>
    <time>2026-01-14T23:48:08Z</time>
   </trkpt>
   <trkpt lat="40.7319390" lon="-74.0309030">
    <ele>2.8</ele>
    <time>2026-01-14T23:48:09Z</time>
   </trkpt>
   <trkpt lat="40.7319110" lon="-74.0309000">
    <ele>2.8</ele>
    <time>2026-01-14T23:48:10Z</time>
   </trkpt>
   <trkpt lat="40.7318750" lon="-74.0309310">
    <ele>2.8</ele>
    <time>2026-01-14T23:48:11Z</time>
   </trkpt>
   <trkpt lat="40.7318150" lon="-74.0309630">
    <ele>2.9</ele>
    <time>2026-01-14T23:48:12Z</time>
   </trkpt>
   <trkpt lat="40.7317540" lon="-74.0309700">
    <ele>3.0</ele>
    <time>2026-01-14T23:48:13Z</time>
   </trkpt>
   <trkpt lat="40.7316970" lon="-74.0309980">
    <ele>3.0</ele>
    <time>2026-01-14T23:48:14Z</time>
   </trkpt>
   <trkpt lat="40.7316370" lon="-74.0310180">
    <ele>3.0</ele>
    <time>2026-01-14T23:48:15Z</time>
   </trkpt>
   <trkpt lat="40.7315970" lon="-74.0310320">
    <ele>3.0</ele>
    <time>2026-01-14T23:48:16Z</time>
   </trkpt>
   <trkpt lat="40.7315600" lon="-74.0310510">
    <ele>3.0</ele>
    <time>2026-01-14T23:48:17Z</time>
   </trkpt>
   <trkpt lat="40.7315200" lon="-74.0310580">
    <ele>3.0</ele>
    <time>2026-01-14T23:48:18Z</time>
   </trkpt>
   <trkpt lat="40.7314790" lon="-74.0310560">
    <ele>2.9</ele>
    <time>2026-01-14T23:48:19Z</time>
   </trkpt>
   <trkpt lat="40.7314400" lon="-74.0310600">
    <ele>2.9</ele>
    <time>2026-01-14T23:48:20Z</time>
   </trkpt>
   <trkpt lat="40.7313960" lon="-74.0310660">
    <ele>2.9</ele>
    <time>2026-01-14T23:48:21Z</time>
   </trkpt>
   <trkpt lat="40.7313590" lon="-74.0310710">
    <ele>3.0</ele>
    <time>2026-01-14T23:48:22Z</time>
   </trkpt>
   <trkpt lat="40.7313230" lon="-74.0310870">
    <ele>3.0</ele>
    <time>2026-01-14T23:48:23Z</time>
   </trkpt>
   <trkpt lat="40.7312730" lon="-74.0310440">
    <ele>3.1</ele>
    <time>2026-01-14T23:48:24Z</time>
   </trkpt>
   <trkpt lat="40.7312490" lon="-74.0310170">
    <ele>3.1</ele>
    <time>2026-01-14T23:48:25Z</time>
   </trkpt>
   <trkpt lat="40.7312350" lon="-74.0310050">
    <ele>3.1</ele>
    <time>2026-01-14T23:48:26Z</time>
   </trkpt>
   <trkpt lat="40.7311900" lon="-74.0309920">
    <ele>3.1</ele>
    <time>2026-01-14T23:48:27Z</time>
   </trkpt>
   <trkpt lat="40.7311460" lon="-74.0309830">
    <ele>3.2</ele>
    <time>2026-01-14T23:48:28Z</time>
   </trkpt>
   <trkpt lat="40.7311040" lon="-74.0309860">
    <ele>3.2</ele>
    <time>2026-01-14T23:48:29Z</time>
   </trkpt>
   <trkpt lat="40.7310740" lon="-74.0310010">
    <ele>3.2</ele>
    <time>2026-01-14T23:48:30Z</time>
   </trkpt>
   <trkpt lat="40.7310260" lon="-74.0310370">
    <ele>3.2</ele>
    <time>2026-01-14T23:48:31Z</time>
   </trkpt>
   <trkpt lat="40.7309890" lon="-74.0310660">
    <ele>3.3</ele>
    <time>2026-01-14T23:48:32Z</time>
   </trkpt>
   <trkpt lat="40.7309500" lon="-74.0310450">
    <ele>3.3</ele>
    <time>2026-01-14T23:48:33Z</time>
   </trkpt>
   <trkpt lat="40.7309060" lon="-74.0310420">
    <ele>3.3</ele>
    <time>2026-01-14T23:48:34Z</time>
   </trkpt>
   <trkpt lat="40.7308680" lon="-74.0310380">
    <ele>3.2</ele>
    <time>2026-01-14T23:48:35Z</time>
   </trkpt>
   <trkpt lat="40.7308250" lon="-74.0310150">
    <ele>3.2</ele>
    <time>2026-01-14T23:48:36Z</time>
   </trkpt>
   <trkpt lat="40.7307950" lon="-74.0310210">
    <ele>3.1</ele>
    <time>2026-01-14T23:48:37Z</time>
   </trkpt>
   <trkpt lat="40.7307660" lon="-74.0310480">
    <ele>3.0</ele>
    <time>2026-01-14T23:48:38Z</time>
   </trkpt>
   <trkpt lat="40.7307330" lon="-74.0310840">
    <ele>2.9</ele>
    <time>2026-01-14T23:48:39Z</time>
   </trkpt>
   <trkpt lat="40.7307350" lon="-74.0311310">
    <ele>2.9</ele>
    <time>2026-01-14T23:48:40Z</time>
   </trkpt>
   <trkpt lat="40.7307520" lon="-74.0311790">
    <ele>2.9</ele>
    <time>2026-01-14T23:48:41Z</time>
   </trkpt>
   <trkpt lat="40.7307560" lon="-74.0311980">
    <ele>2.9</ele>
    <time>2026-01-14T23:48:42Z</time>
   </trkpt>
   <trkpt lat="40.7307900" lon="-74.0312520">
    <ele>2.9</ele>
    <time>2026-01-14T23:48:43Z</time>
   </trkpt>
   <trkpt lat="40.7307990" lon="-74.0312940">
    <ele>2.9</ele>
    <time>2026-01-14T23:48:44Z</time>
   </trkpt>
   <trkpt lat="40.7307780" lon="-74.0313400">
    <ele>2.9</ele>
    <time>2026-01-14T23:48:45Z</time>
   </trkpt>
   <trkpt lat="40.7307720" lon="-74.0313590">
    <ele>2.9</ele>
    <time>2026-01-14T23:48:46Z</time>
   </trkpt>
   <trkpt lat="40.7307420" lon="-74.0314040">
    <ele>2.9</ele>
    <time>2026-01-14T23:48:47Z</time>
   </trkpt>
   <trkpt lat="40.7307030" lon="-74.0314290">
    <ele>2.9</ele>
    <time>2026-01-14T23:48:48Z</time>
   </trkpt>
   <trkpt lat="40.7306740" lon="-74.0314110">
    <ele>2.9</ele>
    <time>2026-01-14T23:48:49Z</time>
   </trkpt>
   <trkpt lat="40.7306270" lon="-74.0313470">
    <ele>2.8</ele>
    <time>2026-01-14T23:48:50Z</time>
   </trkpt>
   <trkpt lat="40.7306120" lon="-74.0313030">
    <ele>2.8</ele>
    <time>2026-01-14T23:48:51Z</time>
   </trkpt>
   <trkpt lat="40.7305920" lon="-74.0312630">
    <ele>2.8</ele>
    <time>2026-01-14T23:48:52Z</time>
   </trkpt>
   <trkpt lat="40.7305620" lon="-74.0312150">
    <ele>2.7</ele>
    <time>2026-01-14T23:48:53Z</time>
   </trkpt>
   <trkpt lat="40.7305370" lon="-74.0311810">
    <ele>2.7</ele>
    <time>2026-01-14T23:48:54Z</time>
   </trkpt>
   <trkpt lat="40.7304960" lon="-74.0311720">
    <ele>2.7</ele>
    <time>2026-01-14T23:48:55Z</time>
   </trkpt>
   <trkpt lat="40.7304540" lon="-74.0311820">
    <ele>2.6</ele>
    <time>2026-01-14T23:48:56Z</time>
   </trkpt>
   <trkpt lat="40.7304160" lon="-74.0311780">
    <ele>2.6</ele>
    <time>2026-01-14T23:48:57Z</time>
   </trkpt>
   <trkpt lat="40.7303710" lon="-74.0311980">
    <ele>2.5</ele>
    <time>2026-01-14T23:48:58Z</time>
   </trkpt>
   <trkpt lat="40.7303050" lon="-74.0312090">
    <ele>2.4</ele>
    <time>2026-01-14T23:48:59Z</time>
   </trkpt>
   <trkpt lat="40.7302500" lon="-74.0312150">
    <ele>2.4</ele>
    <time>2026-01-14T23:49:00Z</time>
   </trkpt>
   <trkpt lat="40.7301850" lon="-74.0312390">
    <ele>2.3</ele>
    <time>2026-01-14T23:49:01Z</time>
   </trkpt>
   <trkpt lat="40.7301170" lon="-74.0312580">
    <ele>2.2</ele>
    <time>2026-01-14T23:49:02Z</time>
   </trkpt>
   <trkpt lat="40.7300590" lon="-74.0312890">
    <ele>2.2</ele>
    <time>2026-01-14T23:49:03Z</time>
   </trkpt>
   <trkpt lat="40.7299960" lon="-74.0312830">
    <ele>2.1</ele>
    <time>2026-01-14T23:49:04Z</time>
   </trkpt>
   <trkpt lat="40.7299310" lon="-74.0312990">
    <ele>2.1</ele>
    <time>2026-01-14T23:49:05Z</time>
   </trkpt>
   <trkpt lat="40.7298790" lon="-74.0313090">
    <ele>2.1</ele>
    <time>2026-01-14T23:49:06Z</time>
   </trkpt>
   <trkpt lat="40.7298320" lon="-74.0312990">
    <ele>2.0</ele>
    <time>2026-01-14T23:49:07Z</time>
   </trkpt>
   <trkpt lat="40.7297930" lon="-74.0312960">
    <ele>2.0</ele>
    <time>2026-01-14T23:49:08Z</time>
   </trkpt>
   <trkpt lat="40.7297440" lon="-74.0313110">
    <ele>2.0</ele>
    <time>2026-01-14T23:49:09Z</time>
   </trkpt>
   <trkpt lat="40.7296920" lon="-74.0313190">
    <ele>2.0</ele>
    <time>2026-01-14T23:49:10Z</time>
   </trkpt>
   <trkpt lat="40.7296520" lon="-74.0313200">
    <ele>2.0</ele>
    <time>2026-01-14T23:49:11Z</time>
   </trkpt>
   <trkpt lat="40.7296120" lon="-74.0313210">
    <ele>2.0</ele>
    <time>2026-01-14T23:49:12Z</time>
   </trkpt>
   <trkpt lat="40.7295660" lon="-74.0313250">
    <ele>1.9</ele>
    <time>2026-01-14T23:49:13Z</time>
   </trkpt>
   <trkpt lat="40.7295270" lon="-74.0313300">
    <ele>1.9</ele>
    <time>2026-01-14T23:49:14Z</time>
   </trkpt>
   <trkpt lat="40.7294870" lon="-74.0313390">
    <ele>1.9</ele>
    <time>2026-01-14T23:49:15Z</time>
   </trkpt>
   <trkpt lat="40.7294530" lon="-74.0313320">
    <ele>1.8</ele>
    <time>2026-01-14T23:49:16Z</time>
   </trkpt>
   <trkpt lat="40.7294280" lon="-74.0312870">
    <ele>1.8</ele>
    <time>2026-01-14T23:49:17Z</time>
   </trkpt>
   <trkpt lat="40.7294380" lon="-74.0311950">
    <ele>1.6</ele>
    <time>2026-01-14T23:49:18Z</time>
   </trkpt>
   <trkpt lat="40.7294390" lon="-74.0311240">
    <ele>1.5</ele>
    <time>2026-01-14T23:49:19Z</time>
   </trkpt>
   <trkpt lat="40.7294290" lon="-74.0310650">
    <ele>1.4</ele>
    <time>2026-01-14T23:49:20Z</time>
   </trkpt>
   <trkpt lat="40.7294010" lon="-74.0310230">
    <ele>1.3</ele>
    <time>2026-01-14T23:49:21Z</time>
   </trkpt>
   <trkpt lat="40.7293510" lon="-74.0310270">
    <ele>1.2</ele>
    <time>2026-01-14T23:49:22Z</time>
   </trkpt>
   <trkpt lat="40.7293050" lon="-74.0310400">
    <ele>1.2</ele>
    <time>2026-01-14T23:49:23Z</time>
   </trkpt>
   <trkpt lat="40.7292710" lon="-74.0310460">
    <ele>1.2</ele>
    <time>2026-01-14T23:49:24Z</time>
   </trkpt>
   <trkpt lat="40.7292170" lon="-74.0310520">
    <ele>1.1</ele>
    <time>2026-01-14T23:49:25Z</time>
   </trkpt>
   <trkpt lat="40.7291540" lon="-74.0310750">
    <ele>1.2</ele>
    <time>2026-01-14T23:49:26Z</time>
   </trkpt>
   <trkpt lat="40.7290920" lon="-74.0310840">
    <ele>1.2</ele>
    <time>2026-01-14T23:49:27Z</time>
   </trkpt>
   <trkpt lat="40.7290340" lon="-74.0310860">
    <ele>1.3</ele>
    <time>2026-01-14T23:49:28Z</time>
   </trkpt>
   <trkpt lat="40.7289780" lon="-74.0311040">
    <ele>1.4</ele>
    <time>2026-01-14T23:49:29Z</time>
   </trkpt>
   <trkpt lat="40.7289240" lon="-74.0311390">
    <ele>1.5</ele>
    <time>2026-01-14T23:49:30Z</time>
   </trkpt>
   <trkpt lat="40.7288800" lon="-74.0311810">
    <ele>1.5</ele>
    <time>2026-01-14T23:49:31Z</time>
   </trkpt>
   <trkpt lat="40.7288340" lon="-74.0312120">
    <ele>1.5</ele>
    <time>2026-01-14T23:49:32Z</time>
   </trkpt>
   <trkpt lat="40.7287900" lon="-74.0312190">
    <ele>1.5</ele>
    <time>2026-01-14T23:49:33Z</time>
   </trkpt>
   <trkpt lat="40.7287450" lon="-74.0312190">
    <ele>1.5</ele>
    <time>2026-01-14T23:49:34Z</time>
   </trkpt>
   <trkpt lat="40.7286990" lon="-74.0312030">
    <ele>1.6</ele>
    <time>2026-01-14T23:49:35Z</time>
   </trkpt>
   <trkpt lat="40.7286580" lon="-74.0311840">
    <ele>1.6</ele>
    <time>2026-01-14T23:49:36Z</time>
   </trkpt>
   <trkpt lat="40.7286170" lon="-74.0311620">
    <ele>1.6</ele>
    <time>2026-01-14T23:49:37Z</time>
   </trkpt>
   <trkpt lat="40.7285800" lon="-74.0311480">
    <ele>1.6</ele>
    <time>2026-01-14T23:49:38Z</time>
   </trkpt>
   <trkpt lat="40.7285650" lon="-74.0311520">
    <ele>1.6</ele>
    <time>2026-01-14T23:49:39Z</time>
   </trkpt>
   <trkpt lat="40.7285430" lon="-74.0311460">
    <ele>1.6</ele>
    <time>2026-01-14T23:49:40Z</time>
   </trkpt>
   <trkpt lat="40.7285210" lon="-74.0311390">
    <ele>1.6</ele>
    <time>2026-01-14T23:49:41Z</time>
   </trkpt>
   <trkpt lat="40.7284720" lon="-74.0311510">
    <ele>1.6</ele>
    <time>2026-01-14T23:49:42Z</time>
   </trkpt>
   <trkpt lat="40.7284070" lon="-74.0311770">
    <ele>1.6</ele>
    <time>2026-01-14T23:49:43Z</time>
   </trkpt>
   <trkpt lat="40.7283570" lon="-74.0311990">
    <ele>1.6</ele>
    <time>2026-01-14T23:49:44Z</time>
   </trkpt>
   <trkpt lat="40.7283040" lon="-74.0311870">
    <ele>1.6</ele>
    <time>2026-01-14T23:49:45Z</time>
   </trkpt>
   <trkpt lat="40.7282620" lon="-74.0311860">
    <ele>1.6</ele>
    <time>2026-01-14T23:49:46Z</time>
   </trkpt>
   <trkpt lat="40.7282140" lon="-74.0311900">
    <ele>1.6</ele>
    <time>2026-01-14T23:49:47Z</time>
   </trkpt>
   <trkpt lat="40.7281690" lon="-74.0311880">
    <ele>1.6</ele>
    <time>2026-01-14T23:49:48Z</time>
   </trkpt>
   <trkpt lat="40.7281500" lon="-74.0311870">
    <ele>1.7</ele>
    <time>2026-01-14T23:49:49Z</time>
   </trkpt>
   <trkpt lat="40.7281170" lon="-74.0311900">
    <ele>1.7</ele>
    <time>2026-01-14T23:49:50Z</time>
   </trkpt>
   <trkpt lat="40.7280810" lon="-74.0311930">
    <ele>1.7</ele>
    <time>2026-01-14T23:49:51Z</time>
   </trkpt>
   <trkpt lat="40.7280470" lon="-74.0311960">
    <ele>1.8</ele>
    <time>2026-01-14T23:49:52Z</time>
   </trkpt>
   <trkpt lat="40.7280280" lon="-74.0311460">
    <ele>1.8</ele>
    <time>2026-01-14T23:49:53Z</time>
   </trkpt>
   <trkpt lat="40.7280280" lon="-74.0311140">
    <ele>1.8</ele>
    <time>2026-01-14T23:49:54Z</time>
   </trkpt>
   <trkpt lat="40.7280140" lon="-74.0310550">
    <ele>1.8</ele>
    <time>2026-01-14T23:49:55Z</time>
   </trkpt>
   <trkpt lat="40.7279920" lon="-74.0310160">
    <ele>1.8</ele>
    <time>2026-01-14T23:49:56Z</time>
   </trkpt>
   <trkpt lat="40.7279830" lon="-74.0309590">
    <ele>1.9</ele>
    <time>2026-01-14T23:49:57Z</time>
   </trkpt>
   <trkpt lat="40.7279770" lon="-74.0308990">
    <ele>1.9</ele>
    <time>2026-01-14T23:49:58Z</time>
   </trkpt>
   <trkpt lat="40.7279620" lon="-74.0308430">
    <ele>1.9</ele>
    <time>2026-01-14T23:50:00Z</time>
   </trkpt>
   <trkpt lat="40.7279500" lon="-74.0307900">
    <ele>1.9</ele>
    <time>2026-01-14T23:50:01Z</time>
   </trkpt>
   <trkpt lat="40.7279320" lon="-74.0307340">
    <ele>2.0</ele>
    <time>2026-01-14T23:50:02Z</time>
   </trkpt>
   <trkpt lat="40.7279290" lon="-74.0306740">
    <ele>2.0</ele>
    <time>2026-01-14T23:50:03Z</time>
   </trkpt>
   <trkpt lat="40.7279270" lon="-74.0306240">
    <ele>2.0</ele>
    <time>2026-01-14T23:50:04Z</time>
   </trkpt>
   <trkpt lat="40.7279220" lon="-74.0305770">
    <ele>2.0</ele>
    <time>2026-01-14T23:50:05Z</time>
   </trkpt>
   <trkpt lat="40.7279160" lon="-74.0305360">
    <ele>2.1</ele>
    <time>2026-01-14T23:50:06Z</time>
   </trkpt>
   <trkpt lat="40.7279090" lon="-74.0304990">
    <ele>2.1</ele>
    <time>2026-01-14T23:50:07Z</time>
   </trkpt>
   <trkpt lat="40.7278910" lon="-74.0304620">
    <ele>2.1</ele>
    <time>2026-01-14T23:50:08Z</time>
   </trkpt>
   <trkpt lat="40.7278800" lon="-74.0304510">
    <ele>2.1</ele>
    <time>2026-01-14T23:50:09Z</time>
   </trkpt>
   <trkpt lat="40.7278480" lon="-74.0304310">
    <ele>2.1</ele>
    <time>2026-01-14T23:50:10Z</time>
   </trkpt>
   <trkpt lat="40.7278140" lon="-74.0304250">
    <ele>2.1</ele>
    <time>2026-01-14T23:50:11Z</time>
   </trkpt>
   <trkpt lat="40.7277800" lon="-74.0304320">
    <ele>2.0</ele>
    <time>2026-01-14T23:50:12Z</time>
   </trkpt>
   <trkpt lat="40.7277320" lon="-74.0304600">
    <ele>2.0</ele>
    <time>2026-01-14T23:50:13Z</time>
   </trkpt>
   <trkpt lat="40.7276810" lon="-74.0304860">
    <ele>2.0</ele>
    <time>2026-01-14T23:50:14Z</time>
   </trkpt>
   <trkpt lat="40.7276420" lon="-74.0304870">
    <ele>2.1</ele>
    <time>2026-01-14T23:50:15Z</time>
   </trkpt>
   <trkpt lat="40.7276060" lon="-74.0304820">
    <ele>2.1</ele>
    <time>2026-01-14T23:50:16Z</time>
   </trkpt>
   <trkpt lat="40.7275610" lon="-74.0304940">
    <ele>2.1</ele>
    <time>2026-01-14T23:50:17Z</time>
   </trkpt>
   <trkpt lat="40.7275080" lon="-74.0305200">
    <ele>2.1</ele>
    <time>2026-01-14T23:50:18Z</time>
   </trkpt>
   <trkpt lat="40.7274570" lon="-74.0305350">
    <ele>2.1</ele>
    <time>2026-01-14T23:50:19Z</time>
   </trkpt>
   <trkpt lat="40.7274030" lon="-74.0305540">
    <ele>2.1</ele>
    <time>2026-01-14T23:50:20Z</time>
   </trkpt>
   <trkpt lat="40.7273530" lon="-74.0305680">
    <ele>2.1</ele>
    <time>2026-01-14T23:50:21Z</time>
   </trkpt>
   <trkpt lat="40.7273180" lon="-74.0305960">
    <ele>2.2</ele>
    <time>2026-01-14T23:50:22Z</time>
   </trkpt>
   <trkpt lat="40.7272710" lon="-74.0305990">
    <ele>2.2</ele>
    <time>2026-01-14T23:50:23Z</time>
   </trkpt>
   <trkpt lat="40.7272280" lon="-74.0306030">
    <ele>2.2</ele>
    <time>2026-01-14T23:50:24Z</time>
   </trkpt>
   <trkpt lat="40.7271810" lon="-74.0306080">
    <ele>2.2</ele>
    <time>2026-01-14T23:50:25Z</time>
   </trkpt>
   <trkpt lat="40.7271410" lon="-74.0306150">
    <ele>2.2</ele>
    <time>2026-01-14T23:50:26Z</time>
   </trkpt>
   <trkpt lat="40.7270930" lon="-74.0306070">
    <ele>2.2</ele>
    <time>2026-01-14T23:50:27Z</time>
   </trkpt>
   <trkpt lat="40.7270030" lon="-74.0305920">
    <ele>2.2</ele>
    <time>2026-01-14T23:50:28Z</time>
   </trkpt>
   <trkpt lat="40.7269490" lon="-74.0305850">
    <ele>2.2</ele>
    <time>2026-01-14T23:50:29Z</time>
   </trkpt>
   <trkpt lat="40.7268970" lon="-74.0305670">
    <ele>2.2</ele>
    <time>2026-01-14T23:50:30Z</time>
   </trkpt>
   <trkpt lat="40.7268480" lon="-74.0305430">
    <ele>2.2</ele>
    <time>2026-01-14T23:50:31Z</time>
   </trkpt>
   <trkpt lat="40.7268490" lon="-74.0305010">
    <ele>2.2</ele>
    <time>2026-01-14T23:50:32Z</time>
   </trkpt>
   <trkpt lat="40.7268410" lon="-74.0304810">
    <ele>2.2</ele>
    <time>2026-01-14T23:50:33Z</time>
   </trkpt>
   <trkpt lat="40.7267830" lon="-74.0304490">
    <ele>2.1</ele>
    <time>2026-01-14T23:50:34Z</time>
   </trkpt>
   <trkpt lat="40.7267460" lon="-74.0304320">
    <ele>2.1</ele>
    <time>2026-01-14T23:50:35Z</time>
   </trkpt>
   <trkpt lat="40.7267180" lon="-74.0304130">
    <ele>2.1</ele>
    <time>2026-01-14T23:50:36Z</time>
   </trkpt>
   <trkpt lat="40.7267050" lon="-74.0303900">
    <ele>2.1</ele>
    <time>2026-01-14T23:50:37Z</time>
   </trkpt>
   <trkpt lat="40.7266680" lon="-74.0303650">
    <ele>2.1</ele>
    <time>2026-01-14T23:50:38Z</time>
   </trkpt>
   <trkpt lat="40.7266360" lon="-74.0303470">
    <ele>2.1</ele>
    <time>2026-01-14T23:50:39Z</time>
   </trkpt>
   <trkpt lat="40.7265860" lon="-74.0303040">
    <ele>2.1</ele>
    <time>2026-01-14T23:50:40Z</time>
   </trkpt>
   <trkpt lat="40.7265280" lon="-74.0302640">
    <ele>2.1</ele>
    <time>2026-01-14T23:50:41Z</time>
   </trkpt>
   <trkpt lat="40.7264880" lon="-74.0302390">
    <ele>2.1</ele>
    <time>2026-01-14T23:50:42Z</time>
   </trkpt>
   <trkpt lat="40.7264350" lon="-74.0302610">
    <ele>2.1</ele>
    <time>2026-01-14T23:50:43Z</time>
   </trkpt>
   <trkpt lat="40.7263950" lon="-74.0302930">
    <ele>2.1</ele>
    <time>2026-01-14T23:50:44Z</time>
   </trkpt>
   <trkpt lat="40.7263840" lon="-74.0303400">
    <ele>2.1</ele>
    <time>2026-01-14T23:50:45Z</time>
   </trkpt>
   <trkpt lat="40.7263460" lon="-74.0303740">
    <ele>2.1</ele>
    <time>2026-01-14T23:50:46Z</time>
   </trkpt>
   <trkpt lat="40.7263140" lon="-74.0304110">
    <ele>2.1</ele>
    <time>2026-01-14T23:50:47Z</time>
   </trkpt>
   <trkpt lat="40.7262960" lon="-74.0304630">
    <ele>2.0</ele>
    <time>2026-01-14T23:50:48Z</time>
   </trkpt>
   <trkpt lat="40.7262860" lon="-74.0305110">
    <ele>2.0</ele>
    <time>2026-01-14T23:50:49Z</time>
   </trkpt>
   <trkpt lat="40.7262760" lon="-74.0305610">
    <ele>1.9</ele>
    <time>2026-01-14T23:50:50Z</time>
   </trkpt>
   <trkpt lat="40.7262730" lon="-74.0306040">
    <ele>1.9</ele>
    <time>2026-01-14T23:50:51Z</time>
   </trkpt>
   <trkpt lat="40.7262790" lon="-74.0306560">
    <ele>1.9</ele>
    <time>2026-01-14T23:50:52Z</time>
   </trkpt>
   <trkpt lat="40.7262840" lon="-74.0307090">
    <ele>1.9</ele>
    <time>2026-01-14T23:50:53Z</time>
   </trkpt>
   <trkpt lat="40.7262990" lon="-74.0307660">
    <ele>1.9</ele>
    <time>2026-01-14T23:50:54Z</time>
   </trkpt>
   <trkpt lat="40.7263100" lon="-74.0308330">
    <ele>1.9</ele>
    <time>2026-01-14T23:50:55Z</time>
   </trkpt>
   <trkpt lat="40.7263110" lon="-74.0309010">
    <ele>1.9</ele>
    <time>2026-01-14T23:50:56Z</time>
   </trkpt>
   <trkpt lat="40.7263120" lon="-74.0309630">
    <ele>1.8</ele>
    <time>2026-01-14T23:50:57Z</time>
   </trkpt>
   <trkpt lat="40.7263120" lon="-74.0310230">
    <ele>1.8</ele>
    <time>2026-01-14T23:50:58Z</time>
   </trkpt>
   <trkpt lat="40.7263170" lon="-74.0310740">
    <ele>1.8</ele>
    <time>2026-01-14T23:50:59Z</time>
   </trkpt>
   <trkpt lat="40.7263190" lon="-74.0311420">
    <ele>1.8</ele>
    <time>2026-01-14T23:51:00Z</time>
   </trkpt>
   <trkpt lat="40.7263200" lon="-74.0312120">
    <ele>1.8</ele>
    <time>2026-01-14T23:51:01Z</time>
   </trkpt>
   <trkpt lat="40.7263290" lon="-74.0312760">
    <ele>1.8</ele>
    <time>2026-01-14T23:51:02Z</time>
   </trkpt>
   <trkpt lat="40.7263530" lon="-74.0313590">
    <ele>1.8</ele>
    <time>2026-01-14T23:51:03Z</time>
   </trkpt>
   <trkpt lat="40.7263570" lon="-74.0314270">
    <ele>1.8</ele>
    <time>2026-01-14T23:51:04Z</time>
   </trkpt>
   <trkpt lat="40.7263470" lon="-74.0314880">
    <ele>1.8</ele>
    <time>2026-01-14T23:51:05Z</time>
   </trkpt>
   <trkpt lat="40.7263500" lon="-74.0315500">
    <ele>1.8</ele>
    <time>2026-01-14T23:51:06Z</time>
   </trkpt>
   <trkpt lat="40.7263500" lon="-74.0316030">
    <ele>1.8</ele>
    <time>2026-01-14T23:51:07Z</time>
   </trkpt>
   <trkpt lat="40.7263540" lon="-74.0316750">
    <ele>1.8</ele>
    <time>2026-01-14T23:51:08Z</time>
   </trkpt>
   <trkpt lat="40.7263490" lon="-74.0317330">
    <ele>1.8</ele>
    <time>2026-01-14T23:51:09Z</time>
   </trkpt>
   <trkpt lat="40.7263400" lon="-74.0317830">
    <ele>1.8</ele>
    <time>2026-01-14T23:51:10Z</time>
   </trkpt>
   <trkpt lat="40.7263420" lon="-74.0318490">
    <ele>1.9</ele>
    <time>2026-01-14T23:51:11Z</time>
   </trkpt>
   <trkpt lat="40.7263240" lon="-74.0319040">
    <ele>1.9</ele>
    <time>2026-01-14T23:51:12Z</time>
   </trkpt>
   <trkpt lat="40.7262970" lon="-74.0319540">
    <ele>1.9</ele>
    <time>2026-01-14T23:51:13Z</time>
   </trkpt>
   <trkpt lat="40.7262690" lon="-74.0319950">
    <ele>1.9</ele>
    <time>2026-01-14T23:51:14Z</time>
   </trkpt>
   <trkpt lat="40.7262380" lon="-74.0320360">
    <ele>1.9</ele>
    <time>2026-01-14T23:51:15Z</time>
   </trkpt>
   <trkpt lat="40.7262200" lon="-74.0320860">
    <ele>1.9</ele>
    <time>2026-01-14T23:51:16Z</time>
   </trkpt>
   <trkpt lat="40.7262170" lon="-74.0321360">
    <ele>1.9</ele>
    <time>2026-01-14T23:51:17Z</time>
   </trkpt>
   <trkpt lat="40.7262300" lon="-74.0321760">
    <ele>1.9</ele>
    <time>2026-01-14T23:51:18Z</time>
   </trkpt>
   <trkpt lat="40.7262370" lon="-74.0321890">
    <ele>2.0</ele>
    <time>2026-01-14T23:51:19Z</time>
   </trkpt>
   <trkpt lat="40.7262530" lon="-74.0322220">
    <ele>2.0</ele>
    <time>2026-01-14T23:51:20Z</time>
   </trkpt>
   <trkpt lat="40.7262440" lon="-74.0322630">
    <ele>2.0</ele>
    <time>2026-01-14T23:51:21Z</time>
   </trkpt>
   <trkpt lat="40.7262650" lon="-74.0322900">
    <ele>2.0</ele>
    <time>2026-01-14T23:51:22Z</time>
   </trkpt>
   <trkpt lat="40.7263090" lon="-74.0323080">
    <ele>2.1</ele>
    <time>2026-01-14T23:51:23Z</time>
   </trkpt>
   <trkpt lat="40.7263380" lon="-74.0323250">
    <ele>2.2</ele>
    <time>2026-01-14T23:51:24Z</time>
   </trkpt>
   <trkpt lat="40.7263760" lon="-74.0323470">
    <ele>2.3</ele>
    <time>2026-01-14T23:51:25Z</time>
   </trkpt>
   <trkpt lat="40.7264080" lon="-74.0323730">
    <ele>2.4</ele>
    <time>2026-01-14T23:51:26Z</time>
   </trkpt>
   <trkpt lat="40.7264460" lon="-74.0324040">
    <ele>2.4</ele>
    <time>2026-01-14T23:51:27Z</time>
   </trkpt>
   <trkpt lat="40.7264740" lon="-74.0324420">
    <ele>2.5</ele>
    <time>2026-01-14T23:51:28Z</time>
   </trkpt>
   <trkpt lat="40.7264860" lon="-74.0324810">
    <ele>2.5</ele>
    <time>2026-01-14T23:51:29Z</time>
   </trkpt>
   <trkpt lat="40.7265040" lon="-74.0325110">
    <ele>2.6</ele>
    <time>2026-01-14T23:51:30Z</time>
   </trkpt>
   <trkpt lat="40.7265300" lon="-74.0325320">
    <ele>2.6</ele>
    <time>2026-01-14T23:51:31Z</time>
   </trkpt>
   <trkpt lat="40.7265480" lon="-74.0325660">
    <ele>2.7</ele>
    <time>2026-01-14T23:51:32Z</time>
   </trkpt>
   <trkpt lat="40.7265730" lon="-74.0325860">
    <ele>2.7</ele>
    <time>2026-01-14T23:51:33Z</time>
   </trkpt>
   <trkpt lat="40.7265960" lon="-74.0326240">
    <ele>2.7</ele>
    <time>2026-01-14T23:51:34Z</time>
   </trkpt>
   <trkpt lat="40.7266000" lon="-74.0326700">
    <ele>2.7</ele>
    <time>2026-01-14T23:51:35Z</time>
   </trkpt>
   <trkpt lat="40.7266000" lon="-74.0327200">
    <ele>2.7</ele>
    <time>2026-01-14T23:51:36Z</time>
   </trkpt>
   <trkpt lat="40.7265990" lon="-74.0327350">
    <ele>2.7</ele>
    <time>2026-01-14T23:51:37Z</time>
   </trkpt>
   <trkpt lat="40.7266160" lon="-74.0327710">
    <ele>2.7</ele>
    <time>2026-01-14T23:51:38Z</time>
   </trkpt>
   <trkpt lat="40.7266510" lon="-74.0327860">
    <ele>2.7</ele>
    <time>2026-01-14T23:51:39Z</time>
   </trkpt>
   <trkpt lat="40.7266720" lon="-74.0328080">
    <ele>2.7</ele>
    <time>2026-01-14T23:51:40Z</time>
   </trkpt>
   <trkpt lat="40.7266750" lon="-74.0328570">
    <ele>2.7</ele>
    <time>2026-01-14T23:51:41Z</time>
   </trkpt>
   <trkpt lat="40.7266670" lon="-74.0329030">
    <ele>2.7</ele>
    <time>2026-01-14T23:51:42Z</time>
   </trkpt>
   <trkpt lat="40.7266640" lon="-74.0329600">
    <ele>2.7</ele>
    <time>2026-01-14T23:51:43Z</time>
   </trkpt>
   <trkpt lat="40.7266740" lon="-74.0330130">
    <ele>2.7</ele>
    <time>2026-01-14T23:51:44Z</time>
   </trkpt>
   <trkpt lat="40.7266820" lon="-74.0330670">
    <ele>2.7</ele>
    <time>2026-01-14T23:51:45Z</time>
   </trkpt>
   <trkpt lat="40.7267000" lon="-74.0331240">
    <ele>2.7</ele>
    <time>2026-01-14T23:51:46Z</time>
   </trkpt>
   <trkpt lat="40.7267090" lon="-74.0331810">
    <ele>2.7</ele>
    <time>2026-01-14T23:51:47Z</time>
   </trkpt>
   <trkpt lat="40.7267120" lon="-74.0332300">
    <ele>2.8</ele>
    <time>2026-01-14T23:51:48Z</time>
   </trkpt>
   <trkpt lat="40.7267060" lon="-74.0332770">
    <ele>2.8</ele>
    <time>2026-01-14T23:51:49Z</time>
   </trkpt>
   <trkpt lat="40.7267070" lon="-74.0333300">
    <ele>2.8</ele>
    <time>2026-01-14T23:51:50Z</time>
   </trkpt>
   <trkpt lat="40.7267110" lon="-74.0333760">
    <ele>2.8</ele>
    <time>2026-01-14T23:51:51Z</time>
   </trkpt>
   <trkpt lat="40.7267220" lon="-74.0334160">
    <ele>2.8</ele>
    <time>2026-01-14T23:51:52Z</time>
   </trkpt>
   <trkpt lat="40.7267320" lon="-74.0334620">
    <ele>2.8</ele>
    <time>2026-01-14T23:51:53Z</time>
   </trkpt>
   <trkpt lat="40.7267180" lon="-74.0335240">
    <ele>2.8</ele>
    <time>2026-01-14T23:51:54Z</time>
   </trkpt>
   <trkpt lat="40.7267160" lon="-74.0335940">
    <ele>2.8</ele>
    <time>2026-01-14T23:51:55Z</time>
   </trkpt>
   <trkpt lat="40.7267230" lon="-74.0336670">
    <ele>2.8</ele>
    <time>2026-01-14T23:51:56Z</time>
   </trkpt>
   <trkpt lat="40.7267190" lon="-74.0337450">
    <ele>2.9</ele>
    <time>2026-01-14T23:51:57Z</time>
   </trkpt>
   <trkpt lat="40.7267240" lon="-74.0338330">
    <ele>2.9</ele>
    <time>2026-01-14T23:51:58Z</time>
   </trkpt>
   <trkpt lat="40.7267340" lon="-74.0339090">
    <ele>3.0</ele>
    <time>2026-01-14T23:51:59Z</time>
   </trkpt>
   <trkpt lat="40.7267580" lon="-74.0339640">
    <ele>3.0</ele>
    <time>2026-01-14T23:52:00Z</time>
   </trkpt>
   <trkpt lat="40.7267650" lon="-74.0340390">
    <ele>3.0</ele>
    <time>2026-01-14T23:52:01Z</time>
   </trkpt>
   <trkpt lat="40.7267580" lon="-74.0341120">
    <ele>3.1</ele>
    <time>2026-01-14T23:52:02Z</time>
   </trkpt>
   <trkpt lat="40.7267650" lon="-74.0341960">
    <ele>3.1</ele>
    <time>2026-01-14T23:52:03Z</time>
   </trkpt>
   <trkpt lat="40.7267590" lon="-74.0342610">
    <ele>3.1</ele>
    <time>2026-01-14T23:52:04Z</time>
   </trkpt>
   <trkpt lat="40.7267510" lon="-74.0343240">
    <ele>3.2</ele>
    <time>2026-01-14T23:52:06Z</time>
   </trkpt>
   <trkpt lat="40.7267510" lon="-74.0343870">
    <ele>3.2</ele>
    <time>2026-01-14T23:52:07Z</time>
   </trkpt>
   <trkpt lat="40.7267490" lon="-74.0344500">
    <ele>3.2</ele>
    <time>2026-01-14T23:52:08Z</time>
   </trkpt>
   <trkpt lat="40.7267460" lon="-74.0345170">
    <ele>3.1</ele>
    <time>2026-01-14T23:52:09Z</time>
   </trkpt>
   <trkpt lat="40.7267350" lon="-74.0345500">
    <ele>3.1</ele>
    <time>2026-01-14T23:52:10Z</time>
   </trkpt>
   <trkpt lat="40.7267030" lon="-74.0345650">
    <ele>3.0</ele>
    <time>2026-01-14T23:52:11Z</time>
   </trkpt>
   <trkpt lat="40.7266810" lon="-74.0346000">
    <ele>3.0</ele>
    <time>2026-01-14T23:52:12Z</time>
   </trkpt>
   <trkpt lat="40.7266500" lon="-74.0346200">
    <ele>3.0</ele>
    <time>2026-01-14T23:52:13Z</time>
   </trkpt>
   <trkpt lat="40.7266050" lon="-74.0346270">
    <ele>3.0</ele>
    <time>2026-01-14T23:52:14Z</time>
   </trkpt>
   <trkpt lat="40.7265870" lon="-74.0346340">
    <ele>3.0</ele>
    <time>2026-01-14T23:52:15Z</time>
   </trkpt>
   <trkpt lat="40.7265540" lon="-74.0346740">
    <ele>2.9</ele>
    <time>2026-01-14T23:52:16Z</time>
   </trkpt>
   <trkpt lat="40.7265280" lon="-74.0346860">
    <ele>2.9</ele>
    <time>2026-01-14T23:52:17Z</time>
   </trkpt>
   <trkpt lat="40.7264810" lon="-74.0346940">
    <ele>2.9</ele>
    <time>2026-01-14T23:52:18Z</time>
   </trkpt>
   <trkpt lat="40.7264560" lon="-74.0346930">
    <ele>2.9</ele>
    <time>2026-01-14T23:52:19Z</time>
   </trkpt>
   <trkpt lat="40.7264250" lon="-74.0346940">
    <ele>2.9</ele>
    <time>2026-01-14T23:52:20Z</time>
   </trkpt>
   <trkpt lat="40.7263900" lon="-74.0347060">
    <ele>2.9</ele>
    <time>2026-01-14T23:52:21Z</time>
   </trkpt>
   <trkpt lat="40.7263650" lon="-74.0347350">
    <ele>2.9</ele>
    <time>2026-01-14T23:52:22Z</time>
   </trkpt>
   <trkpt lat="40.7263260" lon="-74.0347370">
    <ele>2.9</ele>
    <time>2026-01-14T23:52:23Z</time>
   </trkpt>
   <trkpt lat="40.7262890" lon="-74.0347520">
    <ele>2.9</ele>
    <time>2026-01-14T23:52:24Z</time>
   </trkpt>
   <trkpt lat="40.7262620" lon="-74.0347740">
    <ele>2.9</ele>
    <time>2026-01-14T23:52:25Z</time>
   </trkpt>
   <trkpt lat="40.7262380" lon="-74.0348100">
    <ele>2.8</ele>
    <time>2026-01-14T23:52:26Z</time>
   </trkpt>
   <trkpt lat="40.7262240" lon="-74.0348190">
    <ele>2.8</ele>
    <time>2026-01-14T23:52:27Z</time>
   </trkpt>
   <trkpt lat="40.7261970" lon="-74.0348260">
    <ele>2.8</ele>
    <time>2026-01-14T23:52:28Z</time>
   </trkpt>
   <trkpt lat="40.7261700" lon="-74.0348430">
    <ele>2.8</ele>
    <time>2026-01-14T23:52:29Z</time>
   </trkpt>
   <trkpt lat="40.7261330" lon="-74.0348690">
    <ele>2.8</ele>
    <time>2026-01-14T23:52:30Z</time>
   </trkpt>
   <trkpt lat="40.7260880" lon="-74.0348920">
    <ele>2.8</ele>
    <time>2026-01-14T23:52:31Z</time>
   </trkpt>
   <trkpt lat="40.7260530" lon="-74.0348830">
    <ele>2.8</ele>
    <time>2026-01-14T23:52:32Z</time>
   </trkpt>
   <trkpt lat="40.7260210" lon="-74.0348700">
    <ele>2.8</ele>
    <time>2026-01-14T23:52:33Z</time>
   </trkpt>
   <trkpt lat="40.7259870" lon="-74.0348680">
    <ele>2.8</ele>
    <time>2026-01-14T23:52:34Z</time>
   </trkpt>
   <trkpt lat="40.7259530" lon="-74.0348620">
    <ele>2.9</ele>
    <time>2026-01-14T23:52:35Z</time>
   </trkpt>
   <trkpt lat="40.7259240" lon="-74.0348390">
    <ele>2.9</ele>
    <time>2026-01-14T23:52:36Z</time>
   </trkpt>
   <trkpt lat="40.7258930" lon="-74.0348220">
    <ele>2.9</ele>
    <time>2026-01-14T23:52:37Z</time>
   </trkpt>
   <trkpt lat="40.7258780" lon="-74.0348170">
    <ele>2.9</ele>
    <time>2026-01-14T23:52:38Z</time>
   </trkpt>
   <trkpt lat="40.7258500" lon="-74.0348040">
    <ele>2.9</ele>
    <time>2026-01-14T23:52:39Z</time>
   </trkpt>
   <trkpt lat="40.7258270" lon="-74.0347780">
    <ele>2.8</ele>
    <time>2026-01-14T23:52:40Z</time>
   </trkpt>
   <trkpt lat="40.7257990" lon="-74.0347460">
    <ele>2.8</ele>
    <time>2026-01-14T23:52:41Z</time>
   </trkpt>
   <trkpt lat="40.7257630" lon="-74.0347120">
    <ele>2.7</ele>
    <time>2026-01-14T23:52:42Z</time>
   </trkpt>
   <trkpt lat="40.7257270" lon="-74.0346890">
    <ele>2.7</ele>
    <time>2026-01-14T23:52:43Z</time>
   </trkpt>
   <trkpt lat="40.7256880" lon="-74.0346660">
    <ele>2.6</ele>
    <time>2026-01-14T23:52:44Z</time>
   </trkpt>
   <trkpt lat="40.7256450" lon="-74.0346550">
    <ele>2.6</ele>
    <time>2026-01-14T23:52:45Z</time>
   </trkpt>
   <trkpt lat="40.7255950" lon="-74.0346300">
    <ele>2.6</ele>
    <time>2026-01-14T23:52:46Z</time>
   </trkpt>
   <trkpt lat="40.7255390" lon="-74.0346490">
    <ele>2.6</ele>
    <time>2026-01-14T23:52:47Z</time>
   </trkpt>
   <trkpt lat="40.7254920" lon="-74.0346620">
    <ele>2.6</ele>
    <time>2026-01-14T23:52:48Z</time>
   </trkpt>
   <trkpt lat="40.7254490" lon="-74.0346720">
    <ele>2.6</ele>
    <time>2026-01-14T23:52:49Z</time>
   </trkpt>
   <trkpt lat="40.7254080" lon="-74.0346850">
    <ele>2.6</ele>
    <time>2026-01-14T23:52:50Z</time>
   </trkpt>
   <trkpt lat="40.7253700" lon="-74.0346960">
    <ele>2.6</ele>
    <time>2026-01-14T23:52:51Z</time>
   </trkpt>
   <trkpt lat="40.7253340" lon="-74.0346930">
    <ele>2.6</ele>
    <time>2026-01-14T23:52:52Z</time>
   </trkpt>
   <trkpt lat="40.7252950" lon="-74.0346910">
    <ele>2.6</ele>
    <time>2026-01-14T23:52:53Z</time>
   </trkpt>
   <trkpt lat="40.7252640" lon="-74.0346640">
    <ele>2.6</ele>
    <time>2026-01-14T23:52:54Z</time>
   </trkpt>
   <trkpt lat="40.7252840" lon="-74.0346180">
    <ele>2.6</ele>
    <time>2026-01-14T23:52:55Z</time>
   </trkpt>
   <trkpt lat="40.7252850" lon="-74.0345390">
    <ele>2.6</ele>
    <time>2026-01-14T23:52:56Z</time>
   </trkpt>
   <trkpt lat="40.7252660" lon="-74.0344730">
    <ele>2.6</ele>
    <time>2026-01-14T23:52:57Z</time>
   </trkpt>
   <trkpt lat="40.7252550" lon="-74.0344200">
    <ele>2.5</ele>
    <time>2026-01-14T23:52:58Z</time>
   </trkpt>
   <trkpt lat="40.7252370" lon="-74.0343840">
    <ele>2.5</ele>
    <time>2026-01-14T23:52:59Z</time>
   </trkpt>
   <trkpt lat="40.7252190" lon="-74.0343340">
    <ele>2.5</ele>
    <time>2026-01-14T23:53:00Z</time>
   </trkpt>
   <trkpt lat="40.7252230" lon="-74.0342570">
    <ele>2.6</ele>
    <time>2026-01-14T23:53:01Z</time>
   </trkpt>
   <trkpt lat="40.7252190" lon="-74.0341870">
    <ele>2.6</ele>
    <time>2026-01-14T23:53:02Z</time>
   </trkpt>
   <trkpt lat="40.7252160" lon="-74.0341230">
    <ele>2.6</ele>
    <time>2026-01-14T23:53:03Z</time>
   </trkpt>
   <trkpt lat="40.7252030" lon="-74.0340680">
    <ele>2.6</ele>
    <time>2026-01-14T23:53:04Z</time>
   </trkpt>
   <trkpt lat="40.7251930" lon="-74.0340110">
    <ele>2.6</ele>
    <time>2026-01-14T23:53:05Z</time>
   </trkpt>
   <trkpt lat="40.7251800" lon="-74.0339700">
    <ele>2.6</ele>
    <time>2026-01-14T23:53:06Z</time>
   </trkpt>
   <trkpt lat="40.7251830" lon="-74.0339170">
    <ele>2.6</ele>
    <time>2026-01-14T23:53:07Z</time>
   </trkpt>
   <trkpt lat="40.7251690" lon="-74.0338780">
    <ele>2.6</ele>
    <time>2026-01-14T23:53:08Z</time>
   </trkpt>
   <trkpt lat="40.7251390" lon="-74.0338730">
    <ele>2.6</ele>
    <time>2026-01-14T23:53:09Z</time>
   </trkpt>
   <trkpt lat="40.7251010" lon="-74.0338800">
    <ele>2.6</ele>
    <time>2026-01-14T23:53:10Z</time>
   </trkpt>
   <trkpt lat="40.7250600" lon="-74.0339000">
    <ele>2.6</ele>
    <time>2026-01-14T23:53:11Z</time>
   </trkpt>
   <trkpt lat="40.7250160" lon="-74.0339160">
    <ele>2.6</ele>
    <time>2026-01-14T23:53:12Z</time>
   </trkpt>
   <trkpt lat="40.7249670" lon="-74.0339390">
    <ele>2.6</ele>
    <time>2026-01-14T23:53:13Z</time>
   </trkpt>
   <trkpt lat="40.7249210" lon="-74.0339380">
    <ele>2.6</ele>
    <time>2026-01-14T23:53:14Z</time>
   </trkpt>
   <trkpt lat="40.7248700" lon="-74.0339390">
    <ele>2.7</ele>
    <time>2026-01-14T23:53:15Z</time>
   </trkpt>
   <trkpt lat="40.7248220" lon="-74.0339500">
    <ele>2.7</ele>
    <time>2026-01-14T23:53:16Z</time>
   </trkpt>
   <trkpt lat="40.7247700" lon="-74.0339530">
    <ele>2.7</ele>
    <time>2026-01-14T23:53:17Z</time>
   </trkpt>
   <trkpt lat="40.7247260" lon="-74.0339660">
    <ele>2.7</ele>
    <time>2026-01-14T23:53:18Z</time>
   </trkpt>
   <trkpt lat="40.7246780" lon="-74.0339900">
    <ele>2.7</ele>
    <time>2026-01-14T23:53:19Z</time>
   </trkpt>
   <trkpt lat="40.7246250" lon="-74.0339920">
    <ele>2.7</ele>
    <time>2026-01-14T23:53:20Z</time>
   </trkpt>
   <trkpt lat="40.7245800" lon="-74.0340040">
    <ele>2.8</ele>
    <time>2026-01-14T23:53:21Z</time>
   </trkpt>
   <trkpt lat="40.7245330" lon="-74.0340150">
    <ele>2.8</ele>
    <time>2026-01-14T23:53:22Z</time>
   </trkpt>
   <trkpt lat="40.7244870" lon="-74.0340290">
    <ele>2.8</ele>
    <time>2026-01-14T23:53:23Z</time>
   </trkpt>
   <trkpt lat="40.7244580" lon="-74.0340360">
    <ele>2.7</ele>
    <time>2026-01-14T23:53:24Z</time>
   </trkpt>
   <trkpt lat="40.7244310" lon="-74.0340490">
    <ele>2.7</ele>
    <time>2026-01-14T23:53:25Z</time>
   </trkpt>
   <trkpt lat="40.7243990" lon="-74.0340750">
    <ele>2.7</ele>
    <time>2026-01-14T23:53:26Z</time>
   </trkpt>
   <trkpt lat="40.7243700" lon="-74.0340880">
    <ele>2.7</ele>
    <time>2026-01-14T23:53:27Z</time>
   </trkpt>
   <trkpt lat="40.7243140" lon="-74.0340930">
    <ele>2.7</ele>
    <time>2026-01-14T23:53:28Z</time>
   </trkpt>
   <trkpt lat="40.7242740" lon="-74.0340990">
    <ele>2.7</ele>
    <time>2026-01-14T23:53:29Z</time>
   </trkpt>
   <trkpt lat="40.7242260" lon="-74.0341210">
    <ele>2.7</ele>
    <time>2026-01-14T23:53:30Z</time>
   </trkpt>
   <trkpt lat="40.7241910" lon="-74.0341390">
    <ele>2.7</ele>
    <time>2026-01-14T23:53:31Z</time>
   </trkpt>
   <trkpt lat="40.7241600" lon="-74.0341400">
    <ele>2.8</ele>
    <time>2026-01-14T23:53:32Z</time>
   </trkpt>
   <trkpt lat="40.7241330" lon="-74.0341270">
    <ele>2.8</ele>
    <time>2026-01-14T23:53:33Z</time>
   </trkpt>
   <trkpt lat="40.7240850" lon="-74.0341370">
    <ele>2.8</ele>
    <time>2026-01-14T23:53:34Z</time>
   </trkpt>
   <trkpt lat="40.7240410" lon="-74.0341300">
    <ele>2.8</ele>
    <time>2026-01-14T23:53:35Z</time>
   </trkpt>
   <trkpt lat="40.7240140" lon="-74.0341090">
    <ele>2.7</ele>
    <time>2026-01-14T23:53:36Z</time>
   </trkpt>
   <trkpt lat="40.7240030" lon="-74.0340440">
    <ele>2.7</ele>
    <time>2026-01-14T23:53:37Z</time>
   </trkpt>
   <trkpt lat="40.7239990" lon="-74.0339980">
    <ele>2.7</ele>
    <time>2026-01-14T23:53:38Z</time>
   </trkpt>
   <trkpt lat="40.7239800" lon="-74.0339530">
    <ele>2.6</ele>
    <time>2026-01-14T23:53:39Z</time>
   </trkpt>
   <trkpt lat="40.7239570" lon="-74.0339330">
    <ele>2.6</ele>
    <time>2026-01-14T23:53:40Z</time>
   </trkpt>
   <trkpt lat="40.7239130" lon="-74.0339340">
    <ele>2.6</ele>
    <time>2026-01-14T23:53:41Z</time>
   </trkpt>
   <trkpt lat="40.7238730" lon="-74.0339590">
    <ele>2.6</ele>
    <time>2026-01-14T23:53:42Z</time>
   </trkpt>
   <trkpt lat="40.7238290" lon="-74.0339610">
    <ele>2.5</ele>
    <time>2026-01-14T23:53:43Z</time>
   </trkpt>
   <trkpt lat="40.7237890" lon="-74.0339640">
    <ele>2.5</ele>
    <time>2026-01-14T23:53:44Z</time>
   </trkpt>
   <trkpt lat="40.7237450" lon="-74.0339620">
    <ele>2.5</ele>
    <time>2026-01-14T23:53:45Z</time>
   </trkpt>
   <trkpt lat="40.7237020" lon="-74.0339670">
    <ele>2.5</ele>
    <time>2026-01-14T23:53:46Z</time>
   </trkpt>
   <trkpt lat="40.7236690" lon="-74.0339750">
    <ele>2.5</ele>
    <time>2026-01-14T23:53:47Z</time>
   </trkpt>
   <trkpt lat="40.7236400" lon="-74.0339690">
    <ele>2.5</ele>
    <time>2026-01-14T23:53:48Z</time>
   </trkpt>
   <trkpt lat="40.7235980" lon="-74.0339630">
    <ele>2.5</ele>
    <time>2026-01-14T23:53:49Z</time>
   </trkpt>
   <trkpt lat="40.7235650" lon="-74.0339940">
    <ele>2.4</ele>
    <time>2026-01-14T23:53:50Z</time>
   </trkpt>
   <trkpt lat="40.7235290" lon="-74.0340190">
    <ele>2.4</ele>
    <time>2026-01-14T23:53:51Z</time>
   </trkpt>
   <trkpt lat="40.7234980" lon="-74.0340400">
    <ele>2.4</ele>
    <time>2026-01-14T23:53:52Z</time>
   </trkpt>
   <trkpt lat="40.7234640" lon="-74.0340510">
    <ele>2.4</ele>
    <time>2026-01-14T23:53:53Z</time>
   </trkpt>
   <trkpt lat="40.7234260" lon="-74.0340550">
    <ele>2.4</ele>
    <time>2026-01-14T23:53:54Z</time>
   </trkpt>
   <trkpt lat="40.7233860" lon="-74.0340620">
    <ele>2.3</ele>
    <time>2026-01-14T23:53:55Z</time>
   </trkpt>
   <trkpt lat="40.7233500" lon="-74.0340560">
    <ele>2.3</ele>
    <time>2026-01-14T23:53:56Z</time>
   </trkpt>
   <trkpt lat="40.7233180" lon="-74.0340560">
    <ele>2.3</ele>
    <time>2026-01-14T23:53:57Z</time>
   </trkpt>
   <trkpt lat="40.7232890" lon="-74.0340640">
    <ele>2.3</ele>
    <time>2026-01-14T23:53:58Z</time>
   </trkpt>
   <trkpt lat="40.7232510" lon="-74.0340870">
    <ele>2.3</ele>
    <time>2026-01-14T23:53:59Z</time>
   </trkpt>
   <trkpt lat="40.7232190" lon="-74.0340990">
    <ele>2.3</ele>
    <time>2026-01-14T23:54:00Z</time>
   </trkpt>
   <trkpt lat="40.7231890" lon="-74.0341030">
    <ele>2.4</ele>
    <time>2026-01-14T23:54:01Z</time>
   </trkpt>
   <trkpt lat="40.7231500" lon="-74.0341020">
    <ele>2.4</ele>
    <time>2026-01-14T23:54:02Z</time>
   </trkpt>
   <trkpt lat="40.7231150" lon="-74.0341180">
    <ele>2.4</ele>
    <time>2026-01-14T23:54:03Z</time>
   </trkpt>
   <trkpt lat="40.7230780" lon="-74.0341350">
    <ele>2.4</ele>
    <time>2026-01-14T23:54:04Z</time>
   </trkpt>
   <trkpt lat="40.7230400" lon="-74.0341290">
    <ele>2.4</ele>
    <time>2026-01-14T23:54:05Z</time>
   </trkpt>
   <trkpt lat="40.7230040" lon="-74.0341150">
    <ele>2.4</ele>
    <time>2026-01-14T23:54:06Z</time>
   </trkpt>
   <trkpt lat="40.7229490" lon="-74.0340960">
    <ele>2.4</ele>
    <time>2026-01-14T23:54:07Z</time>
   </trkpt>
   <trkpt lat="40.7228960" lon="-74.0340900">
    <ele>2.4</ele>
    <time>2026-01-14T23:54:08Z</time>
   </trkpt>
   <trkpt lat="40.7228590" lon="-74.0340900">
    <ele>2.4</ele>
    <time>2026-01-14T23:54:09Z</time>
   </trkpt>
   <trkpt lat="40.7228250" lon="-74.0340860">
    <ele>2.4</ele>
    <time>2026-01-14T23:54:10Z</time>
   </trkpt>
   <trkpt lat="40.7227930" lon="-74.0341020">
    <ele>2.4</ele>
    <time>2026-01-14T23:54:12Z</time>
   </trkpt>
   <trkpt lat="40.7227670" lon="-74.0341270">
    <ele>2.4</ele>
    <time>2026-01-14T23:54:13Z</time>
   </trkpt>
   <trkpt lat="40.7227370" lon="-74.0341560">
    <ele>2.4</ele>
    <time>2026-01-14T23:54:14Z</time>
   </trkpt>
   <trkpt lat="40.7227120" lon="-74.0341790">
    <ele>2.4</ele>
    <time>2026-01-14T23:54:15Z</time>
   </trkpt>
   <trkpt lat="40.7226950" lon="-74.0342110">
    <ele>2.4</ele>
    <time>2026-01-14T23:54:16Z</time>
   </trkpt>
   <trkpt lat="40.7226660" lon="-74.0342340">
    <ele>2.4</ele>
    <time>2026-01-14T23:54:17Z</time>
   </trkpt>
   <trkpt lat="40.7226220" lon="-74.0342200">
    <ele>2.4</ele>
    <time>2026-01-14T23:54:18Z</time>
   </trkpt>
   <trkpt lat="40.7225790" lon="-74.0342190">
    <ele>2.4</ele>
    <time>2026-01-14T23:54:19Z</time>
   </trkpt>
   <trkpt lat="40.7225420" lon="-74.0342380">
    <ele>2.4</ele>
    <time>2026-01-14T23:54:20Z</time>
   </trkpt>
   <trkpt lat="40.7225130" lon="-74.0342680">
    <ele>2.4</ele>
    <time>2026-01-14T23:54:21Z</time>
   </trkpt>
   <trkpt lat="40.7224710" lon="-74.0342740">
    <ele>2.4</ele>
    <time>2026-01-14T23:54:22Z</time>
   </trkpt>
   <trkpt lat="40.7224290" lon="-74.0342720">
    <ele>2.4</ele>
    <time>2026-01-14T23:54:23Z</time>
   </trkpt>
   <trkpt lat="40.7223830" lon="-74.0342750">
    <ele>2.4</ele>
    <time>2026-01-14T23:54:24Z</time>
   </trkpt>
   <trkpt lat="40.7223400" lon="-74.0342780">
    <ele>2.4</ele>
    <time>2026-01-14T23:54:25Z</time>
   </trkpt>
   <trkpt lat="40.7223040" lon="-74.0342820">
    <ele>2.4</ele>
    <time>2026-01-14T23:54:26Z</time>
   </trkpt>
   <trkpt lat="40.7222690" lon="-74.0342940">
    <ele>2.5</ele>
    <time>2026-01-14T23:54:27Z</time>
   </trkpt>
   <trkpt lat="40.7222310" lon="-74.0343000">
    <ele>2.5</ele>
    <time>2026-01-14T23:54:28Z</time>
   </trkpt>
   <trkpt lat="40.7222000" lon="-74.0343070">
    <ele>2.5</ele>
    <time>2026-01-14T23:54:29Z</time>
   </trkpt>
   <trkpt lat="40.7221660" lon="-74.0343140">
    <ele>2.5</ele>
    <time>2026-01-14T23:54:30Z</time>
   </trkpt>
   <trkpt lat="40.7221380" lon="-74.0343230">
    <ele>2.6</ele>
    <time>2026-01-14T23:54:31Z</time>
   </trkpt>
   <trkpt lat="40.7221100" lon="-74.0342950">
    <ele>2.6</ele>
    <time>2026-01-14T23:54:32Z</time>
   </trkpt>
   <trkpt lat="40.7221020" lon="-74.0342750">
    <ele>2.6</ele>
    <time>2026-01-14T23:54:33Z</time>
   </trkpt>
   <trkpt lat="40.7221090" lon="-74.0341960">
    <ele>2.6</ele>
    <time>2026-01-14T23:54:34Z</time>
   </trkpt>
   <trkpt lat="40.7220890" lon="-74.0341300">
    <ele>2.6</ele>
    <time>2026-01-14T23:54:35Z</time>
   </trkpt>
   <trkpt lat="40.7220750" lon="-74.0340680">
    <ele>2.7</ele>
    <time>2026-01-14T23:54:36Z</time>
   </trkpt>
   <trkpt lat="40.7220850" lon="-74.0340220">
    <ele>2.7</ele>
    <time>2026-01-14T23:54:37Z</time>
   </trkpt>
   <trkpt lat="40.7220780" lon="-74.0339720">
    <ele>2.7</ele>
    <time>2026-01-14T23:54:38Z</time>
   </trkpt>
   <trkpt lat="40.7220690" lon="-74.0339110">
    <ele>2.7</ele>
    <time>2026-01-14T23:54:39Z</time>
   </trkpt>
   <trkpt lat="40.7220540" lon="-74.0338560">
    <ele>2.7</ele>
    <time>2026-01-14T23:54:40Z</time>
   </trkpt>
   <trkpt lat="40.7220530" lon="-74.0338040">
    <ele>2.7</ele>
    <time>2026-01-14T23:54:41Z</time>
   </trkpt>
   <trkpt lat="40.7220540" lon="-74.0337390">
    <ele>2.7</ele>
    <time>2026-01-14T23:54:42Z</time>
   </trkpt>
   <trkpt lat="40.7220520" lon="-74.0336750">
    <ele>2.7</ele>
    <time>2026-01-14T23:54:43Z</time>
   </trkpt>
   <trkpt lat="40.7220460" lon="-74.0336130">
    <ele>2.7</ele>
    <time>2026-01-14T23:54:44Z</time>
   </trkpt>
   <trkpt lat="40.7220500" lon="-74.0335420">
    <ele>2.7</ele>
    <time>2026-01-14T23:54:45Z</time>
   </trkpt>
   <trkpt lat="40.7220420" lon="-74.0334850">
    <ele>2.7</ele>
    <time>2026-01-14T23:54:46Z</time>
   </trkpt>
   <trkpt lat="40.7220330" lon="-74.0334230">
    <ele>2.7</ele>
    <time>2026-01-14T23:54:47Z</time>
   </trkpt>
   <trkpt lat="40.7220330" lon="-74.0333670">
    <ele>2.7</ele>
    <time>2026-01-14T23:54:48Z</time>
   </trkpt>
   <trkpt lat="40.7220320" lon="-74.0333040">
    <ele>2.7</ele>
    <time>2026-01-14T23:54:49Z</time>
   </trkpt>
   <trkpt lat="40.7220330" lon="-74.0332390">
    <ele>2.8</ele>
    <time>2026-01-14T23:54:50Z</time>
   </trkpt>
   <trkpt lat="40.7220290" lon="-74.0331710">
    <ele>2.8</ele>
    <time>2026-01-14T23:54:51Z</time>
   </trkpt>
   <trkpt lat="40.7220150" lon="-74.0331010">
    <ele>2.8</ele>
    <time>2026-01-14T23:54:52Z</time>
   </trkpt>
   <trkpt lat="40.7219970" lon="-74.0330470">
    <ele>2.8</ele>
    <time>2026-01-14T23:54:53Z</time>
   </trkpt>
   <trkpt lat="40.7219830" lon="-74.0329920">
    <ele>2.8</ele>
    <time>2026-01-14T23:54:54Z</time>
   </trkpt>
   <trkpt lat="40.7219830" lon="-74.0329420">
    <ele>2.8</ele>
    <time>2026-01-14T23:54:55Z</time>
   </trkpt>
   <trkpt lat="40.7219870" lon="-74.0328860">
    <ele>2.8</ele>
    <time>2026-01-14T23:54:56Z</time>
   </trkpt>
   <trkpt lat="40.7219840" lon="-74.0328130">
    <ele>2.8</ele>
    <time>2026-01-14T23:54:57Z</time>
   </trkpt>
   <trkpt lat="40.7219730" lon="-74.0327520">
    <ele>2.7</ele>
    <time>2026-01-14T23:54:58Z</time>
   </trkpt>
   <trkpt lat="40.7219740" lon="-74.0326880">
    <ele>2.7</ele>
    <time>2026-01-14T23:54:59Z</time>
   </trkpt>
   <trkpt lat="40.7219610" lon="-74.0326100">
    <ele>2.7</ele>
    <time>2026-01-14T23:55:00Z</time>
   </trkpt>
   <trkpt lat="40.7219670" lon="-74.0325300">
    <ele>2.7</ele>
    <time>2026-01-14T23:55:01Z</time>
   </trkpt>
   <trkpt lat="40.7219530" lon="-74.0324640">
    <ele>2.6</ele>
    <time>2026-01-14T23:55:02Z</time>
   </trkpt>
   <trkpt lat="40.7219550" lon="-74.0324110">
    <ele>2.6</ele>
    <time>2026-01-14T23:55:03Z</time>
   </trkpt>
   <trkpt lat="40.7219520" lon="-74.0323520">
    <ele>2.6</ele>
    <time>2026-01-14T23:55:04Z</time>
   </trkpt>
   <trkpt lat="40.7219460" lon="-74.0322970">
    <ele>2.6</ele>
    <time>2026-01-14T23:55:05Z</time>
   </trkpt>
   <trkpt lat="40.7219500" lon="-74.0322360">
    <ele>2.6</ele>
    <time>2026-01-14T23:55:06Z</time>
   </trkpt>
   <trkpt lat="40.7219510" lon="-74.0321810">
    <ele>2.6</ele>
    <time>2026-01-14T23:55:07Z</time>
   </trkpt>
   <trkpt lat="40.7219530" lon="-74.0321260">
    <ele>2.6</ele>
    <time>2026-01-14T23:55:08Z</time>
   </trkpt>
   <trkpt lat="40.7219380" lon="-74.0320530">
    <ele>2.6</ele>
    <time>2026-01-14T23:55:09Z</time>
   </trkpt>
   <trkpt lat="40.7219260" lon="-74.0319870">
    <ele>2.6</ele>
    <time>2026-01-14T23:55:10Z</time>
   </trkpt>
   <trkpt lat="40.7219050" lon="-74.0319170">
    <ele>2.6</ele>
    <time>2026-01-14T23:55:11Z</time>
   </trkpt>
   <trkpt lat="40.7219060" lon="-74.0318570">
    <ele>2.6</ele>
    <time>2026-01-14T23:55:12Z</time>
   </trkpt>
   <trkpt lat="40.7218960" lon="-74.0317960">
    <ele>2.6</ele>
    <time>2026-01-14T23:55:13Z</time>
   </trkpt>
   <trkpt lat="40.7218740" lon="-74.0317330">
    <ele>2.6</ele>
    <time>2026-01-14T23:55:14Z</time>
   </trkpt>
   <trkpt lat="40.7218690" lon="-74.0316930">
    <ele>2.6</ele>
    <time>2026-01-14T23:55:15Z</time>
   </trkpt>
   <trkpt lat="40.7218690" lon="-74.0316430">
    <ele>2.6</ele>
    <time>2026-01-14T23:55:16Z</time>
   </trkpt>
   <trkpt lat="40.7218550" lon="-74.0315970">
    <ele>2.6</ele>
    <time>2026-01-14T23:55:17Z</time>
   </trkpt>
   <trkpt lat="40.7218480" lon="-74.0315530">
    <ele>2.6</ele>
    <time>2026-01-14T23:55:18Z</time>
   </trkpt>
   <trkpt lat="40.7218370" lon="-74.0315130">
    <ele>2.6</ele>
    <time>2026-01-14T23:55:19Z</time>
   </trkpt>
   <trkpt lat="40.7218180" lon="-74.0314810">
    <ele>2.5</ele>
    <time>2026-01-14T23:55:20Z</time>
   </trkpt>
   <trkpt lat="40.7218040" lon="-74.0314750">
    <ele>2.5</ele>
    <time>2026-01-14T23:55:21Z</time>
   </trkpt>
   <trkpt lat="40.7217590" lon="-74.0315010">
    <ele>2.5</ele>
    <time>2026-01-14T23:55:22Z</time>
   </trkpt>
   <trkpt lat="40.7217210" lon="-74.0315040">
    <ele>2.5</ele>
    <time>2026-01-14T23:55:23Z</time>
   </trkpt>
   <trkpt lat="40.7216870" lon="-74.0314950">
    <ele>2.5</ele>
    <time>2026-01-14T23:55:24Z</time>
   </trkpt>
   <trkpt lat="40.7216440" lon="-74.0315170">
    <ele>2.5</ele>
    <time>2026-01-14T23:55:25Z</time>
   </trkpt>
   <trkpt lat="40.7215980" lon="-74.0315310">
    <ele>2.5</ele>
    <time>2026-01-14T23:55:26Z</time>
   </trkpt>
   <trkpt lat="40.7215520" lon="-74.0315330">
    <ele>2.4</ele>
    <time>2026-01-14T23:55:27Z</time>
   </trkpt>
   <trkpt lat="40.7215080" lon="-74.0315550">
    <ele>2.4</ele>
    <time>2026-01-14T23:55:28Z</time>
   </trkpt>
   <trkpt lat="40.7214530" lon="-74.0315620">
    <ele>2.4</ele>
    <time>2026-01-14T23:55:29Z</time>
   </trkpt>
   <trkpt lat="40.7214540" lon="-74.0315620">
    <ele>2.4</ele>
    <time>2026-01-14T23:55:30Z</time>
   </trkpt>
   <trkpt lat="40.7214210" lon="-74.0315690">
    <ele>2.4</ele>
    <time>2026-01-14T23:55:31Z</time>
   </trkpt>
   <trkpt lat="40.7214040" lon="-74.0315970">
    <ele>2.4</ele>
    <time>2026-01-14T23:55:32Z</time>
   </trkpt>
   <trkpt lat="40.7213790" lon="-74.0316460">
    <ele>2.4</ele>
    <time>2026-01-14T23:55:33Z</time>
   </trkpt>
   <trkpt lat="40.7213530" lon="-74.0316350">
    <ele>2.4</ele>
    <time>2026-01-14T23:55:34Z</time>
   </trkpt>
   <trkpt lat="40.7213240" lon="-74.0316330">
    <ele>2.4</ele>
    <time>2026-01-14T23:55:35Z</time>
   </trkpt>
   <trkpt lat="40.7212740" lon="-74.0316050">
    <ele>2.4</ele>
    <time>2026-01-14T23:55:36Z</time>
   </trkpt>
   <trkpt lat="40.7212240" lon="-74.0315700">
    <ele>2.5</ele>
    <time>2026-01-14T23:55:37Z</time>
   </trkpt>
   <trkpt lat="40.7211980" lon="-74.0315170">
    <ele>2.5</ele>
    <time>2026-01-14T23:55:38Z</time>
   </trkpt>
   <trkpt lat="40.7211580" lon="-74.0314890">
    <ele>2.5</ele>
    <time>2026-01-14T23:55:39Z</time>
   </trkpt>
   <trkpt lat="40.7211300" lon="-74.0314510">
    <ele>2.5</ele>
    <time>2026-01-14T23:55:40Z</time>
   </trkpt>
   <trkpt lat="40.7210940" lon="-74.0314210">
    <ele>2.5</ele>
    <time>2026-01-14T23:55:41Z</time>
   </trkpt>
   <trkpt lat="40.7210410" lon="-74.0314090">
    <ele>2.6</ele>
    <time>2026-01-14T23:55:42Z</time>
   </trkpt>
   <trkpt lat="40.7209890" lon="-74.0314110">
    <ele>2.6</ele>
    <time>2026-01-14T23:55:43Z</time>
   </trkpt>
   <trkpt lat="40.7209430" lon="-74.0314090">
    <ele>2.5</ele>
    <time>2026-01-14T23:55:44Z</time>
   </trkpt>
   <trkpt lat="40.7208950" lon="-74.0314310">
    <ele>2.5</ele>
    <time>2026-01-14T23:55:45Z</time>
   </trkpt>
   <trkpt lat="40.7208400" lon="-74.0314400">
    <ele>2.5</ele>
    <time>2026-01-14T23:55:46Z</time>
   </trkpt>
   <trkpt lat="40.7207870" lon="-74.0314500">
    <ele>2.5</ele>
    <time>2026-01-14T23:55:47Z</time>
   </trkpt>
   <trkpt lat="40.7207340" lon="-74.0314560">
    <ele>2.4</ele>
    <time>2026-01-14T23:55:48Z</time>
   </trkpt>
   <trkpt lat="40.7206880" lon="-74.0314530">
    <ele>2.4</ele>
    <time>2026-01-14T23:55:49Z</time>
   </trkpt>
   <trkpt lat="40.7206350" lon="-74.0314590">
    <ele>2.4</ele>
    <time>2026-01-14T23:55:50Z</time>
   </trkpt>
   <trkpt lat="40.7205740" lon="-74.0314720">
    <ele>2.3</ele>
    <time>2026-01-14T23:55:51Z</time>
   </trkpt>
   <trkpt lat="40.7205120" lon="-74.0314950">
    <ele>2.3</ele>
    <time>2026-01-14T23:55:52Z</time>
   </trkpt>
   <trkpt lat="40.7204560" lon="-74.0315110">
    <ele>2.3</ele>
    <time>2026-01-14T23:55:53Z</time>
   </trkpt>
   <trkpt lat="40.7204210" lon="-74.0315350">
    <ele>2.3</ele>
    <time>2026-01-14T23:55:54Z</time>
   </trkpt>
   <trkpt lat="40.7203900" lon="-74.0315580">
    <ele>2.3</ele>
    <time>2026-01-14T23:55:55Z</time>
   </trkpt>
   <trkpt lat="40.7203890" lon="-74.0315860">
    <ele>2.3</ele>
    <time>2026-01-14T23:55:56Z</time>
   </trkpt>
   <trkpt lat="40.7203750" lon="-74.0316160">
    <ele>2.3</ele>
    <time>2026-01-14T23:55:57Z</time>
   </trkpt>
   <trkpt lat="40.7203570" lon="-74.0316850">
    <ele>2.4</ele>
    <time>2026-01-14T23:55:58Z</time>
   </trkpt>
   <trkpt lat="40.7203430" lon="-74.0317260">
    <ele>2.4</ele>
    <time>2026-01-14T23:55:59Z</time>
   </trkpt>
   <trkpt lat="40.7203410" lon="-74.0317730">
    <ele>2.4</ele>
    <time>2026-01-14T23:56:00Z</time>
   </trkpt>
   <trkpt lat="40.7203070" lon="-74.0318090">
    <ele>2.4</ele>
    <time>2026-01-14T23:56:01Z</time>
   </trkpt>
   <trkpt lat="40.7202860" lon="-74.0318350">
    <ele>2.5</ele>
    <time>2026-01-14T23:56:02Z</time>
   </trkpt>
   <trkpt lat="40.7202820" lon="-74.0318810">
    <ele>2.5</ele>
    <time>2026-01-14T23:56:03Z</time>
   </trkpt>
   <trkpt lat="40.7202870" lon="-74.0319260">
    <ele>2.5</ele>
    <time>2026-01-14T23:56:04Z</time>
   </trkpt>
   <trkpt lat="40.7202790" lon="-74.0319680">
    <ele>2.5</ele>
    <time>2026-01-14T23:56:05Z</time>
   </trkpt>
   <trkpt lat="40.7202710" lon="-74.0320100">
    <ele>2.5</ele>
    <time>2026-01-14T23:56:06Z</time>
   </trkpt>
   <trkpt lat="40.7202730" lon="-74.0320570">
    <ele>2.5</ele>
    <time>2026-01-14T23:56:07Z</time>
   </trkpt>
   <trkpt lat="40.7202870" lon="-74.0321130">
    <ele>2.6</ele>
    <time>2026-01-14T23:56:08Z</time>
   </trkpt>
   <trkpt lat="40.7202970" lon="-74.0321590">
    <ele>2.6</ele>
    <time>2026-01-14T23:56:09Z</time>
   </trkpt>
   <trkpt lat="40.7202980" lon="-74.0322290">
    <ele>2.6</ele>
    <time>2026-01-14T23:56:10Z</time>
   </trkpt>
   <trkpt lat="40.7203110" lon="-74.0322890">
    <ele>2.7</ele>
    <time>2026-01-14T23:56:11Z</time>
   </trkpt>
   <trkpt lat="40.7203210" lon="-74.0323420">
    <ele>2.8</ele>
    <time>2026-01-14T23:56:12Z</time>
   </trkpt>
   <trkpt lat="40.7203250" lon="-74.0323870">
    <ele>2.8</ele>
    <time>2026-01-14T23:56:13Z</time>
   </trkpt>
   <trkpt lat="40.7203190" lon="-74.0324360">
    <ele>2.9</ele>
    <time>2026-01-14T23:56:14Z</time>
   </trkpt>
   <trkpt lat="40.7202970" lon="-74.0324740">
    <ele>3.0</ele>
    <time>2026-01-14T23:56:15Z</time>
   </trkpt>
   <trkpt lat="40.7202790" lon="-74.0325160">
    <ele>3.0</ele>
    <time>2026-01-14T23:56:16Z</time>
   </trkpt>
   <trkpt lat="40.7202580" lon="-74.0325610">
    <ele>3.1</ele>
    <time>2026-01-14T23:56:18Z</time>
   </trkpt>
   <trkpt lat="40.7202490" lon="-74.0326020">
    <ele>3.2</ele>
    <time>2026-01-14T23:56:19Z</time>
   </trkpt>
   <trkpt lat="40.7202290" lon="-74.0326510">
    <ele>3.3</ele>
    <time>2026-01-14T23:56:20Z</time>
   </trkpt>
   <trkpt lat="40.7202140" lon="-74.0326660">
    <ele>3.3</ele>
    <time>2026-01-14T23:56:21Z</time>
   </trkpt>
   <trkpt lat="40.7201820" lon="-74.0326760">
    <ele>3.3</ele>
    <time>2026-01-14T23:56:22Z</time>
   </trkpt>
   <trkpt lat="40.7201430" lon="-74.0326810">
    <ele>3.3</ele>
    <time>2026-01-14T23:56:23Z</time>
   </trkpt>
   <trkpt lat="40.7201060" lon="-74.0326710">
    <ele>3.4</ele>
    <time>2026-01-14T23:56:24Z</time>
   </trkpt>
   <trkpt lat="40.7200690" lon="-74.0326500">
    <ele>3.4</ele>
    <time>2026-01-14T23:56:25Z</time>
   </trkpt>
   <trkpt lat="40.7200500" lon="-74.0326250">
    <ele>3.4</ele>
    <time>2026-01-14T23:56:26Z</time>
   </trkpt>
   <trkpt lat="40.7200570" lon="-74.0325810">
    <ele>3.4</ele>
    <time>2026-01-14T23:56:27Z</time>
   </trkpt>
   <trkpt lat="40.7200640" lon="-74.0325710">
    <ele>3.4</ele>
    <time>2026-01-14T23:56:28Z</time>
   </trkpt>
   <trkpt lat="40.7200400" lon="-74.0325410">
    <ele>3.5</ele>
    <time>2026-01-14T23:56:29Z</time>
   </trkpt>
   <trkpt lat="40.7200120" lon="-74.0325320">
    <ele>3.5</ele>
    <time>2026-01-14T23:56:30Z</time>
   </trkpt>
   <trkpt lat="40.7199950" lon="-74.0325240">
    <ele>3.5</ele>
    <time>2026-01-14T23:56:31Z</time>
   </trkpt>
   <trkpt lat="40.7199780" lon="-74.0324920">
    <ele>3.5</ele>
    <time>2026-01-14T23:56:32Z</time>
   </trkpt>
   <trkpt lat="40.7199450" lon="-74.0324770">
    <ele>3.5</ele>
    <time>2026-01-14T23:56:33Z</time>
   </trkpt>
   <trkpt lat="40.7198950" lon="-74.0324700">
    <ele>3.5</ele>
    <time>2026-01-14T23:56:34Z</time>
   </trkpt>
   <trkpt lat="40.7198340" lon="-74.0324680">
    <ele>3.5</ele>
    <time>2026-01-14T23:56:35Z</time>
   </trkpt>
   <trkpt lat="40.7197830" lon="-74.0324950">
    <ele>3.5</ele>
    <time>2026-01-14T23:56:36Z</time>
   </trkpt>
   <trkpt lat="40.7197190" lon="-74.0325180">
    <ele>3.5</ele>
    <time>2026-01-14T23:56:37Z</time>
   </trkpt>
   <trkpt lat="40.7196740" lon="-74.0325360">
    <ele>3.5</ele>
    <time>2026-01-14T23:56:38Z</time>
   </trkpt>
   <trkpt lat="40.7196250" lon="-74.0325330">
    <ele>3.5</ele>
    <time>2026-01-14T23:56:39Z</time>
   </trkpt>
   <trkpt lat="40.7195830" lon="-74.0325300">
    <ele>3.5</ele>
    <time>2026-01-14T23:56:40Z</time>
   </trkpt>
   <trkpt lat="40.7195490" lon="-74.0325170">
    <ele>3.4</ele>
    <time>2026-01-14T23:56:41Z</time>
   </trkpt>
   <trkpt lat="40.7195180" lon="-74.0325260">
    <ele>3.4</ele>
    <time>2026-01-14T23:56:42Z</time>
   </trkpt>
   <trkpt lat="40.7194790" lon="-74.0325260">
    <ele>3.4</ele>
    <time>2026-01-14T23:56:43Z</time>
   </trkpt>
   <trkpt lat="40.7194360" lon="-74.0325340">
    <ele>3.4</ele>
    <time>2026-01-14T23:56:44Z</time>
   </trkpt>
   <trkpt lat="40.7194260" lon="-74.0325260">
    <ele>3.4</ele>
    <time>2026-01-14T23:56:45Z</time>
   </trkpt>
   <trkpt lat="40.7194180" lon="-74.0324950">
    <ele>3.3</ele>
    <time>2026-01-14T23:56:46Z</time>
   </trkpt>
   <trkpt lat="40.7193350" lon="-74.0325260">
    <ele>3.2</ele>
    <time>2026-01-14T23:56:47Z</time>
   </trkpt>
   <trkpt lat="40.7192770" lon="-74.0325400">
    <ele>3.1</ele>
    <time>2026-01-14T23:56:48Z</time>
   </trkpt>
   <trkpt lat="40.7192220" lon="-74.0325590">
    <ele>3.0</ele>
    <time>2026-01-14T23:56:49Z</time>
   </trkpt>
   <trkpt lat="40.7191880" lon="-74.0325990">
    <ele>2.9</ele>
    <time>2026-01-14T23:56:50Z</time>
   </trkpt>
   <trkpt lat="40.7191340" lon="-74.0325940">
    <ele>2.8</ele>
    <time>2026-01-14T23:56:51Z</time>
   </trkpt>
   <trkpt lat="40.7190830" lon="-74.0326290">
    <ele>2.8</ele>
    <time>2026-01-14T23:56:52Z</time>
   </trkpt>
   <trkpt lat="40.7190480" lon="-74.0326330">
    <ele>2.7</ele>
    <time>2026-01-14T23:56:53Z</time>
   </trkpt>
   <trkpt lat="40.7190600" lon="-74.0326000">
    <ele>2.7</ele>
    <time>2026-01-14T23:56:54Z</time>
   </trkpt>
   <trkpt lat="40.7190620" lon="-74.0325790">
    <ele>2.7</ele>
    <time>2026-01-14T23:56:55Z</time>
   </trkpt>
   <trkpt lat="40.7190230" lon="-74.0325320">
    <ele>2.7</ele>
    <time>2026-01-14T23:56:56Z</time>
   </trkpt>
   <trkpt lat="40.7189870" lon="-74.0325150">
    <ele>2.7</ele>
    <time>2026-01-14T23:56:57Z</time>
   </trkpt>
   <trkpt lat="40.7189140" lon="-74.0325150">
    <ele>2.7</ele>
    <time>2026-01-14T23:56:58Z</time>
   </trkpt>
   <trkpt lat="40.7188420" lon="-74.0325990">
    <ele>2.7</ele>
    <time>2026-01-14T23:56:59Z</time>
   </trkpt>
   <trkpt lat="40.7187970" lon="-74.0326130">
    <ele>2.7</ele>
    <time>2026-01-14T23:57:00Z</time>
   </trkpt>
   <trkpt lat="40.7187420" lon="-74.0326360">
    <ele>2.7</ele>
    <time>2026-01-14T23:57:01Z</time>
   </trkpt>
   <trkpt lat="40.7186940" lon="-74.0326540">
    <ele>2.7</ele>
    <time>2026-01-14T23:57:02Z</time>
   </trkpt>
   <trkpt lat="40.7186510" lon="-74.0326550">
    <ele>2.7</ele>
    <time>2026-01-14T23:57:03Z</time>
   </trkpt>
   <trkpt lat="40.7186030" lon="-74.0326770">
    <ele>2.7</ele>
    <time>2026-01-14T23:57:04Z</time>
   </trkpt>
   <trkpt lat="40.7185430" lon="-74.0326990">
    <ele>2.6</ele>
    <time>2026-01-14T23:57:05Z</time>
   </trkpt>
   <trkpt lat="40.7184950" lon="-74.0327150">
    <ele>2.6</ele>
    <time>2026-01-14T23:57:06Z</time>
   </trkpt>
   <trkpt lat="40.7184570" lon="-74.0327340">
    <ele>2.6</ele>
    <time>2026-01-14T23:57:07Z</time>
   </trkpt>
   <trkpt lat="40.7183860" lon="-74.0327490">
    <ele>2.6</ele>
    <time>2026-01-14T23:57:08Z</time>
   </trkpt>
   <trkpt lat="40.7183400" lon="-74.0327590">
    <ele>2.6</ele>
    <time>2026-01-14T23:57:09Z</time>
   </trkpt>
   <trkpt lat="40.7182640" lon="-74.0327890">
    <ele>2.6</ele>
    <time>2026-01-14T23:57:10Z</time>
   </trkpt>
   <trkpt lat="40.7182190" lon="-74.0327880">
    <ele>2.6</ele>
    <time>2026-01-14T23:57:11Z</time>
   </trkpt>
   <trkpt lat="40.7181590" lon="-74.0327880">
    <ele>2.6</ele>
    <time>2026-01-14T23:57:12Z</time>
   </trkpt>
   <trkpt lat="40.7181050" lon="-74.0328050">
    <ele>2.6</ele>
    <time>2026-01-14T23:57:13Z</time>
   </trkpt>
   <trkpt lat="40.7180580" lon="-74.0328310">
    <ele>2.6</ele>
    <time>2026-01-14T23:57:14Z</time>
   </trkpt>
   <trkpt lat="40.7180070" lon="-74.0328420">
    <ele>2.6</ele>
    <time>2026-01-14T23:57:15Z</time>
   </trkpt>
   <trkpt lat="40.7179860" lon="-74.0328680">
    <ele>2.6</ele>
    <time>2026-01-14T23:57:16Z</time>
   </trkpt>
   <trkpt lat="40.7179590" lon="-74.0328810">
    <ele>2.6</ele>
    <time>2026-01-14T23:57:17Z</time>
   </trkpt>
   <trkpt lat="40.7179300" lon="-74.0328810">
    <ele>2.6</ele>
    <time>2026-01-14T23:57:18Z</time>
   </trkpt>
   <trkpt lat="40.7179070" lon="-74.0328870">
    <ele>2.6</ele>
    <time>2026-01-14T23:57:19Z</time>
   </trkpt>
   <trkpt lat="40.7178770" lon="-74.0328980">
    <ele>2.6</ele>
    <time>2026-01-14T23:57:20Z</time>
   </trkpt>
   <trkpt lat="40.7178560" lon="-74.0329050">
    <ele>2.6</ele>
    <time>2026-01-14T23:57:21Z</time>
   </trkpt>
   <trkpt lat="40.7177960" lon="-74.0329060">
    <ele>2.6</ele>
    <time>2026-01-14T23:57:22Z</time>
   </trkpt>
   <trkpt lat="40.7177230" lon="-74.0329210">
    <ele>2.6</ele>
    <time>2026-01-14T23:57:23Z</time>
   </trkpt>
   <trkpt lat="40.7176740" lon="-74.0329450">
    <ele>2.6</ele>
    <time>2026-01-14T23:57:24Z</time>
   </trkpt>
   <trkpt lat="40.7176390" lon="-74.0329530">
    <ele>2.6</ele>
    <time>2026-01-14T23:57:25Z</time>
   </trkpt>
   <trkpt lat="40.7175960" lon="-74.0329490">
    <ele>2.7</ele>
    <time>2026-01-14T23:57:26Z</time>
   </trkpt>
   <trkpt lat="40.7175510" lon="-74.0329770">
    <ele>2.7</ele>
    <time>2026-01-14T23:57:27Z</time>
   </trkpt>
   <trkpt lat="40.7175140" lon="-74.0329970">
    <ele>2.7</ele>
    <time>2026-01-14T23:57:28Z</time>
   </trkpt>
   <trkpt lat="40.7174790" lon="-74.0330110">
    <ele>2.7</ele>
    <time>2026-01-14T23:57:29Z</time>
   </trkpt>
   <trkpt lat="40.7174510" lon="-74.0330250">
    <ele>2.7</ele>
    <time>2026-01-14T23:57:30Z</time>
   </trkpt>
   <trkpt lat="40.7174180" lon="-74.0330350">
    <ele>2.7</ele>
    <time>2026-01-14T23:57:31Z</time>
   </trkpt>
   <trkpt lat="40.7173890" lon="-74.0330290">
    <ele>2.7</ele>
    <time>2026-01-14T23:57:32Z</time>
   </trkpt>
   <trkpt lat="40.7173570" lon="-74.0330310">
    <ele>2.7</ele>
    <time>2026-01-14T23:57:33Z</time>
   </trkpt>
   <trkpt lat="40.7173160" lon="-74.0330340">
    <ele>2.7</ele>
    <time>2026-01-14T23:57:34Z</time>
   </trkpt>
   <trkpt lat="40.7172820" lon="-74.0330330">
    <ele>2.8</ele>
    <time>2026-01-14T23:57:35Z</time>
   </trkpt>
   <trkpt lat="40.7172560" lon="-74.0330530">
    <ele>2.8</ele>
    <time>2026-01-14T23:57:36Z</time>
   </trkpt>
   <trkpt lat="40.7172190" lon="-74.0330580">
    <ele>2.8</ele>
    <time>2026-01-14T23:57:37Z</time>
   </trkpt>
   <trkpt lat="40.7171960" lon="-74.0330800">
    <ele>2.8</ele>
    <time>2026-01-14T23:57:38Z</time>
   </trkpt>
   <trkpt lat="40.7171780" lon="-74.0331130">
    <ele>2.9</ele>
    <time>2026-01-14T23:57:39Z</time>
   </trkpt>
   <trkpt lat="40.7171430" lon="-74.0331320">
    <ele>2.8</ele>
    <time>2026-01-14T23:57:40Z</time>
   </trkpt>
   <trkpt lat="40.7171270" lon="-74.0331640">
    <ele>2.8</ele>
    <time>2026-01-14T23:57:41Z</time>
   </trkpt>
   <trkpt lat="40.7171020" lon="-74.0331850">
    <ele>2.8</ele>
    <time>2026-01-14T23:57:42Z</time>
   </trkpt>
   <trkpt lat="40.7170920" lon="-74.0332540">
    <ele>2.7</ele>
    <time>2026-01-14T23:57:43Z</time>
   </trkpt>
   <trkpt lat="40.7170890" lon="-74.0333220">
    <ele>2.7</ele>
    <time>2026-01-14T23:57:44Z</time>
   </trkpt>
   <trkpt lat="40.7170950" lon="-74.0333850">
    <ele>2.7</ele>
    <time>2026-01-14T23:57:45Z</time>
   </trkpt>
   <trkpt lat="40.7171110" lon="-74.0334480">
    <ele>2.7</ele>
    <time>2026-01-14T23:57:46Z</time>
   </trkpt>
   <trkpt lat="40.7171320" lon="-74.0335230">
    <ele>2.7</ele>
    <time>2026-01-14T23:57:47Z</time>
   </trkpt>
   <trkpt lat="40.7171390" lon="-74.0336050">
    <ele>2.7</ele>
    <time>2026-01-14T23:57:48Z</time>
   </trkpt>
   <trkpt lat="40.7171440" lon="-74.0336750">
    <ele>2.7</ele>
    <time>2026-01-14T23:57:49Z</time>
   </trkpt>
   <trkpt lat="40.7171530" lon="-74.0337430">
    <ele>2.7</ele>
    <time>2026-01-14T23:57:50Z</time>
   </trkpt>
   <trkpt lat="40.7171750" lon="-74.0337920">
    <ele>2.7</ele>
    <time>2026-01-14T23:57:51Z</time>
   </trkpt>
   <trkpt lat="40.7171960" lon="-74.0338610">
    <ele>2.7</ele>
    <time>2026-01-14T23:57:52Z</time>
   </trkpt>
   <trkpt lat="40.7172010" lon="-74.0339180">
    <ele>2.7</ele>
    <time>2026-01-14T23:57:53Z</time>
   </trkpt>
   <trkpt lat="40.7172020" lon="-74.0339760">
    <ele>2.7</ele>
    <time>2026-01-14T23:57:54Z</time>
   </trkpt>
   <trkpt lat="40.7172040" lon="-74.0340310">
    <ele>2.7</ele>
    <time>2026-01-14T23:57:55Z</time>
   </trkpt>
   <trkpt lat="40.7171930" lon="-74.0341020">
    <ele>2.7</ele>
    <time>2026-01-14T23:57:56Z</time>
   </trkpt>
   <trkpt lat="40.7171980" lon="-74.0341480">
    <ele>2.7</ele>
    <time>2026-01-14T23:57:57Z</time>
   </trkpt>
   <trkpt lat="40.7172150" lon="-74.0341940">
    <ele>2.7</ele>
    <time>2026-01-14T23:57:58Z</time>
   </trkpt>
   <trkpt lat="40.7172360" lon="-74.0342530">
    <ele>2.8</ele>
    <time>2026-01-14T23:57:59Z</time>
   </trkpt>
   <trkpt lat="40.7172590" lon="-74.0343050">
    <ele>2.8</ele>
    <time>2026-01-14T23:58:00Z</time>
   </trkpt>
   <trkpt lat="40.7172730" lon="-74.0343790">
    <ele>2.8</ele>
    <time>2026-01-14T23:58:01Z</time>
   </trkpt>
   <trkpt lat="40.7172670" lon="-74.0344570">
    <ele>2.7</ele>
    <time>2026-01-14T23:58:02Z</time>
   </trkpt>
   <trkpt lat="40.7172660" lon="-74.0345360">
    <ele>2.7</ele>
    <time>2026-01-14T23:58:03Z</time>
   </trkpt>
   <trkpt lat="40.7172730" lon="-74.0346110">
    <ele>2.7</ele>
    <time>2026-01-14T23:58:04Z</time>
   </trkpt>
   <trkpt lat="40.7172780" lon="-74.0346730">
    <ele>2.7</ele>
    <time>2026-01-14T23:58:05Z</time>
   </trkpt>
   <trkpt lat="40.7172960" lon="-74.0347320">
    <ele>2.7</ele>
    <time>2026-01-14T23:58:06Z</time>
   </trkpt>
   <trkpt lat="40.7173060" lon="-74.0348110">
    <ele>2.7</ele>
    <time>2026-01-14T23:58:07Z</time>
   </trkpt>
   <trkpt lat="40.7173100" lon="-74.0348860">
    <ele>2.8</ele>
    <time>2026-01-14T23:58:08Z</time>
   </trkpt>
   <trkpt lat="40.7173190" lon="-74.0349530">
    <ele>2.8</ele>
    <time>2026-01-14T23:58:09Z</time>
   </trkpt>
   <trkpt lat="40.7173350" lon="-74.0350380">
    <ele>2.8</ele>
    <time>2026-01-14T23:58:10Z</time>
   </trkpt>
   <trkpt lat="40.7173210" lon="-74.0351070">
    <ele>2.8</ele>
    <time>2026-01-14T23:58:11Z</time>
   </trkpt>
   <trkpt lat="40.7173010" lon="-74.0351720">
    <ele>2.8</ele>
    <time>2026-01-14T23:58:12Z</time>
   </trkpt>
   <trkpt lat="40.7173040" lon="-74.0352210">
    <ele>2.8</ele>
    <time>2026-01-14T23:58:13Z</time>
   </trkpt>
   <trkpt lat="40.7173180" lon="-74.0352710">
    <ele>2.8</ele>
    <time>2026-01-14T23:58:14Z</time>
   </trkpt>
   <trkpt lat="40.7173440" lon="-74.0353430">
    <ele>2.8</ele>
    <time>2026-01-14T23:58:15Z</time>
   </trkpt>
   <trkpt lat="40.7173810" lon="-74.0354080">
    <ele>2.9</ele>
    <time>2026-01-14T23:58:16Z</time>
   </trkpt>
   <trkpt lat="40.7173600" lon="-74.0354400">
    <ele>2.9</ele>
    <time>2026-01-14T23:58:17Z</time>
   </trkpt>
   <trkpt lat="40.7173510" lon="-74.0354690">
    <ele>2.9</ele>
    <time>2026-01-14T23:58:18Z</time>
   </trkpt>
   <trkpt lat="40.7173580" lon="-74.0354730">
    <ele>2.9</ele>
    <time>2026-01-14T23:58:19Z</time>
   </trkpt>
   <trkpt lat="40.7173670" lon="-74.0354720">
    <ele>2.9</ele>
    <time>2026-01-14T23:58:20Z</time>
   </trkpt>
   <trkpt lat="40.7173720" lon="-74.0354680">
    <ele>2.9</ele>
    <time>2026-01-14T23:58:21Z</time>
   </trkpt>
   <trkpt lat="40.7173720" lon="-74.0354740">
    <ele>2.9</ele>
    <time>2026-01-14T23:58:22Z</time>
   </trkpt>
   <trkpt lat="40.7173700" lon="-74.0354700">
    <ele>2.9</ele>
    <time>2026-01-14T23:58:24Z</time>
   </trkpt>
   <trkpt lat="40.7173720" lon="-74.0354720">
    <ele>2.9</ele>
    <time>2026-01-14T23:58:25Z</time>
   </trkpt>
   <trkpt lat="40.7173700" lon="-74.0354720">
    <ele>2.9</ele>
    <time>2026-01-14T23:58:26Z</time>
   </trkpt>
   <trkpt lat="40.7173700" lon="-74.0354770">
    <ele>2.9</ele>
    <time>2026-01-14T23:58:27Z</time>
   </trkpt>
   <trkpt lat="40.7173930" lon="-74.0354840">
    <ele>2.9</ele>
    <time>2026-01-14T23:58:28Z</time>
   </trkpt>
   <trkpt lat="40.7173980" lon="-74.0354860">
    <ele>2.9</ele>
    <time>2026-01-14T23:58:29Z</time>
   </trkpt>
   <trkpt lat="40.7174010" lon="-74.0354870">
    <ele>2.9</ele>
    <time>2026-01-14T23:58:30Z</time>
   </trkpt>
   <trkpt lat="40.7174070" lon="-74.0354950">
    <ele>2.9</ele>
    <time>2026-01-14T23:58:31Z</time>
   </trkpt>
   <trkpt lat="40.7174080" lon="-74.0354960">
    <ele>2.9</ele>
    <time>2026-01-14T23:58:32Z</time>
   </trkpt>
   <trkpt lat="40.7174080" lon="-74.0354990">
    <ele>2.9</ele>
    <time>2026-01-14T23:58:33Z</time>
   </trkpt>
   <trkpt lat="40.7174070" lon="-74.0354980">
    <ele>2.9</ele>
    <time>2026-01-14T23:58:34Z</time>
   </trkpt>
   <trkpt lat="40.7174040" lon="-74.0354960">
    <ele>2.9</ele>
    <time>2026-01-14T23:58:35Z</time>
   </trkpt>
   <trkpt lat="40.7174060" lon="-74.0354990">
    <ele>2.9</ele>
    <time>2026-01-14T23:58:36Z</time>
   </trkpt>
   <trkpt lat="40.7174010" lon="-74.0355010">
    <ele>2.9</ele>
    <time>2026-01-14T23:58:37Z</time>
   </trkpt>
   <trkpt lat="40.7174080" lon="-74.0355110">
    <ele>2.9</ele>
    <time>2026-01-14T23:58:38Z</time>
   </trkpt>
   <trkpt lat="40.7174050" lon="-74.0355140">
    <ele>2.9</ele>
    <time>2026-01-14T23:58:39Z</time>
   </trkpt>
   <trkpt lat="40.7174020" lon="-74.0355110">
    <ele>2.9</ele>
    <time>2026-01-14T23:58:40Z</time>
   </trkpt>
   <trkpt lat="40.7174040" lon="-74.0355100">
    <ele>2.9</ele>
    <time>2026-01-14T23:58:41Z</time>
   </trkpt>
   <trkpt lat="40.7174040" lon="-74.0355190">
    <ele>3.0</ele>
    <time>2026-01-14T23:58:42Z</time>
   </trkpt>
   <trkpt lat="40.7174000" lon="-74.0355140">
    <ele>3.0</ele>
    <time>2026-01-14T23:58:43Z</time>
   </trkpt>
   <trkpt lat="40.7174050" lon="-74.0355180">
    <ele>3.0</ele>
    <time>2026-01-14T23:58:44Z</time>
   </trkpt>
   <trkpt lat="40.7174060" lon="-74.0355220">
    <ele>3.0</ele>
    <time>2026-01-14T23:58:45Z</time>
   </trkpt>
   <trkpt lat="40.7174100" lon="-74.0355210">
    <ele>3.0</ele>
    <time>2026-01-14T23:58:46Z</time>
   </trkpt>
   <trkpt lat="40.7174060" lon="-74.0355250">
    <ele>3.0</ele>
    <time>2026-01-14T23:58:47Z</time>
   </trkpt>
   <trkpt lat="40.7174130" lon="-74.0355290">
    <ele>3.0</ele>
    <time>2026-01-14T23:58:48Z</time>
   </trkpt>
   <trkpt lat="40.7174170" lon="-74.0355350">
    <ele>3.0</ele>
    <time>2026-01-14T23:58:49Z</time>
   </trkpt>
   <trkpt lat="40.7174160" lon="-74.0355430">
    <ele>3.0</ele>
    <time>2026-01-14T23:58:50Z</time>
   </trkpt>
   <trkpt lat="40.7174320" lon="-74.0355520">
    <ele>3.0</ele>
    <time>2026-01-14T23:58:51Z</time>
   </trkpt>
   <trkpt lat="40.7174300" lon="-74.0355590">
    <ele>3.0</ele>
    <time>2026-01-14T23:58:52Z</time>
   </trkpt>
   <trkpt lat="40.7174340" lon="-74.0355690">
    <ele>3.0</ele>
    <time>2026-01-14T23:58:53Z</time>
   </trkpt>
   <trkpt lat="40.7174370" lon="-74.0355790">
    <ele>3.1</ele>
    <time>2026-01-14T23:58:54Z</time>
   </trkpt>
   <trkpt lat="40.7174400" lon="-74.0355890">
    <ele>3.1</ele>
    <time>2026-01-14T23:58:55Z</time>
   </trkpt>
   <trkpt lat="40.7174440" lon="-74.0355990">
    <ele>3.1</ele>
    <time>2026-01-14T23:58:56Z</time>
   </trkpt>
   <trkpt lat="40.7174470" lon="-74.0356090">
    <ele>3.1</ele>
    <time>2026-01-14T23:58:57Z</time>
   </trkpt>
   <trkpt lat="40.7174320" lon="-74.0356510">
    <ele>3.1</ele>
    <time>2026-01-14T23:58:58Z</time>
   </trkpt>
   <trkpt lat="40.7174230" lon="-74.0356910">
    <ele>3.0</ele>
    <time>2026-01-14T23:58:59Z</time>
   </trkpt>
   <trkpt lat="40.7174410" lon="-74.0357410">
    <ele>3.0</ele>
    <time>2026-01-14T23:59:00Z</time>
   </trkpt>
   <trkpt lat="40.7174550" lon="-74.0357890">
    <ele>2.9</ele>
    <time>2026-01-14T23:59:01Z</time>
   </trkpt>
   <trkpt lat="40.7174750" lon="-74.0358350">
    <ele>2.8</ele>
    <time>2026-01-14T23:59:02Z</time>
   </trkpt>
   <trkpt lat="40.7174830" lon="-74.0358780">
    <ele>2.8</ele>
    <time>2026-01-14T23:59:03Z</time>
   </trkpt>
   <trkpt lat="40.7174950" lon="-74.0359480">
    <ele>2.7</ele>
    <time>2026-01-14T23:59:04Z</time>
   </trkpt>
   <trkpt lat="40.7175170" lon="-74.0360100">
    <ele>2.7</ele>
    <time>2026-01-14T23:59:05Z</time>
   </trkpt>
   <trkpt lat="40.7175440" lon="-74.0360730">
    <ele>2.6</ele>
    <time>2026-01-14T23:59:06Z</time>
   </trkpt>
   <trkpt lat="40.7175640" lon="-74.0361340">
    <ele>2.6</ele>
    <time>2026-01-14T23:59:07Z</time>
   </trkpt>
   <trkpt lat="40.7176010" lon="-74.0362000">
    <ele>2.5</ele>
    <time>2026-01-14T23:59:08Z</time>
   </trkpt>
   <trkpt lat="40.7176330" lon="-74.0362520">
    <ele>2.5</ele>
    <time>2026-01-14T23:59:09Z</time>
   </trkpt>
   <trkpt lat="40.7176280" lon="-74.0363270">
    <ele>2.6</ele>
    <time>2026-01-14T23:59:10Z</time>
   </trkpt>
   <trkpt lat="40.7176260" lon="-74.0363990">
    <ele>2.6</ele>
    <time>2026-01-14T23:59:11Z</time>
   </trkpt>
   <trkpt lat="40.7176530" lon="-74.0364590">
    <ele>2.6</ele>
    <time>2026-01-14T23:59:12Z</time>
   </trkpt>
   <trkpt lat="40.7176720" lon="-74.0365280">
    <ele>2.6</ele>
    <time>2026-01-14T23:59:13Z</time>
   </trkpt>
   <trkpt lat="40.7176890" lon="-74.0365890">
    <ele>2.6</ele>
    <time>2026-01-14T23:59:14Z</time>
   </trkpt>
   <trkpt lat="40.7177150" lon="-74.0366360">
    <ele>2.6</ele>
    <time>2026-01-14T23:59:15Z</time>
   </trkpt>
   <trkpt lat="40.7177370" lon="-74.0366860">
    <ele>2.7</ele>
    <time>2026-01-14T23:59:16Z</time>
   </trkpt>
   <trkpt lat="40.7177530" lon="-74.0367390">
    <ele>2.7</ele>
    <time>2026-01-14T23:59:17Z</time>
   </trkpt>
   <trkpt lat="40.7177700" lon="-74.0367910">
    <ele>2.7</ele>
    <time>2026-01-14T23:59:18Z</time>
   </trkpt>
   <trkpt lat="40.7177780" lon="-74.0368410">
    <ele>2.7</ele>
    <time>2026-01-14T23:59:19Z</time>
   </trkpt>
   <trkpt lat="40.7177990" lon="-74.0368760">
    <ele>2.7</ele>
    <time>2026-01-14T23:59:20Z</time>
   </trkpt>
   <trkpt lat="40.7178250" lon="-74.0368930">
    <ele>2.7</ele>
    <time>2026-01-14T23:59:21Z</time>
   </trkpt>
   <trkpt lat="40.7178420" lon="-74.0369140">
    <ele>2.8</ele>
    <time>2026-01-14T23:59:22Z</time>
   </trkpt>
   <trkpt lat="40.7178520" lon="-74.0369680">
    <ele>2.8</ele>
    <time>2026-01-14T23:59:23Z</time>
   </trkpt>
   <trkpt lat="40.7178650" lon="-74.0370030">
    <ele>2.8</ele>
    <time>2026-01-14T23:59:24Z</time>
   </trkpt>
   <trkpt lat="40.7178880" lon="-74.0370780">
    <ele>2.9</ele>
    <time>2026-01-14T23:59:25Z</time>
   </trkpt>
   <trkpt lat="40.7179090" lon="-74.0371530">
    <ele>2.9</ele>
    <time>2026-01-14T23:59:26Z</time>
   </trkpt>
   <trkpt lat="40.7179230" lon="-74.0372200">
    <ele>2.9</ele>
    <time>2026-01-14T23:59:27Z</time>
   </trkpt>
   <trkpt lat="40.7179540" lon="-74.0372760">
    <ele>2.9</ele>
    <time>2026-01-14T23:59:28Z</time>
   </trkpt>
   <trkpt lat="40.7179830" lon="-74.0373250">
    <ele>2.8</ele>
    <time>2026-01-14T23:59:29Z</time>
   </trkpt>
   <trkpt lat="40.7179980" lon="-74.0373910">
    <ele>2.8</ele>
    <time>2026-01-14T23:59:30Z</time>
   </trkpt>
   <trkpt lat="40.7179960" lon="-74.0374730">
    <ele>2.7</ele>
    <time>2026-01-14T23:59:31Z</time>
   </trkpt>
   <trkpt lat="40.7179940" lon="-74.0375490">
    <ele>2.7</ele>
    <time>2026-01-14T23:59:32Z</time>
   </trkpt>
   <trkpt lat="40.7180100" lon="-74.0376260">
    <ele>2.7</ele>
    <time>2026-01-14T23:59:33Z</time>
   </trkpt>
   <trkpt lat="40.7180340" lon="-74.0377010">
    <ele>2.6</ele>
    <time>2026-01-14T23:59:34Z</time>
   </trkpt>
   <trkpt lat="40.7180560" lon="-74.0377690">
    <ele>2.6</ele>
    <time>2026-01-14T23:59:35Z</time>
   </trkpt>
   <trkpt lat="40.7180890" lon="-74.0378450">
    <ele>2.6</ele>
    <time>2026-01-14T23:59:36Z</time>
   </trkpt>
   <trkpt lat="40.7181050" lon="-74.0379130">
    <ele>2.6</ele>
    <time>2026-01-14T23:59:37Z</time>
   </trkpt>
   <trkpt lat="40.7181360" lon="-74.0379900">
    <ele>2.7</ele>
    <time>2026-01-14T23:59:38Z</time>
   </trkpt>
   <trkpt lat="40.7181600" lon="-74.0380850">
    <ele>2.7</ele>
    <time>2026-01-14T23:59:39Z</time>
   </trkpt>
   <trkpt lat="40.7181480" lon="-74.0381300">
    <ele>2.7</ele>
    <time>2026-01-14T23:59:40Z</time>
   </trkpt>
   <trkpt lat="40.7181700" lon="-74.0381960">
    <ele>2.7</ele>
    <time>2026-01-14T23:59:41Z</time>
   </trkpt>
   <trkpt lat="40.7181800" lon="-74.0382370">
    <ele>2.6</ele>
    <time>2026-01-14T23:59:42Z</time>
   </trkpt>
   <trkpt lat="40.7181840" lon="-74.0382770">
    <ele>2.6</ele>
    <time>2026-01-14T23:59:43Z</time>
   </trkpt>
   <trkpt lat="40.7182000" lon="-74.0382750">
    <ele>2.6</ele>
    <time>2026-01-14T23:59:44Z</time>
   </trkpt>
   <trkpt lat="40.7182230" lon="-74.0382760">
    <ele>2.6</ele>
    <time>2026-01-14T23:59:45Z</time>
   </trkpt>
   <trkpt lat="40.7182660" lon="-74.0382740">
    <ele>2.6</ele>
    <time>2026-01-14T23:59:46Z</time>
   </trkpt>
   <trkpt lat="40.7184390" lon="-74.0384200">
    <ele>2.4</ele>
    <time>2026-01-14T23:59:47Z</time>
   </trkpt>
   <trkpt lat="40.7184730" lon="-74.0384770">
    <ele>2.4</ele>
    <time>2026-01-14T23:59:48Z</time>
   </trkpt>
   <trkpt lat="40.7184660" lon="-74.0385980">
    <ele>2.3</ele>
    <time>2026-01-14T23:59:49Z</time>
   </trkpt>
   <trkpt lat="40.7184410" lon="-74.0386920">
    <ele>2.2</ele>
    <time>2026-01-14T23:59:50Z</time>
   </trkpt>
   <trkpt lat="40.7184660" lon="-74.0387810">
    <ele>2.2</ele>
    <time>2026-01-14T23:59:51Z</time>
   </trkpt>
   <trkpt lat="40.7184900" lon="-74.0388670">
    <ele>2.2</ele>
    <time>2026-01-14T23:59:52Z</time>
   </trkpt>
   <trkpt lat="40.7185040" lon="-74.0389490">
    <ele>2.3</ele>
    <time>2026-01-14T23:59:53Z</time>
   </trkpt>
   <trkpt lat="40.7185240" lon="-74.0390400">
    <ele>2.3</ele>
    <time>2026-01-14T23:59:54Z</time>
   </trkpt>
   <trkpt lat="40.7185380" lon="-74.0391300">
    <ele>2.3</ele>
    <time>2026-01-14T23:59:55Z</time>
   </trkpt>
   <trkpt lat="40.7185540" lon="-74.0392100">
    <ele>2.4</ele>
    <time>2026-01-14T23:59:56Z</time>
   </trkpt>
   <trkpt lat="40.7185740" lon="-74.0392820">
    <ele>2.4</ele>
    <time>2026-01-14T23:59:57Z</time>
   </trkpt>
   <trkpt lat="40.7186000" lon="-74.0393540">
    <ele>2.5</ele>
    <time>2026-01-14T23:59:58Z</time>
   </trkpt>
   <trkpt lat="40.7186230" lon="-74.0394270">
    <ele>2.5</ele>
    <time>2026-01-14T23:59:59Z</time>
   </trkpt>
   <trkpt lat="40.7186460" lon="-74.0394780">
    <ele>2.5</ele>
    <time>2026-01-15T00:00:00Z</time>
   </trkpt>
   <trkpt lat="40.7186630" lon="-74.0395460">
    <ele>2.6</ele>
    <time>2026-01-15T00:00:01Z</time>
   </trkpt>
   <trkpt lat="40.7186940" lon="-74.0396160">
    <ele>2.6</ele>
    <time>2026-01-15T00:00:02Z</time>
   </trkpt>
   <trkpt lat="40.7187110" lon="-74.0396720">
    <ele>2.6</ele>
    <time>2026-01-15T00:00:03Z</time>
   </trkpt>
   <trkpt lat="40.7187330" lon="-74.0397170">
    <ele>2.6</ele>
    <time>2026-01-15T00:00:04Z</time>
   </trkpt>
   <trkpt lat="40.7187450" lon="-74.0397620">
    <ele>2.7</ele>
    <time>2026-01-15T00:00:05Z</time>
   </trkpt>
   <trkpt lat="40.7187580" lon="-74.0397960">
    <ele>2.7</ele>
    <time>2026-01-15T00:00:06Z</time>
   </trkpt>
   <trkpt lat="40.7187680" lon="-74.0398630">
    <ele>2.7</ele>
    <time>2026-01-15T00:00:07Z</time>
   </trkpt>
   <trkpt lat="40.7187750" lon="-74.0399050">
    <ele>2.7</ele>
    <time>2026-01-15T00:00:08Z</time>
   </trkpt>
   <trkpt lat="40.7187990" lon="-74.0399370">
    <ele>2.7</ele>
    <time>2026-01-15T00:00:09Z</time>
   </trkpt>
   <trkpt lat="40.7188070" lon="-74.0399790">
    <ele>2.7</ele>
    <time>2026-01-15T00:00:10Z</time>
   </trkpt>
   <trkpt lat="40.7188600" lon="-74.0400110">
    <ele>2.7</ele>
    <time>2026-01-15T00:00:11Z</time>
   </trkpt>
   <trkpt lat="40.7188740" lon="-74.0400320">
    <ele>2.7</ele>
    <time>2026-01-15T00:00:12Z</time>
   </trkpt>
   <trkpt lat="40.7188860" lon="-74.0400490">
    <ele>2.7</ele>
    <time>2026-01-15T00:00:13Z</time>
   </trkpt>
   <trkpt lat="40.7188570" lon="-74.0401780">
    <ele>2.7</ele>
    <time>2026-01-15T00:00:14Z</time>
   </trkpt>
   <trkpt lat="40.7188770" lon="-74.0402080">
    <ele>2.7</ele>
    <time>2026-01-15T00:00:15Z</time>
   </trkpt>
   <trkpt lat="40.7188930" lon="-74.0402410">
    <ele>2.7</ele>
    <time>2026-01-15T00:00:16Z</time>
   </trkpt>
   <trkpt lat="40.7189200" lon="-74.0402960">
    <ele>2.7</ele>
    <time>2026-01-15T00:00:17Z</time>
   </trkpt>
   <trkpt lat="40.7189370" lon="-74.0403300">
    <ele>2.6</ele>
    <time>2026-01-15T00:00:18Z</time>
   </trkpt>
   <trkpt lat="40.7189320" lon="-74.0403770">
    <ele>2.6</ele>
    <time>2026-01-15T00:00:19Z</time>
   </trkpt>
   <trkpt lat="40.7189600" lon="-74.0404720">
    <ele>2.6</ele>
    <time>2026-01-15T00:00:20Z</time>
   </trkpt>
   <trkpt lat="40.7189890" lon="-74.0405150">
    <ele>2.6</ele>
    <time>2026-01-15T00:00:21Z</time>
   </trkpt>
   <trkpt lat="40.7190080" lon="-74.0405520">
    <ele>2.6</ele>
    <time>2026-01-15T00:00:22Z</time>
   </trkpt>
   <trkpt lat="40.7190320" lon="-74.0405320">
    <ele>2.6</ele>
    <time>2026-01-15T00:00:23Z</time>
   </trkpt>
   <trkpt lat="40.7190580" lon="-74.0405490">
    <ele>2.7</ele>
    <time>2026-01-15T00:00:24Z</time>
   </trkpt>
   <trkpt lat="40.7190590" lon="-74.0406180">
    <ele>2.7</ele>
    <time>2026-01-15T00:00:25Z</time>
   </trkpt>
   <trkpt lat="40.7190980" lon="-74.0406680">
    <ele>2.7</ele>
    <time>2026-01-15T00:00:26Z</time>
   </trkpt>
   <trkpt lat="40.7191230" lon="-74.0406990">
    <ele>2.7</ele>
    <time>2026-01-15T00:00:27Z</time>
   </trkpt>
   <trkpt lat="40.7191000" lon="-74.0407240">
    <ele>2.7</ele>
    <time>2026-01-15T00:00:28Z</time>
   </trkpt>
   <trkpt lat="40.7191150" lon="-74.0407970">
    <ele>2.8</ele>
    <time>2026-01-15T00:00:30Z</time>
   </trkpt>
   <trkpt lat="40.7191230" lon="-74.0408340">
    <ele>2.8</ele>
    <time>2026-01-15T00:00:31Z</time>
   </trkpt>
   <trkpt lat="40.7191310" lon="-74.0408700">
    <ele>2.8</ele>
    <time>2026-01-15T00:00:32Z</time>
   </trkpt>
   <trkpt lat="40.7191300" lon="-74.0409530">
    <ele>2.8</ele>
    <time>2026-01-15T00:00:33Z</time>
   </trkpt>
   <trkpt lat="40.7191370" lon="-74.0410090">
    <ele>2.9</ele>
    <time>2026-01-15T00:00:34Z</time>
   </trkpt>
   <trkpt lat="40.7191500" lon="-74.0410370">
    <ele>2.9</ele>
    <time>2026-01-15T00:00:35Z</time>
   </trkpt>
   <trkpt lat="40.7191630" lon="-74.0410580">
    <ele>2.9</ele>
    <time>2026-01-15T00:00:36Z</time>
   </trkpt>
   <trkpt lat="40.7191610" lon="-74.0411090">
    <ele>2.9</ele>
    <time>2026-01-15T00:00:37Z</time>
   </trkpt>
   <trkpt lat="40.7191650" lon="-74.0411330">
    <ele>2.9</ele>
    <time>2026-01-15T00:00:38Z</time>
   </trkpt>
   <trkpt lat="40.7191770" lon="-74.0411780">
    <ele>2.9</ele>
    <time>2026-01-15T00:00:39Z</time>
   </trkpt>
   <trkpt lat="40.7191840" lon="-74.0411980">
    <ele>2.9</ele>
    <time>2026-01-15T00:00:40Z</time>
   </trkpt>
   <trkpt lat="40.7192020" lon="-74.0412650">
    <ele>2.9</ele>
    <time>2026-01-15T00:00:41Z</time>
   </trkpt>
   <trkpt lat="40.7192130" lon="-74.0412990">
    <ele>2.9</ele>
    <time>2026-01-15T00:00:42Z</time>
   </trkpt>
   <trkpt lat="40.7192400" lon="-74.0413550">
    <ele>2.9</ele>
    <time>2026-01-15T00:00:43Z</time>
   </trkpt>
   <trkpt lat="40.7192460" lon="-74.0414110">
    <ele>2.9</ele>
    <time>2026-01-15T00:00:44Z</time>
   </trkpt>
   <trkpt lat="40.7192690" lon="-74.0414600">
    <ele>2.9</ele>
    <time>2026-01-15T00:00:45Z</time>
   </trkpt>
   <trkpt lat="40.7192740" lon="-74.0414990">
    <ele>2.9</ele>
    <time>2026-01-15T00:00:46Z</time>
   </trkpt>
   <trkpt lat="40.7192760" lon="-74.0415160">
    <ele>2.9</ele>
    <time>2026-01-15T00:00:47Z</time>
   </trkpt>
   <trkpt lat="40.7192920" lon="-74.0415530">
    <ele>2.9</ele>
    <time>2026-01-15T00:00:48Z</time>
   </trkpt>
   <trkpt lat="40.7193220" lon="-74.0416310">
    <ele>2.9</ele>
    <time>2026-01-15T00:00:49Z</time>
   </trkpt>
   <trkpt lat="40.7193410" lon="-74.0417150">
    <ele>2.9</ele>
    <time>2026-01-15T00:00:50Z</time>
   </trkpt>
   <trkpt lat="40.7193560" lon="-74.0417790">
    <ele>2.9</ele>
    <time>2026-01-15T00:00:51Z</time>
   </trkpt>
   <trkpt lat="40.7194310" lon="-74.0418070">
    <ele>3.0</ele>
    <time>2026-01-15T00:00:52Z</time>
   </trkpt>
   <trkpt lat="40.7194770" lon="-74.0418510">
    <ele>3.0</ele>
    <time>2026-01-15T00:00:53Z</time>
   </trkpt>
   <trkpt lat="40.7194700" lon="-74.0419020">
    <ele>3.1</ele>
    <time>2026-01-15T00:00:54Z</time>
   </trkpt>
   <trkpt lat="40.7194770" lon="-74.0419480">
    <ele>3.1</ele>
    <time>2026-01-15T00:00:55Z</time>
   </trkpt>
   <trkpt lat="40.7195170" lon="-74.0420030">
    <ele>3.2</ele>
    <time>2026-01-15T00:00:56Z</time>
   </trkpt>
   <trkpt lat="40.7194950" lon="-74.0420660">
    <ele>3.3</ele>
    <time>2026-01-15T00:00:57Z</time>
   </trkpt>
   <trkpt lat="40.7195320" lon="-74.0421090">
    <ele>3.3</ele>
    <time>2026-01-15T00:00:58Z</time>
   </trkpt>
   <trkpt lat="40.7195420" lon="-74.0421690">
    <ele>3.3</ele>
    <time>2026-01-15T00:00:59Z</time>
   </trkpt>
   <trkpt lat="40.7195340" lon="-74.0422250">
    <ele>3.3</ele>
    <time>2026-01-15T00:01:00Z</time>
   </trkpt>
   <trkpt lat="40.7195310" lon="-74.0422470">
    <ele>3.4</ele>
    <time>2026-01-15T00:01:01Z</time>
   </trkpt>
   <trkpt lat="40.7195230" lon="-74.0422850">
    <ele>3.4</ele>
    <time>2026-01-15T00:01:02Z</time>
   </trkpt>
   <trkpt lat="40.7195630" lon="-74.0423790">
    <ele>3.4</ele>
    <time>2026-01-15T00:01:03Z</time>
   </trkpt>
   <trkpt lat="40.7195590" lon="-74.0424380">
    <ele>3.5</ele>
    <time>2026-01-15T00:01:04Z</time>
   </trkpt>
   <trkpt lat="40.7195700" lon="-74.0425070">
    <ele>3.5</ele>
    <time>2026-01-15T00:01:05Z</time>
   </trkpt>
   <trkpt lat="40.7195800" lon="-74.0425660">
    <ele>3.5</ele>
    <time>2026-01-15T00:01:06Z</time>
   </trkpt>
   <trkpt lat="40.7195570" lon="-74.0426270">
    <ele>3.6</ele>
    <time>2026-01-15T00:01:07Z</time>
   </trkpt>
   <trkpt lat="40.7195330" lon="-74.0426960">
    <ele>3.6</ele>
    <time>2026-01-15T00:01:08Z</time>
   </trkpt>
   <trkpt lat="40.7195280" lon="-74.0427540">
    <ele>3.7</ele>
    <time>2026-01-15T00:01:09Z</time>
   </trkpt>
   <trkpt lat="40.7195150" lon="-74.0428040">
    <ele>3.6</ele>
    <time>2026-01-15T00:01:10Z</time>
   </trkpt>
   <trkpt lat="40.7195100" lon="-74.0428230">
    <ele>3.5</ele>
    <time>2026-01-15T00:01:11Z</time>
   </trkpt>
   <trkpt lat="40.7194940" lon="-74.0428580">
    <ele>3.5</ele>
    <time>2026-01-15T00:01:12Z</time>
   </trkpt>
   <trkpt lat="40.7194760" lon="-74.0428870">
    <ele>3.5</ele>
    <time>2026-01-15T00:01:13Z</time>
   </trkpt>
   <trkpt lat="40.7194610" lon="-74.0429320">
    <ele>3.5</ele>
    <time>2026-01-15T00:01:14Z</time>
   </trkpt>
   <trkpt lat="40.7194340" lon="-74.0429800">
    <ele>3.6</ele>
    <time>2026-01-15T00:01:15Z</time>
   </trkpt>
   <trkpt lat="40.7193850" lon="-74.0430060">
    <ele>3.6</ele>
    <time>2026-01-15T00:01:16Z</time>
   </trkpt>
   <trkpt lat="40.7193560" lon="-74.0429870">
    <ele>3.6</ele>
    <time>2026-01-15T00:01:17Z</time>
   </trkpt>
   <trkpt lat="40.7193200" lon="-74.0430220">
    <ele>3.6</ele>
    <time>2026-01-15T00:01:18Z</time>
   </trkpt>
   <trkpt lat="40.7192780" lon="-74.0430600">
    <ele>3.6</ele>
    <time>2026-01-15T00:01:19Z</time>
   </trkpt>
   <trkpt lat="40.7192430" lon="-74.0430870">
    <ele>3.6</ele>
    <time>2026-01-15T00:01:20Z</time>
   </trkpt>
   <trkpt lat="40.7192100" lon="-74.0431160">
    <ele>3.6</ele>
    <time>2026-01-15T00:01:21Z</time>
   </trkpt>
   <trkpt lat="40.7191640" lon="-74.0431500">
    <ele>3.6</ele>
    <time>2026-01-15T00:01:22Z</time>
   </trkpt>
   <trkpt lat="40.7191290" lon="-74.0431660">
    <ele>3.6</ele>
    <time>2026-01-15T00:01:23Z</time>
   </trkpt>
   <trkpt lat="40.7190920" lon="-74.0431870">
    <ele>3.6</ele>
    <time>2026-01-15T00:01:24Z</time>
   </trkpt>
   <trkpt lat="40.7190420" lon="-74.0432070">
    <ele>3.6</ele>
    <time>2026-01-15T00:01:25Z</time>
   </trkpt>
   <trkpt lat="40.7189950" lon="-74.0432060">
    <ele>3.5</ele>
    <time>2026-01-15T00:01:26Z</time>
   </trkpt>
   <trkpt lat="40.7189500" lon="-74.0432560">
    <ele>3.5</ele>
    <time>2026-01-15T00:01:27Z</time>
   </trkpt>
   <trkpt lat="40.7189150" lon="-74.0432880">
    <ele>3.5</ele>
    <time>2026-01-15T00:01:28Z</time>
   </trkpt>
   <trkpt lat="40.7188740" lon="-74.0433070">
    <ele>3.4</ele>
    <time>2026-01-15T00:01:29Z</time>
   </trkpt>
   <trkpt lat="40.7188450" lon="-74.0433160">
    <ele>3.4</ele>
    <time>2026-01-15T00:01:30Z</time>
   </trkpt>
   <trkpt lat="40.7188040" lon="-74.0433160">
    <ele>3.4</ele>
    <time>2026-01-15T00:01:31Z</time>
   </trkpt>
   <trkpt lat="40.7187650" lon="-74.0433530">
    <ele>3.3</ele>
    <time>2026-01-15T00:01:32Z</time>
   </trkpt>
   <trkpt lat="40.7187160" lon="-74.0433800">
    <ele>3.3</ele>
    <time>2026-01-15T00:01:33Z</time>
   </trkpt>
   <trkpt lat="40.7186800" lon="-74.0434090">
    <ele>3.3</ele>
    <time>2026-01-15T00:01:34Z</time>
   </trkpt>
   <trkpt lat="40.7186350" lon="-74.0434280">
    <ele>3.3</ele>
    <time>2026-01-15T00:01:35Z</time>
   </trkpt>
   <trkpt lat="40.7185830" lon="-74.0434650">
    <ele>3.2</ele>
    <time>2026-01-15T00:01:36Z</time>
   </trkpt>
   <trkpt lat="40.7185460" lon="-74.0434900">
    <ele>3.2</ele>
    <time>2026-01-15T00:01:37Z</time>
   </trkpt>
   <trkpt lat="40.7185040" lon="-74.0435120">
    <ele>3.2</ele>
    <time>2026-01-15T00:01:38Z</time>
   </trkpt>
   <trkpt lat="40.7184740" lon="-74.0435320">
    <ele>3.2</ele>
    <time>2026-01-15T00:01:39Z</time>
   </trkpt>
   <trkpt lat="40.7184510" lon="-74.0435670">
    <ele>3.1</ele>
    <time>2026-01-15T00:01:40Z</time>
   </trkpt>
   <trkpt lat="40.7184180" lon="-74.0435710">
    <ele>3.1</ele>
    <time>2026-01-15T00:01:41Z</time>
   </trkpt>
   <trkpt lat="40.7183760" lon="-74.0435870">
    <ele>3.1</ele>
    <time>2026-01-15T00:01:42Z</time>
   </trkpt>
   <trkpt lat="40.7183440" lon="-74.0435980">
    <ele>3.1</ele>
    <time>2026-01-15T00:01:43Z</time>
   </trkpt>
   <trkpt lat="40.7183220" lon="-74.0436290">
    <ele>3.1</ele>
    <time>2026-01-15T00:01:44Z</time>
   </trkpt>
   <trkpt lat="40.7182980" lon="-74.0436670">
    <ele>3.1</ele>
    <time>2026-01-15T00:01:45Z</time>
   </trkpt>
   <trkpt lat="40.7182960" lon="-74.0436840">
    <ele>3.1</ele>
    <time>2026-01-15T00:01:46Z</time>
   </trkpt>
   <trkpt lat="40.7182920" lon="-74.0437210">
    <ele>3.2</ele>
    <time>2026-01-15T00:01:47Z</time>
   </trkpt>
   <trkpt lat="40.7182980" lon="-74.0437600">
    <ele>3.1</ele>
    <time>2026-01-15T00:01:48Z</time>
   </trkpt>
   <trkpt lat="40.7182970" lon="-74.0437990">
    <ele>2.9</ele>
    <time>2026-01-15T00:01:49Z</time>
   </trkpt>
   <trkpt lat="40.7182960" lon="-74.0438110">
    <ele>2.9</ele>
    <time>2026-01-15T00:01:50Z</time>
   </trkpt>
   <trkpt lat="40.7183010" lon="-74.0438510">
    <ele>2.9</ele>
    <time>2026-01-15T00:01:51Z</time>
   </trkpt>
   <trkpt lat="40.7183170" lon="-74.0439010">
    <ele>2.9</ele>
    <time>2026-01-15T00:01:52Z</time>
   </trkpt>
   <trkpt lat="40.7183240" lon="-74.0439190">
    <ele>2.9</ele>
    <time>2026-01-15T00:01:53Z</time>
   </trkpt>
   <trkpt lat="40.7183520" lon="-74.0439500">
    <ele>2.8</ele>
    <time>2026-01-15T00:01:54Z</time>
   </trkpt>
   <trkpt lat="40.7183690" lon="-74.0439600">
    <ele>2.8</ele>
    <time>2026-01-15T00:01:55Z</time>
   </trkpt>
   <trkpt lat="40.7183790" lon="-74.0439740">
    <ele>2.8</ele>
    <time>2026-01-15T00:01:56Z</time>
   </trkpt>
   <trkpt lat="40.7183620" lon="-74.0440050">
    <ele>2.8</ele>
    <time>2026-01-15T00:01:57Z</time>
   </trkpt>
   <trkpt lat="40.7183620" lon="-74.0440050">
    <ele>2.8</ele>
    <time>2026-01-15T00:01:58Z</time>
   </trkpt>
   <trkpt lat="40.7183590" lon="-74.0439950">
    <ele>2.8</ele>
    <time>2026-01-15T00:01:59Z</time>
   </trkpt>
   <trkpt lat="40.7183630" lon="-74.0439980">
    <ele>2.8</ele>
    <time>2026-01-15T00:02:00Z</time>
   </trkpt>
   <trkpt lat="40.7183630" lon="-74.0439960">
    <ele>2.8</ele>
    <time>2026-01-15T00:02:01Z</time>
   </trkpt>
   <trkpt lat="40.7183560" lon="-74.0439950">
    <ele>2.8</ele>
    <time>2026-01-15T00:02:02Z</time>
   </trkpt>
   <trkpt lat="40.7183560" lon="-74.0439950">
    <ele>2.8</ele>
    <time>2026-01-15T00:02:03Z</time>
   </trkpt>
   <trkpt lat="40.7183560" lon="-74.0439950">
    <ele>2.8</ele>
    <time>2026-01-15T00:02:04Z</time>
   </trkpt>
   <trkpt lat="40.7183560" lon="-74.0439950">
    <ele>2.8</ele>
    <time>2026-01-15T00:02:05Z</time>
   </trkpt>
   <trkpt lat="40.7183560" lon="-74.0439950">
    <ele>2.8</ele>
    <time>2026-01-15T00:02:06Z</time>
   </trkpt>
   <trkpt lat="40.7183570" lon="-74.0439820">
    <ele>2.8</ele>
    <time>2026-01-15T00:02:07Z</time>
   </trkpt>
   <trkpt lat="40.7183540" lon="-74.0439820">
    <ele>2.8</ele>
    <time>2026-01-15T00:02:08Z</time>
   </trkpt>
   <trkpt lat="40.7183550" lon="-74.0439830">
    <ele>2.8</ele>
    <time>2026-01-15T00:02:09Z</time>
   </trkpt>
   <trkpt lat="40.7183460" lon="-74.0439920">
    <ele>2.8</ele>
    <time>2026-01-15T00:02:10Z</time>
   </trkpt>
   <trkpt lat="40.7183450" lon="-74.0439900">
    <ele>2.8</ele>
    <time>2026-01-15T00:02:11Z</time>
   </trkpt>
   <trkpt lat="40.7183450" lon="-74.0439900">
    <ele>2.8</ele>
    <time>2026-01-15T00:02:12Z</time>
   </trkpt>
   <trkpt lat="40.7183450" lon="-74.0439900">
    <ele>2.8</ele>
    <time>2026-01-15T00:02:13Z</time>
   </trkpt>
   <trkpt lat="40.7183450" lon="-74.0440060">
    <ele>2.8</ele>
    <time>2026-01-15T00:02:14Z</time>
   </trkpt>
   <trkpt lat="40.7183450" lon="-74.0440060">
    <ele>2.8</ele>
    <time>2026-01-15T00:02:15Z</time>
   </trkpt>
  </trkseg>
 </trk>
</gpx>
